COD_ACIDENTE;DATA;LOG1;LOG2;NUMERO;BAIRRO;AMC;NATUREZA;ILUMINACAO;TEMPO;SUPERFICIEPISTA;TIPOCRUZAMENTO;CONTROLETRAFEGO;USOSOLO;MORTOS;FERIDOS;ILESOS;MOTOCICLETA;AUTOMOVEL;MICROONIBUS;CAMINHAO;ONIBUS;CICLOMOTOR;BICICLETA;OUTROS;TREM;TRACAOANIMAL;COORDENADAS
HGB9322;2021-10-15 18:15:00;Avenida Senador Fernandes Távora;;;HENRIQUE JORGE;HGB9322;Não informado;Não informado;Não informado;Não informado;Não informado;Não informado;Longo da via;0;0;0;0;0;0;0;0;0;0;0;0;0;(-38.5868083 -3.7598014);
BPG5280;2021-04-03 15:50:00;Avenida Treze de Maio;RUA WALDERY UCHOA;;BENFICA;970419;Colisão Transversal;Luz do Dia;Bom;Seca;Cruz;Não há Controle;Longo da via;0;1;0;1;0;0;0;0;0;1;0;0;0;(-38.53746250917975 -3.742367072549246);
YHL9611;2021-12-10 19:45:00;Avenida Doutor Valmir Pontes;;;EDSON QUEIROZ;YHL9611;Colisão;Não informado;Não informado;Não informado;Meio de quadra;Não informado;Longo da via;0;1;0;0;0;0;0;0;0;0;0;0;0;(-38.48184958183509 -3.771433265516533);
XFD8852;2021-12-10 19:50:00;Rua Teodoro de Castro;RUA BARRA VERMELHA;;GRANJA PORTUGAL;XFD8852;Colisão;Não informado;Não informado;Não informado;Cruz;Não informado;Longo da via;0;1;0;1;1;0;0;0;0;0;0;0;0;(-38.6120241 -3.7778047);
EGK0624;2021-12-10 20:05:00;Avenida José Bastos;;;DEMOCRITO ROCHA;EGK0624;Atropelamento;Não informado;Não informado;Não informado;Meio de quadra;Não informado;Longo da via;0;1;0;1;0;0;0;0;0;0;0;0;0;(-38.5590403 -3.7571313);
UTI9648;2021-12-10 20:26:00;Avenida Francisco Sá;;;FLORESTA;UTI9648;Colisão;Não informado;Não informado;Não informado;Meio de quadra;Não informado;Longo da via;0;1;0;0;0;0;0;0;0;0;0;0;0;(-38.57819989664841 -3.710264670377494);
GSK5149;2021-12-10 20:48:00;Avenida Contôrno Norte;;;CONJUNTO ESPERANCA;GSK5149;Colisão;Não informado;Não informado;Não informado;Meio de quadra;Não informado;Longo da via;0;2;0;1;1;0;0;0;0;0;0;0;0;(-38.58793095728806 -3.813697949018185);
JSO6407;2021-12-10 21:27:00;Rua Antônio Nery;RUA TEODORO DE CASTRO;;GRANJA PORTUGAL;JSO6407;Colisão;Não informado;Não informado;Não informado;Cruz;Não informado;Longo da via;0;1;0;2;0;0;0;0;0;0;0;0;0;(-38.60100389999999 -3.7808823);
KVJ8223;2021-12-10 21:50:00;Avenida Alberto Craveiro;;;DIAS MACEDO;KVJ8223;Queda;Não informado;Não informado;Não informado;Meio de quadra;Não informado;Longo da via;0;1;0;1;0;0;0;0;0;0;0;0;0;(-38.51729766016373 -3.789728945707311);
RBP3981;2021-12-10 22:15:00;Rua Professor Jacinto Botelho;;;GUARARAPES;RBP3981;Colisão;Não informado;Não informado;Não informado;Meio de quadra;Não informado;Longo da via;0;1;0;1;1;0;0;0;0;0;0;0;0;(-38.49055602408717 -3.760256545702985);
VTL9452;2021-12-10 23:32:00;Rua Cônego de Castro;;;PARQUE SANTA ROSA;VTL9452;Colisão;Não informado;Não informado;Não informado;Meio de quadra;Não informado;Longo da via;0;1;0;1;1;0;0;0;0;0;0;0;0;(-38.60015705860129 -3.816412100191126);
LWW4121;2021-12-11 00:10:00;Avenida Dolor Barreira;;;VICENTE PINZON;LWW4121;Atropelamento;Não informado;Não informado;Não informado;Meio de quadra;Não informado;Longo da via;0;1;0;1;0;0;0;0;0;0;0;0;0;(-38.47250476750381 -3.729541240854922);
JWC8570;2021-12-11 00:14:00;Avenida Governador Raul Barbosa;;;AEROLANDIA;JWC8570;Queda;Não informado;Não informado;Não informado;Meio de quadra;Não informado;Longo da via;0;1;0;1;0;0;0;0;0;0;0;0;0;(-38.51342991030727 -3.776957338356971);
ARB3743;2021-12-11 00:33:00;Avenida D;AV F CJ ESPERANCA;;CONJUNTO ESPERANCA;ARB3743;Colisão;Não informado;Não informado;Não informado;Cruz;Não informado;Longo da via;0;1;0;1;1;0;0;0;0;0;0;0;0;(-38.58748033514838 -3.816470559766775);
XWX6132;2021-12-11 00:57:00;Rua Passo Fundo;;;GENIBAU;XWX6132;Queda;Não informado;Não informado;Não informado;Meio de quadra;Não informado;Longo da via;0;2;0;1;0;0;0;0;0;0;0;0;0;(-38.60238806059424 -3.755588831001579);
CTA6467;2021-12-11 01:01:00;Avenida Val Paraíso;;;CONJUNTO PALMEIRAS;CTA6467;Colisão;Não informado;Não informado;Não informado;Meio de quadra;Não informado;Longo da via;0;1;0;0;0;0;0;0;0;0;0;0;0;(-38.51284519202611 -3.848488746494481);
VCN3475;2021-12-11 01:16:00;Rua Graco Cardoso;;;AUTRAN NUNES;VCN3475;Atropelamento;Não informado;Não informado;Não informado;Não informado;Não informado;Longo da via;0;1;0;1;0;0;0;0;0;0;0;0;0;(-38.59428242260545 -3.752270027840771);
JYW1499;2021-12-11 01:36:00;Rua José Dantas Pereira;;;CANINDEZINHO;JYW1499;Colisão;Não informado;Não informado;Não informado;Meio de quadra;Não informado;Longo da via;0;1;0;1;1;0;0;0;0;0;0;0;0;(-38.607706 -3.8224972);
SKL7331;2021-12-11 02:28:00;Rua Betel;;;ITAPERI;SKL7331;Atropelamento;Não informado;Não informado;Não informado;Meio de quadra;Não informado;Longo da via;0;1;0;0;1;0;0;0;0;0;0;0;0;(-38.5526169868298 -3.792239352657045);
FXN4626;2021-12-11 03:18:00;Rua Professor Heribaldo Costa;RUA CURITIBA;;HENRIQUE JORGE;FXN4626;Colisão;Não informado;Não informado;Não informado;Cruz;Não informado;Longo da via;0;1;0;0;0;0;0;0;0;0;0;0;0;(-38.58376816162502 -3.759951432087671);
WTQ0599;2021-12-11 05:18:00;Avenida General Osório de Paiva;;;BONSUCESSO;WTQ0599;Queda;Não informado;Não informado;Não informado;Meio de quadra;Não informado;Longo da via;0;1;0;1;0;0;0;0;0;0;0;0;0;(-38.58490542270433 -3.787379112557602);
KVM0686;2021-12-11 07:21:00;Avenida Presidente Costa e Silva;;;PREFEITO JOSE VALTER;KVM0686;Choque c/ Obstáculo Fixo;Não informado;Não informado;Não informado;Meio de quadra;Não informado;Longo da via;0;1;0;0;1;0;0;0;0;0;0;0;0;(-38.54251042795325 -3.824884682737375);
BET2058;2021-12-11 09:39:00;Avenida José Bastos;;;PARANGABA;BET2058;Colisão;Não informado;Não informado;Não informado;Meio de quadra;Não informado;Longo da via;0;1;0;1;1;0;0;0;0;0;0;0;0;(-38.57009555337624 -3.768923216515622);
HOY5690;2021-12-11 10:44:00;Avenida Pompílio Gomes;;;PASSARE;HOY5690;Queda;Não informado;Não informado;Não informado;Meio de quadra;Não informado;Longo da via;0;1;0;1;0;0;0;0;0;0;0;0;0;(-38.52050558496047 -3.813285803413473);
IKQ4310;2021-12-11 10:56:00;Rua Eudes Cardoso;;;MESSEJANA;IKQ4310;Colisão;Não informado;Não informado;Não informado;Meio de quadra;Não informado;Longo da via;0;1;0;1;1;0;0;0;0;0;0;0;0;(-38.49302366717149 -3.825419929497431);
GRN9199;2021-12-11 11:19:00;Avenida Duque de Caxias;RUA BAR RIO BRANCO;;CENTRO;GRN9199;Colisão;Não informado;Não informado;Não informado;Cruz;Não informado;Longo da via;0;1;0;1;1;0;0;0;0;0;0;0;0;(-38.53000060370032 -3.731757403797902);
EYM9524;2021-12-11 12:35:00;Avenida Pontes Vieira;;;DIONISIO TORRES;EYM9524;Colisão;Não informado;Não informado;Não informado;Meio de quadra;Não informado;Longo da via;0;1;0;1;1;0;0;0;0;0;0;0;0;(-38.50685850220861 -3.752007734795182);
EYM9524;2021-12-11 12:35:00;Avenida Pontes Vieira;;;DIONISIO TORRES;EYM9524;Colisão;Não informado;Não informado;Não informado;Meio de quadra;Não informado;Longo da via;0;1;0;1;1;0;0;0;0;0;0;0;0;(-38.50685850220861 -3.752007734795182);
HZM6700;2021-12-11 12:41:00;Rua Carlos Chagas;;;BONSUCESSO;HZM6700;Colisão;Não informado;Não informado;Não informado;Meio de quadra;Não informado;Longo da via;0;1;0;0;1;0;0;1;0;0;0;0;0;(-38.58652547671473 -3.779783594589508);
SCL6828;2021-12-11 13:47:00;Rua Gregório França;RUA BRUNO PORTO;;PARQUE IRACEMA;SCL6828;Queda;Não informado;Não informado;Não informado;Cruz;Não informado;Longo da via;0;1;0;1;0;0;0;0;0;0;0;0;0;(-38.4978896 -3.8071328);
ERN7235;2021-12-11 14:20:00;Rua B;;;MARAPONGA;ERN7235;Colisão;Não informado;Não informado;Não informado;Meio de quadra;Não informado;Longo da via;0;1;0;1;1;0;0;0;0;0;0;0;0;(-38.56265921209916 -3.795129790861111);
GNN7604;2021-12-11 16:58:00;Rua Cuba;;;ANTONIO BEZERRA;GNN7604;Queda;Não informado;Não informado;Não informado;Meio de quadra;Não informado;Longo da via;0;1;0;1;0;0;0;0;0;0;0;0;0;(-38.58210518687505 -3.742024481820394);
PKY6906;2021-12-11 16:58:00;Rua Meton de Alencar;RUA ASSUNCAO;;CENTRO;PKY6906;Queda;Não informado;Não informado;Não informado;Cruz;Não informado;Longo da via;0;2;0;1;0;0;0;0;0;0;0;0;0;(-38.5285944 -3.7343349);
ETA5156;2021-12-11 17:41:00;Travessa Rui Monte;RUA DR VALE COSTA;;ANTONIO BEZERRA;ETA5156;Queda;Não informado;Não informado;Não informado;T;Não informado;Longo da via;0;1;0;1;0;0;0;0;0;0;0;0;0;(-38.58839229090501 -3.744047906371121);
GHE3849;2021-12-11 20:17:00;Rua José Aragão;;;PAUPINA;GHE3849;Queda;Não informado;Não informado;Não informado;Meio de quadra;Não informado;Longo da via;0;1;0;0;0;0;0;0;0;1;0;0;0;(-38.49350110835179 -3.845480736559283);
HGT7773;2021-12-11 20:29:00;Rua Cônego de Castro;;;PARQUE SANTA ROSA;HGT7773;Colisão;Não informado;Não informado;Não informado;Meio de quadra;Não informado;Longo da via;0;1;0;0;0;0;0;0;0;0;0;0;0;(-38.59516218434738 -3.808639784750831);
OFW5979;2021-12-11 20:59:00;Avenida Humberto Monte;;;PARQUELANDIA;OFW5979;Colisão;Não informado;Não informado;Não informado;Meio de quadra;Não informado;Longo da via;0;1;0;0;2;0;0;0;0;0;0;0;0;(-38.56659130588426 -3.741997716914065);
BZK2509;2021-12-11 22:00:00;Avenida José Leon;;;CIDADE DOS FUNCIONRAIOS;BZK2509;Queda;Não informado;Não informado;Não informado;Meio de quadra;Não informado;Longo da via;0;1;0;0;0;0;0;0;0;1;0;0;0;(-38.50170330305019 -3.787850150237944);
AAE0066;2021-12-11 22:40:00;Rua Edmundo Linhares;;;MONTESE;AAE0066;Colisão;Não informado;Não informado;Não informado;Meio de quadra;Não informado;Longo da via;0;1;0;1;1;0;0;0;0;0;0;0;0;(-38.54756367877295 -3.769008443382366);
BGZ3823;2021-12-11 22:54:00;Rua Padre Guilherme;;;PADRE ANDRADE;BGZ3823;Queda;Não informado;Não informado;Não informado;Meio de quadra;Não informado;Longo da via;0;1;0;0;0;0;0;0;0;1;0;0;0;(-38.57804433321712 -3.734653395738263);
PMW5163;2021-12-11 23:55:00;Rua 1º de Maio;;;BONSUCESSO;PMW5163;Queda;Não informado;Não informado;Não informado;Meio de quadra;Não informado;Longo da via;0;1;0;0;1;0;0;0;0;0;0;0;0;(-38.58558670426326 -3.783739267295248);
WZD9833;2021-12-11 23:59:00;Rua Francisco Alves Ribeiro;;;JANGURUSSU;WZD9833;Colisão;Não informado;Não informado;Não informado;Meio de quadra;Não informado;Longo da via;0;1;0;1;1;0;0;0;0;0;0;0;0;(-38.50980894315017 -3.83264572801574);
ZQD3371;2021-12-12 01:25:00;Rua Augusto Benevides;RUA MARIA QUINTINO;;JANGURUSSU;ZQD3371;Colisão;Não informado;Não informado;Não informado;T;Não informado;Longo da via;0;1;0;1;1;0;0;0;0;0;0;0;0;(-38.49963262854213 -3.84944145917021);
SED4765;2021-12-12 01:26:00;Avenida C;;;CONJUNTO CEARA II;SED4765;Queda;Não informado;Não informado;Não informado;Meio de quadra;Não informado;Longo da via;0;1;0;1;0;0;0;0;0;0;0;0;0;(-38.61386791752376 -3.770732048331748);
ZAH9948;2021-12-12 01:59:00;Avenida Coronel Carvalho;;;JARDIM IRACEMA;ZAH9948;Queda;Não informado;Não informado;Não informado;Meio de quadra;Não informado;Longo da via;0;1;0;0;0;0;0;0;0;1;0;0;0;(-38.58626797737738 -3.723990102876567);
ZSV0064;2021-12-12 02:33:00;Avenida Godofredo Maciel;;;MONDUBIM;ZSV0064;Colisão;Não informado;Não informado;Não informado;Meio de quadra;Não informado;Longo da via;0;1;0;1;1;0;0;0;0;0;0;0;0;(-38.57999697786128 -3.827700076948832);
NWL4235;2021-12-12 02:57:00;Rua Cruz Abreu;AV GOV RAUL BARBOSA;;SAO JOAO DO TAUAPE;NWL4235;Queda;Não informado;Não informado;Não informado;Meio de quadra;Não informado;Longo da via;0;1;0;1;0;0;0;0;0;0;0;0;0;(-38.50469663916225 -3.757269639402248);
HWG1508;2021-12-12 03:15:00;Rua Reverendo Bolivar Pinto Bandeira;;;ENGENHEIRO LUCIANO CAVALCANTE;HWG1508;Queda;Não informado;Não informado;Não informado;Meio de quadra;Não informado;Longo da via;0;1;0;1;0;0;0;0;0;0;0;0;0;(-38.49266426312698 -3.77176513910142);
ORF8572;2021-12-12 03:28:00;Avenida Washington Soares;;;GUAJERU;ORF8572;Colisão;Não informado;Não informado;Não informado;Meio de quadra;Não informado;Longo da via;0;1;0;0;0;0;0;0;0;0;0;0;0;(-38.48237526829463 -3.831821454822948);
WZT4601;2021-12-12 03:29:00;Rua Miguel Gurgel;;;COACU;WZT4601;Queda;Não informado;Não informado;Não informado;Meio de quadra;Não informado;Longo da via;0;1;0;1;0;0;0;0;0;0;0;0;0;(-38.48236456596595 -3.840090912853075);
GIV6049;2021-12-12 03:53:00;Avenida D;;;CONJUNTO CEARA I;GIV6049;Colisão;Não informado;Não informado;Não informado;Meio de quadra;Não informado;Longo da via;0;1;0;1;1;0;0;0;0;0;0;0;0;(-38.60272065498124 -3.762740273615514);
STG8019;2021-12-12 04:13:00;Rua Brigadeiro Torres;;;JOAO XXIII;STG8019;Colisão;Não informado;Não informado;Não informado;Meio de quadra;Não informado;Longo da via;0;1;0;1;1;0;0;0;0;0;0;0;0;(-38.58098403429744 -3.767707708193144);
OWU5951;2021-12-12 05:08:00;Avenida Américo Barreira;RUA CEARA;;DEMOCRITO ROCHA;OWU5951;Colisão;Não informado;Não informado;Não informado;Cruz;Não informado;Longo da via;0;1;0;1;1;0;0;0;0;0;0;0;0;(-38.56405928790695 -3.759844374653466);
QQX9953;2021-12-12 05:33:00;Rua Miguel Gurgel;;;MESSEJANA;QQX9953;Queda;Não informado;Não informado;Não informado;Meio de quadra;Não informado;Longo da via;0;1;0;1;0;0;0;0;0;0;0;0;0;(-38.48260596923426 -3.840594035871299);
PGG0893;2021-12-12 09:39:00;Rua Teofredo Goiana;;;CIDADE DOS FUNCIONRAIOS;PGG0893;Queda;Não informado;Não informado;Não informado;Meio de quadra;Não informado;Longo da via;0;1;0;0;0;0;0;0;0;1;0;0;0;(-38.50633279182207 -3.786940190852014);
IYJ5870;2021-12-12 10:58:00;Rua Gomes Brasil;;;PARANGABA;IYJ5870;Colisão;Não informado;Não informado;Não informado;Meio de quadra;Não informado;Longo da via;0;1;0;0;0;0;0;0;0;0;0;0;0;(-38.56703648783708 -3.774885815159305);
IIA2924;2021-12-12 15:09:00;Rua Um;;;BARRA DO CEARA;IIA2924;Queda;Não informado;Não informado;Não informado;Meio de quadra;Não informado;Longo da via;0;1;0;1;0;0;0;0;0;0;0;0;0;(-38.5876823 -3.7059758);
HMB7074;2021-12-12 15:54:00;Rua Holanda;;;MARAPONGA;HMB7074;Atropelamento;Não informado;Não informado;Não informado;Meio de quadra;Não informado;Longo da via;0;1;0;0;1;0;0;0;0;0;0;0;0;(-38.55934396469335 -3.803983035809246);
CZT2552;2021-12-12 16:37:00;Rua Antônio Barbosa;;;PLANALTO AYRTON SENNA;CZT2552;Colisão;Não informado;Não informado;Não informado;Meio de quadra;Não informado;Longo da via;0;1;0;0;0;0;0;0;0;0;0;0;0;(-38.5644240669255 -3.830606453278934);
UKF8974;2021-12-12 17:16:00;Rua Edson Martins;;;GRANJA LISBOA;UKF8974;Colisão;Não informado;Não informado;Não informado;Meio de quadra;Não informado;Longo da via;0;1;0;2;0;0;0;0;0;0;0;0;0;(-38.61116961220526 -3.786640439315415);
XRU9243;2021-12-12 18:04:00;Avenida Washington Soares;RUA FRANCISCO LEANDRO;;MESSEJANA;XRU9243;Capotamento;Não informado;Não informado;Não informado;Cruz;Não informado;Longo da via;0;4;0;0;0;0;0;0;0;0;0;0;0;(-38.48118810698517 -3.822574336441928);
OSZ9050;2021-12-12 18:15:00;Rua Sargento João Pinheiro;;;BOM JARDIM;OSZ9050;Colisão;Não informado;Não informado;Não informado;Meio de quadra;Não informado;Longo da via;0;1;0;1;1;0;0;0;0;0;0;0;0;(-38.62314835485082 -3.784172837901154);
BVP7871;2021-12-12 18:17:00;Rua Cardeal Arcoverde;;;AUTRAN NUNES;BVP7871;Colisão;Não informado;Não informado;Não informado;Meio de quadra;Não informado;Longo da via;0;1;0;0;0;0;0;0;0;0;0;0;0;(-38.5928930812636 -3.750594562745683);
PBT2472;2021-12-12 18:32:00;Avenida Eduardo Girão;;;FATIMA;PBT2472;Choque c/ Obstáculo Fixo;Não informado;Não informado;Não informado;Meio de quadra;Não informado;Longo da via;0;1;0;0;1;0;0;0;0;0;0;0;0;(-38.5313041502442 -3.753800961188595);
KCB3688;2021-12-12 18:42:00;Rua José Dantas Pereira;;;CANINDEZINHO;KCB3688;Queda;Não informado;Não informado;Não informado;Meio de quadra;Não informado;Longo da via;0;1;0;1;0;0;0;0;0;0;0;0;0;(-38.607706 -3.8224972);
TTT1560;2021-12-12 18:53:00;Avenida Maestro Lisboa;;;LAGOA REDONDA;TTT1560;Colisão;Não informado;Não informado;Não informado;Meio de quadra;Não informado;Longo da via;0;1;0;1;1;0;0;0;0;0;0;0;0;(-38.45033899337766 -3.805572756381973);
PZY1179;2021-12-12 19:24:00;Rua Dom Xisto Albano;AV PERIMETRAL;;PARQUE SAO JOSE;PZY1179;Colisão;Não informado;Não informado;Não informado;Cruz;Não informado;Longo da via;0;3;0;0;2;0;0;0;0;0;0;0;0;(-38.5853106 -3.7967871);
SMO8678;2021-12-12 20:08:00;Rua Haroldo Torres;;;PRESIDENTE KENNEDY;SMO8678;Queda;Não informado;Não informado;Não informado;Meio de quadra;Não informado;Longo da via;0;1;0;1;0;0;0;0;0;0;0;0;0;(-38.56007354900325 -3.72791390991839);
OOF9297;2021-12-12 21:13:00;Avenida dos Expedicionários;RUA ANTONIO MENDES (JD AMERICA);;JARDIM AMERICA;OOF9297;Queda;Não informado;Não informado;Não informado;T;Não informado;Longo da via;0;1;0;1;0;0;0;0;0;0;0;0;0;(-38.53739813545965 -3.75238243912192);
TKH7734;2021-12-12 21:35:00;Avenida Waldir Diogo;;;MONDUBIM;TKH7734;Queda;Não informado;Não informado;Não informado;Meio de quadra;Não informado;Longo da via;0;1;0;1;0;0;0;0;0;0;0;0;0;(-38.58404175116694 -3.80527836390465);
MHL0947;2021-12-12 22:16:00;Avenida Jornalista Tomaz Coelho;;;JANGURUSSU;MHL0947;Atropelamento;Não informado;Não informado;Não informado;Meio de quadra;Não informado;Longo da via;0;1;0;1;0;0;0;0;0;0;0;0;0;(-38.51058677414678 -3.829498498825248);
KZH3520;2021-12-12 22:29:00;Avenida Senador Fernandes Távora;;;HENRIQUE JORGE;KZH3520;Atropelamento;Não informado;Não informado;Não informado;Meio de quadra;Não informado;Longo da via;0;1;0;1;0;0;0;0;0;0;0;0;0;(-38.57789412857397 -3.764496008040658);
NZQ4476;2021-12-13 00:05:00;Rua Guilherme Rocha;;;CENTRO;NZQ4476;Queda;Não informado;Não informado;Não informado;Meio de quadra;Não informado;Longo da via;0;1;0;1;0;0;0;0;0;0;0;0;0;(-38.53361624303361 -3.725151722882787);
MGN1165;2021-12-13 00:12:00;Rua Coronel Manuel Albano;;;MONDUBIM;MGN1165;Queda;Não informado;Não informado;Não informado;Meio de quadra;Não informado;Longo da via;0;1;0;1;0;0;0;0;0;0;0;0;0;(-38.56684878762822 -3.807478276165216);
BCG8685;2021-12-13 01:21:00;Avenida Presidente Castelo Branco;;;CRISTO REDENTOR;BCG8685;Queda;Não informado;Não informado;Não informado;Meio de quadra;Não informado;Longo da via;0;1;0;1;0;0;0;0;0;0;0;0;0;(-38.56472449263229 -3.709509872460439);
BBJ2573;2021-12-13 01:39:00;Avenida Júlio Abreu;RUA PRO SILAS RIBEIRO;;VARJOTA;BBJ2573;Colisão;Não informado;Não informado;Não informado;Meio de quadra;Não informado;Longo da via;0;2;0;1;1;0;0;0;0;0;0;0;0;(-38.48581389356186 -3.735809648631879);
JLZ0983;2021-12-13 02:23:00;Rua Valdetário Mota;;;PAPICU;JLZ0983;Colisão;Não informado;Não informado;Não informado;Meio de quadra;Não informado;Longo da via;0;1;0;1;1;0;0;0;0;0;0;0;0;(-38.47967163257197 -3.735338582822076);
MAG0909;2021-12-13 06:51:00;Avenida Coronel Carvalho;;;BARRA DO CEARA;MAG0909;Queda;Não informado;Não informado;Não informado;Meio de quadra;Não informado;Longo da via;0;1;0;1;0;0;0;0;0;0;0;0;0;(-38.59084439043071 -3.705993245078004);
WMO9231;2021-12-13 07:32:00;Avenida Mister Hull;RUA RUI MONTE;;ANTONIO BEZERRA;WMO9231;Colisão;Não informado;Não informado;Não informado;Cruz;Não informado;Longo da via;0;1;0;0;0;0;0;0;0;0;0;0;0;(-38.5875708 -3.7390269);
HJW9064;2021-12-13 08:24:00;Avenida Senador Carlos Jereissati;;;AEROPORTO;HJW9064;Queda;Não informado;Não informado;Não informado;Meio de quadra;Não informado;Longo da via;0;2;0;1;0;0;0;0;0;0;0;0;0;(-38.5357467 -3.7820759);
EFQ4713;2021-12-13 10:06:00;Rua Missionário Oliveira;;;JANGURUSSU;EFQ4713;Queda;Não informado;Não informado;Não informado;Meio de quadra;Não informado;Longo da via;0;1;0;1;0;0;0;0;0;0;0;0;0;(-38.50525454497097 -3.845614545056083);
CQI6856;2021-12-13 10:14:00;Rua Francisco Glicério;;;MARAPONGA;CQI6856;Colisão;Não informado;Não informado;Não informado;Meio de quadra;Não informado;Longo da via;0;1;0;0;0;0;0;0;0;0;0;0;0;(-38.56232121036626 -3.798239677459866);
MTB1167;2021-12-13 10:30:00;Rua Euclides Paulino Barroso;;;CANINDEZINHO;MTB1167;Colisão;Não informado;Não informado;Não informado;Meio de quadra;Não informado;Longo da via;0;2;0;0;0;0;0;0;0;0;0;0;0;(-38.60779002603154 -3.821030896199491);
GBK2607;2021-12-13 10:36:00;Rodovia Estrada do Guarani (BR116);;;PEDRAS;GBK2607;Queda;Não informado;Não informado;Não informado;Meio de quadra;Não informado;Longo da via;0;1;0;1;0;0;0;0;0;0;0;0;0;(-38.5009151373875 -3.880511499893248);
CMF5601;2021-12-13 10:50:00;Avenida Senador Fernandes Távora;;;HENRIQUE JORGE;CMF5601;Queda;Não informado;Não informado;Não informado;Meio de quadra;Não informado;Longo da via;0;1;0;0;0;0;0;0;0;1;0;0;0;(-38.59232977280056 -3.756803938035853);
HQL5599;2021-12-13 12:58:00;Rua Crisanto Moreira da Rocha;;;CAMBEBA;HQL5599;Colisão;Não informado;Não informado;Não informado;Meio de quadra;Não informado;Longo da via;0;1;0;1;1;0;0;0;0;0;0;0;0;(-38.48154918169735 -3.801932987778378);
GOJ9505;2021-12-13 13:07:00;Rua Jose Nogueira;;;PEDRAS;GOJ9505;Colisão;Não informado;Não informado;Não informado;Meio de quadra;Não informado;Longo da via;0;1;0;1;1;0;0;0;0;0;0;0;0;(-38.50986793579718 -3.888865698686279);
PFL1416;2021-12-13 13:29:00;Rua José Dantas Pereira;;;CANINDEZINHO;PFL1416;Colisão;Não informado;Não informado;Não informado;Meio de quadra;Não informado;Longo da via;0;2;0;2;0;0;0;0;0;0;0;0;0;(-38.607706 -3.8224972);
EHB5895;2021-12-13 14:46:00;Rua Pedro Segundo;;;PARANGABA;EHB5895;Colisão;Não informado;Não informado;Não informado;Meio de quadra;Não informado;Longo da via;0;1;0;1;1;0;0;0;0;0;0;0;0;(-38.5641397652026 -3.775795787198551);
SOF8969;2021-12-13 15:19:00;Avenida José Jatahy;;;PARQUELANDIA;SOF8969;Colisão;Não informado;Não informado;Não informado;Meio de quadra;Não informado;Longo da via;0;1;0;2;0;0;0;0;0;0;0;0;0;(-38.54432896519618 -3.733647026239261);
TJT1849;2021-12-13 15:48:00;Avenida Professor Gomes de Matos;;;MONTESE;TJT1849;Colisão;Não informado;Não informado;Não informado;Meio de quadra;Não informado;Longo da via;0;2;0;2;0;0;0;0;0;0;0;0;0;(-38.54575053034419 -3.76128429604254);
ZCL9395;2021-12-13 17:08:00;Rua General Tomé Cordeiro;;;JARDIM IRACEMA;ZCL9395;Colisão;Não informado;Não informado;Não informado;Meio de quadra;Não informado;Longo da via;0;1;0;1;1;0;0;0;0;0;0;0;0;(-38.58702436454198 -3.716137083202105);
ZGA1013;2021-12-13 18:51:00;Rua Anselmo Nogueira;;;BONSUCESSO;ZGA1013;Queda;Não informado;Não informado;Não informado;Meio de quadra;Não informado;Longo da via;0;1;0;1;0;0;0;0;0;0;0;0;0;(-38.58744659221223 -3.782055080960195);
AKK2344;2021-12-13 19:29:00;Avenida Engenheiro Leal Lima Verde;RUA RANGEL PESTANA;;SAPIRANGA / COITE;AKK2344;Colisão;Não informado;Não informado;Não informado;Cruz;Não informado;Longo da via;0;1;0;1;1;0;0;0;0;0;0;0;0;(-38.4761865 -3.7903252);
FBG2812;2021-12-13 19:32:00;Rua Maria Júlia;;;BOM JARDIM;FBG2812;Atropelamento;Não informado;Não informado;Não informado;Meio de quadra;Não informado;Longo da via;0;1;0;1;0;0;0;0;0;0;0;0;0;(-38.60132590277482 -3.79762947684197);
KLO8762;2021-12-13 19:34:00;Rua Canindé;;;VARJOTA;KLO8762;Colisão;Não informado;Não informado;Não informado;Meio de quadra;Não informado;Longo da via;0;1;0;0;0;0;0;0;0;0;0;0;0;(-38.482112444183 -3.728149444845628);
IYO9938;2021-12-13 19:40:00;Rua João Lôbo Filho;AV 13 DE MAIO;;FATIMA;IYO9938;Colisão;Não informado;Não informado;Não informado;Cruz;Não informado;Longo da via;0;1;0;1;1;0;0;0;0;0;0;0;0;(-38.52227047450445 -3.753999018803281);
BFY2835;2021-12-13 19:42:00;Avenida Rogaciano Leite;;;SALINAS;BFY2835;Colisão;Não informado;Não informado;Não informado;Meio de quadra;Não informado;Longo da via;0;1;0;1;1;0;0;0;0;0;0;0;0;(-38.49917665066382 -3.773997253306713);