COD_ACIDENTE;DATA;LOG1;LOG2;NUMERO;BAIRRO;AMC;NATUREZA;ILUMINACAO;TEMPO;SUPERFICIEPISTA;TIPOCRUZAMENTO;CONTROLETRAFEGO;USOSOLO;MORTOS;FERIDOS;ILESOS;MOTOCICLETA;AUTOMOVEL;MICROONIBUS;CAMINHAO;ONIBUS;CICLOMOTOR;BICICLETA;OUTROS;TREM;TRACAOANIMAL;COORDENADAS
BNE4969;2021-12-13 19:48:00;Avenida Dioguinho;;;PRAIA DO FUTURO II;BNE4969;Colisão;Não informado;Não informado;Não informado;Meio de quadra;Não informado;Longo da via;0;1;0;0;0;0;0;0;0;0;0;0;0;(-38.44430939666072 -3.759309087285347);
EWS5586;2021-12-13 20:12:00;Rua Professor José Henrique;;;MESSEJANA;EWS5586;Colisão;Não informado;Não informado;Não informado;Meio de quadra;Não informado;Longo da via;0;1;0;1;1;0;0;0;0;0;0;0;0;(-38.48047093085841 -3.83049405216785);
KZY8280;2021-12-13 20:41:00;Avenida Senador Fernandes Távora;;;AUTRAN NUNES;KZY8280;Queda;Não informado;Não informado;Não informado;Meio de quadra;Não informado;Longo da via;0;1;0;0;0;0;0;0;0;1;0;0;0;(-38.59500727265319 -3.755755189023562);
JGS5244;2021-12-13 20:43:00;Rua Francisco Alves Ribeiro;;;JANGURUSSU;JGS5244;Colisão;Não informado;Não informado;Não informado;Meio de quadra;Não informado;Longo da via;0;1;0;1;1;0;0;0;0;0;0;0;0;(-38.51038291898973 -3.833860726663045);
NQZ1381;2021-12-13 20:47:00;Avenida Carneiro de Mendonça;RUA RIO GRANDE DO SUL;;JOQUEI CLUBE;NQZ1381;Colisão;Não informado;Não informado;Não informado;Cruz;Não informado;Longo da via;0;1;0;1;1;0;0;0;0;0;0;0;0;(-38.5699794 -3.7623676);
PYD2584;2021-12-13 21:17:00;Rua Sargento João Pinheiro;;;BOM JARDIM;PYD2584;Atropelamento;Não informado;Não informado;Não informado;Meio de quadra;Não informado;Longo da via;0;1;0;0;0;0;0;0;0;0;0;0;0;(-38.62315371950345 -3.784151427012132);
QQJ8702;2021-12-13 23:01:00;Rua Luciano Queiroz;RUA MON HIPOLITO BRASIL;;HENRIQUE JORGE;QQJ8702;Colisão;Não informado;Não informado;Não informado;Cruz;Não informado;Longo da via;0;1;0;1;1;0;0;0;0;0;0;0;0;(-38.5789802 -3.7588286);
QUK3768;2021-12-13 23:02:00;Rua Tenente Jurandir Alencar;;;MESSEJANA;QUK3768;Queda;Não informado;Não informado;Não informado;Meio de quadra;Não informado;Longo da via;0;1;0;1;0;0;0;0;0;0;0;0;0;(-38.49529281717097 -3.83170905387149);
JKC3016;2021-12-13 23:43:00;Rua Silvinha Téles;;;CONJUNTO PALMEIRAS;JKC3016;Colisão;Não informado;Não informado;Não informado;Meio de quadra;Não informado;Longo da via;0;1;0;0;0;0;0;0;0;0;0;0;0;(-38.52610067437302 -3.848900875142308);
RRZ0904;2021-12-14 00:43:00;Rua General Cordeiro Neto;;;MONDUBIM;RRZ0904;Colisão;Não informado;Não informado;Não informado;Meio de quadra;Não informado;Longo da via;0;1;0;1;1;0;0;0;0;0;0;0;0;(-38.57204154803431 -3.810663054027223);
VYZ6976;2021-12-14 02:45:00;Avenida Bezerra de Menezes;;;PRESIDENTE KENNEDY;VYZ6976;Colisão;Não informado;Não informado;Não informado;Meio de quadra;Não informado;Longo da via;0;2;0;1;1;0;0;0;0;0;0;0;0;(-38.5683776470013 -3.736387774507377);
RYU7593;2021-12-14 10:01:00;Avenida Doutor Silas Munguba;;;SERRINHA;RYU7593;Queda;Não informado;Não informado;Não informado;Meio de quadra;Não informado;Longo da via;0;1;0;1;0;0;0;0;0;0;0;0;0;(-38.53867322419791 -3.790951281291577);
KQE9717;2021-12-14 11:53:00;Avenida G;AV B CJ CEARA;;CONJUNTO CEARA II;KQE9717;Colisão;Não informado;Não informado;Não informado;T;Não informado;Longo da via;0;1;0;1;1;0;0;0;0;0;0;0;0;(-38.61155440225067 -3.772580687788403);
ZVP3247;2021-12-14 12:22:00;Avenida H;AV G CJ CEARA;;CONJUNTO CEARA II;ZVP3247;Colisão;Não informado;Não informado;Não informado;Cruz;Não informado;Longo da via;0;1;0;1;1;0;0;0;0;0;0;0;0;(-38.609549558664 -3.775704790037548);
SUI4214;2021-12-14 12:52:00;Rua Miguel Gurgel;;;MESSEJANA;SUI4214;Queda;Não informado;Não informado;Não informado;Meio de quadra;Não informado;Longo da via;0;1;0;0;0;0;0;0;0;1;0;0;0;(-38.48261133388689 -3.840594035871299);
EPG7962;2021-12-14 14:01:00;Avenida General Murilo Borges;AV ROGACIANO LEITE;;ENGENHEIRO LUCIANO CAVALCANTE;EPG7962;Colisão;Não informado;Não informado;Não informado;Cruz;Não informado;Longo da via;0;2;0;2;0;0;0;0;0;0;0;0;0;(-38.49728838396216 -3.767691649721865);
EPG7962;2021-12-14 15:00:00;Avenida Alberto Craveiro;;;PASSARE;EPG7962;Colisão;Não informado;Não informado;Não informado;Meio de quadra;Não informado;Longo da via;0;2;0;1;1;0;0;0;0;0;0;0;0;(-38.51879433091741 -3.797977398299765);
ZAX4973;2021-12-14 16:05:00;Rua Bom Jesus;;;BOM JARDIM;ZAX4973;Colisão;Não informado;Não informado;Não informado;Meio de quadra;Não informado;Longo da via;0;1;0;1;1;0;0;0;0;0;0;0;0;(-38.60876635292792 -3.792009187717824);
JOW7908;2021-12-14 16:59:00;Avenida João Pessoa;;;DAMAS;JOW7908;Colisão;Não informado;Não informado;Não informado;Meio de quadra;Não informado;Longo da via;0;3;0;0;2;0;0;0;0;0;0;0;0;(-38.544640104726 -3.747045563776081);
LPR8165;2021-12-14 17:05:00;Rua Thompson Goncalves;;;BONSUCESSO;LPR8165;Colisão;Não informado;Não informado;Não informado;Meio de quadra;Não informado;Longo da via;0;1;0;1;1;0;0;0;0;0;0;0;0;(-38.58246997199265 -3.781560705534893);
UBT9414;2021-12-14 19:30:00;Rua Costa Barros;RUA SILVA PAULET;;ALDEOTA;UBT9414;Colisão;Não informado;Não informado;Não informado;Cruz;Não informado;Longo da via;0;1;0;1;1;0;0;0;0;0;0;0;0;(-38.50469664033513 -3.732624596471242);
OFW7000;2021-12-14 19:32:00;Rua Fonseca Lobo;;;ALDEOTA;OFW7000;Colisão;Não informado;Não informado;Não informado;Meio de quadra;Não informado;Longo da via;0;1;0;1;1;0;0;0;0;0;0;0;0;(-38.4891934804393 -3.737790263474044);
QAN6433;2021-12-14 20:20:00;BR-116;;;AEROLANDIA;QAN6433;Queda;Não informado;Não informado;Não informado;Meio de quadra;Não informado;Longo da via;0;1;0;1;0;0;0;0;0;0;0;0;0;(-38.5166110116064 -3.77278217026582);
DEA3214;2021-12-14 20:21:00;Rua José Baíma;;;MESSEJANA;DEA3214;Colisão;Não informado;Não informado;Não informado;Meio de quadra;Não informado;Longo da via;0;1;0;1;1;0;0;0;0;0;0;0;0;(-38.4814096967417 -3.830194315799457);
HFA3822;2021-12-14 21:08:00;Rodovia Estrada do Guarani (BR116);;;ANCURI;HFA3822;Colisão;Não informado;Não informado;Não informado;Meio de quadra;Não informado;Longo da via;0;2;0;0;0;0;0;0;0;0;0;0;0;(-38.49784628367183 -3.863737373472862);
GDW5292;2021-12-14 21:49:00;Rua Machado de Assis;;;DAMAS;GDW5292;Colisão;Não informado;Não informado;Não informado;Meio de quadra;Não informado;Longo da via;0;1;0;1;1;0;0;0;0;0;0;0;0;(-38.54987040972468 -3.751199443486015);
EVX4294;2021-12-14 22:00:00;Avenida Desembargador Gonzaga;;;JARDIM DAS OLIVEIRAS;EVX4294;Colisão;Não informado;Não informado;Não informado;Meio de quadra;Não informado;Longo da via;0;1;0;1;1;0;0;0;0;0;0;0;0;(-38.50338771905177 -3.789766414521332);
AKL5288;2021-12-14 23:30:00;Avenida General Osório de Paiva;;;CANINDEZINHO;AKL5288;Atropelamento;Não informado;Não informado;Não informado;Meio de quadra;Não informado;Longo da via;0;1;0;1;0;0;0;0;0;0;0;0;0;(-38.60513998311651 -3.807810135921039);
STU7560;2021-12-14 23:42:00;Rua Joaquim Manuel de Macêdo;;;JOAO XXIII;STU7560;Queda;Não informado;Não informado;Não informado;Meio de quadra;Não informado;Longo da via;0;1;0;1;0;0;0;0;0;0;0;0;0;(-38.58811871051162 -3.769816718178463);
EOS5543;2021-12-15 01:28:00;BR-116;;;AEROLANDIA;EOS5543;Colisão;Não informado;Não informado;Não informado;Meio de quadra;Não informado;Longo da via;0;1;0;1;1;0;0;0;0;0;0;0;0;(-38.51525380094305 -3.775945664854719);
IYT5955;2021-12-15 09:34:00;Estrada Barão de Aquiraz;;;PAUPINA;IYT5955;Colisão;Não informado;Não informado;Não informado;Meio de quadra;Não informado;Longo da via;0;2;0;1;1;0;0;0;0;0;0;0;0;(-38.48600164561255 -3.839882170237186);
ZGV2280;2021-12-15 09:35:00;Rodovia 4º Anel Viário;;;MESSEJANA;ZGV2280;Queda;Não informado;Não informado;Não informado;Meio de quadra;Não informado;Longo da via;0;1;0;1;0;0;0;0;0;0;0;0;0;(-38.50062827391161 -3.870906732690358);
GKW0636;2021-12-15 10:00:00;Rua Clarice Lispector;;;PREFEITO JOSE VALTER;GKW0636;Colisão;Não informado;Não informado;Não informado;Meio de quadra;Não informado;Longo da via;0;2;0;1;1;0;0;0;0;0;0;0;0;(-38.55444089177485 -3.843238103027397);
IUA8031;2021-12-15 10:15:00;Avenida Washington Soares;;;MESSEJANA;IUA8031;Colisão;Não informado;Não informado;Não informado;Meio de quadra;Não informado;Longo da via;0;1;0;0;0;0;0;0;0;0;0;0;0;(-38.4822017 -3.828229);
XRY4912;2021-12-15 10:20:00;Avenida D;AV N CJ JOSE WALTER;;PREFEITO JOSE VALTER;XRY4912;Colisão;Não informado;Não informado;Não informado;Meio de quadra;Não informado;Longo da via;0;1;0;1;1;0;0;0;0;0;0;0;0;(-38.5530154 -3.8325173);
WQH6815;2021-12-15 10:27:00;Estrada Barão de Aquiraz;;;MESSEJANA;WQH6815;Colisão;Não informado;Não informado;Não informado;Meio de quadra;Não informado;Longo da via;0;1;0;1;1;0;0;0;0;0;0;0;0;(-38.49008934364558 -3.832747424003956);
BYX8305;2021-12-15 11:45:00;Avenida General Osório de Paiva;;;PARQUE SAO JOSE;BYX8305;Colisão;Não informado;Não informado;Não informado;Meio de quadra;Não informado;Longo da via;0;2;0;1;1;0;0;0;0;0;0;0;0;(-38.59048979242935 -3.792940552442936);
GAP3218;2021-12-15 12:19:00;Rua Duzentos Doze;;;JANGURUSSU;GAP3218;Colisão;Não informado;Não informado;Não informado;Meio de quadra;Não informado;Longo da via;0;1;0;1;1;0;0;0;0;0;0;0;0;(-38.52359012133977 -3.832576146543152);
UDG6644;2021-12-15 12:55:00;Rua José Bastos;RUA JOSE FACANHA;;DAMAS;UDG6644;Colisão;Não informado;Não informado;Não informado;T;Não informado;Longo da via;0;1;0;1;1;0;0;0;0;0;0;0;0;(-38.55452134960047 -3.754630661706789);
LXI3762;2021-12-15 13:09:00;Avenida Gurgel do Amaral;;;MESSEJANA;LXI3762;Colisão;Não informado;Não informado;Não informado;Meio de quadra;Não informado;Longo da via;0;1;0;1;1;0;0;0;0;0;0;0;0;(-38.48225727666702 -3.837671636326888);
VHA7994;2021-12-15 13:36:00;Rua Bárbara de Alencar;AV DOM MANUEL;;CENTRO;VHA7994;Atropelamento;Não informado;Não informado;Não informado;Cruz;Não informado;Longo da via;0;3;0;1;0;0;0;0;0;0;0;0;0;(-38.5231888 -3.734991099999999);
NLH5210;2021-12-15 13:45:00;Avenida Presidente Costa e Silva;;;MONDUBIM;NLH5210;Queda;Não informado;Não informado;Não informado;Meio de quadra;Não informado;Longo da via;0;1;0;1;0;0;0;0;0;0;0;0;0;(-38.55904892287461 -3.820848911406987);
SQV8075;2021-12-15 15:18:00;Avenida General Osório de Paiva;;;VILA PERY;SQV8075;Colisão;Não informado;Não informado;Não informado;Meio de quadra;Não informado;Longo da via;0;1;0;2;0;0;0;0;0;0;0;0;0;(-38.57866123308029 -3.783246816467335);
ZWP8938;2021-12-15 15:55:00;Avenida Presidente Castelo Branco;;;MOURA BRASIL;ZWP8938;Queda;Não informado;Não informado;Não informado;Meio de quadra;Não informado;Longo da via;0;1;0;1;0;0;0;0;0;0;0;0;0;(-38.53797208017844 -3.717984332375626);
SIF6526;2021-12-15 17:59:00;Rua Doutor Thompson Bulcão;;;ENGENHEIRO LUCIANO CAVALCANTE;SIF6526;Colisão;Não informado;Não informado;Não informado;Meio de quadra;Não informado;Longo da via;0;1;0;1;1;0;0;0;0;0;0;0;0;(-38.49424138865677 -3.769029854644937);
VIJ7874;2021-12-15 19:17:00;Avenida 20 de Janeiro;;;BARRA DO CEARA;VIJ7874;Colisão;Não informado;Não informado;Não informado;Meio de quadra;Não informado;Longo da via;0;1;0;1;1;0;0;0;0;0;0;0;0;(-38.58913794548031 -3.702293757722162);
JAR2458;2021-12-15 19:48:00;Rua Verde Cinco;;;JANGURUSSU;JAR2458;Colisão;Não informado;Não informado;Não informado;Meio de quadra;Não informado;Longo da via;0;1;0;1;1;0;0;0;0;0;0;0;0;(-38.51812913111822 -3.850763480049888);
HOR7839;2021-12-15 19:51:00;Avenida Senador Fernandes Távora;;;HENRIQUE JORGE;HOR7839;Queda;Não informado;Não informado;Não informado;Meio de quadra;Não informado;Longo da via;0;1;0;1;0;0;0;0;0;0;0;0;0;(-38.5860051223014 -3.760186958396611);
TQU4493;2021-12-15 21:56:00;Avenida Pompílio Gomes;;;JANGURUSSU;TQU4493;Atropelamento;Não informado;Não informado;Não informado;Meio de quadra;Não informado;Longo da via;0;2;0;1;0;0;0;0;0;0;0;0;0;(-38.52116004489844 -3.822652700144975);
SLY8678;2021-12-15 22:17:00;Rua Roquete Pinto;;;PARANGABA;SLY8678;Atropelamento;Não informado;Não informado;Não informado;Meio de quadra;Não informado;Longo da via;0;1;0;0;0;0;1;0;0;0;0;0;0;(-38.56799140749569 -3.783621507340123);
RSP0797;2021-12-16 00:06:00;Rua Guarani;;;JOAO XXIII;RSP0797;Colisão;Não informado;Não informado;Não informado;Meio de quadra;Não informado;Longo da via;0;1;0;1;1;0;0;0;0;0;0;0;0;(-38.58528629732275 -3.773617205489795);
HIR3999;2021-12-16 00:19:00;Rua Jaú;;;PARREAO;HIR3999;Atropelamento;Não informado;Não informado;Não informado;Meio de quadra;Não informado;Longo da via;0;1;0;1;0;0;0;0;0;0;0;0;0;(-38.53099837865108 -3.760658010823594);
BUV6673;2021-12-16 00:28:00;Rua Doutor Periguari;;;ANTONIO BEZERRA;BUV6673;Colisão;Não informado;Não informado;Não informado;Meio de quadra;Não informado;Longo da via;0;1;0;1;1;0;0;0;0;0;0;0;0;(-38.58616070004197 -3.743153960122243);
NEP1739;2021-12-16 00:43:00;Rua Eretides Martins;;;PRESIDENTE KENNEDY;NEP1739;Queda;Não informado;Não informado;Não informado;Meio de quadra;Não informado;Longo da via;0;1;0;0;0;0;0;0;0;1;0;0;0;(-38.55935469282569 -3.729418120527551);
MGM4490;2021-12-16 01:30:00;Rua Israel Bezerra;AV DES MOREIRA;;DIONISIO TORRES;MGM4490;Colisão;Não informado;Não informado;Não informado;Cruz;Não informado;Longo da via;0;1;0;1;1;0;0;0;0;0;0;0;0;(-38.50185349619898 -3.747596917502122);
DBO9909;2021-12-16 02:01:00;Rua Cônego de Castro;;;CANINDEZINHO;DBO9909;Colisão;Não informado;Não informado;Não informado;Meio de quadra;Não informado;Longo da via;0;1;0;1;1;0;0;0;0;0;0;0;0;(-38.60607876424739 -3.825398519633452);
EPX3247;2021-12-16 03:45:00;Rua Almirante Rubim;;;MONTESE;EPX3247;Colisão;Não informado;Não informado;Não informado;Meio de quadra;Não informado;Longo da via;0;1;0;1;1;0;0;0;0;0;0;0;0;(-38.55553523844824 -3.767804059014595);
YAH9642;2021-12-16 05:22:00;Avenida C;AV I CJ JOSE WALTER;;PREFEITO JOSE VALTER;YAH9642;Colisão;Não informado;Não informado;Não informado;Cruz;Não informado;Longo da via;0;1;0;0;0;0;0;0;0;0;0;0;0;(-38.5521546 -3.8298579);
RDN1612;2021-12-16 06:44:00;Avenida Pontes Vieira;;;SAO JOAO DO TAUAPE;RDN1612;Colisão;Não informado;Não informado;Não informado;Meio de quadra;Não informado;Longo da via;0;1;0;0;0;0;0;0;0;0;0;0;0;(-38.5088786 -3.7522169);
IBD5376;2021-12-16 09:41:00;Avenida Oscar Araripe;RUA PATO BRANCO;;BOM JARDIM;IBD5376;Colisão;Não informado;Não informado;Não informado;Cruz;Não informado;Longo da via;0;1;0;1;1;0;0;0;0;0;0;0;0;(-38.6172388 -3.7854914);
CPU9167;2021-12-16 11:16:00;Avenida Bernardo Manuel;;;ITAPERI;CPU9167;Colisão;Não informado;Não informado;Não informado;Meio de quadra;Não informado;Longo da via;0;1;0;2;0;0;0;0;0;0;0;0;0;(-38.54858831217352 -3.789182971376083);
BAD6055;2021-12-16 12:59:00;Rua Espírito Santo;;;PAN AMERICANO;BAD6055;Atropelamento;Não informado;Não informado;Não informado;Meio de quadra;Não informado;Longo da via;0;1;0;1;0;0;0;0;0;0;0;0;0;(-38.56948807965683 -3.75506424682521);
OFP2030;2021-12-16 14:21:00;Rua Jardim Princesa Isabel;AV DUQ CAXIAS;;CENTRO;OFP2030;Colisão;Não informado;Não informado;Não informado;Cruz;Não informado;Longo da via;0;1;0;1;1;0;0;0;0;0;0;0;0;(-38.5368348696899 -3.729220057356041);
GCN8948;2021-12-16 17:22:00;Avenida Oliveira Paiva;;;CIDADE DOS FUNCIONRAIOS;GCN8948;Capotamento;Não informado;Não informado;Não informado;Meio de quadra;Não informado;Longo da via;0;1;0;0;0;0;0;0;0;0;0;0;0;(-38.492164 -3.795765);
WRI2931;2021-12-16 17:31:00;Rua Major Weyne;;;JARDIM AMERICA;WRI2931;Queda;Não informado;Não informado;Não informado;Meio de quadra;Não informado;Longo da via;0;2;0;0;0;0;0;0;0;1;0;0;0;(-38.54296639809048 -3.749952211058705);
RTM9911;2021-12-16 19:22:00;Rua Olavo Bilac;;;PRESIDENTE KENNEDY;RTM9911;Atropelamento;Não informado;Não informado;Não informado;Meio de quadra;Não informado;Longo da via;0;1;0;0;1;0;0;0;0;0;0;0;0;(-38.56425777489274 -3.735097696798895);
AXD4340;2021-12-16 19:43:00;Rua Primeiro de Janeiro;RUA CAMBARA;;PARANGABA;AXD4340;Colisão;Não informado;Não informado;Não informado;Cruz;Não informado;Longo da via;0;1;0;1;1;0;0;0;0;0;0;0;0;(-38.56464401604041 -3.785302261546914);
YGQ8743;2021-12-16 20:43:00;Avenida Filomeno Gomes;;;JACARECANGA;YGQ8743;Atropelamento;Não informado;Não informado;Não informado;Meio de quadra;Não informado;Longo da via;0;1;0;0;1;0;0;0;0;0;0;0;0;(-38.54154849080231 -3.718944047262732);
ZYQ3849;2021-12-16 22:17:00;Avenida Major Assis;RUA RIO PARAGUAI;;JARDIM IRACEMA;ZYQ3849;Colisão;Não informado;Não informado;Não informado;Cruz;Não informado;Longo da via;0;1;0;0;1;0;0;0;0;1;0;0;0;(-38.58404711065884 -3.724054339967655);
BSI0312;2021-12-16 23:27:00;Rua Padre Mororó;;;CENTRO;BSI0312;Colisão;Não informado;Não informado;Não informado;Meio de quadra;Não informado;Longo da via;0;1;0;1;1;0;0;0;0;0;0;0;0;(-38.53928104055823 -3.731479045474329);
OUQ2852;2021-12-16 23:35:00;Rua Crisanto Moreira da Rocha;;;CAMBEBA;OUQ2852;Queda;Não informado;Não informado;Não informado;Meio de quadra;Não informado;Longo da via;0;1;0;1;0;0;0;0;0;0;0;0;0;(-38.4833026 -3.8092077);
KEK2617;2021-12-17 00:55:00;Rua São Francisco;;;BONSUCESSO;KEK2617;Colisão;Não informado;Não informado;Não informado;Meio de quadra;Não informado;Longo da via;0;1;0;2;0;0;0;0;0;0;0;0;0;(-38.59227075716488 -3.783664329143839);
PDU1885;2021-12-17 02:19:00;Rua Rio Grande do Sul;;;BELA VISTA;PDU1885;Queda;Não informado;Não informado;Não informado;Meio de quadra;Não informado;Longo da via;0;1;0;1;0;0;0;0;0;0;0;0;0;(-38.56432232485943 -3.75359261590439);
MJS9896;2021-12-17 03:16:00;Avenida Leste Oeste;;;PIRAMBU;MJS9896;Colisão;Não informado;Não informado;Não informado;Meio de quadra;Não informado;Longo da via;0;2;0;0;0;0;0;0;0;0;0;0;0;(-38.5540459 -3.712094);
XZC9328;2021-12-17 09:10:00;Rua São Benedito;;;MARAPONGA;XZC9328;Colisão;Não informado;Não informado;Não informado;Meio de quadra;Não informado;Longo da via;0;1;0;0;0;0;0;0;0;0;0;0;0;(-38.57389227155085 -3.797720471698317);
QLZ4946;2021-12-17 09:17:00;Rua Francisco Calaça;RUA IRINEU DE SOUZA;;ALVARO WEYNE;QLZ4946;Queda;Não informado;Não informado;Não informado;Cruz;Não informado;Longo da via;0;1;0;1;0;0;0;0;0;0;0;0;0;(-38.571314 -3.7097022);
ECD9716;2021-12-17 10:04:00;Avenida Sargento Hermínio Sampaio;;;VILA ELLERY;ECD9716;Colisão;Não informado;Não informado;Não informado;Meio de quadra;Não informado;Longo da via;0;1;0;1;1;0;0;0;0;0;0;0;0;(-38.566559098264 -3.727453546014806);
MHH8401;2021-12-17 10:13:00;Rua Cuiabá;;;JOQUEI CLUBE;MHH8401;Colisão;Não informado;Não informado;Não informado;Meio de quadra;Não informado;Longo da via;0;1;0;2;0;0;0;0;0;0;0;0;0;(-38.58423486880854 -3.766198210597488);
HSE8535;2021-12-17 11:23:00;Avenida General Osório de Paiva;;;VILA PERY;HSE8535;Queda;Não informado;Não informado;Não informado;Meio de quadra;Não informado;Longo da via;0;1;0;0;0;0;0;0;0;1;0;0;0;(-38.57739525857468 -3.782481376037917);
BXR0014;2021-12-17 11:44:00;Avenida Presidente Castelo Branco;;;MOURA BRASIL;BXR0014;Queda;Não informado;Não informado;Não informado;Meio de quadra;Não informado;Longo da via;0;1;0;1;0;0;0;0;0;0;0;0;0;(-38.53570830484023 -3.718144507976298);
SRU9857;2021-12-17 12:21:00;Rua Pedro Borges;RUA SENA MADUREIRA;;CENTRO;SRU9857;Atropelamento;Não informado;Não informado;Não informado;Cruz;Não informado;Longo da via;0;1;0;0;0;0;0;0;0;1;0;0;0;(-38.52600410476161 -3.728154797911428);
OPK6869;2021-12-17 13:07:00;Rua Francisco Glicério;;;MARAPONGA;OPK6869;Colisão;Não informado;Não informado;Não informado;Meio de quadra;Não informado;Longo da via;0;1;0;1;1;0;0;0;0;0;0;0;0;(-38.56254115713538 -3.798180798471685);
SVN3828;2021-12-17 13:48:00;Rua Leandro Henrique;RUA FRANCISCO XAVIER;;SIQUEIRA;SVN3828;Colisão;Não informado;Não informado;Não informado;Cruz;Não informado;Longo da via;0;1;0;2;0;0;0;0;0;0;0;0;0;(-38.62315371786139 -3.814902269457876);
TDL3519;2021-12-17 14:16:00;Rua Rio Grande do Sul;;;PAN AMERICANO;TDL3519;Colisão;Não informado;Não informado;Não informado;Meio de quadra;Não informado;Longo da via;0;1;0;1;1;0;0;0;0;0;0;0;0;(-38.56888189948116 -3.760690128025265);
CRJ4580;2021-12-17 16:07:00;Avenida Padre Antônio Tomás;;;PAPICU;CRJ4580;Colisão;Não informado;Não informado;Não informado;Meio de quadra;Não informado;Longo da via;0;1;0;1;1;0;0;0;0;0;0;0;0;(-38.48974601924964 -3.743250313654036);
EUV6405;2021-12-17 16:24:00;Rua Francisco Ramos;RUA ANTONIO CONRADO;;PEDRAS;EUV6405;Colisão;Não informado;Não informado;Não informado;Cruz;Não informado;Longo da via;0;1;0;1;1;0;0;0;0;0;0;0;0;(-38.50628987413203 -3.88385079761675);
FBA1475;2021-12-17 17:25:00;Avenida Governador Raul Barbosa;;;AEROLANDIA;FBA1475;Colisão;Não informado;Não informado;Não informado;Meio de quadra;Não informado;Longo da via;0;1;0;1;1;0;0;0;0;0;0;0;0;(-38.50863412176155 -3.763543201383267);
ZRR6542;2021-12-17 17:43:00;Estrada do Fio;;;COACU;ZRR6542;Colisão;Não informado;Não informado;Não informado;Meio de quadra;Não informado;Longo da via;0;1;0;0;0;0;0;0;0;0;0;0;0;(-38.45996276612584 -3.850854469265686);
BIO4112;2021-12-17 17:59:00;Avenida Presidente Castelo Branco;;;CENTRO;BIO4112;Atropelamento;Não informado;Não informado;Não informado;Meio de quadra;Não informado;Longo da via;0;1;0;0;1;0;0;0;0;0;0;0;0;(-38.5271662 -3.721511);
EMG5597;2021-12-17 20:00:00;Rua G (Conjunto Residencial dos Escritores);;;PAUPINA;EMG5597;Atropelamento;Não informado;Não informado;Não informado;Meio de quadra;Não informado;Longo da via;0;1;0;1;0;0;0;0;0;0;0;0;0;(-38.4898808 -3.8521598);
ZQY4429;2021-12-17 20:13:00;Avenida Luiz Vieira;;;PARQUE SAO JOSE;ZQY4429;Colisão;Não informado;Não informado;Não informado;Meio de quadra;Não informado;Longo da via;0;1;0;1;1;0;0;0;0;0;0;0;0;(-38.58607486677314 -3.797420723899965);
APO6739;2021-12-17 20:18:00;Avenida Francisco Sá;;;BARRA DO CEARA;APO6739;Colisão;Não informado;Não informado;Não informado;Meio de quadra;Não informado;Longo da via;0;1;0;1;1;0;0;0;0;0;0;0;0;(-38.58346243436723 -3.707936036432355);
RRD8659;2021-12-17 21:06:00;Avenida Francisco Sá;RUA PDE ANCHIETA;;JACARECANGA;RRD8659;Colisão;Não informado;Não informado;Não informado;Cruz;Não informado;Longo da via;0;1;0;2;0;0;0;0;0;0;0;0;0;(-38.5495769 -3.7199776);
GDQ6839;2021-12-17 21:24:00;Avenida Engenheiro Santana Júnior;;;COCO;GDQ6839;Colisão;Não informado;Não informado;Não informado;Meio de quadra;Não informado;Longo da via;0;1;0;1;1;0;0;0;0;0;0;0;0;(-38.47821251931269 -3.72978748145791);
TGB8720;2021-12-17 21:39:00;Rua Bom Jesus;;;GRANJA LISBOA;TGB8720;Queda;Não informado;Não informado;Não informado;Meio de quadra;Não informado;Longo da via;0;1;0;1;0;0;0;0;0;0;0;0;0;(-38.61277357601111 -3.790708487025992);
JJA4300;2021-12-17 22:14:00;Avenida Benjamim Barroso;RUA HENRIQUE AUTRAN;;MONTE CASTELO;JJA4300;Colisão;Não informado;Não informado;Não informado;Cruz;Não informado;Longo da via;0;1;0;0;2;0;0;0;0;0;0;0;0;(-38.549986 -3.7273366);
OGX8382;2021-12-17 22:25:00;Avenida Presidente Costa e Silva;;;MONDUBIM;OGX8382;Atropelamento;Não informado;Não informado;Não informado;Meio de quadra;Não informado;Longo da via;0;1;0;0;1;0;0;0;0;0;0;0;0;(-38.56939149362493 -3.81489691692632);
HUI3593;2021-12-17 22:34:00;Avenida José Bastos;;;RODOLFO TEOFILO;HUI3593;Colisão;Não informado;Não informado;Não informado;Meio de quadra;Não informado;Longo da via;0;1;0;1;1;0;0;0;0;0;0;0;0;(-38.5509844 -3.7504393);