COD_ACIDENTE;DATA;LOG1;LOG2;NUMERO;BAIRRO;AMC;NATUREZA;ILUMINACAO;TEMPO;SUPERFICIEPISTA;TIPOCRUZAMENTO;CONTROLETRAFEGO;USOSOLO;MORTOS;FERIDOS;ILESOS;MOTOCICLETA;AUTOMOVEL;MICROONIBUS;CAMINHAO;ONIBUS;CICLOMOTOR;BICICLETA;OUTROS;TREM;TRACAOANIMAL;COORDENADAS
KJZ9789;2021-12-18 00:05:00;Avenida Radialista João Ramos;;;PREFEITO JOSE VALTER;KJZ9789;Colisão;Não informado;Não informado;Não informado;Meio de quadra;Não informado;Longo da via;0;1;0;1;1;0;0;0;0;0;0;0;0;(-38.58164384950486 -3.839759065593626);
CVW4364;2021-12-18 00:25:00;Avenida Pasteur;;;CRISTO REDENTOR;CVW4364;Queda;Não informado;Não informado;Não informado;Meio de quadra;Não informado;Longo da via;0;1;0;1;0;0;0;0;0;0;0;0;0;(-38.55834618997717 -3.709338570715731);
EWL5821;2021-12-18 00:35:00;Rua Fernando Farias de Melo;;;MANOEL SATIRO;EWL5821;Atropelamento;Não informado;Não informado;Não informado;Meio de quadra;Não informado;Longo da via;0;1;0;0;1;0;0;0;0;0;0;0;0;(-38.57826963244076 -3.794599877914245);
RZD6861;2021-12-18 01:29:00;Rua Barbosa de Freitas;RUA MARIA TOMASIA;;ALDEOTA;RZD6861;Colisão;Não informado;Não informado;Não informado;Cruz;Não informado;Longo da via;0;1;0;1;1;0;0;0;0;0;0;0;0;(-38.49711672070857 -3.735841766746064);
BBY2134;2021-12-18 02:30:00;Avenida João Pessoa;;;PARANGABA;BBY2134;Queda;Não informado;Não informado;Não informado;Meio de quadra;Não informado;Longo da via;0;1;0;1;0;0;0;0;0;0;0;0;0;(-38.56146126776601 -3.771253193934194);
OUG4955;2021-12-18 05:04:00;Rua Capitão Hermínio;;;JANGURUSSU;OUG4955;Colisão;Não informado;Não informado;Não informado;Meio de quadra;Não informado;Longo da via;0;2;0;0;0;0;0;0;0;0;0;0;0;(-38.4972079144076 -3.851748303986163);
QKX5759;2021-12-18 07:11:00;Avenida Almirante Henrique Sabóia;;;VARJOTA;QKX5759;Queda;Não informado;Não informado;Não informado;Meio de quadra;Não informado;Longo da via;0;1;0;1;0;0;0;0;0;0;0;0;0;(-38.48732665123602 -3.739438988093509);
UVY5966;2021-12-18 09:30:00;BR-116;;;CAJAZEIRAS;UVY5966;Queda;Não informado;Não informado;Não informado;Meio de quadra;Não informado;Longo da via;0;1;0;1;0;0;0;0;0;0;0;0;0;(-38.5054894 -3.7996206);
QMW1579;2021-12-18 09:38:00;Rua Tipógrafo Sales;;;AMADEU FURTADO;QMW1579;Colisão;Não informado;Não informado;Não informado;Meio de quadra;Não informado;Longo da via;0;3;0;1;1;0;0;0;0;0;0;0;0;(-38.56363014807013 -3.743325255282541);
EGT0044;2021-12-18 10:48:00;Rua Estado do Rio;RUA MARANHAO;;PAN AMERICANO;EGT0044;Queda;Não informado;Não informado;Não informado;Cruz;Não informado;Longo da via;0;1;0;1;0;0;0;0;0;0;0;0;0;(-38.5681129 -3.7541452);
RXC6462;2021-12-18 11:05:00;Avenida Clóvis Arrais Maia;;;PRAIA DO FUTURO I;RXC6462;Queda;Não informado;Não informado;Não informado;Meio de quadra;Não informado;Longo da via;0;2;0;1;0;0;0;0;0;0;0;0;0;(-38.45296218910264 -3.739995699602468);
LET2297;2021-12-18 11:23:00;Avenida Américo Barreira;;;BENFICA;LET2297;Colisão;Não informado;Não informado;Não informado;Meio de quadra;Não informado;Longo da via;0;1;0;2;0;0;0;0;0;0;0;0;0;(-38.54382471435838 -3.74312719525043);
LBU6410;2021-12-18 11:36:00;Rua Tenente Benévolo;RUA ILDEFONSO ALBANO;;ALDEOTA;LBU6410;Colisão;Não informado;Não informado;Não informado;Cruz;Não informado;Longo da via;0;1;0;0;2;0;0;0;0;0;0;0;0;(-38.5113245 -3.7273055);
LHG4385;2021-12-18 12:21:00;Rua Padre Pedro de Alencar;;;MESSEJANA;LHG4385;Colisão;Não informado;Não informado;Não informado;Meio de quadra;Não informado;Longo da via;0;1;0;1;1;0;0;0;0;0;0;0;0;(-38.49407341375824 -3.834777912342453);
NZF3741;2021-12-18 12:31:00;Rua José Dantas Pereira;;;CANINDEZINHO;NZF3741;Queda;Não informado;Não informado;Não informado;Meio de quadra;Não informado;Longo da via;0;1;0;1;0;0;0;0;0;0;0;0;0;(-38.607706 -3.8224972);
GHE3077;2021-12-18 12:44:00;Avenida Augusto dos Anjos;;;BONSUCESSO;GHE3077;Colisão;Não informado;Não informado;Não informado;Meio de quadra;Não informado;Longo da via;0;1;0;0;0;0;0;0;0;0;0;0;0;(-38.5838275787026 -3.785688075136983);
GSN3930;2021-12-18 13:58:00;Rua Ildefonso Albano;AV SORIANO ALBUQUERQUE;;JOAQUIM TVORA;GSN3930;Colisão;Não informado;Não informado;Não informado;Cruz;Não informado;Longo da via;0;1;0;1;1;0;0;0;0;0;0;0;0;(-38.51797357589718 -3.747827094197538);
JTI0157;2021-12-18 14:54:00;Rua Iná Brito;;;PARQUE PRESIDENTE VARGAS;JTI0157;Queda;Não informado;Não informado;Não informado;Meio de quadra;Não informado;Longo da via;0;1;0;1;0;0;0;0;0;0;0;0;0;(-38.59647647215998 -3.824269148550047);
JNB5967;2021-12-18 15:32:00;Avenida Doutor Silas Munguba;;;SERRINHA;JNB5967;Colisão;Não informado;Não informado;Não informado;Meio de quadra;Não informado;Longo da via;0;1;0;0;0;0;0;0;0;0;0;0;0;(-38.54689315537237 -3.788107079773694);
OZE8913;2021-12-18 15:35:00;Avenida Godofredo Maciel;;;PLANALTO AYRTON SENNA;OZE8913;Colisão;Não informado;Não informado;Não informado;Meio de quadra;Não informado;Longo da via;0;1;0;1;1;0;0;0;0;0;0;0;0;(-38.58132734649531 -3.832238943941949);
FMH0970;2021-12-18 15:48:00;BR-116;;;AEROLANDIA;FMH0970;Colisão;Não informado;Não informado;Não informado;Meio de quadra;Não informado;Longo da via;0;1;0;1;1;0;0;0;0;0;0;0;0;(-38.5180334 -3.7660801);
JLR4113;2021-12-18 18:10:00;Avenida Bernardo Manuel;;;ITAPERI;JLR4113;Colisão;Não informado;Não informado;Não informado;Meio de quadra;Não informado;Longo da via;0;1;0;1;1;0;0;0;0;0;0;0;0;(-38.54930178024065 -3.79196636632702);
TUT6272;2021-12-18 19:03:00;Rua Tenente Francisco Paiva;;;GRANJA LISBOA;TUT6272;Colisão;Não informado;Não informado;Não informado;Meio de quadra;Não informado;Longo da via;0;1;0;1;1;0;0;0;0;0;0;0;0;(-38.61515537010983 -3.793631046332628);
XDT7763;2021-12-18 19:32:00;Rua Olímpio Ribeiro;;;CONJUNTO PALMEIRAS;XDT7763;Queda;Não informado;Não informado;Não informado;Meio de quadra;Não informado;Longo da via;0;1;0;0;0;0;0;0;0;1;0;0;0;(-38.52359012087062 -3.848809885717738);
OZG2929;2021-12-18 19:51:00;Avenida Odilon Guimarães;;;LAGOA REDONDA;OZG2929;Colisão;Não informado;Não informado;Não informado;Meio de quadra;Não informado;Longo da via;0;1;0;1;1;0;0;0;0;0;0;0;0;(-38.46278981020514 -3.811401706704363);
WTW5397;2021-12-18 21:40:00;Rua Olavo Bilac;;;MONTE CASTELO;WTW5397;Colisão;Não informado;Não informado;Não informado;Meio de quadra;Não informado;Longo da via;0;1;0;0;2;0;0;0;0;0;0;0;0;(-38.56465473385129 -3.731050801727394);
WBE8366;2021-12-18 23:55:00;Avenida Godofredo Maciel;;;MONDUBIM;WBE8366;Colisão;Não informado;Não informado;Não informado;Meio de quadra;Não informado;Longo da via;0;1;0;1;1;0;0;0;0;0;0;0;0;(-38.57774757475333 -3.821214804505246);
HOG4987;2021-12-19 00:07:00;Rua Almírante Rufino;;;VILA UNIAO;HOG4987;Colisão;Não informado;Não informado;Não informado;Meio de quadra;Não informado;Longo da via;0;1;0;0;0;0;0;0;0;0;0;0;0;(-38.53228047620225 -3.768515984197953);
KEB3404;2021-12-19 00:35:00;Rua 202;;;CONJUNTO CEARA I;KEB3404;Queda;Não informado;Não informado;Não informado;Meio de quadra;Não informado;Longo da via;0;1;0;0;0;0;0;0;0;1;0;0;0;(-38.60910431314041 -3.765411343791478);
LVW0792;2021-12-19 01:23:00;Avenida Rogaciano Leite;;;ENGENHEIRO LUCIANO CAVALCANTE;LVW0792;Outros;Não informado;Não informado;Não informado;Meio de quadra;Não informado;Longo da via;0;1;0;1;0;0;0;0;0;0;0;0;0;(-38.4985053 -3.7722163);
KHH2078;2021-12-19 01:26:00;Rua Engenheiro Luiz Montenegro;;;SIQUEIRA;KHH2078;Colisão;Não informado;Não informado;Não informado;Meio de quadra;Não informado;Longo da via;0;1;0;1;1;0;0;0;0;0;0;0;0;(-38.61396983607102 -3.81557133563948);
DFA6578;2021-12-19 02:32:00;Rua Carlos Chagas;;;BONSUCESSO;DFA6578;Queda;Não informado;Não informado;Não informado;Meio de quadra;Não informado;Longo da via;0;1;0;0;0;0;0;0;0;1;0;0;0;(-38.58587101044318 -3.779992351786943);
WZI6658;2021-12-19 02:35:00;Avenida Senador Fernandes Távora;;;HENRIQUE JORGE;WZI6658;Colisão;Não informado;Não informado;Não informado;Meio de quadra;Não informado;Longo da via;0;1;0;1;1;0;0;0;0;0;0;0;0;(-38.58186379791601 -3.762279928028249);
KDW2105;2021-12-19 03:19:00;Rua Urucutuba;;;BOM JARDIM;KDW2105;Capotamento;Não informado;Não informado;Não informado;Meio de quadra;Não informado;Longo da via;0;1;0;0;0;0;0;0;0;0;0;0;0;(-38.611752 -3.7981603);
ABY9433;2021-12-19 03:22:00;Rua Coronel João Correia;;;BOM JARDIM;ABY9433;Colisão;Não informado;Não informado;Não informado;Meio de quadra;Não informado;Longo da via;0;1;0;1;1;0;0;0;0;0;0;0;0;(-38.59942153930038 -3.793518640388183);
XLV8921;2021-12-19 04:08:00;Avenida Aguanambi;;;FATIMA;XLV8921;Colisão;Não informado;Não informado;Não informado;Meio de quadra;Não informado;Longo da via;0;2;0;1;1;0;0;0;0;0;0;0;0;(-38.52425530213812 -3.74840521214217);
KZX5143;2021-12-19 04:28:00;Avenida Alberto Craveiro;;;DIAS MACEDO;KZX5143;Atropelamento;Não informado;Não informado;Não informado;Meio de quadra;Não informado;Longo da via;0;1;0;0;1;0;0;0;0;0;0;0;0;(-38.51728156597134 -3.789798530646335);
EQG5145;2021-12-19 04:32:00;Avenida Governador Raul Barbosa;;;AEROLANDIA;EQG5145;Colisão;Não informado;Não informado;Não informado;Meio de quadra;Não informado;Longo da via;0;2;0;1;1;0;0;0;0;0;0;0;0;(-38.51290258156403 -3.774721802634256);
TJJ1362;2021-12-19 05:15:00;Avenida H;;;CONJUNTO CEARA II;TJJ1362;Queda;Não informado;Não informado;Não informado;Meio de quadra;Não informado;Longo da via;0;2;0;1;0;0;0;0;0;0;0;0;0;(-38.62036421579432 -3.777005513256232);
WPO3795;2021-12-19 08:16:00;Avenida José Moreira Rebouças;;;VILA VELHA;WPO3795;Queda;Não informado;Não informado;Não informado;Meio de quadra;Não informado;Longo da via;0;1;0;1;0;0;0;0;0;0;0;0;0;(-38.59203473450049 -3.702839786266313);
PNY8514;2021-12-19 09:52:00;Avenida Castelo de Castro;;;JANGURUSSU;PNY8514;Colisão;Não informado;Não informado;Não informado;Meio de quadra;Não informado;Longo da via;0;2;0;1;1;0;0;0;0;0;0;0;0;(-38.52169111712266 -3.845662716109786);
KAM2290;2021-12-19 11:18:00;Rua Padre Pedro de Alencar;;;MESSEJANA;KAM2290;Colisão;Não informado;Não informado;Não informado;Meio de quadra;Não informado;Longo da via;0;1;0;1;1;0;0;0;0;0;0;0;0;(-38.49442377535112 -3.843944613511556);
RIS9853;2021-12-19 13:35:00;Rua José Cavalcante Sobrinho;;;COACU;RIS9853;Atropelamento;Não informado;Não informado;Não informado;Meio de quadra;Não informado;Longo da via;0;1;0;0;1;0;0;0;0;0;0;0;0;(-38.48668291943041 -3.836531576650149);
SEQ2744;2021-12-19 13:50:00;Avenida Aguanambi;;;FATIMA;SEQ2744;Colisão;Não informado;Não informado;Não informado;Meio de quadra;Não informado;Longo da via;0;1;0;1;1;0;0;0;0;0;0;0;0;(-38.52549449818518 -3.744315554771097);
VDS5611;2021-12-19 14:12:00;Rua Paranaí;;;PLANALTO AYRTON SENNA;VDS5611;Colisão;Não informado;Não informado;Não informado;Meio de quadra;Não informado;Longo da via;0;1;0;0;0;0;0;0;0;0;0;0;0;(-38.5685975925975 -3.832715309482678);
SYG5138;2021-12-19 14:35:00;Rua D;;;PREFEITO JOSE VALTER;SYG5138;Colisão;Não informado;Não informado;Não informado;Meio de quadra;Não informado;Longo da via;0;1;0;0;0;0;0;0;0;0;0;0;0;(-38.55196252313859 -3.837618112432442);
TFQ6598;2021-12-19 16:09:00;Rua Fausto Cabral;;;PAPICU;TFQ6598;Colisão;Não informado;Não informado;Não informado;Meio de quadra;Não informado;Longo da via;0;1;0;2;0;0;0;0;0;0;0;0;0;(-38.47668901215958 -3.733630967142163);
NGH2708;2021-12-19 19:10:00;Rodovia Br116;;;CIDADE DOS FUNCIONRAIOS;NGH2708;Queda;Não informado;Não informado;Não informado;Rotatória;Não informado;Longo da via;0;1;0;1;0;0;0;0;0;0;0;0;0;(-38.50606990718919 -3.798491251273227);
RSL3255;2021-12-19 20:25:00;Rua Francisco Neiva;;;EDSON QUEIROZ;RSL3255;Queda;Não informado;Não informado;Não informado;Meio de quadra;Não informado;Longo da via;0;1;0;0;0;0;0;0;0;1;0;0;0;(-38.45917418987271 -3.783824910888915);
QLO6073;2021-12-19 20:38:00;Avenida Almirante Maximiniano da Fonseca;;;ENGENHEIRO LUCIANO CAVALCANTE;QLO6073;Colisão;Não informado;Não informado;Não informado;Meio de quadra;Não informado;Longo da via;0;2;0;2;0;0;0;0;0;0;0;0;0;(-38.48653808506974 -3.770956866116713);
NUP8914;2021-12-19 21:11:00;Rua Gáspar Lemos;;;PICI;NUP8914;Colisão;Não informado;Não informado;Não informado;Meio de quadra;Não informado;Longo da via;0;1;0;0;0;0;0;0;0;0;0;0;0;(-38.56994943063259 -3.751467089697667);
DRV9584;2021-12-19 21:17:00;Rua Santa Catarina;RUA PIAUI;;PAN AMERICANO;DRV9584;Colisão;Não informado;Não informado;Não informado;Cruz;Não informado;Longo da via;0;1;0;0;0;0;0;0;0;0;0;0;0;(-38.56712237388607 -3.756643351300156);
III0329;2021-12-19 21:19:00;Avenida Monte Pascoal;;;CANINDEZINHO;III0329;Colisão;Não informado;Não informado;Não informado;Meio de quadra;Não informado;Longo da via;0;1;0;1;1;0;0;0;0;0;0;0;0;(-38.59573082438746 -3.806718209790892);
EIJ4638;2021-12-19 21:19:00;Rua Doutor Pergentino Maia;;;MESSEJANA;EIJ4638;Colisão;Não informado;Não informado;Não informado;Meio de quadra;Não informado;Longo da via;0;1;0;0;0;0;0;0;0;0;0;0;0;(-38.48751977286545 -3.831607357759817);
LGC3315;2021-12-19 21:40:00;Rua Umarizeira;;;PARQUE SANTA ROSA;LGC3315;Queda;Não informado;Não informado;Não informado;Meio de quadra;Não informado;Longo da via;0;1;0;1;0;0;0;0;0;0;0;0;0;(-38.5978497580149 -3.821389513177575);
QBB3127;2021-12-19 22:50:00;Avenida Sargento Hermínio Sampaio;;;PADRE ANDRADE;QBB3127;Atropelamento;Não informado;Não informado;Não informado;Meio de quadra;Não informado;Longo da via;0;1;0;1;0;0;0;0;0;0;0;0;0;(-38.57691243679043 -3.730617204720963);
LIY4912;2021-12-19 23:34:00;Rua Santa Inês;;;CRISTO REDENTOR;LIY4912;Atropelamento;Não informado;Não informado;Não informado;Meio de quadra;Não informado;Longo da via;0;1;0;1;0;0;0;0;0;0;0;0;0;(-38.5619242549264 -3.707009934330904);
BMX0336;2021-12-19 23:43:00;Avenida Sargento Hermínio Sampaio;;;VILA ELLERY;BMX0336;Colisão;Não informado;Não informado;Não informado;Meio de quadra;Não informado;Longo da via;0;2;0;1;1;0;0;0;0;0;0;0;0;(-38.56550231987566 -3.727228717044084);
URS1844;2021-12-20 01:00:00;Rua Juvêncio Sales;RUA MIGUEL ARAGAO;;PARQUE PRESIDENTE VARGAS;URS1844;Colisão;Não informado;Não informado;Não informado;Cruz;Não informado;Longo da via;0;1;0;0;0;0;0;0;0;0;0;0;0;(-38.59061852720232 -3.831275507206064);
OJK3900;2021-12-20 01:25:00;Rua Sol Nascente;;;VICENTE PINZON;OJK3900;Atropelamento;Não informado;Não informado;Não informado;Meio de quadra;Não informado;Longo da via;0;1;0;1;0;0;0;0;0;0;0;0;0;(-38.47498849868148 -3.724156048685609);
PGW1346;2021-12-20 02:10:00;Rua Desembargador Praxedes;;;MONTESE;PGW1346;Choque c/ Obstáculo Fixo;Não informado;Não informado;Não informado;Meio de quadra;Não informado;Longo da via;0;1;0;0;1;0;0;0;0;0;0;0;0;(-38.54583636103268 -3.762172870880065);
MPK4185;2021-12-20 02:33:00;Avenida Oscar Araripe;RUA TRES CORACOES;;BOM JARDIM;MPK4185;Colisão;Não informado;Não informado;Não informado;Cruz;Não informado;Longo da via;0;1;0;2;0;0;0;0;0;0;0;0;0;(-38.61003771577857 -3.787785917842079);
SIK5362;2021-12-20 09:12:00;Avenida E;;;CONJUNTO CEARA I;SIK5362;Queda;Não informado;Não informado;Não informado;Meio de quadra;Não informado;Longo da via;0;1;0;1;0;0;0;0;0;0;0;0;0;(-38.60460892778193 -3.759806904548407);
QJY1280;2021-12-20 10:43:00;Rua João Cordeiro;;;JOAQUIM TVORA;QJY1280;Colisão;Não informado;Não informado;Não informado;Meio de quadra;Não informado;Longo da via;0;2;0;2;0;0;0;0;0;0;0;0;0;(-38.51830079695218 -3.741430300707351);
BFM9615;2021-12-20 10:59:00;Avenida Washington Soares;;;SAPIRANGA / COITE;BFM9615;Atropelamento;Não informado;Não informado;Não informado;Meio de quadra;Não informado;Longo da via;0;1;0;0;0;0;0;1;0;0;0;0;0;(-38.48115755525416 -3.782224444833125);
PHY1871;2021-12-20 11:09:00;Rua Possidônio de Souza Campos;;;SIQUEIRA;PHY1871;Atropelamento;Não informado;Não informado;Não informado;Meio de quadra;Não informado;Longo da via;0;1;0;1;0;0;0;0;0;0;0;0;0;(-38.6226709225845 -3.814425894019045);
JVR8402;2021-12-20 12:39:00;Avenida Mister Hull;;;ANTONIO BEZERRA;JVR8402;Atropelamento;Não informado;Não informado;Não informado;Meio de quadra;Não informado;Longo da via;0;1;0;1;0;0;0;0;0;0;0;0;0;(-38.58695462687302 -3.739112455217025);
RUE7450;2021-12-20 14:15:00;Rua 8 de Setembro;;;VARJOTA;RUE7450;Colisão;Não informado;Não informado;Não informado;Meio de quadra;Não informado;Longo da via;0;1;0;1;1;0;0;0;0;0;0;0;0;(-38.48715499525437 -3.73237300362333);
DUS3639;2021-12-20 14:02:00;Rua Manuel Queirós;;;CIDADE 2000;DUS3639;Colisão;Não informado;Não informado;Não informado;Meio de quadra;Não informado;Longo da via;0;1;0;1;1;0;0;0;0;0;0;0;0;(-38.46741230681916 -3.748706900564828);
AVJ9741;2021-12-20 14:27:00;Rua Ávila Goulart;;;PAPICU;AVJ9741;Colisão;Não informado;Não informado;Não informado;Meio de quadra;Não informado;Longo da via;0;1;0;1;1;0;0;0;0;0;0;0;0;(-38.4791629 -3.734527);
FDE2698;2021-12-20 17:10:00;BR-116;;;CAJAZEIRAS;FDE2698;Colisão;Não informado;Não informado;Não informado;Meio de quadra;Não informado;Longo da via;0;2;0;1;1;0;0;0;0;0;0;0;0;(-38.5054894 -3.7996206);
LGM1501;2021-12-20 17:42:00;Avenida Doutor Silas Munguba;;;SERRINHA;LGM1501;Colisão;Não informado;Não informado;Não informado;Meio de quadra;Não informado;Longo da via;0;1;0;0;0;0;0;0;0;0;0;0;0;(-38.53810623371344 -3.791200933608628);
STN5264;2021-12-20 18:01:00;Avenida Doutor Theberge;;;PIRAMBU;STN5264;Queda;Não informado;Não informado;Não informado;Cruz;Não informado;Longo da via;0;1;0;0;0;0;0;0;0;1;0;0;0;(-38.5656721 -3.7167503);
KUO8213;2021-12-20 19:30:00;Rua Dez;;;JARDIM CEARENSE;KUO8213;Colisão;Não informado;Não informado;Não informado;Meio de quadra;Não informado;Longo da via;0;1;0;1;1;0;0;0;0;0;0;0;0;(-38.5638723 -3.8003134);
SVK3064;2021-12-20 20:16:00;Rua H;;;MONDUBIM;SVK3064;Colisão;Não informado;Não informado;Não informado;Meio de quadra;Não informado;Longo da via;0;1;0;2;0;0;0;0;0;0;0;0;0;(-38.58064074250789 -3.822727634906624);
AHK8464;2021-12-20 20:23:00;Avenida Jornalista Tomaz Coelho;;;BARROSO;AHK8464;Colisão;Não informado;Não informado;Não informado;Meio de quadra;Não informado;Longo da via;0;1;0;1;1;0;0;0;0;0;0;0;0;(-38.51597264351508 -3.828010519090108);
KXR2263;2021-12-20 20:27:00;Avenida Sargento Hermínio Sampaio;;;MONTE CASTELO;KXR2263;Colisão;Não informado;Não informado;Não informado;Meio de quadra;Não informado;Longo da via;0;2;0;1;1;0;0;0;0;0;0;0;0;(-38.56146127480336 -3.72654544739752);
QHW8393;2021-12-20 20:35:00;Rua José Rangel;;;PAPICU;QHW8393;Colisão;Não informado;Não informado;Não informado;Meio de quadra;Não informado;Longo da via;0;2;0;2;0;0;0;0;0;0;0;0;0;(-38.47120659687231 -3.738662803188067);
HCL6314;2021-12-20 20:39:00;Avenida General Osório de Paiva;RUA ANSELMO NOGUEIRA;;SIQUEIRA;HCL6314;Colisão;Não informado;Não informado;Não informado;Cruz;Não informado;Longo da via;0;1;0;0;1;0;0;0;0;1;0;0;0;(-38.58820454002723 -3.790376620692566);
RIM3160;2021-12-20 22:31:00;Rua Azevedo Bolão;;;PARQUELANDIA;RIM3160;Colisão;Não informado;Não informado;Não informado;Meio de quadra;Não informado;Longo da via;0;2;0;2;0;0;0;0;0;0;0;0;0;(-38.5569889861166 -3.736532305916727);
XTR8172;2021-12-20 23:13:00;Rua Nossa Senhora das Graças;;;PIRAMBU;XTR8172;Colisão;Não informado;Não informado;Não informado;Meio de quadra;Não informado;Longo da via;0;1;0;1;1;0;0;0;0;0;0;0;0;(-38.55138317349788 -3.710821400342843);
JBI3322;2021-12-20 23:24:00;Avenida Washington Soares;;;PARQUE MANIBURA;JBI3322;Queda;Não informado;Não informado;Não informado;Meio de quadra;Não informado;Longo da via;0;1;0;1;0;0;0;0;0;0;0;0;0;(-38.48026708320787 -3.791629147800335);
WVZ6922;2021-12-21 02:22:00;Avenida Almirante Henrique Sabóia;;;DIONISIO TORRES;WVZ6922;Queda;Não informado;Não informado;Não informado;Meio de quadra;Não informado;Longo da via;0;1;0;1;0;0;0;0;0;0;0;0;0;(-38.48820105137488 -3.74124294621878);
PIG9699;2021-12-10 19:31:00;Avenida Sargento Hermínio Sampaio;;;MONTE CASTELO;PIG9699;Queda;Não informado;Não informado;Não informado;Não informado;Não informado;Longo da via;0;1;0;0;0;0;0;0;0;1;0;0;0;(-38.5536455 -3.7251204);
WSI0486;2021-12-21 03:23:00;Avenida Presidente Costa e Silva;;;MONDUBIM;WSI0486;Queda;Não informado;Não informado;Não informado;Meio de quadra;Não informado;Longo da via;0;1;0;1;0;0;0;0;0;0;0;0;0;(-38.57094720370672 -3.813093111894123);
WUP6400;2021-12-21 10:16:00;Rua Teodomiro de Castro;;;ALVARO WEYNE;WUP6400;Colisão;Não informado;Não informado;Não informado;Meio de quadra;Não informado;Longo da via;0;1;0;1;1;0;0;0;0;0;0;0;0;(-38.5764886538651 -3.716977525596944);
BGW1288;2021-12-21 11:15:00;Rua Alcídes Santos;;;PARANGABA;BGW1288;Colisão;Não informado;Não informado;Não informado;Meio de quadra;Não informado;Longo da via;0;1;0;1;1;0;0;0;0;0;0;0;0;(-38.55610922836249 -3.778563166891298);
INV9043;2021-12-21 12:47:00;Avenida General Osório de Paiva;;;SIQUEIRA;INV9043;Colisão;Não informado;Não informado;Não informado;Meio de quadra;Não informado;Longo da via;0;1;0;1;1;0;0;0;0;0;0;0;0;(-38.60492542445785 -3.807585327713322);
WNM8582;2021-12-21 13:20:00;Avenida General Osório de Paiva;;;VILA PERY;WNM8582;Colisão;Não informado;Não informado;Não informado;Meio de quadra;Não informado;Longo da via;0;1;0;1;1;0;0;0;0;0;0;0;0;(-38.58490542270433 -3.787384465259954);
VGS8942;2021-12-21 14:49:00;Avenida Beira Mar;;;MEIRELES;VGS8942;Queda;Não informado;Não informado;Não informado;Meio de quadra;Não informado;Longo da via;0;1;0;0;0;0;0;0;0;1;0;0;0;(-38.49775512562871 -3.725499673277485);
FSN6924;2021-12-21 16:20:00;Rua Érico Mota;RUA DOM MANUEL DE MEDEIROS;;PARQUELANDIA;FSN6924;Colisão;Não informado;Não informado;Não informado;Cruz;Não informado;Longo da via;0;1;0;1;1;0;0;0;0;0;0;0;0;(-38.5622865 -3.7387289);
MXW5573;2021-12-21 16:33:00;Rua A;;;PREFEITO JOSE VALTER;MXW5573;Colisão;Não informado;Não informado;Não informado;Meio de quadra;Não informado;Longo da via;0;3;0;1;1;0;0;0;0;0;0;0;0;(-38.55265454338588 -3.834711759929643);
WGZ7235;2021-12-10 19:24:00;Rua Monte Líbano;;;MONDUBIM;WGZ7235;Colisão;Não informado;Não informado;Não informado;Não informado;Não informado;Longo da via;0;1;0;2;0;0;0;0;0;0;0;0;0;(-38.5610516 -3.8236794);
WUS2319;2021-12-21 16:42:00;Avenida José Leon;;;JARDIM DAS OLIVEIRAS;WUS2319;Atropelamento;Não informado;Não informado;Não informado;Meio de quadra;Não informado;Longo da via;0;1;0;0;1;0;0;0;0;0;0;0;0;(-38.50191786780788 -3.7878019759415);
ULS4729;2021-12-10 18:29:00;Rua Padre Pedro de Alencar;;;MESSEJANA;ULS4729;Colisão;Não informado;Não informado;Não informado;Não informado;Não informado;Longo da via;0;1;0;1;1;0;0;0;0;0;0;0;0;(-38.4942828 -3.8439263);
XMN3591;2021-12-10 17:54:00;AV DES MOREIRA;RUA ISAC AMARAL;;DIONISIO TORRES;XMN3591;Colisão;Não informado;Não informado;Não informado;Cruz;Não informado;Cruzamento;0;2;0;1;1;0;0;0;0;0;0;0;0;(-38.50376939342632 -3.753121559663107);
KCL5732;2021-12-21 16:57:00;Avenida Doutor Theberge;;;ALVARO WEYNE;KCL5732;Colisão;Não informado;Não informado;Não informado;Meio de quadra;Não informado;Longo da via;0;1;0;2;0;0;0;0;0;0;0;0;0;(-38.56416658142827 -3.71225604902105);
ARM9329;2021-12-10 17:23:00;Rua Tereza Cristina;;;CENTRO;ARM9329;Atropelamento;Não informado;Não informado;Não informado;Não informado;Não informado;Longo da via;0;1;0;0;1;0;0;0;0;0;0;0;0;(-38.5349712 -3.7215447);
JBE9847;2021-12-21 17:13:00;Avenida Godofredo Maciel;;;MARAPONGA;JBE9847;Colisão;Não informado;Não informado;Não informado;Meio de quadra;Não informado;Longo da via;0;1;0;1;1;0;0;0;0;0;0;0;0;(-38.57252971030962 -3.804710989028175);