COD_ACIDENTE;DATA;LOG1;LOG2;NUMERO;BAIRRO;AMC;NATUREZA;ILUMINACAO;TEMPO;SUPERFICIEPISTA;TIPOCRUZAMENTO;CONTROLETRAFEGO;USOSOLO;MORTOS;FERIDOS;ILESOS;MOTOCICLETA;AUTOMOVEL;MICROONIBUS;CAMINHAO;ONIBUS;CICLOMOTOR;BICICLETA;OUTROS;TREM;TRACAOANIMAL;COORDENADAS
CXF4386;2021-12-10 15:18:00;AV MONS TABOSA;;;MEIRELES;CXF4386;Colisão;Não informado;Não informado;Não informado;Não informado;Não informado;Longo da via;0;2;0;0;0;0;0;0;0;0;1;0;0;(-38.5091718 -3.7242136);
UNO4289;2021-12-21 18:07:00;Rua Mario Mamede;;;FATIMA;UNO4289;Colisão;Não informado;Não informado;Não informado;Meio de quadra;Não informado;Longo da via;0;1;0;1;1;0;0;0;0;0;0;0;0;(-38.52710382171749 -3.75298196571042);
WFU1213;2021-12-21 18:58:00;Avenida Ministro José Américo;RUA FAUSTO AGUIAR;;CAMBEBA;WFU1213;Colisão;Não informado;Não informado;Não informado;Cruz;Não informado;Longo da via;0;1;0;1;1;0;0;0;0;0;0;0;0;(-38.49325434699907 -3.810229496725679);
PFW1796;2021-12-21 19:18:00;Rua Monsenhor Salazar;;;SAO JOAO DO TAUAPE;PFW1796;Colisão;Não informado;Não informado;Não informado;Meio de quadra;Não informado;Longo da via;0;1;0;1;1;0;0;0;0;0;0;0;0;(-38.5129046 -3.7560151);
QEZ3020;2021-12-21 21:19:00;Avenida Mister Hull;;;PRESIDENTE KENNEDY;QEZ3020;Colisão;Não informado;Não informado;Não informado;Meio de quadra;Não informado;Longo da via;0;1;0;2;0;0;0;0;0;0;0;0;0;(-38.57608095340327 -3.737281727657474);
JYW2925;2021-12-21 22:22:00;Rua Vitória;;;HENRIQUE JORGE;JYW2925;Colisão;Não informado;Não informado;Não informado;Meio de quadra;Não informado;Longo da via;0;1;0;1;1;0;0;0;0;0;0;0;0;(-38.58600513356115 -3.760427837510393);
QDG2644;2021-12-21 22:26:00;Rua Leitão Cerqueira;;;PLANALTO AYRTON SENNA;QDG2644;Colisão;Não informado;Não informado;Não informado;Meio de quadra;Não informado;Longo da via;0;1;0;1;1;0;0;0;0;0;0;0;0;(-38.56408611891109 -3.829311163389383);
MXP3537;2021-12-21 23:27:00;Rua Gontran Giffoni;;;GUARARAPES;MXP3537;Queda;Não informado;Não informado;Não informado;Meio de quadra;Não informado;Longo da via;0;1;0;1;0;0;0;0;0;0;0;0;0;(-38.48811521552567 -3.769864893473703);
MLW9126;2021-12-21 23:36:00;Avenida José Leon;;;PARQUE MANIBURA;MLW9126;Atropelamento;Não informado;Não informado;Não informado;Meio de quadra;Não informado;Longo da via;0;1;0;0;1;0;0;0;0;0;0;0;0;(-38.48664249999999 -3.7915636);
BIV8091;2021-12-21 23:50:00;Avenida Augusto dos Anjos;;;PARANGABA;BIV8091;Colisão;Não informado;Não informado;Não informado;Meio de quadra;Não informado;Longo da via;0;1;0;1;1;0;0;0;0;0;0;0;0;(-38.57507242146705 -3.775560265115169);
SDV4147;2021-12-22 01:16:00;Avenida Presidente Costa e Silva;;;PREFEITO JOSE VALTER;SDV4147;Queda;Não informado;Não informado;Não informado;Meio de quadra;Não informado;Longo da via;0;1;0;1;0;0;0;0;0;0;0;0;0;(-38.5443558 -3.8244455);
MZV0482;2021-12-10 15:17:00;Avenida L;;;PREFEITO JOSE VALTER;MZV0482;Colisão;Não informado;Não informado;Não informado;Não informado;Não informado;Longo da via;0;1;0;2;0;0;0;0;0;0;0;0;0;(-38.55649280000001 -3.8281803);
XFU9126;2021-12-10 13:43:00;AV VAL PARAISO;;;JANGURUSSU;XFU9126;Colisão;Não informado;Não informado;Não informado;Não informado;Não informado;Longo da via;0;1;0;0;0;0;0;0;0;0;1;0;0;(-38.5183313 -3.8463907);
SBY2556;2021-12-10 11:57:00;Avenida Mister Hull;;;PRESIDENTE KENNEDY;SBY2556;Colisão;Não informado;Não informado;Não informado;Não informado;Não informado;Longo da via;0;2;0;0;0;0;0;0;0;0;1;0;0;(-38.5918266 -3.7396339);
JXL4600;2021-12-22 01:27:00;Rua Cecília Meireles;;;PREFEITO JOSE VALTER;JXL4600;Queda;Não informado;Não informado;Não informado;Meio de quadra;Não informado;Longo da via;0;1;0;1;0;0;0;0;0;0;0;0;0;(-38.55606630105474 -3.84620865452815);
ZSB5018;2021-12-10 11:53:00;AV C;;;CONJUNTO ESPERANCA;ZSB5018;Colisão;Não informado;Não informado;Não informado;Não informado;Não informado;Longo da via;0;1;0;1;1;0;0;0;0;0;0;0;0;(-38.588256 -3.8159768);
CMV0043;2021-12-10 11:42:00;RUA CANDIDO MAIA;;;ANTONIO BEZERRA;CMV0043;Atropelamento;Não informado;Não informado;Não informado;Não informado;Não informado;Longo da via;0;1;0;0;1;0;0;0;0;0;0;0;0;(-38.5901092 -3.7371858);
KNG5577;2021-12-10 11:28:00;Avenida Pasteur;;;ALVARO WEYNE;KNG5577;Atropelamento;Não informado;Não informado;Não informado;Não informado;Não informado;Longo da via;0;1;0;0;1;0;0;0;0;0;0;0;0;(-43.1756964 -22.9509317);
GUN0711;2021-12-10 10:54:00;Rua Tulipa;AV FRANCISCO SA;;BARRA DO CEARA;GUN0711;Colisão;Não informado;Não informado;Não informado;T;Não informado;Cruzamento;0;0;0;1;1;0;0;0;0;0;0;0;0;(-38.5780008 -3.7103363);
QMU8157;2021-12-10 10:41:00;RUA MARECHAL DEODORO;;;BENFICA;QMU8157;Colisão;Não informado;Não informado;Não informado;Não informado;Não informado;Longo da via;0;1;0;2;0;0;0;0;0;0;0;0;0;(-38.5392497 -3.7489783);
LNF6180;2021-12-22 07:49:00;Rua Doutor Perilio Teixeira;AV GENIBAU;;GENIBAU;LNF6180;Colisão;Não informado;Não informado;Não informado;Cruz;Não informado;Longo da via;0;1;0;0;0;0;0;0;0;0;0;0;0;(-38.60206084587286 -3.760481366193305);
GJA6412;2021-12-10 10:33:00;Rua Ávila Goulart;AV ENG SANTANA JUNIOR;;PAPICU;GJA6412;Queda;Não informado;Não informado;Não informado;Cruz;Não informado;Cruzamento;0;1;0;0;0;0;0;0;0;1;0;0;0;(-38.4791629 -3.734527);
PLT9030;2021-12-22 08:06:00;Avenida Bernardo Manuel;;;PARQUE DOIS IRMAOS;PLT9030;Queda;Não informado;Não informado;Não informado;Meio de quadra;Não informado;Longo da via;0;1;0;1;0;0;0;0;0;0;0;0;0;(-38.54571834453976 -3.77994952980182);
TMC5551;2021-12-10 10:29:00;Rua Geraldo Barbosa;RUA ARI MAIA;;GRANJA LISBOA;TMC5551;Queda;Não informado;Não informado;Não informado;Não informado;Não informado;Cruzamento;0;1;0;1;0;0;0;0;0;0;0;0;0;(-38.6220392 -3.7856194);
ADX7248;2021-12-22 09:18:00;Avenida Imperador;;;CENTRO;ADX7248;Atropelamento;Não informado;Não informado;Não informado;Meio de quadra;Não informado;Longo da via;0;1;0;1;0;0;0;0;0;0;0;0;0;(-38.5350007 -3.7291837);
SEP3674;2021-12-22 09:45:00;Avenida Vicente de Castro;;;CAIS DO PORTO;SEP3674;Colisão;Não informado;Não informado;Não informado;Meio de quadra;Não informado;Longo da via;0;1;0;0;0;0;0;0;0;0;0;0;0;(-38.4730626704976 -3.713214264563917);
AHH0565;2021-12-22 10:06:00;Rua Isaie Bóris;;;MONTESE;AHH0565;Colisão;Não informado;Não informado;Não informado;Meio de quadra;Não informado;Longo da via;0;1;0;0;1;0;0;0;0;1;0;0;0;(-38.55036392797317 -3.767766589251967);
KBG1466;2021-12-22 10:15:00;Avenida General Osório de Paiva;;;CANINDEZINHO;KBG1466;Queda;Não informado;Não informado;Não informado;Meio de quadra;Não informado;Longo da via;0;1;0;1;0;0;0;0;0;0;0;0;0;(-38.6006607020373 -3.803201555933915);
VUG2559;2021-12-22 11:29:00;Rodovia Estrada do Guarani (BR116);;;MESSEJANA;VUG2559;Colisão;Não informado;Não informado;Não informado;Meio de quadra;Não informado;Longo da via;0;1;0;1;1;0;0;0;0;0;0;0;0;(-38.5041401 -3.8259496);
ZWR0034;2021-12-22 14:34:00;Rua Hermínia Bonavides;;;VICENTE PINZON;ZWR0034;Não informado;Não informado;Não informado;Não informado;Meio de quadra;Não informado;Longo da via;0;2;0;1;1;0;0;0;0;0;0;0;0;(-38.46281127890244 -3.730986565147344);
FSB4099;2021-12-22 15:10:00;AV OLIVEIRA PAIVA;;;CAJAZEIRAS;FSB4099;Queda;Não informado;Não informado;Não informado;Cruz;Não informado;Longo da via;0;1;0;1;0;0;0;0;0;0;0;0;0;(-38.50547454405106 -3.799679535102368);
BSW7518;2021-12-22 16:40:00;Rua Júlio Braga;AV LINEU MACHADO;;JOAO XXIII;BSW7518;Colisão;Não informado;Não informado;Não informado;Cruz;Não informado;Longo da via;0;1;0;1;1;0;0;0;0;0;0;0;0;(-38.5818192 -3.7752842);
UFH7970;2021-12-22 16:40:00;Estrada Barão de Aquiraz;;;MESSEJANA;UFH7970;Colisão;Não informado;Não informado;Não informado;Meio de quadra;Não informado;Longo da via;0;1;0;1;1;0;0;0;0;0;0;0;0;(-38.4834750169186 -3.84246201129072);
UXJ4554;2021-12-22 17:16:00;Rua Santo Inácio;;;MOURA BRASIL;UXJ4554;Queda;Não informado;Não informado;Não informado;Meio de quadra;Não informado;Longo da via;0;1;0;1;0;0;0;0;0;0;0;0;0;(-38.53872850855068 -3.718203392367364);
RIR3946;2021-12-22 17:19:00;Rua Viriato Ribeiro;RUA PAPI JUNIOR;;BELA VISTA;RIR3946;Atropelamento;Não informado;Não informado;Não informado;Cruz;Não informado;Longo da via;0;1;0;0;1;0;0;0;0;0;0;0;0;(-38.5583855 -3.7531828);
APL1768;2021-12-22 17:22:00;Avenida Professor José Arthur de Carvalho;;;LAGOA REDONDA;APL1768;Colisão;Não informado;Não informado;Não informado;Meio de quadra;Não informado;Longo da via;0;1;0;1;1;0;0;0;0;0;0;0;0;(-38.47524598840113 -3.826174626861046);
JGX9816;2021-12-22 17:54:00;Avenida Carneiro de Mendonça;;;JOQUEI CLUBE;JGX9816;Colisão;Não informado;Não informado;Não informado;Meio de quadra;Não informado;Longo da via;0;1;0;0;2;0;0;0;0;0;0;0;0;(-38.57752397763088 -3.758688153526657);
PSU2662;2021-12-22 18:13:00;Avenida Carneiro de Mendonça;RUA PEDRO MUNIZ;;DEMOCRITO ROCHA;PSU2662;Queda;Não informado;Não informado;Não informado;Cruz;Não informado;Longo da via;0;1;0;1;0;0;0;0;0;0;0;0;0;(-38.56353357728582 -3.765657574297031);
OEE9268;2021-12-10 10:22:00;Rodovia Estrada do Guarani (BR116);;;;OEE9268;Colisão;Não informado;Não informado;Não informado;Não informado;Não informado;Longo da via;0;1;0;0;0;0;0;0;0;0;1;0;0;(-38.5041401 -3.8259496);
WVQ1924;2021-12-22 19:06:00;Rua Uruburetama;;;PARREAO;WVQ1924;Colisão;Não informado;Não informado;Não informado;Meio de quadra;Não informado;Longo da via;0;1;0;1;1;0;0;0;0;0;0;0;0;(-38.54300394573258 -3.759839021781425);
UGH5261;2021-12-10 09:11:00;AV DOMINGOS OLIMPIO;;;JOSE BONIFACIO;UGH5261;Queda;Não informado;Não informado;Não informado;Não informado;Não informado;Longo da via;0;1;0;0;0;0;0;0;0;1;0;0;0;(-38.5330511 -3.736185299999999);
EOK6723;2021-12-22 19:32:00;Avenida Rogaciano Leite;;;SALINAS;EOK6723;Queda;Não informado;Não informado;Não informado;Meio de quadra;Não informado;Longo da via;0;1;0;0;0;0;0;0;0;1;0;0;0;(-38.49162353999101 -3.757521225094485);
LIS1142;2021-12-22 19:48:00;Rua Livino de Carvalho;;;ITAOCA;LIS1142;Atropelamento;Não informado;Não informado;Não informado;Meio de quadra;Não informado;Longo da via;0;1;0;0;1;0;0;0;0;0;0;0;0;(-38.55583027322963 -3.771995309416517);
DBY8149;2021-12-22 21:28:00;Avenida Beira Mar;;;MEIRELES;DBY8149;Queda;Não informado;Não informado;Não informado;Meio de quadra;Não informado;Longo da via;0;1;0;0;0;0;0;0;0;1;0;0;0;(-38.4914027 -3.725483);
JNB6770;2021-12-22 21:33:00;Rua Walter de Castro;AV JOSE LEON;;CIDADE DOS FUNCIONRAIOS;JNB6770;Colisão;Não informado;Não informado;Não informado;Cruz;Não informado;Longo da via;0;1;0;1;1;0;0;0;0;0;0;0;0;(-38.4929314 -3.7899512);
JQW7195;2021-12-22 21:44:00;Avenida Pontes Vieira;AV DES MOREIRA;;DIONISIO TORRES;JQW7195;Atropelamento;Não informado;Não informado;Não informado;Cruz;Não informado;Longo da via;0;1;0;0;0;0;0;1;0;0;0;0;0;(-38.50349500365911 -3.751606265695342);
SWM0677;2021-12-22 21:45:00;Rua Professor Luíz Costa;;;VICENTE PINZON;SWM0677;Colisão;Não informado;Não informado;Não informado;Meio de quadra;Não informado;Longo da via;0;1;0;1;1;0;0;0;0;0;0;0;0;(-38.47796574224319 -3.72655958286259);
MKD7567;2021-12-22 22:02:00;Rua Luiza Miranda Coelho;;;ENGENHEIRO LUCIANO CAVALCANTE;MKD7567;Colisão;Não informado;Não informado;Não informado;Meio de quadra;Não informado;Longo da via;0;1;0;1;1;0;0;0;0;0;0;0;0;(-38.48599628518235 -3.775308684637337);
JSE4868;2021-12-22 23:07:00;Avenida Washington Soares;;;MESSEJANA;JSE4868;Atropelamento;Não informado;Não informado;Não informado;Meio de quadra;Não informado;Longo da via;0;1;0;1;0;0;0;0;0;0;0;0;0;(-38.4822017 -3.828229);
TSK8275;2021-12-22 23:42:00;Avenida Hildebrando de Melo;RUA CARNAUBAL;;JARDIM GUANABARA;TSK8275;Atropelamento;Não informado;Não informado;Não informado;T;Não informado;Longo da via;0;1;0;0;1;0;0;0;0;0;0;0;0;(-38.58895557544104 -3.722025516244191);
URO1440;2021-12-22 23:50:00;Rua Benjamim Brasil;;;MARAPONGA;URO1440;Colisão;Não informado;Não informado;Não informado;Meio de quadra;Não informado;Longo da via;0;1;0;1;1;0;0;0;0;0;0;0;0;(-38.57068434769242 -3.803747521400873);
KIC0675;2021-12-23 00:04:00;Rua 5 (Cj Pequeno Mondubim);;;MONDUBIM;KIC0675;Colisão;Não informado;Não informado;Não informado;Meio de quadra;Não informado;Longo da via;0;1;0;1;1;0;0;0;0;0;0;0;0;(-38.56087818707699 -3.824263796076912);
JOB9473;2021-12-23 01:15:00;Rua Bartolomeu de Gusmão;;;FATIMA;JOB9473;Colisão;Não informado;Não informado;Não informado;Meio de quadra;Não informado;Longo da via;0;1;0;1;1;0;0;0;0;0;0;0;0;(-38.52487221677975 -3.757392755813899);
TXV1816;2021-12-23 02:09:00;Rua Eduardo Perdigão;;;PARANGABA;TXV1816;Queda;Não informado;Não informado;Não informado;Meio de quadra;Não informado;Longo da via;0;2;0;1;0;0;0;0;0;0;0;0;0;(-38.5639655 -3.7765172);
AOP0861;2021-12-23 02:25:00;Avenida Presidente Castelo Branco;;;MOURA BRASIL;AOP0861;Queda;Não informado;Não informado;Não informado;Meio de quadra;Não informado;Longo da via;0;1;0;1;0;0;0;0;0;0;0;0;0;(-38.53570833932327 -3.718149861102923);
FGY6906;2021-12-23 03:04:00;Rua Pe Severiano;;;MESSEJANA;FGY6906;Colisão;Não informado;Não informado;Não informado;Meio de quadra;Não informado;Longo da via;0;1;0;2;0;0;0;0;0;0;0;0;0;(-38.4905238528266 -3.83509713320563);
LXZ4960;2021-12-23 04:53:00;Rua Soriano Albuquerque;;;JOAQUIM TVORA;LXZ4960;Atropelamento;Não informado;Não informado;Não informado;Meio de quadra;Não informado;Longo da via;0;1;0;0;0;0;0;0;0;0;0;0;0;(-38.51487663579174 -3.749135135685246);
RUM6288;2021-12-23 08:03:00;Rua Alberto Magno;;;MONTESE;RUM6288;Queda;Não informado;Não informado;Não informado;Meio de quadra;Não informado;Longo da via;0;1;0;1;0;0;0;0;0;0;0;0;0;(-38.55223611737208 -3.767664885602406);
LTY1402;2021-12-23 10:09:00;Rua Maria Júlia;;;GRANJA PORTUGAL;LTY1402;Colisão;Não informado;Não informado;Não informado;Meio de quadra;Não informado;Longo da via;0;1;0;1;1;0;0;0;0;0;0;0;0;(-38.59954491387771 -3.79134545592205);
AWI6258;2021-12-23 10:17:00;Avenida Godofredo Maciel;;;MONDUBIM;AWI6258;Colisão;Não informado;Não informado;Não informado;Meio de quadra;Não informado;Longo da via;0;1;0;2;0;0;0;0;0;0;0;0;0;(-38.57672468755469 -3.819360916655584);
ZQQ5896;2021-12-23 10:40:00;Avenida Alberto Craveiro;;;DIAS MACEDO;ZQQ5896;Queda;Não informado;Não informado;Não informado;Meio de quadra;Não informado;Longo da via;0;1;0;1;0;0;0;0;0;0;0;0;0;(-38.51729766016373 -3.790365915324846);
AXC4242;2021-12-23 13:34:00;Rua Visconde Sabóia;;;CENTRO;AXC4242;Colisão;Não informado;Não informado;Não informado;Meio de quadra;Não informado;Longo da via;0;2;0;1;1;0;0;0;0;0;0;0;0;(-38.52562323272354 -3.726682703590189);
BEB4211;2021-12-23 14:09:00;Avenida Doutor Silas Munguba;;;SERRINHA;BEB4211;Colisão;Não informado;Não informado;Não informado;Meio de quadra;Não informado;Longo da via;0;1;0;2;0;0;0;0;0;0;0;0;0;(-38.538539 -3.790977);
SLC3317;2021-12-23 15:05:00;Rua Carneiro da Cunha;;;JACARECANGA;SLC3317;Queda;Não informado;Não informado;Não informado;Meio de quadra;Não informado;Longo da via;0;1;0;1;0;0;0;0;0;0;0;0;0;(-38.54301468230974 -3.724364819175116);
JMC8505;2021-12-23 16:26:00;Avenida Heróis do Acre;;;PASSARE;JMC8505;Colisão;Não informado;Não informado;Não informado;Meio de quadra;Não informado;Longo da via;0;1;0;0;0;0;0;0;0;0;0;0;0;(-38.5311217597966 -3.803067740815708);
QGF0045;2021-12-23 17:28:00;Avenida Val Paraíso;;;CONJUNTO PALMEIRAS;QGF0045;Colisão;Não informado;Não informado;Não informado;Meio de quadra;Não informado;Longo da via;0;1;0;2;0;0;0;0;0;0;0;0;0;(-38.51471574453664 -3.847762753965635);
YDI0808;2021-12-10 09:01:00;Avenida da Abolição;;;MEIRELES;YDI0808;Colisão;Não informado;Não informado;Não informado;Não informado;Não informado;Longo da via;0;1;0;1;1;0;0;0;0;0;0;0;0;(-38.497502 -3.7264827);
STW5661;2021-12-10 05:31:00;RUA WALDIR DIOGO;;;MONDUBIM;STW5661;Queda;Não informado;Não informado;Não informado;Não informado;Não informado;Longo da via;0;1;0;1;0;0;0;0;0;0;0;0;0;(-38.58405691353558 -3.804537113309468);
QGF0045;2021-12-23 19:47:00;Rua Rangel Pestana;;;SAPIRANGA / COITE;QGF0045;Colisão;Não informado;Não informado;Não informado;Meio de quadra;Não informado;Longo da via;0;2;0;2;0;0;0;0;0;0;0;0;0;(-38.46453324113867 -3.789391726308124);
XWJ2665;2021-12-23 19:48:00;Rua Professor Solon Farias;RUA RANGEL PESTANA;;SAPIRANGA / COITE;XWJ2665;Colisão;Não informado;Não informado;Não informado;Cruz;Não informado;Longo da via;0;1;0;2;0;0;0;0;0;0;0;0;0;(-38.47701624353603 -3.790285625062759);
RRC6421;2021-12-23 20:42:00;Rua Creusa Rocha;;;JARDIM GUANABARA;RRC6421;Colisão;Não informado;Não informado;Não informado;Meio de quadra;Não informado;Longo da via;0;1;0;2;0;0;0;0;0;0;0;0;0;(-38.59221712400976 -3.721217197310901);
ICK1930;2021-12-10 00:57:00;Rua Júlio Azevedo;;;PAPICU;ICK1930;Colisão;Não informado;Não informado;Não informado;Não informado;Não informado;Longo da via;0;1;0;1;1;0;0;0;0;0;0;0;0;(-38.4826144 -3.7432392);
GGE5846;2021-12-10 00:39:00;Avenida Humberto Monte;;;BELA VISTA;GGE5846;Colisão;Não informado;Não informado;Não informado;Não informado;Não informado;Longo da via;0;3;0;0;0;0;0;0;0;0;1;0;0;(-38.5629547 -3.7459538);
HZJ7080;2021-12-09 23:38:00;Avenida Contôrno Leste;RUA 106 CJ NOVO MONDUBIM;;MONDUBIM;HZJ7080;Colisão;Não informado;Não informado;Não informado;Não informado;Não informado;Cruzamento;0;1;0;2;0;0;0;0;0;0;0;0;0;(-38.5870351 -3.8091244);
XFG0854;2021-12-09 22:40:00;Rua Tavares Coutinho;;;VARJOTA;XFG0854;Atropelamento;Não informado;Não informado;Não informado;Não informado;Não informado;Longo da via;0;1;0;0;1;0;0;0;0;0;0;0;0;(-38.484196 -3.732686);
DWF3367;2021-12-09 22:27:00;Avenida Lauro Viêira Chaves;;;AEROPORTO;DWF3367;Colisão;Não informado;Não informado;Não informado;Não informado;Não informado;Longo da via;0;1;0;1;1;0;0;0;0;0;0;0;0;(-38.5408938 -3.7716847);
TBK0059;2021-12-09 21:50:00;AV ALBERTO CRAVEIRO;;;CASTELAO;TBK0059;Colisão;Não informado;Não informado;Não informado;Não informado;Não informado;Longo da via;0;1;0;1;1;0;0;0;0;0;0;0;0;(-38.5172568 -3.7900893);
QGC1681;2021-12-09 21:43:00;BR 222;;;ANTONIO BEZERRA;QGC1681;Colisão;Não informado;Não informado;Não informado;Não informado;Não informado;Longo da via;0;1;0;1;1;0;0;0;0;0;0;0;0;(-38.6011134 -3.7411352);
PSG5846;2021-12-23 23:08:00;Avenida I;;;CONJUNTO CEARA I;PSG5846;Queda;Não informado;Não informado;Não informado;Meio de quadra;Não informado;Longo da via;0;1;0;1;0;0;0;0;0;0;0;0;0;(-38.59769955524838 -3.770935454901596);
LJE7645;2021-12-24 00:31:00;Avenida Bezerra de Menezes;;;PARQUELANDIA;LJE7645;Atropelamento;Não informado;Não informado;Não informado;Meio de quadra;Não informado;Longo da via;0;1;0;0;0;0;0;1;0;0;0;0;0;(-38.5548599 -3.7335861);
XVF7161;2021-12-24 01:15:00;Rua São Pedro;;;BARRA DO CEARA;XVF7161;Queda;Não informado;Não informado;Não informado;Meio de quadra;Não informado;Longo da via;0;1;0;1;0;0;0;0;0;0;0;0;0;(-38.58130053355372 -3.695992992232749);
FWA0048;2021-12-09 21:40:00;Rua Carlos Câmara;;;MONTESE;FWA0048;Colisão;Não informado;Não informado;Não informado;Não informado;Não informado;Longo da via;0;1;0;0;0;0;0;0;0;0;1;0;0;(-38.5469523 -3.7515222);
LQL3172;2021-12-24 02:45:00;Avenida Deputado Paulino Rocha;AV OLIVEIRA PAIVA;;CAJAZEIRAS;LQL3172;Queda;Não informado;Não informado;Não informado;Rotatória;Não informado;Longo da via;0;1;0;1;0;0;0;0;0;0;0;0;0;(-38.50505069215968 -3.799556424691559);
LQK3274;2021-12-24 03:36:00;Rua Raimundo Neri;;;PARQUE SAO JOSE;LQK3274;Atropelamento;Não informado;Não informado;Não informado;Meio de quadra;Não informado;Longo da via;0;1;0;1;0;0;0;0;0;0;0;0;0;(-38.5864203 -3.794134);
QUB9703;2021-12-24 11:33:00;Avenida Oliveira Paiva;;;CIDADE DOS FUNCIONRAIOS;QUB9703;Queda;Não informado;Não informado;Não informado;Meio de quadra;Não informado;Longo da via;0;1;0;1;0;0;0;0;0;0;0;0;0;(-38.492164 -3.795765);
WHG3235;2021-12-24 12:41:00;Rua Gáspar Lemos;;;PICI;WHG3235;Colisão;Não informado;Não informado;Não informado;Meio de quadra;Não informado;Longo da via;0;1;0;2;0;0;0;0;0;0;0;0;0;(-38.57057706519628 -3.75210408735169);
GHP9262;2021-12-24 13:43:00;Rua Maranhão;;;PAN AMERICANO;GHP9262;Colisão;Não informado;Não informado;Não informado;Meio de quadra;Não informado;Longo da via;0;1;0;0;1;0;0;0;0;1;0;0;0;(-38.56283083688187 -3.757564048183807);
CUU7766;2021-12-24 13:56:00;Avenida José Sabóia;;;CAIS DO PORTO;CUU7766;Colisão;Não informado;Não informado;Não informado;Meio de quadra;Não informado;Longo da via;0;1;0;1;0;0;1;0;0;0;0;0;0;(-38.46623376141952 -3.718042798564309);
VTS1259;2021-12-24 13:43:00;Avenida A;;;CONJUNTO CEARA I;VTS1259;Queda;Não informado;Não informado;Não informado;Meio de quadra;Não informado;Longo da via;0;1;0;1;0;0;0;0;0;0;0;0;0;(-38.60583201345067 -3.774628881705009);
EUM1655;2021-12-24 14:35:00;Rua Bento Albuquerque;;;MANUEL DIAS BRANCO;EUM1655;Queda;Não informado;Não informado;Não informado;Meio de quadra;Não informado;Longo da via;0;1;0;1;0;0;0;0;0;0;0;0;0;(-38.46967235314204 -3.74816432971168);
AVB1140;2021-12-24 14:53:00;Rua Vital Brasil;;;GRANJA PORTUGAL;AVB1140;Colisão;Não informado;Não informado;Não informado;Meio de quadra;Não informado;Longo da via;0;1;0;1;1;0;0;0;0;0;0;0;0;(-38.59913721904577 -3.777690667089661);
WOO5559;2021-12-24 15:30:00;Rua Artur de Souza;;;PLANALTO AYRTON SENNA;WOO5559;Colisão;Não informado;Não informado;Não informado;Meio de quadra;Não informado;Longo da via;0;1;0;1;1;0;0;0;0;0;0;0;0;(-38.57537821182644 -3.825698257680528);
ROX1814;2021-12-24 15:46:00;Rua Osvaldo Cruz;RUA PDE VALDEVINO;;ALDEOTA;ROX1814;Colisão;Não informado;Não informado;Não informado;Cruz;Não informado;Longo da via;0;1;0;1;1;0;0;0;0;0;0;0;0;(-38.5028994 -3.7435265);
VKY2499;2021-12-24 15:59:00;Rua Cônego de Castro;;;CONJUNTO ESPERANCA;VKY2499;Colisão;Não informado;Não informado;Não informado;Meio de quadra;Não informado;Longo da via;0;1;0;1;1;0;0;0;0;0;0;0;0;(-38.59837547473506 -3.813815704868944);
CRC4800;2021-12-09 21:34:00;Avenida Barão de Studart;;;ALDEOTA;CRC4800;Atropelamento;Não informado;Não informado;Não informado;Não informado;Não informado;Longo da via;0;1;0;0;1;0;0;0;0;0;0;0;0;(-38.5053034 -3.7301339);
GCV1635;2021-12-24 16:18:00;Rua Rui Monte;RUA CEL JOAQUIM FRANKLIN;;ANTONIO BEZERRA;GCV1635;Colisão;Não informado;Não informado;Não informado;Cruz;Não informado;Longo da via;0;1;0;1;1;0;0;0;0;0;0;0;0;(-38.5873355010223 -3.742281424879596);
VJV2227;2021-12-24 16:29:00;Rua Boa Vista;RUA BRI TORRES;;JOAO XXIII;VJV2227;Colisão;Não informado;Não informado;Não informado;Cruz;Não informado;Longo da via;0;1;0;1;1;0;0;0;0;0;0;0;0;(-38.58260944451564 -3.770897985273888);
CPW5988;2021-12-24 17:14:00;Rua Meton de Alencar;;;CENTRO;CPW5988;Atropelamento;Não informado;Não informado;Não informado;Meio de quadra;Não informado;Longo da via;0;1;0;0;1;0;0;0;0;0;0;0;0;(-38.53658810434933 -3.731752050754048);
ISA6496;2021-12-24 17:26:00;Rua Franco Rocha;RUA PDE SA LEITAO;;PICI;ISA6496;Colisão;Não informado;Não informado;Não informado;Meio de quadra;Não informado;Longo da via;0;1;0;0;0;0;0;0;0;0;0;0;0;(-38.5788561 -3.755954699999999);
NBE1016;2021-12-24 17:35:00;Avenida Godofredo Maciel;;;MARAPONGA;NBE1016;Colisão;Não informado;Não informado;Não informado;Meio de quadra;Não informado;Longo da via;0;1;0;2;0;0;0;0;0;0;0;0;0;(-38.57236877753413 -3.804753809786608);