COD_ACIDENTE;DATA;LOG1;LOG2;NUMERO;BAIRRO;AMC;NATUREZA;ILUMINACAO;TEMPO;SUPERFICIEPISTA;TIPOCRUZAMENTO;CONTROLETRAFEGO;USOSOLO;MORTOS;FERIDOS;ILESOS;MOTOCICLETA;AUTOMOVEL;MICROONIBUS;CAMINHAO;ONIBUS;CICLOMOTOR;BICICLETA;OUTROS;TREM;TRACAOANIMAL;COORDENADAS
XLR1001;2021-12-24 17:36:00;Avenida Areia Branca;;;VICENTE PINZON;XLR1001;Queda;Não informado;Não informado;Não informado;Meio de quadra;Não informado;Longo da via;0;1;0;1;0;0;0;0;0;0;0;0;0;(-38.47635641988378 -3.727250129329484);
MSQ6309;2021-12-09 20:59:00;Avenida Coronel Virgílio Nogueira;RUA BOM JESUS (GRANJA LISBOA);;GRANJA LISBOA;MSQ6309;Atropelamento;Não informado;Não informado;Não informado;Cruz;Não informado;Cruzamento;0;1;0;1;0;0;0;0;0;0;0;0;0;(-38.609635 -3.7916918);
GTW7494;2021-12-24 19:33:00;Avenida Presidente Castelo Branco;AV FILOMENO GOMES;;PIRAMBU;GTW7494;Queda;Não informado;Não informado;Não informado;Cruz;Não informado;Longo da via;0;1;0;1;0;0;0;0;0;0;0;0;0;(-38.54213861384898 -3.71553945523576);
HFR7058;2021-12-24 20:20:00;Rua Aluísio Azevedo;;;JOAO XXIII;HFR7058;Colisão;Não informado;Não informado;Não informado;Meio de quadra;Não informado;Longo da via;0;1;0;1;1;0;0;0;0;0;0;0;0;(-38.58044222268113 -3.769607958534876);
ZGU2767;2021-12-09 20:50:00;Avenida Ministro José Américo;AV WASHINGTON SOARES;;CAMBEBA;ZGU2767;Atropelamento;Não informado;Não informado;Não informado;Y;Não informado;Cruzamento;0;1;0;1;0;0;0;0;0;0;0;0;0;(-38.47948570000001 -3.8125392);
PZJ5031;2021-12-24 20:35:00;Rua 438;;;CONJUNTO CEARA I;PZJ5031;Atropelamento;Não informado;Não informado;Não informado;Meio de quadra;Não informado;Longo da via;0;1;0;0;1;0;0;0;0;0;0;0;0;(-38.6032525 -3.7628151);
KGB9186;2021-12-09 20:18:00;Rua Fernando Farias de Melo;RUA SAO MIGUEL D60;;MANOEL SATIRO;KGB9186;Colisão;Não informado;Não informado;Não informado;Não informado;Não informado;Cruzamento;0;1;0;1;1;0;0;0;0;0;0;0;0;(-38.5783945 -3.7960781);
YLD3263;2021-12-24 20:47:00;Avenida Francisco Sá;;;JACARECANGA;YLD3263;Colisão;Não informado;Não informado;Não informado;Meio de quadra;Não informado;Longo da via;0;1;0;2;0;0;0;0;0;0;0;0;0;(-38.54986337299695 -3.719896902425096);
JSJ6950;2021-12-09 19:34:00;Avenida Duque de Caxias;RUA SEN POMPEU;;CENTRO;JSJ6950;Colisão;Não informado;Não informado;Não informado;Não informado;Não informado;Cruzamento;0;1;0;1;1;0;0;0;0;0;0;0;0;(-38.5310009 -3.7314688);
PSZ7879;2021-12-09 18:43:00;RUA GUILHERME ROCHA;;;CENTRO;PSZ7879;Colisão;Não informado;Não informado;Não informado;Não informado;Não informado;Longo da via;0;1;0;1;1;0;0;0;0;0;0;0;0;(-38.5334347 -3.7252083);
WIU6707;2021-12-24 21:10:00;Rua Sobral;;;CENTRO;WIU6707;Queda;Não informado;Não informado;Não informado;Meio de quadra;Não informado;Longo da via;0;1;0;1;0;0;0;0;0;0;0;0;0;(-38.52385834271043 -3.72532837463883);
CXK2398;2021-12-09 16:41:00;Rua São José do Mutirão;;;GUAJERU;CXK2398;Colisão;Não informado;Não informado;Não informado;Não informado;Não informado;Longo da via;0;1;0;1;1;0;0;0;0;0;0;0;0;(-38.4744168 -3.8351164);
LJA6212;2021-12-24 21:58:00;Avenida Historiador Raimundo Girão;RUA VINTE E TRES DE OUTUBRO;;PRAIA DE IRACEMA;LJA6212;Queda;Não informado;Não informado;Não informado;Cruz;Não informado;Longo da via;0;1;0;1;0;0;0;0;0;0;0;0;0;(-38.51516798573675 -3.720387465184125);
WDK0956;2021-12-09 15:47:00;Avenida Almirante Henrique Sabóia;;;PAPICU;WDK0956;Colisão;Não informado;Não informado;Não informado;Não informado;Não informado;Longo da via;0;1;0;1;1;0;0;0;0;0;0;0;0;(-38.4853802 -3.7371578);
UCC4282;2021-12-09 15:37:00;Rua Cardoso de Barros;;;VILA PERY;UCC4282;Colisão;Não informado;Não informado;Não informado;Não informado;Não informado;Longo da via;0;1;0;1;1;0;0;0;0;0;0;0;0;(-38.5834968 -3.7877742);
OCY9897;2021-12-09 15:10:00;Rua Haroldo Torres;;;PRESIDENTE KENNEDY;OCY9897;Colisão;Não informado;Não informado;Não informado;Não informado;Não informado;Longo da via;0;1;0;1;1;0;0;0;0;0;0;0;0;(-38.574394 -3.73091);
NTR5523;2021-12-24 22:23:00;Rua Nossa Senhora das Graças;;;PIRAMBU;NTR5523;Atropelamento;Não informado;Não informado;Não informado;Meio de quadra;Não informado;Longo da via;0;1;0;1;0;0;0;0;0;0;0;0;0;(-38.54925350258956 -3.711672554130836);
JQE6798;2021-12-24 23:55:00;Rua Barão de Canindé;;;PARANGABA;JQE6798;Queda;Não informado;Não informado;Não informado;Meio de quadra;Não informado;Longo da via;0;1;0;1;0;0;0;0;0;0;0;0;0;(-38.55917233146581 -3.773991900521705);
UGY5284;2021-12-09 14:12:00;Avenida Aguanambi;;;FATIMA;UGY5284;Colisão;Não informado;Não informado;Não informado;Não informado;Não informado;Longo da via;0;1;0;2;0;0;0;0;0;0;0;0;0;(-38.5248553 -3.738214);
KHX0911;2021-12-09 14:01:00;Avenida I;;;CONJUNTO CEARA II;KHX0911;Atropelamento;Não informado;Não informado;Não informado;Não informado;Não informado;Longo da via;0;1;0;1;0;0;0;0;0;0;0;0;0;(-38.5975116 -3.7709762);
OWC0519;2021-12-25 00:10:00;Avenida Mister Hull;;;ANTONIO BEZERRA;OWC0519;Queda;Não informado;Não informado;Não informado;Meio de quadra;Não informado;Longo da via;0;1;0;1;0;0;0;0;0;0;0;0;0;(-38.5918266 -3.7396339);
END5261;2021-12-09 11:10:00;RUA PROF OTAVIO LOBO;RUA ANDRADE FURTADO;;COCO;END5261;Colisão;Não informado;Não informado;Não informado;Cruz;Não informado;Cruzamento;0;1;0;2;0;0;0;0;0;0;0;0;0;(-38.4796615 -3.7457559);
SLV7056;2021-12-25 00:53:00;Avenida Leste Oeste;;;CRISTO REDENTOR;SLV7056;Queda;Não informado;Não informado;Não informado;Meio de quadra;Não informado;Longo da via;0;1;0;1;0;0;0;0;0;0;0;0;0;(-38.56488383074352 -3.709447558108914);
PAK4291;2021-12-09 10:55:00;Rua 1159;;;CONJUNTO CEARA I;PAK4291;Colisão;Não informado;Não informado;Não informado;Não informado;Não informado;Longo da via;0;1;0;1;1;0;0;0;0;0;0;0;0;(-38.6114065 -3.7624335);
UEM9388;2021-12-25 01:53:00;Rua Cônego de Castro;;;CONJUNTO ESPERANCA;UEM9388;Colisão;Não informado;Não informado;Não informado;Meio de quadra;Não informado;Longo da via;0;1;0;0;0;0;0;0;0;0;0;0;0;(-38.59568635519562 -3.809300074251014);
WTX0224;2021-12-09 10:33:00;Avenida General Osório de Paiva;;;CANINDEZINHO;WTX0224;Atropelamento;Não informado;Não informado;Não informado;Não informado;Não informado;Longo da via;0;1;0;0;0;0;0;1;0;0;0;0;0;(-38.6139457 -3.8172482);
CWP5542;2021-12-25 02:28:00;Rua José Dantas Pereira;;;CANINDEZINHO;CWP5542;Queda;Não informado;Não informado;Não informado;Meio de quadra;Não informado;Longo da via;0;1;0;0;0;0;0;0;0;1;0;0;0;(-38.607706 -3.8224972);
XKQ5502;2021-12-09 09:40:00;Rua Padre Pedro de Alencar;;;MESSEJANA;XKQ5502;Colisão;Não informado;Não informado;Não informado;Não informado;Não informado;Longo da via;0;2;0;2;0;0;0;0;0;0;0;0;0;(-38.49486510000001 -3.8472382);
RHR8177;2021-12-09 05:58:00;Rua Major Weyne;;;RODOLFO TEOFILO;RHR8177;Colisão;Não informado;Não informado;Não informado;Não informado;Não informado;Longo da via;0;1;0;1;1;0;0;0;0;0;0;0;0;(-38.5471926 -3.7463153);
HWC5656;2021-12-25 02:56:00;Avenida C;;;CONJUNTO CEARA II;HWC5656;Colisão;Não informado;Não informado;Não informado;Meio de quadra;Não informado;Longo da via;0;1;0;1;1;0;0;0;0;0;0;0;0;(-38.61474231085984 -3.771406501512236);
WKL5127;2021-12-09 01:49:00;Rua 24 de Outubro;;;GENIBAU;WKL5127;Atropelamento;Não informado;Não informado;Não informado;Não informado;Não informado;Longo da via;0;1;0;0;1;0;0;0;0;0;0;0;0;(-38.60348949999999 -3.7568171);
WGP1693;2021-12-09 00:32:00;Rua Parnamirim;;;PASSARE;WGP1693;Choque c/ Obstáculo Fixo;Não informado;Não informado;Não informado;Não informado;Não informado;Longo da via;0;1;0;0;1;0;0;0;0;0;0;0;0;(-38.5175291 -3.8121792);
PED0822;2021-12-08 23:41:00;Rua Eduardo Salgado;;;ALDEOTA;PED0822;Queda;Não informado;Não informado;Não informado;Não informado;Não informado;Longo da via;0;1;0;1;0;0;0;0;0;0;0;0;0;(-38.5081102 -3.7342138);
KJA9813;2021-12-08 22:45:00;Rua Santa Lucrécia;;;PAUPINA;KJA9813;Colisão;Não informado;Não informado;Não informado;Não informado;Não informado;Longo da via;0;1;0;2;0;0;0;0;0;0;0;0;0;(-38.4811217 -3.8506116);
MYC1520;2021-12-08 22:36:00;Avenida Senador Fernandes Távora;;;AUTRAN NUNES;MYC1520;Atropelamento;Não informado;Não informado;Não informado;Não informado;Não informado;Longo da via;0;1;0;1;0;0;0;0;0;0;0;0;0;(-38.5937402 -3.7561086);
PDA2971;2021-12-25 03:12:00;Rua Tupi;;;JOAO XXIII;PDA2971;Queda;Não informado;Bom;Não informado;Meio de quadra;Não informado;Longo da via;0;1;0;0;0;0;0;0;0;1;0;0;0;(-38.58242168730424 -3.766963665379249);
PAJ8628;2021-12-08 20:28:00;RUA EQUADOR;RUA SUECIA;;ITAPERI;PAJ8628;Colisão;Não informado;Não informado;Não informado;Cruz;Não informado;Cruzamento;0;1;0;1;1;0;0;0;0;0;0;0;0;(-38.555418 -3.7823326);
VEL4432;2021-12-25 03:37:00;Avenida Castelo de Castro;;;CONJUNTO PALMEIRAS;VEL4432;Atropelamento;Não informado;Não informado;Não informado;Meio de quadra;Não informado;Longo da via;0;1;0;1;0;0;0;0;0;0;0;0;0;(-38.52233484939745 -3.8479856281346);
KBJ9351;2021-12-25 03:58:00;Rua José Torres;;;GRANJA PORTUGAL;KBJ9351;Colisão;Não informado;Não informado;Não informado;Meio de quadra;Não informado;Longo da via;0;2;0;1;1;0;0;0;0;0;0;0;0;(-38.60740214048899 -3.780331498488938);
XAT7946;2021-12-08 20:24:00;BR 116;RUA ENF JOAQUIM PINTO;;CIDADE DOS FUNCIONRAIOS;XAT7946;Queda;Não informado;Não informado;Não informado;T;Não informado;Cruzamento;0;1;0;1;0;0;0;0;0;0;0;0;0;(-38.5039904 -3.8018339);
UNU2006;2021-12-25 04:30:00;Rua Araguaia;RUA CARNAUBAL;;JARDIM IRACEMA;UNU2006;Colisão;Não informado;Não informado;Não informado;Cruz;Não informado;Longo da via;0;2;0;1;1;0;0;0;0;0;0;0;0;(-38.57741671014777 -3.727196598614999);
XXO5968;2021-12-08 20:12:00;Avenida Alberto Craveiro;;;DIAS MACEDO;XXO5968;Colisão;Não informado;Não informado;Não informado;Não informado;Não informado;Longo da via;0;1;0;1;1;0;0;0;0;0;0;0;0;(-38.5209973 -3.8021255);
HMG8491;2021-12-25 06:20:00;Avenida Lineu Machado;;;JOAO XXIII;HMG8491;Outros;Não informado;Não informado;Não informado;Meio de quadra;Não informado;Longo da via;0;1;0;1;0;0;0;0;0;0;0;0;0;(-38.58008281159927 -3.772161246117494);
MJB3930;2021-12-08 20:08:00;RUA SIQUEIRA CAMPOS;;;SIQUEIRA;MJB3930;Atropelamento de Animal;Não informado;Não informado;Não informado;Não informado;Não informado;Longo da via;0;1;0;1;0;0;0;0;0;0;0;0;0;(-38.62174287498122 -3.818493810610681);
UQO6457;2021-12-25 07:17:00;Rua Tebas;;;SIQUEIRA;UQO6457;Queda;Não informado;Não informado;Não informado;Meio de quadra;Não informado;Longo da via;0;1;0;1;0;0;0;0;0;0;0;0;0;(-38.62047687959814 -3.81372471171296);
ATY6121;2021-12-08 20:07:00;Avenida Oscar Araripe;RUA PAULINO ROCHA D32;;BOM JARDIM;ATY6121;Queda;Não informado;Não informado;Não informado;Cruz;Não informado;Cruzamento;0;1;0;1;0;0;0;0;0;0;0;0;0;(-38.6245587 -3.7834258);
MUX8184;2021-12-25 08:39:00;Avenida Mister Hull;;;PRESIDENTE KENNEDY;MUX8184;Queda;Não informado;Não informado;Não informado;Meio de quadra;Não informado;Longo da via;0;1;0;1;0;0;0;0;0;0;0;0;0;(-38.57056616402328 -3.736762903723677);
INO6453;2021-12-25 08:45:00;Avenida General Osório de Paiva;;;PARANGABA;INO6453;Queda;Não informado;Não informado;Não informado;Meio de quadra;Não informado;Longo da via;0;1;0;1;0;0;0;0;0;0;0;0;0;(-38.56616214798488 -3.775554912339804);
ZSI5494;2021-12-25 09:39:00;Avenida Contôrno;;;EDSON QUEIROZ;ZSI5494;Queda;Não informado;Não informado;Não informado;Meio de quadra;Não informado;Longo da via;0;1;0;1;0;0;0;0;0;0;0;0;0;(-38.47373858107031 -3.769334965079175);
VSV0352;2021-12-25 10:16:00;Avenida Edilson Brasil Soares;;;SAPIRANGA / COITE;VSV0352;Choque c/ Obstáculo Fixo;Não informado;Não informado;Não informado;Meio de quadra;Não informado;Longo da via;0;1;0;0;1;0;0;0;0;0;0;0;0;(-38.4640718990769 -3.788037494698633);
QCF0421;2021-12-08 19:19:00;Rua Wenefrido Melo;;;MONDUBIM;QCF0421;Colisão;Não informado;Não informado;Não informado;Não informado;Não informado;Longo da via;0;1;0;1;1;0;0;0;0;0;0;0;0;(-38.5759625 -3.8103864);
ZOG6902;2021-12-08 18:02:00;Rua Vereadora Zélia Correia de Souza;;;MONDUBIM;ZOG6902;Atropelamento de Animal;Não informado;Não informado;Não informado;Não informado;Não informado;Longo da via;0;1;0;1;0;0;0;0;0;0;0;0;0;(-38.5571622 -3.8121844);
BZR9659;2021-12-08 17:39:00;Rua Júlio Azevedo;RUA BENTO ALBUQUERQUE;;PAPICU;BZR9659;Colisão;Não informado;Não informado;Não informado;Cruz;Não informado;Cruzamento;0;2;0;1;1;0;0;0;0;0;0;0;0;(-38.4828685 -3.7438647);
AHX5150;2021-12-08 17:36:00;Rua Coronel Matos Dourado;;;ANTONIO BEZERRA;AHX5150;Colisão;Não informado;Não informado;Não informado;Não informado;Não informado;Longo da via;0;1;0;0;0;0;0;0;0;0;1;0;0;(-38.5853672 -3.7380362);
TJR3526;2021-12-08 17:36:00;Rua Barão de Sobral;;;MONTESE;TJR3526;Colisão;Não informado;Não informado;Não informado;Não informado;Não informado;Longo da via;0;1;0;1;1;0;0;0;0;0;0;0;0;(-38.5570032 -3.7652808);
TJR3526;2021-12-08 17:13:00;Rua Júlio Braga;;;JOAO XXIII;TJR3526;Atropelamento;Não informado;Não informado;Não informado;Não informado;Não informado;Longo da via;0;1;0;0;1;0;0;0;0;0;0;0;0;(-38.5843587 -3.773435399999999);
LRV3745;2021-12-25 10:57:00;Rua Santo Antônio;;;QUINTINO CUNHA;LRV3745;Queda;Não informado;Não informado;Não informado;Meio de quadra;Não informado;Longo da via;0;1;0;1;0;0;0;0;0;0;0;0;0;(-38.5930972 -3.7340251);
VRK4523;2021-12-08 16:47:00;Rua Padre Valdevino;RUA SILVA PAULET;;ALDEOTA;VRK4523;Colisão;Não informado;Não informado;Não informado;Cruz;Não informado;Cruzamento;0;1;0;1;1;0;0;0;0;0;0;0;0;(-38.5078697 -3.7419315);
UMQ3575;2021-12-25 11:26:00;Avenida Eduardo Girão;;;FATIMA;UMQ3575;Capotamento;Não informado;Não informado;Não informado;Meio de quadra;Não informado;Longo da via;0;1;0;0;0;0;0;0;0;0;0;0;0;(-38.53607851372422 -3.751140561308437);
IFE5094;2021-12-08 16:47:00;Rua Adriano Martins;AV FRANCISCO SA;;JACARECANGA;IFE5094;Colisão;Não informado;Não informado;Não informado;Cruz;Não informado;Cruzamento;0;1;0;0;0;0;0;0;0;0;1;0;0;(-38.544516 -3.7216117);
LQY0571;2021-12-08 16:32:00;Rua Guilherme Rocha;;;JACARECANGA;LQY0571;Colisão;Não informado;Não informado;Não informado;Não informado;Não informado;Longo da via;0;1;0;0;0;0;0;0;0;0;1;0;0;(-38.5285234 -3.7267285);
NIC7763;2021-12-25 12:40:00;Rua Francisco Alves Ribeiro;;;JANGURUSSU;NIC7763;Queda;Não informado;Não informado;Não informado;Meio de quadra;Não informado;Longo da via;0;1;0;1;0;0;0;0;0;0;0;0;0;(-38.51241604280616 -3.838586894402799);
CGK4342;2021-12-08 16:31:00;RUA VERDE 5;;;JANGURUSSU;CGK4342;Colisão;Não informado;Não informado;Não informado;Não informado;Não informado;Longo da via;0;1;0;1;1;0;0;0;0;0;0;0;0;(-38.5150619 -3.8476311);
QBL3990;2021-12-25 13:47:00;Rua Frei Odilon;;;FLORESTA;QBL3990;Queda;Não informado;Não informado;Não informado;Meio de quadra;Não informado;Longo da via;0;1;0;1;0;0;0;0;0;0;0;0;0;(-38.57232050199428 -3.724316641374235);
NWU4143;2021-12-25 14:09:00;Rua 1084;;;CONJUNTO CEARA II;NWU4143;Colisão;Não informado;Não informado;Não informado;Meio de quadra;Não informado;Longo da via;0;1;0;1;1;0;0;0;0;0;0;0;0;(-38.61464038809017 -3.771112097410507);
RWR4484;2021-12-08 16:00:00;Avenida Washington Soares;;;EDSON QUEIROZ;RWR4484;Queda;Não informado;Não informado;Não informado;Não informado;Não informado;Longo da via;0;1;0;1;0;0;0;0;0;0;0;0;0;(-38.4791196 -3.7992419);
SKV7170;2021-12-08 15:57:00;Rua Coronel Matos Dourado;;;;SKV7170;Colisão;Não informado;Não informado;Não informado;Não informado;Não informado;Longo da via;0;1;0;1;0;0;1;0;0;0;0;0;0;(-38.5845343 -3.748045399999999);
XVC9541;2021-12-25 14:37:00;Avenida Engenheiro Santana Júnior;;;PAPICU;XVC9541;Colisão;Não informado;Não informado;Não informado;Meio de quadra;Não informado;Longo da via;0;1;0;2;0;0;0;0;0;0;0;0;0;(-38.48576561778744 -3.741639067090291);
JPR7285;2021-12-08 15:52:00;Avenida Professor José Arthur de Carvalho;;;LAGOA REDONDA;JPR7285;Colisão;Não informado;Não informado;Não informado;Não informado;Não informado;Longo da via;0;1;0;1;1;0;0;0;0;0;0;0;0;(-38.4654037 -3.8263496);
WOV3003;2021-12-08 15:24:00;AV DOS EXPEDICIONARIOS;;;BENFICA;WOV3003;Colisão;Não informado;Não informado;Não informado;Não informado;Não informado;Longo da via;0;1;0;1;1;0;0;0;0;0;0;0;0;(-38.53651 -3.7486534);
BOU1028;2021-12-25 15:27:00;Rua Cônego de Castro;;;PARQUE PRESIDENTE VARGAS;BOU1028;Colisão;Não informado;Não informado;Não informado;Meio de quadra;Não informado;Longo da via;0;1;0;1;1;0;0;0;0;0;0;0;0;(-38.60538140515112 -3.824028287225973);
VQE8937;2021-12-25 15:43:00;Avenida Demétrio Menezes;;;ANTONIO BEZERRA;VQE8937;Colisão;Não informado;Não informado;Não informado;Meio de quadra;Não informado;Longo da via;0;1;0;1;1;0;0;0;0;0;0;0;0;(-38.58502974036519 -3.742180136462592);
PIB2379;2021-12-08 13:21:00;Rua Cruzeiro do Sul;;;CARLITO PAMPLONA;PIB2379;Colisão;Não informado;Não informado;Não informado;Não informado;Não informado;Longo da via;0;1;0;1;1;0;0;0;0;0;0;0;0;(-38.5589716 -3.714165);
OIV8879;2021-12-08 12:53:00;Avenida Waldir Diogo;;;MONDUBIM;OIV8879;Colisão;Não informado;Não informado;Não informado;Não informado;Não informado;Longo da via;0;1;0;0;1;0;0;0;0;1;0;0;0;(-38.5813728 -3.807114899999999);
TER8087;2021-12-25 15:51:00;Rua José Dantas Pereira;;;CANINDEZINHO;TER8087;Colisão;Não informado;Não informado;Não informado;Meio de quadra;Não informado;Longo da via;0;1;0;1;1;0;0;0;0;0;0;0;0;(-38.607706 -3.8224972);
AST7167;2021-12-08 12:09:00;Rua da Assunção;;;CENTRO;AST7167;Atropelamento;Não informado;Não informado;Não informado;Não informado;Não informado;Longo da via;0;1;0;1;0;0;0;0;0;0;0;0;0;(-38.5287746 -3.7357422);
UKI9609;2021-12-25 16:20:00;Avenida Presidente Castelo Branco;;;CRISTO REDENTOR;UKI9609;Colisão;Não informado;Não informado;Não informado;Meio de quadra;Não informado;Longo da via;0;1;0;1;1;0;0;0;0;0;0;0;0;(-38.52828399814104 -3.720917423213318);
QRF2718;2021-12-25 16:52:00;Rua Desembargador Gomes Parente;;;PARANGABA;QRF2718;Queda;Não informado;Não informado;Não informado;Meio de quadra;Não informado;Longo da via;0;1;0;1;0;0;0;0;0;0;0;0;0;(-38.57265308676357 -3.775506737360037);
VEM0367;2021-12-08 10:48:00;Avenida Presidente Castelo Branco;;;JACARECANGA;VEM0367;Colisão;Não informado;Não informado;Não informado;Não informado;Não informado;Longo da via;0;1;0;0;1;0;0;0;0;1;0;0;0;(-38.549795 -3.7131687);
DVB6561;2021-12-08 10:12:00;Avenida Presidente Castelo Branco;;;BARRA DO CEARA;DVB6561;Colisão;Não informado;Não informado;Não informado;Não informado;Não informado;Longo da via;0;1;0;1;1;0;0;0;0;0;0;0;0;(-38.579879 -3.7035239);
OKX5231;2021-12-08 09:19:00;Avenida Senador Carlos Jereissati;;;DE LOURDES;OKX5231;Colisão;Não informado;Não informado;Não informado;Não informado;Não informado;Longo da via;0;2;0;2;0;0;0;0;0;0;0;0;0;(-38.4593725 -3.7465015);
NCL4398;2021-12-08 09:09:00;Avenida Radialista João Ramos;;;PLANALTO AYRTON SENNA;NCL4398;Colisão;Não informado;Não informado;Não informado;Não informado;Não informado;Longo da via;0;1;0;1;0;0;1;0;0;0;0;0;0;(-38.5742061 -3.8416339);
MZU0020;2021-12-25 16:55:00;Rua Saquarema;;;CONJUNTO PALMEIRAS;MZU0020;Queda;Não informado;Não informado;Não informado;Meio de quadra;Não informado;Longo da via;0;2;0;1;0;0;0;0;0;0;0;0;0;(-38.53091255570369 -3.837751922162254);
LZR6858;2021-12-25 18:05:00;Rua Francfort;RUA AMERICO ROCHA LIMA;;MANOEL SATIRO;LZR6858;Colisão;Não informado;Não informado;Não informado;Cruz;Não informado;Longo da via;0;1;0;1;1;0;0;0;0;0;0;0;0;(-38.581761 -3.7989176);
XKU5868;2021-12-08 02:37:00;RUA FREI ODILON;;;PRESIDENTE KENNEDY;XKU5868;Colisão;Não informado;Não informado;Não informado;Não informado;Não informado;Longo da via;0;1;0;1;1;0;0;0;0;0;0;0;0;(-38.5726988 -3.7287877);
TYY0664;2021-12-08 02:04:00;AV PONTES VIEIRA;;;DIONISIO TORRES;TYY0664;Colisão;Não informado;Não informado;Não informado;Não informado;Não informado;Longo da via;0;1;0;0;1;0;1;0;0;0;0;0;0;(-38.4989511 -3.750861399999999);
BXA7079;2021-12-25 18:20:00;Avenida dos Paroaras;;;PASSARE;BXA7079;Colisão;Não informado;Não informado;Não informado;Meio de quadra;Não informado;Longo da via;0;1;0;0;0;0;0;0;0;0;0;0;0;(-38.54002669513352 -3.809865522526031);
FTF4884;2021-12-07 23:52:00;Avenida General Osório de Paiva;;;SIQUEIRA;FTF4884;Colisão;Não informado;Não informado;Não informado;Não informado;Não informado;Longo da via;0;1;0;0;0;0;0;0;0;0;1;0;0;(-38.6215342 -3.82437);
FTF4884;2021-12-07 21:40:00;Avenida Godolfredo Pimentel;;;QUINTINO CUNHA;FTF4884;Queda;Não informado;Não informado;Não informado;Não informado;Não informado;Longo da via;0;1;0;1;0;0;0;0;0;0;0;0;0;(-38.5909497 -3.7284871);
FBX2266;2021-12-25 19:31:00;Avenida Izabel Maia e Silva de Alencar;;;JOSE DE ALENCAR;FBX2266;Queda;Não informado;Não informado;Não informado;Meio de quadra;Não informado;Longo da via;0;1;0;1;0;0;0;0;0;0;0;0;0;(-38.4763884 -3.8156339);
FDY0763;2021-12-07 21:33:00;Rodovia Estrada do Guarani (BR116);;;MESSEJANA;FDY0763;Colisão;Não informado;Não informado;Não informado;Não informado;Não informado;Longo da via;0;1;0;2;0;0;0;0;0;0;0;0;0;(-38.5041401 -3.8259496);
SFM7271;2021-12-07 21:23:00;Rua Frei Orlando;;;MONTESE;SFM7271;Queda;Não informado;Não informado;Não informado;Não informado;Não informado;Longo da via;0;1;0;0;0;0;0;0;0;1;0;0;0;(-38.5486344 -3.7579091);
GII6046;2021-12-25 20:09:00;Rua José Pedra;;;ITAPERI;GII6046;Colisão;Não informado;Não informado;Não informado;Meio de quadra;Não informado;Longo da via;0;1;0;1;1;0;0;0;0;0;0;0;0;(-38.54850248148504 -3.791693379910802);
MNA2252;2021-12-07 20:34:00;Rodovia Estrada do Guarani (BR116);;;PARQUE SANTA ROSA;MNA2252;Colisão;Não informado;Não informado;Não informado;Não informado;Não informado;Longo da via;0;1;0;1;1;0;0;0;0;0;0;0;0;(-38.5034701 -3.82242);
NHR0831;2021-12-25 20:22:00;Avenida Barão de Studart;RUA TEN BENEVOLO;;ALDEOTA;NHR0831;Colisão;Não informado;Não informado;Não informado;Cruz;Não informado;Longo da via;0;2;0;1;1;0;0;0;0;0;0;0;0;(-38.50490586436724 -3.729412767469448);
HEN4147;2021-12-07 20:22:00;Avenida Presidente Castelo Branco;;;PIRAMBU;HEN4147;Atropelamento;Não informado;Não informado;Não informado;Não informado;Não informado;Longo da via;0;1;0;0;0;0;0;0;0;0;1;0;0;(-38.555292 -3.711888);
OLY2040;2021-12-25 20:33:00;Avenida Almirante Barroso;RUA CARIRIS;;PRAIA DE IRACEMA;OLY2040;Colisão;Não informado;Não informado;Não informado;T;Não informado;Longo da via;0;1;0;1;1;0;0;0;0;0;0;0;0;(-38.51746395548061 -3.720499880550289);
HRT8620;2021-12-07 20:09:00;Avenida General Osório de Paiva;;;SIQUEIRA;HRT8620;Atropelamento;Não informado;Não informado;Não informado;Não informado;Não informado;Longo da via;0;1;0;0;1;0;0;0;0;0;0;0;0;(-38.58951390216168 -3.792047074610656);
UED1297;2021-12-07 19:47:00;Rua General Bernardo Figueiredo;RUA 21 DE ABRIL D27;;BELA VISTA;UED1297;Colisão;Não informado;Não informado;Não informado;Cruz;Não informado;Cruzamento;0;1;0;0;0;0;0;0;0;0;1;0;0;(-38.5668083 -3.7435641);
JPT6795;2021-12-07 17:19:00;Rua Coronel Alexandrino;RUA EUZEBIO DE QUEIROS;;MONTESE;JPT6795;Colisão;Não informado;Não informado;Não informado;Cruz;Não informado;Cruzamento;0;1;0;1;1;0;0;0;0;0;0;0;0;(-38.5525975 -3.7651922);