COD_ACIDENTE;DATA;LOG1;LOG2;NUMERO;BAIRRO;AMC;NATUREZA;ILUMINACAO;TEMPO;SUPERFICIEPISTA;TIPOCRUZAMENTO;CONTROLETRAFEGO;USOSOLO;MORTOS;FERIDOS;ILESOS;MOTOCICLETA;AUTOMOVEL;MICROONIBUS;CAMINHAO;ONIBUS;CICLOMOTOR;BICICLETA;OUTROS;TREM;TRACAOANIMAL;COORDENADAS
LFB5323;2021-12-25 20:53:00;Rua Tulipa Negra;;;PARQUE SANTA ROSA;LFB5323;Atropelamento;Não informado;Não informado;Não informado;Meio de quadra;Não informado;Longo da via;0;1;0;1;0;0;0;0;0;0;0;0;0;(-38.59867051538091 -3.818766788534106);
XDE4478;2021-12-07 13:57:00;Rua Conrado Malta;;;MESSEJANA;XDE4478;Colisão;Não informado;Não informado;Não informado;Não informado;Não informado;Longo da via;0;1;0;2;0;0;0;0;0;0;0;0;0;(-38.5022184 -3.8350834);
SQS5082;2021-12-07 13:08:00;BR-116;;;CAJAZEIRAS;SQS5082;Colisão;Não informado;Não informado;Não informado;Não informado;Não informado;Longo da via;0;1;0;0;0;0;0;0;0;0;1;0;0;(-38.5054894 -3.7996206);
MDW8328;2021-12-25 21:11:00;Rua Antônio Conrado;RUA FRANCISCO RAMOS;;PEDRAS;MDW8328;Colisão;Não informado;Não informado;Não informado;Cruz;Não informado;Longo da via;0;3;0;1;1;0;0;0;0;0;0;0;0;(-38.5062895 -3.8837663);
CUI9243;2021-12-07 11:42:00;Avenida Presidente Costa e Silva;;;MONDUBIM;CUI9243;Colisão;Não informado;Não informado;Não informado;Não informado;Não informado;Longo da via;0;1;0;2;0;0;0;0;0;0;0;0;0;(-38.5646163 -3.8183923);
IEZ5070;2021-12-07 10:38:00;AV VALPARAISO;;;PREFEITO JOSE VALTER;IEZ5070;Colisão;Não informado;Não informado;Não informado;Não informado;Não informado;Longo da via;0;1;0;1;1;0;0;0;0;0;0;0;0;(-38.5233053 -3.8461871);
AKI6580;2021-12-25 22:36:00;AV Monte Pascoal;;;CANINDEZINHO;AKI6580;Colisão;Não informado;Não informado;Não informado;Meio de quadra;Não informado;Longo da via;0;1;0;1;1;0;0;0;0;0;0;0;0;(-38.59572545973486 -3.806712857208423);
KXT5773;2021-12-07 10:35:00;Avenida Jornalista Tomaz Coelho;;;MESSEJANA;KXT5773;Colisão;Não informado;Não informado;Não informado;Não informado;Não informado;Longo da via;0;1;0;0;0;0;0;0;0;0;1;0;0;(-38.5078974 -3.830057);
JPO2232;2021-12-07 10:17:00;RUA CRISANTO MOREIRA DA ROCHA;;;CAMBEBA;JPO2232;Colisão;Não informado;Não informado;Não informado;Não informado;Não informado;Longo da via;0;2;0;2;0;0;0;0;0;0;0;0;0;(-38.4816521 -3.8028243);
STS2551;2021-12-25 22:59:00;Rua Saquarema;;;CONJUNTO PALMEIRAS;STS2551;Queda;Não informado;Não informado;Não informado;Meio de quadra;Não informado;Longo da via;0;1;0;1;0;0;0;0;0;0;0;0;0;(-38.53099839225663 -3.837634169601118);
BFH9524;2021-12-25 23:26:00;Rua Cônego de Castro;;;PARQUE SAO JOSE;BFH9524;Colisão;Não informado;Não informado;Não informado;Meio de quadra;Não informado;Longo da via;0;1;0;1;1;0;0;0;0;0;0;0;0;(-38.59297350882858 -3.806188303963991);
DSH1710;2021-12-07 09:17:00;Rua Osvaldo Aranha;RUA CON DE CASTRO;;VILA PERY;DSH1710;Colisão;Não informado;Não informado;Não informado;Não informado;Não informado;Cruzamento;0;1;0;1;1;0;0;0;0;0;0;0;0;(-38.5718026 -3.7832341);
MGU0940;2021-12-26 00:03:00;Rua Coelho da Fonseca;;;CARLITO PAMPLONA;MGU0940;Colisão;Não informado;Não informado;Não informado;Meio de quadra;Não informado;Longo da via;0;1;0;1;1;0;0;0;0;0;0;0;0;(-38.5613717191656 -3.711008761309962);
OFU8538;2021-12-07 08:52:00;Rua Urucutuba;;;GRANJA LISBOA;OFU8538;Colisão;Não informado;Não informado;Não informado;Não informado;Não informado;Longo da via;0;1;0;1;1;0;0;0;0;0;0;0;0;(-38.619653 -3.799143);
EDN3978;2021-12-26 01:57:00;Rua Conselheiro Estelita;;;JACARECANGA;EDN3978;Colisão;Não informado;Não informado;Não informado;Meio de quadra;Não informado;Longo da via;0;1;0;0;2;0;0;0;0;0;0;0;0;(-38.53895382114528 -3.722705360070704);
RAL9756;2021-12-26 02:26:00;Avenida Professor Gomes de Matos;;;JARDIM AMERICA;RAL9756;Colisão;Não informado;Não informado;Não informado;Meio de quadra;Não informado;Longo da via;0;1;0;1;1;0;0;0;0;0;0;0;0;(-38.54284837831344 -3.757949455893115);
JOK5976;2021-12-07 01:49:00;Avenida Jovita Feitosa;;;PARQUE ARAXA;JOK5976;Queda;Não informado;Não informado;Não informado;Não informado;Não informado;Longo da via;0;1;0;1;0;0;0;0;0;0;0;0;0;(-38.54600860000001 -3.7378953);
OYJ7688;2021-12-26 03:24:00;Rua Damasceno Girão;;;JARDIM AMERICA;OYJ7688;Colisão;Não informado;Não informado;Não informado;Meio de quadra;Não informado;Longo da via;0;1;0;1;0;0;0;0;0;0;0;0;0;(-38.53993549721208 -3.752109440271184);
YPN5283;2021-12-07 00:54:00;AV AUGUSTO DOS ANJOS;;;PARANGABA;YPN5283;Colisão;Não informado;Não informado;Não informado;Não informado;Não informado;Longo da via;0;1;0;1;1;0;0;0;0;0;0;0;0;(-38.5751616 -3.7756368);
PRS6499;2021-12-26 05:13:00;Avenida Coronel Carvalho;;;VILA VELHA;PRS6499;Colisão;Não informado;Não informado;Não informado;Meio de quadra;Não informado;Longo da via;0;1;0;1;1;0;0;0;0;0;0;0;0;(-38.58900920343543 -3.712818130890164);
SMP9332;2021-12-26 09:41:00;Rua Doutor Abdenago Rocha Lima;;;PARQUELANDIA;SMP9332;Queda;Não informado;Não informado;Não informado;Meio de quadra;Não informado;Longo da via;0;1;0;1;0;0;0;0;0;0;0;0;0;(-38.5692981 -3.7406763);
JBL7599;2021-12-26 10:38:00;Avenida Washington Soares;;;EDSON QUEIROZ;JBL7599;Queda;Não informado;Não informado;Não informado;Meio de quadra;Não informado;Longo da via;0;2;0;1;0;0;0;0;0;0;0;0;0;(-38.48129704842007 -3.778825451936215);
YXZ6609;2021-12-26 12:02:00;Rua Professor Otávio Lobo;RUA ANDRADE FURTADO;;COCO;YXZ6609;Queda;Não informado;Não informado;Não informado;Cruz;Não informado;Longo da via;0;1;0;1;0;0;0;0;0;0;0;0;0;(-38.47962871675858 -3.745680560338076);
ZVM5326;2021-12-26 13:10:00;Rua Mario Mamede;AV LUCIANO CARNEIRO;;FATIMA;ZVM5326;Queda;Não informado;Não informado;Não informado;T;Não informado;Longo da via;0;1;0;1;0;0;0;0;0;0;0;0;0;(-38.53169964074168 -3.749038782801434);
AZN1483;2021-12-26 13:49:00;Avenida Comodoro Estácio Brigido;;;ENGENHEIRO LUCIANO CAVALCANTE;AZN1483;Colisão;Não informado;Não informado;Não informado;Meio de quadra;Não informado;Longo da via;0;1;0;0;0;0;0;0;0;0;0;0;0;(-38.48330334263982 -3.778375820382103);
VFK4434;2021-12-26 16:10:00;Avenida General Osório de Paiva;;;SIQUEIRA;VFK4434;Colisão;Não informado;Não informado;Não informado;Meio de quadra;Não informado;Longo da via;0;1;0;0;2;0;0;0;0;0;0;0;0;(-38.61851885552293 -3.821512620463845);
DHF9994;2021-12-26 16:22:00;Rua Tavares Coutinho;RUA CASTRO MONTE;;VARJOTA;DHF9994;Colisão;Não informado;Não informado;Não informado;Cruz;Não informado;Longo da via;0;1;0;2;0;0;0;0;0;0;0;0;0;(-38.48613575840908 -3.732592478239364);
WQY2630;2021-12-26 16:39:00;Bonsucesso;;;BONSUCESSO;WQY2630;Colisão;Não informado;Não informado;Não informado;Meio de quadra;Não informado;Longo da via;0;1;0;0;0;0;0;0;0;0;0;0;0;(-38.59000161678311 -3.7810307842787);
CDK9661;2021-12-26 17:00:00;Avenida Pompílio Gomes;;;PASSARE;CDK9661;Queda;Não informado;Não informado;Não informado;Meio de quadra;Não informado;Longo da via;0;1;0;1;0;0;0;0;0;0;0;0;0;(-38.52045193561947 -3.8129592983136);
SVN7434;2021-12-26 18:47:00;Avenida Bernardo Manuel;;;MONDUBIM;SVN7434;Atropelamento;Não informado;Não informado;Não informado;Meio de quadra;Não informado;Longo da via;0;2;0;0;1;0;0;0;0;0;0;0;0;(-38.55630234107793 -3.814607880172914);
TTI0427;2021-12-07 00:00:00;AV WASHINGTON SOARES;;;EDSON QUEIROZ;TTI0427;Atropelamento;Não informado;Não informado;Não informado;Não informado;Não informado;Longo da via;0;2;0;1;0;0;0;0;0;0;0;0;0;(-38.4797767 -3.7923392);
RHX1942;2021-12-26 22:07:00;Avenida Lineu Machado;;;JOQUEI CLUBE;RHX1942;Colisão;Não informado;Não informado;Não informado;Meio de quadra;Não informado;Longo da via;0;2;0;0;0;0;0;0;0;0;0;0;0;(-38.57574835362097 -3.76357531847858);
MXA6160;2021-12-06 21:18:00;Avenida Luciano Carneiro;;;VILA UNIAO;MXA6160;Colisão;Não informado;Não informado;Não informado;Não informado;Não informado;Longo da via;0;2;0;2;0;0;0;0;0;0;0;0;0;(-38.5370836 -3.7663654);
KJU8693;2021-12-26 22:27:00;Avenida Augusto dos Anjos;;;PARANGABA;KJU8693;Queda;Não informado;Não informado;Não informado;Meio de quadra;Não informado;Longo da via;0;1;0;1;0;0;0;0;0;0;0;0;0;(-38.57815698716865 -3.779093089655392);
JGW7006;2021-12-26 23:11:00;Rua da Sorte;;;BOM JARDIM;JGW7006;Colisão;Não informado;Não informado;Não informado;Meio de quadra;Não informado;Longo da via;0;1;0;1;1;0;0;0;0;0;0;0;0;(-38.61662522135372 -3.800305792137527);
WPQ8075;2021-12-06 21:10:00;Rua Professor Costa Mendes;RUA JULIO CESAR D12;;DAMAS;WPQ8075;Colisão;Não informado;Não informado;Não informado;Cruz;Não informado;Cruzamento;0;1;0;0;0;0;0;0;0;0;1;0;0;(-38.54691700000001 -3.7546892);
EBO8092;2021-12-06 20:57:00;RUA RIO GRANDE DO NORTE;;;DEMOCRITO ROCHA;EBO8092;Colisão;Não informado;Não informado;Não informado;Não informado;Não informado;Longo da via;0;1;0;0;0;0;0;0;0;0;1;0;0;(-43.9307898 -19.9304779);
PID3743;2021-12-06 20:45:00;Rua Coronel Jucá;AV SANTOS DUMONT;;MEIRELES;PID3743;Queda;Não informado;Não informado;Não informado;Cruz;Não informado;Cruzamento;0;1;0;1;0;0;0;0;0;0;0;0;0;(-38.4915447 -3.7384359);
FLG3183;2021-12-06 20:25:00;Avenida Ministro Albuquerque Lima;;;CONJUNTO CEARA I;FLG3183;Queda;Não informado;Não informado;Não informado;Não informado;Não informado;Longo da via;0;1;0;1;0;0;0;0;0;0;0;0;0;(-38.6138585 -3.7638683);
ZCO4039;2021-12-26 23:27:00;Rua 2;;;PARQUE DOIS IRMAOS;ZCO4039;Colisão;Não informado;Não informado;Não informado;Meio de quadra;Não informado;Longo da via;0;1;0;2;0;0;0;0;0;0;0;0;0;(-38.55164066626704 -3.811257187752227);
COZ0586;2021-12-27 00:44:00;Rua José Freitas da Silva;RUA CHILE;;BELA VISTA;COZ0586;Colisão;Não informado;Não informado;Não informado;Cruz;Não informado;Longo da via;0;1;0;1;1;0;0;0;0;0;0;0;0;(-38.5669793 -3.7477166);
OBA8574;2021-12-27 00:46:00;Avenida Francisco Sá;RUA CRUZEIRO DO SUL;;CARLITO PAMPLONA;OBA8574;Colisão;Não informado;Não informado;Não informado;Cruz;Não informado;Longo da via;0;1;0;1;1;0;0;0;0;0;0;0;0;(-38.5630383 -3.7154959);
FNN8607;2021-12-06 20:25:00;Avenida Oliveira Paiva;;;CAJAZEIRAS;FNN8607;Queda;Não informado;Não informado;Não informado;Não informado;Não informado;Longo da via;0;1;0;1;0;0;0;0;0;0;0;0;0;(-38.492164 -3.795765);
ADK8093;2021-12-06 20:10:00;RUA 27 DE JULHO;;;PLANALTO AYRTON SENNA;ADK8093;Atropelamento;Não informado;Não informado;Não informado;Não informado;Não informado;Longo da via;0;1;0;0;1;0;0;0;0;0;0;0;0;(-38.5696659 -3.8352925);
CUJ2805;2021-12-27 01:28:00;Rua Socorro Gomes;;;GUAJERU;CUJ2805;Colisão;Não informado;Não informado;Não informado;Meio de quadra;Não informado;Longo da via;0;1;0;0;0;0;0;0;0;0;0;0;0;(-38.47706989170417 -3.8334539431672);
KHC4637;2021-12-06 20:08:00;Avenida dos Paroaras;;;PASSARE;KHC4637;Colisão;Não informado;Não informado;Não informado;Não informado;Não informado;Longo da via;0;1;0;2;0;0;0;0;0;0;0;0;0;(-38.5342758 -3.8146761);
PGH8111;2021-12-27 01:35:00;Rua Cônego de Castro;;;CANINDEZINHO;PGH8111;Colisão;Não informado;Não informado;Não informado;Meio de quadra;Não informado;Longo da via;0;2;0;2;0;0;0;0;0;0;0;0;0;(-38.6022002972838 -3.819023708853322);
SJN5531;2021-12-27 02:00:00;Avenida Coronel Carvalho;;;BARRA DO CEARA;SJN5531;Colisão;Não informado;Não informado;Não informado;Meio de quadra;Não informado;Longo da via;0;1;0;1;1;0;0;0;0;0;0;0;0;(-38.58919695126369 -3.712625417146778);
ZWW7719;2021-12-27 04:27:00;Avenida José Sabóia;;;CAIS DO PORTO;ZWW7719;Colisão;Não informado;Não informado;Não informado;Meio de quadra;Não informado;Longo da via;0;1;0;1;0;0;1;0;0;0;0;0;0;(-38.46797013967399 -3.716813502218723);
AJU7956;2021-12-06 19:56:00;AV WASHINGTON SOARES;;;CAMBEBA;AJU7956;Queda;Não informado;Não informado;Não informado;Não informado;Não informado;Longo da via;0;1;0;1;0;0;0;0;0;0;0;0;0;(-38.4790722 -3.8070071);
NHU2280;2021-12-27 07:12:00;Avenida Presidente Costa e Silva;;;MONDUBIM;NHU2280;Choque c/ Obstáculo Fixo;Não informado;Não informado;Não informado;Meio de quadra;Não informado;Longo da via;0;1;0;0;1;0;0;0;0;0;0;0;0;(-38.5673353 -3.8166503);
EBY0032;2021-12-06 18:11:00;RUA CAP WALDEMAR PAULA LIMA;RUA CAP HUGO BEZERRA;;BARROSO;EBY0032;Colisão;Não informado;Não informado;Não informado;Cruz;Não informado;Cruzamento;0;1;0;1;1;0;0;0;0;0;0;0;0;(-38.5109895 -3.8205855);
JAU7279;2021-12-27 12:34:00;Avenida Maestro Lisboa;AV ENG LEAL LIMA VERDE (SAPIRANGA/COITE);;JOSE DE ALENCAR;JAU7279;Colisão;Não informado;Não informado;Não informado;Cruz;Não informado;Longo da via;0;1;0;1;1;0;0;0;0;0;0;0;0;(-38.47465055066707 -3.807901129702702);
CRB7943;2021-12-27 13:23:00;Rua Professora Maria Clara;;;QUINTINO CUNHA;CRB7943;Colisão;Não informado;Não informado;Não informado;Meio de quadra;Não informado;Longo da via;0;1;0;1;1;0;0;0;0;0;0;0;0;(-38.59569326267064 -3.723240669800972);
SON5449;2021-12-27 14:01:00;Avenida Val Paraíso;;;JANGURUSSU;SON5449;Colisão;Não informado;Não informado;Não informado;Meio de quadra;Não informado;Longo da via;0;1;0;1;1;0;0;0;0;0;0;0;0;(-38.51624622953833 -3.847011504508072);
LPN4576;2021-12-06 17:27:00;Avenida Frei Cirilo;;;MESSEJANA;LPN4576;Colisão;Não informado;Não informado;Não informado;Não informado;Não informado;Longo da via;0;1;0;1;1;0;0;0;0;0;0;0;0;(-38.4943136 -3.8236312);
JNW2363;2021-12-27 14:52:00;Rua Gomes Brasil;;;PARANGABA;JNW2363;Colisão;Não informado;Não informado;Não informado;Meio de quadra;Não informado;Longo da via;0;1;0;1;1;0;0;0;0;0;0;0;0;(-38.56999767825761 -3.770892632469796);
IVG6955;2021-12-27 15:14:00;Avenida Visconde do Rio Branco;;;CENTRO;IVG6955;Colisão;Não informado;Não informado;Não informado;Não informado;Não informado;Longo da via;0;1;0;0;0;0;0;0;0;0;0;0;0;(-38.52483466608811 -3.732356944502925);
RYE5443;2021-12-06 16:57:00;Avenida Carneiro de Mendonça;;;DEMOCRITO ROCHA;RYE5443;Colisão;Não informado;Não informado;Não informado;Não informado;Não informado;Longo da via;0;1;0;0;2;0;0;0;0;0;0;0;0;(-38.56292029999999 -3.7661065);
JIL4501;2021-12-27 18:08:00;Rua São Paulo;RUA CONDE D´EU;;CENTRO;JIL4501;Colisão;Não informado;Não informado;Não informado;Cruz;Não informado;Longo da via;0;1;0;1;1;0;0;0;0;0;0;0;0;(-38.52614359347051 -3.726522111333368);
OTT7680;2021-12-27 19:05:00;Rua Cônego de Castro;;;PARQUE SANTA ROSA;OTT7680;Colisão;Não informado;Não informado;Não informado;Meio de quadra;Não informado;Longo da via;0;1;0;0;0;0;0;0;0;0;0;0;0;(-38.56763198656153 -3.778622047214409);
ROO5281;2021-12-27 19:16:00;Avenida Dionísio Leonel Alencar;;;ANCURI;ROO5281;Colisão;Não informado;Não informado;Não informado;Meio de quadra;Não informado;Longo da via;0;1;0;1;0;0;1;0;0;0;0;0;0;(-38.52217927165685 -3.867938859991379);
CJJ1773;2021-12-27 19:42:00;Rua Maria Júlia;;;CANINDEZINHO;CJJ1773;Colisão;Não informado;Não informado;Não informado;Meio de quadra;Não informado;Longo da via;0;1;0;1;1;0;0;0;0;0;0;0;0;(-38.60392764129683 -3.803239024163286);
URB5863;2021-12-27 20:04:00;Avenida Castelo de Castro;;;JANGURUSSU;URB5863;Colisão;Não informado;Não informado;Não informado;Meio de quadra;Não informado;Longo da via;0;1;0;1;1;0;0;0;0;0;0;0;0;(-38.52148726665717 -3.829990923203961);
MTA8156;2021-12-06 16:45:00;Rua São Bernardo;RUA DNA MENDINHA;;ALVARO WEYNE;MTA8156;Colisão;Não informado;Não informado;Não informado;Cruz;Não informado;Cruzamento;0;1;0;0;0;0;0;0;0;0;1;0;0;(-38.5729626 -3.7146974);
YLH3630;2021-12-27 20:20:00;Rua Batista de Oliveira;;;PAPICU;YLH3630;Colisão;Não informado;Não informado;Não informado;Meio de quadra;Não informado;Longo da via;0;1;0;1;1;0;0;0;0;0;0;0;0;(-38.47731128441647 -3.739117808215982);
BHG9718;2021-12-06 16:30:00;Rua Costa Barros;AV BAR STUDART;;ALDEOTA;BHG9718;Atropelamento;Não informado;Não informado;Não informado;Cruz;Não informado;Cruzamento;0;1;0;0;1;0;0;0;0;0;0;0;0;(-38.5058573 -3.732214);
DMW0233;2021-12-27 20:49:00;Avenida Governador Raul Barbosa;;;AEROLANDIA;DMW0233;Colisão;Não informado;Não informado;Não informado;Meio de quadra;Não informado;Longo da via;0;1;0;1;1;0;0;0;0;0;0;0;0;(-38.50913837799465 -3.766385559732181);
KEX2589;2021-12-27 21:32:00;Avenida César Cals;;;VICENTE PINZON;KEX2589;Atropelamento;Não informado;Não informado;Não informado;Meio de quadra;Não informado;Longo da via;0;1;0;0;0;0;0;0;0;0;0;0;0;(-38.46188320971797 -3.725917213569499);
PSE3286;2021-12-06 16:26:00;Avenida Francisco Sá;;;BARRA DO CEARA;PSE3286;Queda;Não informado;Não informado;Não informado;Não informado;Não informado;Longo da via;0;1;0;1;0;0;0;0;0;0;0;0;0;(-38.5703426 -3.7128892);
LUO7828;2021-12-06 16:24:00;Avenida Heráclito Graça;;;CENTRO;LUO7828;Queda;Não informado;Não informado;Não informado;Não informado;Não informado;Longo da via;0;1;0;1;0;0;0;0;0;0;0;0;0;(-38.5171293 -3.7357172);
BXP6735;2021-12-27 22:18:00;Avenida da Abolição;;;MEIRELES;BXP6735;Queda;Não informado;Não informado;Não informado;Meio de quadra;Não informado;Longo da via;0;1;0;1;0;0;0;0;0;0;0;0;0;(-38.4984288 -3.72634);
RPK0750;2021-12-06 16:22:00;Avenida Jovita Feitosa;RUA DOM LINO;;PARQUELANDIA;RPK0750;Queda;Não informado;Não informado;Não informado;Cruz;Não informado;Cruzamento;0;1;0;1;0;0;0;0;0;0;0;0;0;(-38.5564212 -3.7398141);
LLY7204;2021-12-06 16:17:00;Avenida Doutor Silas Munguba;;;PARANGABA;LLY7204;Atropelamento;Não informado;Não informado;Não informado;Não informado;Não informado;Longo da via;0;1;0;0;0;0;0;1;0;0;0;0;0;(-38.5568892 -3.7816343);
KTZ2776;2021-12-28 08:29:00;Rua Desembargador Lauro Nogueira;;;PAPICU;KTZ2776;Colisão;Não informado;Não informado;Não informado;Meio de quadra;Não informado;Longo da via;0;1;0;0;0;0;0;0;0;0;0;0;0;(-38.47667292500453 -3.740632705606834);
YOS0456;2021-12-06 16:01:00;Rua Floriano Peixoto;AV DOMINGOS OLIMPIO;;CENTRO;YOS0456;Queda;Não informado;Não informado;Não informado;Cruz;Não informado;Cruzamento;0;2;0;1;0;0;0;0;0;0;0;0;0;(-38.5303236 -3.7370173);
EKE0862;2021-12-06 15:18:00;AV ALM HENRIQUE SABOIA;;;PAPICU;EKE0862;Queda;Não informado;Não informado;Não informado;Não informado;Não informado;Longo da via;0;1;0;1;0;0;0;0;0;0;0;0;0;(-38.4848306 -3.7362911);
VQE1860;2021-12-28 10:15:00;Avenida Mister Hull;;;ANTONIO BEZERRA;VQE1860;Colisão;Não informado;Não informado;Não informado;Meio de quadra;Não informado;Longo da via;0;1;0;1;1;0;0;0;0;0;0;0;0;(-38.59572544753678 -3.740124171438936);
XLX1892;2021-12-06 15:02:00;Avenida Sargento Hermínio Sampaio;AV OLAVO BILAC;;PRESIDENTE KENNEDY;XLX1892;Colisão;Não informado;Não informado;Não informado;Não informado;Não informado;Longo da via;0;2;0;1;1;0;0;0;0;0;0;0;0;(-38.5651274 -3.7271283);
HJX7293;2021-12-06 14:15:00;Avenida Godofredo Maciel;;;MONDUBIM;HJX7293;Atropelamento;Não informado;Não informado;Não informado;Não informado;Não informado;Longo da via;0;1;0;0;1;0;0;0;0;0;0;0;0;(-38.5749315 -3.8175024);
OZE8957;2021-12-06 14:14:00;AV D;AV J CJ JOSE WALTER;;PREFEITO JOSE VALTER;OZE8957;Colisão;Não informado;Não informado;Não informado;Cruz;Não informado;Cruzamento;0;1;0;1;1;0;0;0;0;0;0;0;0;(-38.5562435 -3.8328216);
IXV3800;2021-12-28 10:53:00;Rua Torres Câmara;RUA DR JOSE LOURENCO;;ALDEOTA;IXV3800;Queda;Não informado;Não informado;Não informado;Cruz;Não informado;Longo da via;0;1;0;1;0;0;0;0;0;0;0;0;0;(-38.5080168 -3.7352776);
JYY0462;2021-12-28 10:53:00;Avenida Alberto Craveiro;;;DIAS MACEDO;JYY0462;Colisão;Não informado;Não informado;Não informado;Meio de quadra;Não informado;Longo da via;0;1;0;2;0;0;0;0;0;0;0;0;0;(-38.5169862 -3.788271);
MCZ5644;2021-12-06 14:11:00;Avenida Doutor Silas Munguba;;;SERRINHA;MCZ5644;Colisão;Não informado;Não informado;Não informado;Não informado;Não informado;Longo da via;0;1;0;1;1;0;0;0;0;0;0;0;0;(-38.53138089999999 -3.7970784);
CYD7403;2021-12-28 11:23:00;Avenida Jovita Feitosa;;;PARQUELANDIA;CYD7403;Queda;Não informado;Não informado;Não informado;Meio de quadra;Não informado;Longo da via;0;1;0;1;0;0;0;0;0;0;0;0;0;(-38.55158701950639 -3.738882276231012);
WTC2521;2021-12-28 12:04:00;Rua Demétrio Menezes;;;ANTONIO BEZERRA;WTC2521;Colisão;Não informado;Não informado;Não informado;Meio de quadra;Não informado;Longo da via;0;1;0;2;0;0;0;0;0;0;0;0;0;(-38.58512536712765 -3.737265668626888);
CIK1427;2021-12-06 14:10:00;Avenida Luciano Carneiro;;;VILA UNIAO;CIK1427;Colisão;Não informado;Não informado;Não informado;Não informado;Não informado;Longo da via;0;1;0;1;1;0;0;0;0;0;0;0;0;(-38.5350327 -3.7587607);
XWB5294;2021-12-06 13:52:00;AV CASTELO DE CASTRO;;;JANGURUSSU;XWB5294;Queda;Não informado;Não informado;Não informado;Não informado;Não informado;Longo da via;0;1;0;1;0;0;0;0;0;0;0;0;0;(-38.5217566 -3.8335171);
DGC6501;2021-12-06 13:44:00;AV JOSE JATAHY;;;JACARECANGA;DGC6501;Colisão;Não informado;Não informado;Não informado;Não informado;Não informado;Longo da via;0;1;0;1;1;0;0;0;0;0;0;0;0;(-38.5462537 -3.7255507);
FMM7667;2021-12-28 13:55:00;Avenida Mister Hull;;;ANTONIO BEZERRA;FMM7667;Colisão;Não informado;Não informado;Não informado;Meio de quadra;Não informado;Longo da via;0;1;0;1;1;0;0;0;0;0;0;0;0;(-38.59360650382249 -3.739802991812457);
UIX6014;2021-12-06 13:11:00;Rua Vereador Pedro Paulo;AV WASHINGTON SOARES;;EDSON QUEIROZ;UIX6014;Queda;Não informado;Não informado;Não informado;Cruz;Não informado;Cruzamento;0;1;0;1;0;0;0;0;0;0;0;0;0;(-38.4808445 -3.7869498);
CYR8647;2021-12-28 14:32:00;Rua Raimundo Neri;;;PARQUE SAO JOSE;CYR8647;Atropelamento;Não informado;Não informado;Não informado;Meio de quadra;Não informado;Longo da via;0;3;0;1;0;0;0;0;0;0;0;0;0;(-38.58690097448247 -3.792972668450029);
LQB9953;2021-12-28 14:46:00;Rua Coronel Matos Dourado;;;ANTONIO BEZERRA;LQB9953;Queda;Não informado;Não informado;Não informado;Meio de quadra;Não informado;Longo da via;0;1;0;1;0;0;0;0;0;0;0;0;0;(-38.58485010128817 -3.744863480974701);
SWA8257;2021-12-06 12:28:00;Rua Vital Brasil;;;BONSUCESSO;SWA8257;Atropelamento;Não informado;Não informado;Não informado;Não informado;Não informado;Longo da via;0;1;0;1;0;0;0;0;0;0;0;0;0;(-38.5824212 -3.7822263);
BZE8264;2021-12-06 12:20:00;Rua Monsenhor Dantas;;;JACARECANGA;BZE8264;Queda;Não informado;Não informado;Não informado;Não informado;Não informado;Longo da via;0;2;0;1;0;0;0;0;0;0;0;0;0;(-38.5468166 -3.719706);
UBV3101;2021-12-28 18:55:00;Rua Demétrio Menezes;;;ANTONIO BEZERRA;UBV3101;Queda;Não informado;Não informado;Não informado;Meio de quadra;Não informado;Longo da via;0;1;0;1;0;0;0;0;0;0;0;0;0;(-38.58371451908677 -3.738989336232026);
UQP3571;2021-12-28 19:02:00;Avenida Heráclito Graça;;;CENTRO;UQP3571;Atropelamento;Não informado;Não informado;Não informado;Meio de quadra;Não informado;Longo da via;0;1;0;0;0;0;1;0;0;0;0;0;0;(-38.5231288034396 -3.733952149028376);
QID4622;2021-12-06 12:07:00;AV ALBERTO CRAVEIRO;;;BOA VISTA;QID4622;Colisão;Não informado;Não informado;Não informado;Não informado;Não informado;Longo da via;0;1;0;1;1;0;0;0;0;0;0;0;0;(-38.5172568 -3.7900893);
UCW2467;2021-12-06 11:53:00;Rua Visconde de Cauípe;;;JOAO XXIII;UCW2467;Queda;Não informado;Não informado;Não informado;Não informado;Não informado;Longo da via;0;1;0;0;0;0;0;0;0;1;0;0;0;(-38.5872199 -3.7708486);
MVH8909;2021-12-06 11:34:00;Avenida Oliveira Paiva;;;CIDADE DOS FUNCIONRAIOS;MVH8909;Colisão;Não informado;Não informado;Não informado;Não informado;Não informado;Longo da via;0;1;0;1;1;0;0;0;0;0;0;0;0;(-38.4943752 -3.7957854);
HZR8741;2021-12-06 11:25:00;Avenida Bezerra de Menezes;;;ANTONIO BEZERRA;HZR8741;Queda;Não informado;Não informado;Não informado;Não informado;Não informado;Longo da via;0;1;0;1;0;0;0;0;0;0;0;0;0;(-38.5548599 -3.7335861);