COD_ACIDENTE;DATA;LOG1;LOG2;NUMERO;BAIRRO;AMC;NATUREZA;ILUMINACAO;TEMPO;SUPERFICIEPISTA;TIPOCRUZAMENTO;CONTROLETRAFEGO;USOSOLO;MORTOS;FERIDOS;ILESOS;MOTOCICLETA;AUTOMOVEL;MICROONIBUS;CAMINHAO;ONIBUS;CICLOMOTOR;BICICLETA;OUTROS;TREM;TRACAOANIMAL;COORDENADAS
IST3839;2021-12-28 19:15:00;Avenida Carneiro de Mendonça;;;DEMOCRITO ROCHA;IST3839;Queda;Não informado;Não informado;Não informado;Meio de quadra;Não informado;Longo da via;0;1;0;0;0;0;0;0;0;1;0;0;0;(-38.56625870445989 -3.764351481255198);
CHQ1809;2021-12-28 19:37:00;Avenida José Bastos;;;DAMAS;CHQ1809;Colisão;Não informado;Não informado;Não informado;Meio de quadra;Não informado;Longo da via;0;1;0;0;0;0;0;0;0;0;0;0;0;(-38.55384 -3.7538698);
QYR7841;2021-12-28 20:37:00;Avenida Beira Mar;;;MEIRELES;QYR7841;Queda;Não informado;Não informado;Não informado;Meio de quadra;Não informado;Longo da via;0;1;0;0;0;0;0;0;0;1;0;0;0;(-38.4966461 -3.725741);
IOS0703;2021-12-28 20:42:00;Avenida Oliveira Paiva;;;CIDADE DOS FUNCIONRAIOS;IOS0703;Colisão;Não informado;Não informado;Não informado;Meio de quadra;Não informado;Longo da via;0;1;0;1;1;0;0;0;0;0;0;0;0;(-38.49810377409521 -3.796366253139393);
EZX6539;2021-12-06 09:22:00;Rua Caravela;RUA BOM JESUS (BARRA DO CEARA);;BARRA DO CEARA;EZX6539;Colisão;Não informado;Não informado;Não informado;Cruz;Não informado;Cruzamento;0;2;0;2;0;0;0;0;0;0;0;0;0;(-38.5806333 -3.6967038);
GII4249;2021-12-28 21:23:00;Avenida Professor José Arthur de Carvalho;;;LAGOA REDONDA;GII4249;Colisão;Não informado;Não informado;Não informado;Não informado;Não informado;Longo da via;0;1;0;1;1;0;0;0;0;0;0;0;0;(-38.45214680624152 -3.821148651044647);
EUY9270;2021-12-06 08:52:00;Rodovia 4º Anel Viário;;;PEDRAS;EUY9270;Colisão;Não informado;Não informado;Não informado;Não informado;Não informado;Longo da via;0;1;0;0;0;0;0;0;0;0;1;0;0;(-38.5103464 -3.868113);
ICU1550;2021-12-06 03:17:00;Avenida Dioguinho;;;PRAIA DO FUTURO II;ICU1550;Colisão;Não informado;Não informado;Não informado;Não informado;Não informado;Longo da via;0;1;0;0;0;0;0;0;0;0;1;0;0;(-38.4440163 -3.7603669);
EAW0311;2021-12-28 21:50:00;Rua Bias Mendes;;;BONSUCESSO;EAW0311;Colisão;Não informado;Não informado;Não informado;Não informado;Não informado;Longo da via;0;1;0;1;1;0;0;0;0;0;0;0;0;(-38.5943451221392 -3.7760599967324);
HEA3426;2021-12-28 22:35:00;Avenida Pontes Vieira;;;DIONISIO TORRES;HEA3426;Queda;Não informado;Não informado;Não informado;Não informado;Não informado;Longo da via;0;3;0;1;0;0;0;0;0;0;0;0;0;(-38.5049878 -3.7517601);
OSD7950;2021-12-06 02:54:00;AV BERNARDO MANUEL;;;ITAPERI;OSD7950;Colisão;Não informado;Não informado;Não informado;Não informado;Não informado;Longo da via;0;1;0;0;0;0;0;0;0;0;1;0;0;(-38.5482911 -3.7882912);
MVF4267;2021-12-28 23:52:00;Avenida Senador Fernandes Távora;;;GENIBAU;MVF4267;Colisão;Não informado;Não informado;Não informado;Não informado;Não informado;Longo da via;0;2;0;2;0;0;0;0;0;0;0;0;0;(-38.5989521 -3.7549981);
PAZ5457;2021-12-06 02:08:00;Avenida Maria Gomes de Sá;RUA JACUNAUBA;;MONDUBIM;PAZ5457;Colisão;Não informado;Não informado;Não informado;Cruz;Não informado;Cruzamento;0;1;0;1;1;0;0;0;0;0;0;0;0;(-38.5814026 -3.826069599999999);
GGL7920;2021-12-29 00:20:00;Rua Joaquim Machado;;;PAUPINA;GGL7920;Queda;Não informado;Não informado;Não informado;Não informado;Não informado;Longo da via;0;1;0;0;0;0;0;0;0;1;0;0;0;(-38.4925033186226 -3.861227176054992);
JZH3601;2021-12-29 00:15:00;Avenida Washington Soares;;;EDSON QUEIROZ;JZH3601;Colisão;Não informado;Não informado;Não informado;Não informado;Não informado;Longo da via;0;1;0;1;1;0;0;0;0;0;0;0;0;(-38.481665 -3.7762191);
TXI0205;2021-12-29 10:27:00;Rua São Paulo;;;JACARECANGA;TXI0205;Colisão;Não informado;Não informado;Não informado;Não informado;Não informado;Longo da via;0;2;0;1;1;0;0;0;0;0;0;0;0;(-38.54097081136013 -3.7216186803175);
PNS0758;2021-12-29 11:41:00;Rua Naturalista Feijó;;;CARLITO PAMPLONA;PNS0758;Colisão;Não informado;Não informado;Não informado;Não informado;Não informado;Longo da via;0;2;0;1;0;0;1;0;0;0;0;0;0;(-38.55373278695287 -3.722079047273194);
VHC3788;2021-12-06 01:24:00;RUA JOAO XXIII;RUA MON SABINO FEIJAO;;GRANJA PORTUGAL;VHC3788;Colisão;Não informado;Não informado;Não informado;Cruz;Não informado;Cruzamento;0;1;0;0;0;0;0;0;0;0;1;0;0;(-38.5954129 -3.789490299999999);
JRM1479;2021-12-06 00:27:00;Rua Monte Líbano;;;MONDUBIM;JRM1479;Colisão;Não informado;Não informado;Não informado;Não informado;Não informado;Longo da via;0;1;0;1;1;0;0;0;0;0;0;0;0;(-38.5631565 -3.8261045);
EES7380;2021-12-29 10:40:00;Avenida Leste Oeste;;;CRISTO REDENTOR;EES7380;Colisão;Não informado;Não informado;Não informado;Não informado;Não informado;Longo da via;0;1;0;0;1;0;0;0;0;1;0;0;0;(-38.55927959754145 -3.711169356393011);
VFN8438;2021-12-29 13:06:00;Avenida Professor Gomes de Matos;;;MONTESE;VFN8438;Colisão;Não informado;Não informado;Não informado;Não informado;Não informado;Longo da via;0;1;0;1;1;0;0;0;0;0;0;0;0;(-38.5456833 -3.7612051);
MXO1950;2021-12-06 00:26:00;Avenida Godofredo Maciel;;;MARAPONGA;MXO1950;Atropelamento;Não informado;Não informado;Não informado;Não informado;Não informado;Longo da via;0;1;0;0;1;0;0;0;0;0;0;0;0;(-38.5700693 -3.7966838);
LIU2400;2021-12-29 13:42:00;Avenida Jovita Feitosa;;;PARQUELANDIA;LIU2400;Colisão;Não informado;Não informado;Não informado;Não informado;Não informado;Longo da via;0;1;0;1;1;0;0;0;0;0;0;0;0;(-38.56311515737107 -3.741168004412138);
YTU1201;2021-12-05 23:25:00;Rua Artur de Souza;;;PLANALTO AYRTON SENNA;YTU1201;Colisão;Não informado;Não informado;Não informado;Não informado;Não informado;Longo da via;0;1;0;1;1;0;0;0;0;0;0;0;0;(-38.5780593 -3.8241343);
SBI6300;2021-12-29 13:50:00;Avenida da Abolição;RUA JOAQUIM NABUCO;;MEIRELES;SBI6300;Colisão;Não informado;Não informado;Não informado;Cruz;Não informado;Longo da via;0;1;0;1;1;0;0;0;0;0;0;0;0;(-38.4983934496193 -3.726473933650613);
XKU5735;2021-12-05 21:02:00;Rua Barão de Canindé;RUA BAR SOBRAL;;MONTESE;XKU5735;Colisão;Não informado;Não informado;Não informado;Cruz;Não informado;Cruzamento;0;1;0;1;1;0;0;0;0;0;0;0;0;(-38.5557671 -3.7661523);
KSB7130;2021-12-29 14:40:00;BR-116;;;CAJAZEIRAS;KSB7130;Colisão;Não informado;Não informado;Não informado;Não informado;Não informado;Longo da via;0;1;0;1;1;0;0;0;0;0;0;0;0;(-38.5054894 -3.7996206);
CAH5226;2021-12-29 19:39:00;Rua Oliveira Filho;;;PRAIA DO FUTURO I;CAH5226;Queda;Não informado;Não informado;Não informado;Meio de quadra;Não informado;Longo da via;0;2;0;1;0;0;0;0;0;0;0;0;0;(-38.46057430110184 -3.733839735381555);
QHE9619;2021-12-29 19:57:00;Avenida Presidente Castelo Branco;;;BARRA DO CEARA;QHE9619;Colisão;Não informado;Não informado;Não informado;Meio de quadra;Não informado;Longo da via;0;1;0;1;1;0;0;0;0;0;0;0;0;(-38.57859696445136 -3.704338686421015);
RUN2919;2021-12-29 20:41:00;Rua Doutor Perilio Teixeira;;;GENIBAU;RUN2919;Colisão;Não informado;Não informado;Não informado;Meio de quadra;Não informado;Longo da via;0;1;0;2;0;0;0;0;0;0;0;0;0;(-38.6019964719182 -3.760197664136417);
ZDC5085;2021-12-29 20:45:00;Rua Seixas Correia;AV AUGUSTO DOS ANJOS;;BONSUCESSO;ZDC5085;Colisão;Não informado;Não informado;Não informado;T;Não informado;Longo da via;0;2;0;0;0;0;0;0;0;0;0;0;0;(-38.57870952034907 -3.779328610779964);
LPW8392;2021-12-29 21:11:00;BR-116;;;PAUPINA;LPW8392;Atropelamento;Não informado;Não informado;Não informado;Meio de quadra;Não informado;Longo da via;0;1;0;1;0;0;0;0;0;0;0;0;0;(-38.4975808 -3.8626917);
IPJ8151;2021-12-29 21:14:00;Avenida João Pessoa;RUA MAJ WEYNE;;JARDIM AMERICA;IPJ8151;Colisão;Não informado;Não informado;Não informado;Meio de quadra;Não informado;Longo da via;0;1;0;2;0;0;0;0;0;0;0;0;0;(-38.54526772544957 -3.747768211792856);
ZZN2194;2021-12-05 19:53:00;Avenida Gerardo Lima;;;LAGOA REDONDA;ZZN2194;Queda;Não informado;Não informado;Não informado;Não informado;Não informado;Longo da via;0;1;0;0;0;0;0;0;0;1;0;0;0;(-38.4651502 -3.8246095);
WHW4972;2021-12-05 19:34:00;Avenida General Osório de Paiva;;;PARQUE SAO JOSE;WHW4972;Colisão;Não informado;Não informado;Não informado;Não informado;Não informado;Longo da via;0;1;0;2;0;0;0;0;0;0;0;0;0;(-38.5900361 -3.7925728);
OXV8172;2021-12-29 21:21:00;Rua Conselheiro Vieira da Silva;AV JOVITA FEITOSA;;PARQUELANDIA;OXV8172;Queda;Não informado;Não informado;Não informado;Cruz;Não informado;Longo da via;0;2;0;1;0;0;0;0;0;0;0;0;0;(-38.5541673036404 -3.739690578915382);
MLF2876;2021-12-05 18:50:00;Rua Domingos da Veiga;;;BARRA DO CEARA;MLF2876;Queda;Não informado;Não informado;Não informado;Não informado;Não informado;Longo da via;0;1;0;0;0;0;0;0;0;1;0;0;0;(-38.575019 -3.7050947);
TQP4648;2021-12-05 18:28:00;Rua Coronel Tibúrcio;AV PRS COSTA E SILVA;;MONDUBIM;TQP4648;Colisão;Não informado;Não informado;Não informado;Cruz;Não informado;Cruzamento;0;1;0;1;1;0;0;0;0;0;0;0;0;(-38.5737071 -3.812156699999999);
GIG1607;2021-12-05 17:47:00;Rua José Dantas Pereira;;;CANINDEZINHO;GIG1607;Queda;Não informado;Não informado;Não informado;Não informado;Não informado;Longo da via;0;1;0;0;0;0;0;0;0;1;0;0;0;(-38.607706 -3.8224972);
XEJ4851;2021-12-05 16:35:00;Avenida Jornalista Tomaz Coelho;;;MESSEJANA;XEJ4851;Atropelamento;Não informado;Não informado;Não informado;Não informado;Não informado;Longo da via;0;1;0;0;1;0;0;0;0;0;0;0;0;(-38.5107767 -3.8295793);
SNS6206;2021-12-29 21:28:00;Rua 501;;;CONJUNTO CEARA I;SNS6206;Colisão;Não informado;Não informado;Não informado;Meio de quadra;Não informado;Longo da via;0;1;0;1;1;0;0;0;0;0;0;0;0;(-38.6082783 -3.7689037);
DPW1741;2021-12-29 21:40:00;Avenida Presidente Castelo Branco;;;JACARECANGA;DPW1741;Queda;Não informado;Não informado;Não informado;Meio de quadra;Não informado;Longo da via;0;1;0;1;0;0;0;0;0;0;0;0;0;(-38.54731697841059 -3.714204597970646);
NHQ1110;2021-12-05 16:20:00;Rua Raimundo Rocha de Menezes;RUA DEP MATOSO FILHO;;PADRE ANDRADE;NHQ1110;Colisão;Não informado;Não informado;Não informado;Cruz;Não informado;Cruzamento;0;1;0;1;1;0;0;0;0;0;0;0;0;(-38.5859475 -3.7304142);
ISJ6294;2021-12-29 21:58:00;Avenida Presidente Castelo Branco;;;PIRAMBU;ISJ6294;Colisão;Não informado;Não informado;Não informado;Meio de quadra;Não informado;Longo da via;0;1;0;1;1;0;0;0;0;0;0;0;0;(-38.5533245 -3.7123711);
RVG5072;2021-12-05 15:53:00;RUA Monte Pascoal;;;CANINDEZINHO;RVG5072;Colisão;Não informado;Não informado;Não informado;Não informado;Não informado;Longo da via;0;1;0;1;1;0;0;0;0;0;0;0;0;(-38.5964446 -3.807052);
EKN9606;2021-12-29 22:45:00;AV EDUARDO BRIGIDO MONTEIRO;;;ENGENHEIRO LUCIANO CAVALCANTE;EKN9606;Queda;Não informado;Não informado;Não informado;Meio de quadra;Não informado;Longo da via;0;1;0;1;0;0;0;0;0;0;0;0;0;(-38.4850521335344 -3.784681346359954);
XIG4961;2021-12-05 15:48:00;Avenida General Osório de Paiva;;;CANINDEZINHO;XIG4961;Queda;Não informado;Não informado;Não informado;Não informado;Não informado;Longo da via;0;1;0;0;0;0;0;0;0;1;0;0;0;(-38.6039015 -3.8071898);
PTY2941;2021-12-29 22:55:00;Avenida Jornalista Tomaz Coelho;;;MESSEJANA;PTY2941;Colisão;Não informado;Não informado;Não informado;Meio de quadra;Não informado;Longo da via;0;1;0;0;0;0;0;0;0;0;0;0;0;(-38.52213099001797 -3.82882409106429);
DVO3707;2021-12-29 23:49:00;Avenida Dom Manuel;;;CENTRO;DVO3707;Colisão;Não informado;Não informado;Não informado;Meio de quadra;Não informado;Longo da via;0;1;0;0;0;0;0;1;0;0;0;0;0;(-38.52048413174535 -3.726506052106084);
AEB5574;2021-12-30 00:58:00;Avenida Pessoa Anta;;;PRAIA DE IRACEMA;AEB5574;Colisão;Não informado;Não informado;Não informado;Meio de quadra;Não informado;Longo da via;0;1;0;1;1;0;0;0;0;0;0;0;0;(-38.52244748974341 -3.721142253796073);
SSH6187;2021-12-30 01:15:00;Avenida Presidente Costa e Silva;;;PREFEITO JOSE VALTER;SSH6187;Colisão;Não informado;Não informado;Não informado;Meio de quadra;Não informado;Longo da via;0;1;0;1;1;0;0;0;0;0;0;0;0;(-38.5503326 -3.8234508);
XTB5021;2021-12-05 14:33:00;Avenida Mozart Pinheiro de Lucena;;;QUINTINO CUNHA;XTB5021;Colisão;Não informado;Não informado;Não informado;Não informado;Não informado;Longo da via;0;1;0;1;1;0;0;0;0;0;0;0;0;(-38.5979398 -3.7269451);
KYJ2066;2021-12-05 14:10:00;Rua Alves de Lima;RUA IRINEU DE SOUZA;;ALVARO WEYNE;KYJ2066;Queda;Não informado;Não informado;Não informado;Cruz;Não informado;Cruzamento;0;1;0;0;0;0;0;0;0;1;0;0;0;(-38.5692885 -3.710374599999999);
TCA5800;2021-12-05 12:10:00;Avenida Doutor Silas Munguba;;;PASSARE;TCA5800;Colisão;Não informado;Não informado;Não informado;Não informado;Não informado;Longo da via;0;1;0;1;1;0;0;0;0;0;0;0;0;(-38.530486 -3.8005187);
OXM9521;2021-12-05 11:22:00;Rua Duarte da Costa;;;MESSEJANA;OXM9521;Atropelamento;Não informado;Não informado;Não informado;Não informado;Não informado;Longo da via;0;1;0;0;0;0;1;0;0;0;0;0;0;(-38.4867889 -3.8273144);
SPM3532;2021-12-30 10:26:00;Rua Meton de Alencar;;;CENTRO;SPM3532;Queda;Não informado;Não informado;Não informado;Meio de quadra;Não informado;Longo da via;0;1;0;1;0;0;0;0;0;0;0;0;0;(-38.53240385969357 -3.733159900163189);
KZT5596;2021-12-05 09:22:00;Avenida Coronel Virgílio Nogueira;;;BOM JARDIM;KZT5596;Queda;Não informado;Não informado;Não informado;Não informado;Não informado;Longo da via;0;1;0;1;0;0;0;0;0;0;0;0;0;(-38.6090077 -3.7899384);
DRE7572;2021-12-30 10:37:00;Avenida Dom Luís;;;ALDEOTA;DRE7572;Colisão;Não informado;Não informado;Não informado;Meio de quadra;Não informado;Longo da via;0;1;0;0;2;0;0;0;0;0;0;0;0;(-38.50044265566464 -3.732314120180413);
IAP5908;2021-12-31 11:26:00;Rodovia Estrada do Guarani (BR116);;;;IAP5908;Queda;Não informado;Não informado;Não informado;Não informado;Não informado;Longo da via;0;1;0;1;0;0;0;0;0;0;0;0;0;(-38.50100098121236 -3.88177459911006);
EGC4666;2021-12-30 12:18:00;Rua Cônego de Castro;;;PARQUE SAO JOSE;EGC4666;Colisão;Não informado;Não informado;Não informado;Meio de quadra;Não informado;Longo da via;0;1;0;0;0;0;0;0;0;0;0;0;0;(-38.59179865694474 -3.804887624642979);
PXQ1301;2021-12-30 12:19:00;Rua José Lucas;;;PREFEITO JOSE VALTER;PXQ1301;Colisão;Não informado;Não informado;Não informado;Meio de quadra;Não informado;Longo da via;0;1;0;1;1;0;0;0;0;0;0;0;0;(-38.5631591 -3.8345283);
ZZZ0505;2021-12-30 15:34:00;Rua Porto Alegre;;;HENRIQUE JORGE;ZZZ0505;Colisão;Não informado;Não informado;Não informado;Meio de quadra;Não informado;Longo da via;0;2;0;1;1;0;0;0;0;0;0;0;0;(-38.59304860528569 -3.758966503197303);
FPY1103;2021-12-05 08:44:00;Rua Germano Franck;;;PARANGABA;FPY1103;Colisão;Não informado;Não informado;Não informado;Não informado;Não informado;Longo da via;0;2;0;0;0;0;0;0;0;0;1;0;0;(-38.559813 -3.775695);
XMO2421;2021-12-30 15:52:00;Rua Meton de Alencar;;;CENTRO;XMO2421;Colisão;Não informado;Não informado;Não informado;Meio de quadra;Não informado;Longo da via;0;2;0;1;1;0;0;0;0;0;0;0;0;(-38.53377715328955 -3.732662067740307);
TYS4610;2021-12-30 16:12:00;Rua São José;;;CENTRO;TYS4610;Colisão;Não informado;Não informado;Não informado;Meio de quadra;Não informado;Longo da via;0;1;0;1;1;0;0;0;0;0;0;0;0;(-38.52359012133977 -3.726741587410358);
ENI6145;2021-12-05 05:36:00;AV CONSELHEIRO LAFAYETTE;AV CEL CARVALHO;;BARRA DO CEARA;ENI6145;Queda;Não informado;Não informado;Não informado;Cruz;Não informado;Cruzamento;0;1;0;1;0;0;0;0;0;0;0;0;0;(-38.5881372 -3.7172806);
MIT2579;2021-12-30 17:02:00;Avenida Professor José Arthur de Carvalho;;;LAGOA REDONDA;MIT2579;Colisão;Não informado;Não informado;Não informado;Meio de quadra;Não informado;Longo da via;0;1;0;2;0;0;0;0;0;0;0;0;0;(-38.4613241 -3.8250273);
VGZ2325;2021-12-05 03:58:00;Avenida José Jatahy;AV DUQ CAXIAS;;MONTE CASTELO;VGZ2325;Queda;Não informado;Não informado;Não informado;T;Não informado;Cruzamento;0;1;0;1;0;0;0;0;0;0;0;0;0;(-38.5457961 -3.7267699);
GIZ0551;2021-12-30 17:06:00;Rua Dalva de Oliveira;;;CONJUNTO PALMEIRAS;GIZ0551;Colisão;Não informado;Não informado;Não informado;Não informado;Não informado;Longo da via;0;1;0;1;1;0;0;0;0;0;0;0;0;(-38.52399781499885 -3.847750125821482);
SQP9178;2021-12-05 03:43:00;RUA CESAR CALS;;;VICENTE PINZON;SQP9178;Colisão;Não informado;Não informado;Não informado;Não informado;Não informado;Longo da via;0;1;0;1;1;0;0;0;0;0;0;0;0;(-38.45595486620565 -3.738633445318785);
XIY0882;2021-12-30 17:11:00;Avenida Edilson Brasil Soares;;;PARQUE MANIBURA;XIY0882;Colisão;Não informado;Não informado;Não informado;Meio de quadra;Não informado;Longo da via;0;1;0;0;2;0;0;0;0;0;0;0;0;(-38.47660318452062 -3.789134797153836);
YLO7816;2021-12-30 17:31:00;Rua Valdetário Mota;AV ENG ALBERTO SA;;PAPICU;YLO7816;Colisão;Não informado;Não informado;Não informado;Não informado;Não informado;Longo da via;0;1;0;0;0;0;0;0;0;0;0;0;0;(-38.47862557316737 -3.733593495914445);
ZVM4638;2021-12-05 03:39:00;RUA UM;;;MONDUBIM;ZVM4638;Colisão;Não informado;Não informado;Não informado;Não informado;Não informado;Longo da via;0;1;0;0;0;0;0;0;0;0;1;0;0;(-38.5787183 -3.814138);
OZB9660;2021-12-05 02:54:00;RUA DOS MONARCAS;;;PICI;OZB9660;Choque c/ Obstáculo Fixo;Não informado;Não informado;Não informado;Não informado;Não informado;Longo da via;0;1;0;0;1;0;0;0;0;0;0;0;0;(-38.5805957 -3.7521164);
PSN3287;2021-12-05 02:21:00;Rua Clarice Lispector;RUA 15 CJ JOSE WALTER;;PREFEITO JOSE VALTER;PSN3287;Atropelamento;Não informado;Não informado;Não informado;T;Não informado;Cruzamento;0;1;0;1;0;0;0;0;0;0;0;0;0;(-38.5545506 -3.8439665);
AXX5171;2021-12-30 17:53:00;Avenida Leste Oeste;;;CARLITO PAMPLONA;AXX5171;Colisão;Não informado;Não informado;Não informado;Meio de quadra;Não informado;Longo da via;0;1;0;0;0;0;0;0;0;0;0;0;0;(-38.55657592686661 -3.711779617442324);
YRM7407;2021-12-05 00:07:00;RUA SGT JOAO PINHEIRO;;;GRANJA LISBOA;YRM7407;Queda;Não informado;Não informado;Não informado;Não informado;Não informado;Longo da via;0;1;0;1;0;0;0;0;0;0;0;0;0;(-38.6251353 -3.7911634);
LQV0158;2021-12-30 18:09:00;Avenida Mister Hull;;;ANTONIO BEZERRA;LQV0158;Atropelamento;Não informado;Não informado;Não informado;Meio de quadra;Não informado;Longo da via;0;1;0;1;0;0;0;0;0;0;0;0;0;(-38.59318807780868 -3.739744108868175);
RMW7984;2021-12-30 18:43:00;Avenida Domingos Olímpio;AV TRISTAO GONCALVES;;CENTRO;RMW7984;Colisão;Não informado;Não informado;Não informado;Cruz;Não informado;Longo da via;0;1;0;0;2;0;0;0;0;0;0;0;0;(-38.5355366748968 -3.73516728610127);
TFX2224;2021-12-30 18:46:00;Avenida João Pessoa;AV JOSE JATAHY;;BENFICA;TFX2224;Colisão;Não informado;Não informado;Não informado;Cruz;Não informado;Longo da via;0;1;0;2;0;0;0;0;0;0;0;0;0;(-38.54332045531032 -3.74564844258449);
WNX5376;2021-12-30 19:07:00;Rua Francisco Calaça;;;ALVARO WEYNE;WNX5376;Colisão;Não informado;Não informado;Não informado;Meio de quadra;Não informado;Longo da via;0;1;0;1;1;0;0;0;0;0;0;0;0;(-38.57255653709133 -3.712978725644192);
UAQ8389;2021-12-04 22:49:00;Avenida General Osório de Paiva;;;SIQUEIRA;UAQ8389;Colisão;Não informado;Não informado;Não informado;Não informado;Não informado;Longo da via;0;1;0;1;1;0;0;0;0;0;0;0;0;(-38.6101245 -3.81354);
MTE0628;2021-12-04 20:48:00;Rua Tenente Queiroz;;;ANTONIO BEZERRA;MTE0628;Colisão;Não informado;Não informado;Não informado;Não informado;Não informado;Longo da via;0;1;0;0;0;0;0;0;0;0;1;0;0;(-38.5895147 -3.7450651);
GVH5483;2021-12-30 21:16:00;Rua Cândido Maia;;;ANTONIO BEZERRA;GVH5483;Colisão;Não informado;Não informado;Não informado;Meio de quadra;Não informado;Longo da via;0;2;0;0;0;0;0;0;0;0;0;0;0;(-38.59033422125697 -3.737163961426326);
APY7209;2021-12-04 20:35:00;Rua Batista de Oliveira;;;COCO;APY7209;Colisão;Não informado;Não informado;Não informado;Não informado;Não informado;Longo da via;0;1;0;0;0;0;0;0;0;0;1;0;0;(-38.4824051 -3.7470803);
VXD9334;2021-12-04 20:28:00;Rua Professor Glauco Lobo;;;MONDUBIM;VXD9334;Colisão;Não informado;Não informado;Não informado;Não informado;Não informado;Longo da via;0;1;0;1;1;0;0;0;0;0;0;0;0;(-38.5831908 -3.804967);
GBZ3625;2021-12-30 21:36:00;Avenida Presidente Castelo Branco;;;BARRA DO CEARA;GBZ3625;Colisão;Não informado;Não informado;Não informado;Meio de quadra;Não informado;Longo da via;0;1;0;1;1;0;0;0;0;0;0;0;0;(-38.58377352956172 -3.701790554648041);
AOF8486;2021-12-04 20:28:00;Avenida Borges de Melo;RUA CAP OLAVO;;AEROLANDIA;AOF8486;Queda;Não informado;Não informado;Não informado;Não informado;Não informado;Cruzamento;0;1;0;1;0;0;0;0;0;0;0;0;0;(-38.5175946 -3.761571);
PYR3138;2021-12-30 22:11:00;Avenida Godofredo Maciel;;;MARAPONGA;PYR3138;Queda;Não informado;Não informado;Não informado;Meio de quadra;Não informado;Longo da via;0;1;0;0;0;0;0;0;0;1;0;0;0;(-38.5651536263701 -3.780704266979772);
TBO5312;2021-12-30 22:19:00;Avenida Presidente Castelo Branco;;;CENTRO;TBO5312;Atropelamento;Não informado;Não informado;Não informado;Meio de quadra;Não informado;Longo da via;0;1;0;1;0;0;0;0;0;0;0;0;0;(-38.52650836052558 -3.721463440243315);
PJI9463;2021-12-31 12:21:00;Avenida Washington Soares;;;GUARARAPES;PJI9463;Colisão;Não informado;Não informado;Não informado;Meio de quadra;Não informado;Longo da via;0;1;0;1;1;0;0;0;0;0;0;0;0;(-38.4829948 -3.7630178);
RWD6656;2021-12-31 14:09:00;Avenida Coronel Carvalho;;;JARDIM GUANABARA;RWD6656;Colisão;Não informado;Não informado;Não informado;Meio de quadra;Não informado;Longo da via;0;1;0;1;1;0;0;0;0;0;0;0;0;(-38.58713165266801 -3.720601589678739);
SXY8925;2021-12-31 14:18:00;Avenida Humberto Monte;RUA ARGENTINA;;PARQUELANDIA;SXY8925;Colisão;Não informado;Não informado;Não informado;Cruz;Não informado;Longo da via;0;1;0;1;1;0;0;0;0;0;0;0;0;(-38.56312095701031 -3.746055685575961);
OAC3745;2021-12-04 19:38:00;Avenida Professor José Arthur de Carvalho;;;LAGOA REDONDA;OAC3745;Colisão;Não informado;Não informado;Não informado;Não informado;Não informado;Longo da via;0;1;0;1;1;0;0;0;0;0;0;0;0;(-38.4578289 -3.8245507);
LKU7094;2021-12-04 19:37:00;RUA OLAVO BILAC;AV SGT HERMINIO SAMPAIO;;PRESIDENTE KENNEDY;LKU7094;Colisão;Não informado;Não informado;Não informado;Cruz;Não informado;Cruzamento;0;1;0;1;1;0;0;0;0;0;0;0;0;(-38.5651274 -3.7271283);
PNH5819;2021-12-04 16:49:00;Avenida Presidente Costa e Silva;;;MONDUBIM;PNH5819;Colisão;Não informado;Não informado;Não informado;Não informado;Não informado;Longo da via;0;1;0;1;1;0;0;0;0;0;0;0;0;(-38.56693424291301 -3.816698125544815);
LII1494;2021-12-31 14:54:00;Rua Professor Dias da Rocha;RUA MARCOS MACEDO;;MEIRELES;LII1494;Colisão;Não informado;Não informado;Não informado;Cruz;Não informado;Longo da via;0;1;0;1;1;0;0;0;0;0;0;0;0;(-38.4919002 -3.7361614);
MCE2342;2021-12-04 16:32:00;Rua Viriato Ribeiro;;;BELA VISTA;MCE2342;Colisão;Não informado;Não informado;Não informado;Não informado;Não informado;Longo da via;0;1;0;1;1;0;0;0;0;0;0;0;0;(-38.5617027 -3.7498475);
ILJ1978;2021-12-31 15:20:00;Rua C (Lot Parque Montenegro II);;;PREFEITO JOSE VALTER;ILJ1978;Queda;Não informado;Não informado;Não informado;Meio de quadra;Não informado;Longo da via;0;1;0;0;0;0;0;0;0;1;0;0;0;(-38.5515907278006 -3.835099056726313);
TTI7085;2021-12-04 16:15:00;Rua Rosinha Sampaio;;;JARDIM GUANABARA;TTI7085;Colisão;Não informado;Não informado;Não informado;Não informado;Não informado;Longo da via;0;1;0;1;1;0;0;0;0;0;0;0;0;(-38.59522380000001 -3.7246602);