COD_ACIDENTE;DATA;LOG1;LOG2;NUMERO;BAIRRO;AMC;NATUREZA;ILUMINACAO;TEMPO;SUPERFICIEPISTA;TIPOCRUZAMENTO;CONTROLETRAFEGO;USOSOLO;MORTOS;FERIDOS;ILESOS;MOTOCICLETA;AUTOMOVEL;MICROONIBUS;CAMINHAO;ONIBUS;CICLOMOTOR;BICICLETA;OUTROS;TREM;TRACAOANIMAL;COORDENADAS
ACD7434;2021-12-04 15:49:00;AV DES MOREIRA;;;ALDEOTA;ACD7434;Atropelamento;Não informado;Não informado;Não informado;Não informado;Não informado;Longo da via;0;1;0;0;1;0;0;0;0;0;0;0;0;(-38.4986128 -3.7370942);
KKY9166;2021-12-04 14:32:00;RUA RAIMUNDO ARRUDA;RUA AZEVEDO BOLAO;;PARQUELANDIA;KKY9166;Colisão;Não informado;Não informado;Não informado;Cruz;Não informado;Cruzamento;0;1;0;1;1;0;0;0;0;0;0;0;0;(-38.5517153 -3.735410899999999);
TNS1477;2021-12-31 15:30:00;Rua Maranguape;;;BOM JARDIM;TNS1477;Colisão;Não informado;Não informado;Não informado;Meio de quadra;Não informado;Longo da via;0;2;0;0;0;0;0;0;0;0;0;0;0;(-38.61737624644607 -3.795723935293707);
VEM2374;2021-12-04 14:25:00;Rua Equador;;;ITAOCA;VEM2374;Queda;Não informado;Não informado;Não informado;Não informado;Não informado;Longo da via;0;1;0;1;0;0;0;0;0;0;0;0;0;(-38.5525482 -3.7747154);
HNA2410;2021-12-04 12:35:00;Avenida Rogaciano Leite;;;JARDIM DAS OLIVEIRAS;HNA2410;Colisão;Não informado;Não informado;Não informado;Não informado;Não informado;Longo da via;0;1;0;0;0;0;0;0;0;0;1;0;0;(-38.500871 -3.7771593);
GEU5825;2021-12-31 16:08:00;Rua Doutor José Lino;;;VARJOTA;GEU5825;Colisão;Não informado;Não informado;Não informado;Não informado;Não informado;Longo da via;0;2;0;2;0;0;0;0;0;0;0;0;0;(-38.48388269791042 -3.73036025824582);
CAH3611;2021-12-31 16:38:00;Rua Cônego de Castro;;;PARQUE PRESIDENTE VARGAS;CAH3611;Atropelamento;Não informado;Não informado;Não informado;Meio de quadra;Não informado;Longo da via;0;1;0;1;0;0;0;0;0;0;0;0;0;(-38.59780684267066 -3.812589972723313);
HFZ5890;2021-12-31 16:44:00;Avenida Castelo de Castro;;;JANGURUSSU;HFZ5890;Atropelamento;Não informado;Não informado;Não informado;Meio de quadra;Não informado;Longo da via;0;1;0;1;0;0;0;0;0;0;0;0;0;(-38.52151945715318 -3.843575301286036);
SNF5983;2021-12-04 12:27:00;EST DO JATOBA;;;GRANJA LISBOA;SNF5983;Colisão;Não informado;Não informado;Não informado;Não informado;Não informado;Longo da via;0;1;0;1;1;0;0;0;0;0;0;0;0;(-38.6266422 -3.794235);
UEL7752;2021-12-31 18:02:00;Avenida Ambientalista Ary Thiers;;;VILA VELHA;UEL7752;Colisão;Não informado;Não informado;Não informado;Meio de quadra;Não informado;Longo da via;0;1;0;1;1;0;0;0;0;0;0;0;0;(-38.6005995 -3.715229);
IXI9202;2021-12-31 18:07:00;Rua Professor Edgard de Arruda;RUA MACAPA;;AUTRAN NUNES;IXI9202;Colisão;Não informado;Não informado;Não informado;Cruz;Não informado;Longo da via;0;1;0;1;1;0;0;0;0;0;0;0;0;(-38.59234050515528 -3.754223840906053);
AMP1806;2021-12-31 18:15:00;Avenida Maestro Lisboa;;;SABIAGUABA;AMP1806;Colisão;Não informado;Não informado;Não informado;Meio de quadra;Não informado;Longo da via;0;1;0;1;1;0;0;0;0;0;0;0;0;(-38.44995811758632 -3.805524583074389);
BDL5428;2021-12-31 18:27:00;Avenida Sargento Hermínio Sampaio;;;MONTE CASTELO;BDL5428;Colisão;Não informado;Não informado;Não informado;Meio de quadra;Não informado;Longo da via;0;1;0;1;1;0;0;0;0;0;0;0;0;(-38.55096474443457 -3.724782360005586);
BSH9801;2021-12-04 11:42:00;Rua João Ribeiro;;;ALVARO WEYNE;BSH9801;Queda;Não informado;Não informado;Não informado;Não informado;Não informado;Longo da via;0;1;0;1;0;0;0;0;0;0;0;0;0;(-38.56786470000001 -3.7199375);
FWL3717;2021-12-04 11:34:00;AV MON AMARILIO RODRIGUES;;;JANGURUSSU;FWL3717;Queda;Não informado;Não informado;Não informado;Não informado;Não informado;Longo da via;0;1;0;1;0;0;0;0;0;0;0;0;0;(-38.52368 -3.83514);
LMM9384;2021-12-04 10:50:00;Avenida Mister Hull;;;ANTONIO BEZERRA;LMM9384;Queda;Não informado;Não informado;Não informado;Não informado;Não informado;Longo da via;0;1;0;1;0;0;0;0;0;0;0;0;0;(-38.5918137 -3.7395231);
QGS4237;2021-12-04 10:11:00;AV DEP PAULINO ROCHA;;;CASTELAO;QGS4237;Colisão;Não informado;Não informado;Não informado;Não informado;Não informado;Longo da via;0;1;0;1;0;0;1;0;0;0;0;0;0;(-38.5132602 -3.8119276);
QUI0934;2021-12-04 10:10:00;Avenida General Osório de Paiva;;;SIQUEIRA;QUI0934;Colisão;Não informado;Não informado;Não informado;Não informado;Não informado;Longo da via;0;1;0;1;1;0;0;0;0;0;0;0;0;(-38.5949496 -3.7975027);
LMQ7658;2021-12-31 19:42:00;Rua 15 de Novembro;RUA ANTONIO FIUZA;;MONTESE;LMQ7658;Colisão;Não informado;Não informado;Não informado;Não informado;Não informado;Longo da via;0;1;0;1;1;0;0;0;0;0;0;0;0;(-38.5522549 -3.7702479);
ZIC9607;2021-12-04 10:01:00;AV WASHINGTON SOARES;RUA PEDRO A SILVA;;MESSEJANA;ZIC9607;Colisão;Não informado;Não informado;Não informado;T;Não informado;Cruzamento;0;2;0;1;1;0;0;0;0;0;0;0;0;(-38.4833346 -3.8178121);
DXB5478;2021-12-31 21:30:00;Rua Teófilo Cordeiro;;;AEROLANDIA;DXB5478;Colisão;Não informado;Não informado;Não informado;Não informado;Não informado;Longo da via;0;1;0;1;1;0;0;0;0;0;0;0;0;(-38.51426676374231 -3.775024987415325);
CJD9349;2021-12-31 23:10:00;Rua Luciano Alves;;;JANGURUSSU;CJD9349;Colisão;Não informado;Não informado;Não informado;Meio de quadra;Não informado;Longo da via;0;1;0;1;1;0;0;0;0;0;0;0;0;(-38.51087108947527 -3.848981159920624);
QJA7443;2021-12-31 23:20:00;Rua Humaitá;;;CONJUNTO CEARA II;QJA7443;Queda;Não informado;Não informado;Não informado;Meio de quadra;Não informado;Longo da via;0;1;0;0;0;0;0;0;0;1;0;0;0;(-38.60142782601365 -3.765052703582711);
ONZ3250;2021-12-04 09:47:00;Avenida Jovita Feitosa;;;PARQUELANDIA;ONZ3250;Queda;Não informado;Não informado;Não informado;Não informado;Não informado;Longo da via;0;1;0;1;0;0;0;0;0;0;0;0;0;(-38.562629 -3.7412905);
WCC2835;2021-12-04 09:39:00;Avenida Treze de Maio;;;FATIMA;WCC2835;Queda;Não informado;Não informado;Não informado;Não informado;Não informado;Longo da via;0;1;0;1;0;0;0;0;0;0;0;0;0;(-38.5311041 -3.7480135);
WFF4984;2021-12-04 08:22:00;Avenida Godofredo Maciel;;;PARANGABA;WFF4984;Colisão;Não informado;Não informado;Não informado;Não informado;Não informado;Longo da via;0;1;0;0;0;0;0;0;0;0;1;0;0;(-38.5662379 -3.7843739);
YQD8610;2021-12-04 07:47:00;Rua Gustavo Braga;;;RODOLFO TEOFILO;YQD8610;Colisão;Não informado;Não informado;Não informado;Não informado;Não informado;Longo da via;0;1;0;0;0;0;0;0;0;0;1;0;0;(-38.556152 -3.7479895);
EBV4998;2021-12-04 06:28:00;Avenida Mister Hull;;;ANTONIO BEZERRA;EBV4998;Colisão;Não informado;Não informado;Não informado;Não informado;Não informado;Longo da via;0;1;0;1;1;0;0;0;0;0;0;0;0;(-38.5939938 -3.740458);
BKU5521;2021-12-04 00:00:00;Avenida Borges de Melo;;;FATIMA;BKU5521;Colisão;Não informado;Não informado;Não informado;Não informado;Não informado;Longo da via;0;2;0;2;0;0;0;0;0;0;0;0;0;(-38.5283938 -3.7602384);
LZD5162;2021-12-03 22:55:00;AV ALDYR MENTOR;;;MANUEL DIAS BRANCO;LZD5162;Queda;Não informado;Não informado;Não informado;Não informado;Não informado;Longo da via;0;1;0;1;0;0;0;0;0;0;0;0;0;(-38.4605377 -3.7536424);
RNP5788;2021-12-03 21:53:00;Rua Espírito Santo;;;BELA VISTA;RNP5788;Colisão;Não informado;Não informado;Não informado;Não informado;Não informado;Longo da via;0;1;0;0;0;0;0;0;0;0;1;0;0;(-38.5669723 -3.7508036);
RNP5788;2021-12-03 21:27:00;Avenida Mister Hull;;;ANTONIO BEZERRA;RNP5788;Colisão;Não informado;Não informado;Não informado;Não informado;Não informado;Longo da via;0;1;0;2;0;0;0;0;0;0;0;0;0;(-38.5918137 -3.7395231);
ATO6272;2021-12-03 21:18:00;Avenida José Bastos;;;DEMOCRITO ROCHA;ATO6272;Colisão;Não informado;Não informado;Não informado;Não informado;Não informado;Longo da via;0;1;0;0;0;0;0;0;0;0;1;0;0;(-38.5538414 -3.7538649);
DCX1386;2021-12-03 20:41:00;Rua General Mário Hermes;;;FLORESTA;DCX1386;Queda;Não informado;Não informado;Não informado;Não informado;Não informado;Longo da via;0;1;0;1;0;0;0;0;0;0;0;0;0;(-38.57662 -3.7143592);
DCX1386;2021-12-03 20:10:00;AV DR SILAS MUNGUBA;;;ITAPERI;DCX1386;Queda;Não informado;Não informado;Não informado;Não informado;Não informado;Longo da via;0;1;0;1;0;0;0;0;0;0;0;0;0;(-38.548393 -3.7887464);
WDU8952;2021-12-03 19:58:00;Rua Gastão Justa;RUA CEL MANUEL ALBANO;;MONDUBIM;WDU8952;Queda;Não informado;Não informado;Não informado;Cruz;Não informado;Cruzamento;0;1;0;1;0;0;0;0;0;0;0;0;0;(-38.5699236 -3.8063293);
LZS1349;2021-12-03 19:23:00;Rua Sargento João Pinheiro;;;BOM JARDIM;LZS1349;Colisão;Não informado;Não informado;Não informado;Não informado;Não informado;Longo da via;0;1;0;0;0;0;0;0;0;0;1;0;0;(-38.6231858 -3.7841572);
XAP9393;2021-12-03 19:07:00;Avenida L;;;VILA VELHA;XAP9393;Colisão;Não informado;Não informado;Não informado;Não informado;Não informado;Longo da via;0;1;0;0;0;0;0;0;0;0;1;0;0;(-38.6006762 -3.7144911);
QHT8249;2021-12-03 18:28:00;Avenida Senador Fernandes Távora;;;AUTRAN NUNES;QHT8249;Atropelamento;Não informado;Não informado;Não informado;Não informado;Não informado;Longo da via;0;1;0;0;1;0;0;0;0;0;0;0;0;(-38.5937402 -3.7561086);
QWL6269;2021-12-03 18:15:00;RUA ARAQUEM;;;BARRA DO CEARA;QWL6269;Colisão;Não informado;Não informado;Não informado;Não informado;Não informado;Longo da via;0;1;0;1;1;0;0;0;0;0;0;0;0;(-38.5786712 -3.706754);
SEM8768;2021-12-03 18:02:00;Rua Humberto Lomeu;;;GRANJA LISBOA;SEM8768;Colisão;Não informado;Não informado;Não informado;Não informado;Não informado;Longo da via;0;1;0;1;1;0;0;0;0;0;0;0;0;(-38.6141751 -3.7787011);
TDD6311;2021-12-03 15:56:00;RUA PDE VALDEVINO;AV DES MOREIRA;;ALDEOTA;TDD6311;Colisão;Não informado;Não informado;Não informado;Cruz;Não informado;Cruzamento;0;2;0;1;1;0;0;0;0;0;0;0;0;(-38.5008975 -3.744083799999999);
QUT8550;2021-12-03 14:47:00;BR 116;;;SAO JOAO DO TAUAPE;QUT8550;Colisão;Não informado;Não informado;Não informado;Não informado;Não informado;Longo da via;0;3;0;1;1;0;0;0;0;0;0;0;0;(-38.5192496 -3.7600264);
SXK5105;2021-12-03 13:35:00;Rodovia Estrada do Guarani (BR116);;;MESSEJANA;SXK5105;Colisão;Não informado;Não informado;Não informado;Não informado;Não informado;Longo da via;0;1;0;1;1;0;0;0;0;0;0;0;0;(-38.5041401 -3.8259496);
XHG2582;2021-12-03 12:52:00;Rua Paraguaçú;;;SERRINHA;XHG2582;Colisão;Não informado;Não informado;Não informado;Não informado;Não informado;Longo da via;0;1;0;1;1;0;0;0;0;0;0;0;0;(-38.5390909 -3.7852582);
OBW2626;2021-12-03 12:50:00;Avenida Professor Gomes de Matos;;;MONTESE;OBW2626;Colisão;Não informado;Não informado;Não informado;Não informado;Não informado;Longo da via;0;1;0;2;0;0;0;0;0;0;0;0;0;(-38.5469933 -3.7629782);
EJT9567;2021-12-03 11:35:00;Avenida Domingos Olímpio;;;JOSE BONIFACIO;EJT9567;Colisão;Não informado;Bom;Não informado;Não informado;Não informado;Longo da via;0;1;0;0;0;0;0;0;0;0;1;0;0;(-38.5262507 -3.7383321);
CKV5054;2021-12-03 11:23:00;AV JOAO DE ARAUJO LIMA;;;PREFEITO JOSE VALTER;CKV5054;Colisão;Não informado;Não informado;Não informado;Não informado;Não informado;Longo da via;0;1;0;0;0;0;0;0;0;0;1;0;0;(-38.5606148 -3.8324239);
ZOY3750;2021-12-03 09:27:00;AV HUMBERTO MONTE;AV JOVITA FEITOSA;;PICI;ZOY3750;Colisão;Não informado;Não informado;Não informado;Cruz;Não informado;Cruzamento;0;1;0;1;1;0;0;0;0;0;0;0;0;(-38.5664008 -3.7420298);
PNC2425;2021-12-03 09:21:00;Rua Professor José Henrique;;;MESSEJANA;PNC2425;Colisão;Não informado;Não informado;Não informado;Não informado;Não informado;Longo da via;0;1;0;1;1;0;0;0;0;0;0;0;0;(-38.4864501 -3.8296313);
ZMW1048;2021-12-03 02:57:00;Rua Coronel Jucá;RUA DES LEITE ALBUQUERQUE;;MEIRELES;ZMW1048;Colisão;Não informado;Não informado;Não informado;Cruz;Não informado;Cruzamento;0;1;0;1;1;0;0;0;0;0;0;0;0;(-38.491855 -3.7394319);
YQJ8501;2021-12-03 02:32:00;AV DEP PAULINO ROCHA;;;BOA VISTA;YQJ8501;Queda;Não informado;Não informado;Não informado;Não informado;Não informado;Longo da via;0;1;0;1;0;0;0;0;0;0;0;0;0;(-38.5189769 -3.8101826);
OXE7119;2021-12-03 00:08:00;Avenida Contôrno Norte;;;CONJUNTO ESPERANCA;OXE7119;Colisão;Não informado;Não informado;Não informado;Não informado;Não informado;Longo da via;0;1;0;1;1;0;0;0;0;0;0;0;0;(-38.5918875 -3.8095322);
BJO6860;2021-12-02 21:53:00;Rua Professor Heribaldo Costa;;;HENRIQUE JORGE;BJO6860;Colisão;Não informado;Não informado;Não informado;Não informado;Não informado;Longo da via;0;1;0;2;0;0;0;0;0;0;0;0;0;(-38.582089 -3.756806);
SPU1574;2021-12-02 21:43:00;Rua Dom Carloto Távora;;;ITAOCA;SPU1574;Atropelamento;Não informado;Não informado;Não informado;Não informado;Não informado;Longo da via;0;1;0;1;0;0;0;0;0;0;0;0;0;(-38.5554957 -3.7700181);
YRN6575;2021-12-02 21:25:00;Rua Siqueira Campos;;;SIQUEIRA;YRN6575;Colisão;Não informado;Não informado;Não informado;Não informado;Não informado;Longo da via;0;1;0;1;0;0;0;0;0;0;0;0;0;(-38.6259953 -3.815375);
EOA3929;2021-12-02 20:49:00;Rua Misericórdia;RUA GUILHERME MENDES;;JARDIM IRACEMA;EOA3929;Colisão;Não informado;Não informado;Não informado;Cruz;Não informado;Cruzamento;0;1;0;2;0;0;0;0;0;0;0;0;0;(-38.5852332 -3.7208123);
WNU0608;2021-12-02 20:49:00;Rua Professor Heribaldo Costa;;;HENRIQUE JORGE;WNU0608;Colisão;Não informado;Não informado;Não informado;Não informado;Não informado;Longo da via;0;1;0;1;1;0;0;0;0;0;0;0;0;(-38.58296 -3.758851);
HAE7091;2021-12-02 20:33:00;Rua Solon Pinheiro;;;CENTRO;HAE7091;Colisão;Não informado;Não informado;Não informado;Não informado;Não informado;Longo da via;0;1;0;0;0;0;0;0;0;0;1;0;0;(-38.5280603 -3.7355223);
ATN3840;2021-12-02 20:22:00;Avenida Pasteur;;;CARLITO PAMPLONA;ATN3840;Colisão;Não informado;Não informado;Não informado;Não informado;Não informado;Longo da via;0;1;0;1;1;0;0;0;0;0;0;0;0;(-38.5588492 -3.7118301);
HYQ3584;2021-12-02 20:22:00;Rua Luís Tôrres;RUA NORUEGA;;MARAPONGA;HYQ3584;Colisão;Não informado;Não informado;Não informado;Cruz;Não informado;Cruzamento;0;1;0;1;1;0;0;0;0;0;0;0;0;(-38.5655856 -3.7922426);
QIJ3816;2021-12-02 20:16:00;Avenida Professor Gomes de Matos;;;MONTESE;QIJ3816;Colisão;Não informado;Não informado;Não informado;Não informado;Não informado;Longo da via;0;1;0;1;1;0;0;0;0;0;0;0;0;(-38.5468772 -3.7626136);
CLZ0478;2021-12-02 19:55:00;RUA ALBERTO MAGNO;;;MONTESE;CLZ0478;Colisão;Não informado;Não informado;Não informado;Não informado;Não informado;Longo da via;0;1;0;1;1;0;0;0;0;0;0;0;0;(-38.5459676 -3.7600478);
WEU3533;2021-12-02 19:44:00;Avenida Washington Soares;;;MESSEJANA;WEU3533;Colisão;Não informado;Não informado;Não informado;Não informado;Não informado;Longo da via;0;1;0;2;0;0;0;0;0;0;0;0;0;(-38.4824326116206 -3.831812673499151);
RZZ7297;2021-12-02 18:56:00;Avenida Duque de Caxias;AV TRISTAO GONCALVES;;CENTRO;RZZ7297;Atropelamento;Não informado;Não informado;Não informado;Não informado;Não informado;Longo da via;0;1;0;0;1;0;0;0;0;0;0;0;0;(-38.5342362 -3.7304373);
EBY8333;2021-12-02 18:34:00;Rua Thompson Goncalves;;;BONSUCESSO;EBY8333;Colisão;Não informado;Não informado;Não informado;Não informado;Não informado;Longo da via;0;1;0;1;1;0;0;0;0;0;0;0;0;(-38.5830264 -3.7837807);
MXM7660;2021-12-02 17:23:00;Avenida Treze de Maio;;;BENFICA;MXM7660;Colisão;Não informado;Não informado;Não informado;Não informado;Não informado;Longo da via;0;1;0;1;1;0;0;0;0;0;0;0;0;(-38.5420246 -3.7383223);
ZWC2914;2021-12-02 16:22:00;Avenida Bernardo Manuel;;;SERRINHA;ZWC2914;Colisão;Não informado;Não informado;Não informado;Meio de quadra;Não informado;Longo da via;0;1;0;2;0;0;0;0;0;0;0;0;0;(-38.5473113 -3.7846727);
LTC9757;2021-12-02 16:13:00;Avenida Doutor Silas Munguba;;;PASSARE;LTC9757;Atropelamento;Não informado;Não informado;Não informado;Meio de quadra;Não informado;Longo da via;0;1;0;0;1;0;0;0;0;0;0;0;0;(-38.5607618 -3.7787967);
DGU4489;2021-12-02 15:54:00;Rua Senador Robert Kennedy;;;BARRA DO CEARA;DGU4489;Colisão;Não informado;Não informado;Não informado;Meio de quadra;Não informado;Longo da via;0;1;0;1;1;0;0;0;0;0;0;0;0;(-38.5787289 -3.7029161);
PTG0677;2021-12-02 15:49:00;Rua José Bastos;;;RODOLFO TEOFILO;PTG0677;Colisão;Não informado;Não informado;Não informado;Meio de quadra;Não informado;Longo da via;0;1;0;1;1;0;0;0;0;0;0;0;0;(-38.5523273 -3.7516207);
JEE4101;2021-12-02 15:08:00;Rua Coronel Matos Dourado;;;DOM LUSTOSA;JEE4101;Queda;Não informado;Não informado;Não informado;Meio de quadra;Não informado;Longo da via;0;1;0;1;0;0;0;0;0;0;0;0;0;(-38.5832515 -3.7546134);
THL1440;2021-12-02 15:08:00;AV HUMBERTO MONTE;AV JOVITA FEITOSA;;AMADEU FURTADO;THL1440;Colisão;Não informado;Não informado;Não informado;Cruz;Não informado;Cruzamento;0;2;0;2;0;0;0;0;0;0;0;0;0;(-38.5664008 -3.7420298);
FGZ4520;2021-12-02 14:35:00;Avenida Presidente Castelo Branco;;;MOURA BRASIL;FGZ4520;Colisão;Não informado;Não informado;Não informado;Não informado;Não informado;Longo da via;0;1;0;1;1;0;0;0;0;0;0;0;0;(-38.5280575 -3.7206876);
ZVK9263;2021-12-02 13:53:00;Rua Doutor Alísio Mamede;;;VARJOTA;ZVK9263;Colisão;Não informado;Não informado;Não informado;Não informado;Não informado;Longo da via;0;1;0;1;1;0;0;0;0;0;0;0;0;(-38.48389343425298 -3.733170606233696);
LLS3145;2021-12-02 13:48:00;Avenida L;;;VILA VELHA;LLS3145;Colisão;Não informado;Não informado;Não informado;Não informado;Não informado;Longo da via;0;1;0;1;1;0;0;0;0;0;0;0;0;(-38.600912 -3.7150572);
WEH9766;2021-12-02 12:35:00;Rua José Torres;RUA TEODORO DE CASTRO;;GRANJA PORTUGAL;WEH9766;Colisão;Não informado;Não informado;Não informado;Não informado;Não informado;Cruzamento;0;1;0;1;1;0;0;0;0;0;0;0;0;(-38.6071051 -3.7791741);
QAP5452;2021-12-02 12:19:00;Avenida Washington Soares;;;EDSON QUEIROZ;QAP5452;Queda;Não informado;Não informado;Não informado;Não informado;Não informado;Longo da via;0;1;0;0;0;0;0;0;0;1;0;0;0;(-38.481665 -3.7762191);
FNS0531;2021-12-02 11:41:00;Avenida Mister Hull;;;ANTONIO BEZERRA;FNS0531;Atropelamento;Não informado;Não informado;Não informado;Não informado;Não informado;Longo da via;0;1;0;1;0;0;0;0;0;0;0;0;0;(-38.5839456 -3.7389967);
WLR5879;2021-12-02 11:24:00;Rua Beta;;;PASSARE;WLR5879;Colisão;Não informado;Não informado;Não informado;Não informado;Não informado;Longo da via;0;1;0;0;0;0;0;0;0;0;1;0;0;(-38.5285284 -3.8106446);
LPE1438;2021-12-02 11:07:00;Avenida Val Paraíso;;;CONJUNTO PALMEIRAS;LPE1438;Queda;Não informado;Não informado;Não informado;Não informado;Não informado;Longo da via;0;1;0;1;0;0;0;0;0;0;0;0;0;(-38.5284155 -3.8418714);
MTQ1003;2021-12-02 10:49:00;Avenida Carneiro de Mendonça;;;JOQUEI CLUBE;MTQ1003;Atropelamento;Não informado;Não informado;Não informado;Não informado;Não informado;Longo da via;0;1;0;0;1;0;0;0;0;0;0;0;0;(-38.5718512 -3.761204799999999);
YRY1891;2021-12-02 10:42:00;AV SGR HERMINIO SAMPAIO;;;VILA ELLERY;YRY1891;Colisão;Não informado;Não informado;Não informado;Não informado;Não informado;Longo da via;0;1;0;1;1;0;0;0;0;0;0;0;0;(-38.563 -3.72681);
FQD9756;2021-12-02 10:37:00;AV JOSE JATAHY;;;JACARECANGA;FQD9756;Colisão;Não informado;Não informado;Não informado;Não informado;Não informado;Longo da via;0;1;0;2;0;0;0;0;0;0;0;0;0;(-38.5463432 -3.7221948);
QUW2233;2021-12-02 07:52:00;Avenida Frei Cirilo;;;MESSEJANA;QUW2233;Colisão;Não informado;Não informado;Não informado;Não informado;Não informado;Longo da via;0;1;0;0;2;0;0;0;0;0;0;0;0;(-38.499451 -3.8129726);
RNA5835;2021-12-02 07:03:00;Avenida Presidente Castelo Branco;;;MOURA BRASIL;RNA5835;Atropelamento;Não informado;Não informado;Não informado;Não informado;Não informado;Longo da via;0;1;0;0;1;0;0;0;0;0;0;0;0;(-38.5325047 -3.7188541);
RNA5835;2021-12-02 02:09:00;Estrada Do Siqueira;RUA CON DE CASTRO;;PARQUE SAO JOSE;RNA5835;Colisão;Não informado;Não informado;Não informado;Não informado;Não informado;Cruzamento;0;1;0;0;0;0;0;0;0;0;1;0;0;(-38.5943041 -3.8076285);
BVM5849;2021-12-02 00:40:00;Rua 12;;;MONDUBIM;BVM5849;Colisão;Não informado;Não informado;Não informado;Não informado;Não informado;Longo da via;0;1;0;2;0;0;0;0;0;0;0;0;0;(-38.5797763 -3.8149661);
XKQ0799;2021-12-02 00:17:00;Avenida C;;;CONJUNTO CEARA II;XKQ0799;Colisão;Não informado;Não informado;Não informado;Não informado;Não informado;Longo da via;0;2;0;2;0;0;0;0;0;0;0;0;0;(-38.6155963 -3.7741458);
QDT4046;2021-12-01 23:41:00;Avenida General Osório de Paiva;;;CANINDEZINHO;QDT4046;Colisão;Não informado;Não informado;Não informado;Não informado;Não informado;Longo da via;0;2;0;2;0;0;0;0;0;0;0;0;0;(-38.6013936 -3.8045554);
YSV2126;2021-12-01 21:41:00;Avenida Godofredo Maciel;;;CONJUNTO ESPERANCA;YSV2126;Atropelamento;Não informado;Não informado;Não informado;Não informado;Não informado;Longo da via;0;1;0;0;1;0;0;0;0;0;0;0;0;(-38.5810602 -3.8309182);
DPA2105;2021-12-01 21:21:00;AV CARLOS JEREISSATI;;;SERRINHA;DPA2105;Queda;Não informado;Não informado;Não informado;Não informado;Não informado;Longo da via;0;1;0;1;0;0;0;0;0;0;0;0;0;(-38.5416215 -3.7803066);
DGR2120;2021-12-01 21:13:00;Avenida Godofredo Maciel;;;MARAPONGA;DGR2120;Colisão;Não informado;Não informado;Não informado;Não informado;Não informado;Longo da via;0;2;0;0;0;0;0;0;0;0;1;0;0;(-38.574357 -3.8163394);
RRX5139;2021-12-01 21:10:00;Avenida da Saudade;;;PASSARE;RRX5139;Colisão;Não informado;Não informado;Não informado;Não informado;Não informado;Longo da via;0;1;0;1;1;0;0;0;0;0;0;0;0;(-38.5316062 -3.8135656);
PXH1022;2021-12-01 20:25:00;Avenida Maria Gomes de Sá;;;MONDUBIM;PXH1022;Colisão;Não informado;Não informado;Não informado;Não informado;Não informado;Longo da via;0;1;0;0;0;0;0;0;0;0;1;0;0;(-38.5845529 -3.8230078);
YAR0689;2021-12-01 19:06:00;Rua Altaneira;;;JARDIM IRACEMA;YAR0689;Queda;Não informado;Não informado;Não informado;Não informado;Não informado;Longo da via;0;1;0;1;0;0;0;0;0;0;0;0;0;(-38.580548 -3.727825);
XLF7757;2021-12-01 18:54:00;Avenida Mister Hull;;;ANTONIO BEZERRA;XLF7757;Colisão;Não informado;Não informado;Não informado;Não informado;Não informado;Longo da via;0;1;0;1;1;0;0;0;0;0;0;0;0;(-38.5918137 -3.7395231);
BCO2315;2021-12-01 18:45:00;Avenida Deputado Paulino Rocha;;;CASTELAO;BCO2315;Colisão;Não informado;Não informado;Não informado;Não informado;Não informado;Longo da via;0;1;0;0;0;0;0;0;0;0;1;0;0;(-38.5162212 -3.8108679);
CSV1789;2021-12-01 17:02:00;Rua Dom Henrique;RUA CON DE CASTRO;;MANOEL SATIRO;CSV1789;Colisão;Não informado;Não informado;Não informado;Não informado;Não informado;Cruzamento;0;1;0;1;1;0;0;0;0;0;0;0;0;(-38.5784513 -3.790442);
EZD3119;2021-12-01 15:45:00;Rua Cônego de Castro;;;PARQUE SANTA ROSA;EZD3119;Atropelamento;Não informado;Não informado;Não informado;Não informado;Não informado;Longo da via;0;1;0;1;0;0;0;0;0;0;0;0;0;(-38.5983227 -3.8134652);
LGQ4316;2021-12-01 14:44:00;Rua Quatro de Outubro;;;MONDUBIM;LGQ4316;Colisão;Não informado;Não informado;Não informado;Não informado;Não informado;Longo da via;0;1;0;1;1;0;0;0;0;0;0;0;0;(-38.5905089 -3.8343588);
CNZ2159;2021-12-01 14:18:00;Avenida João Pessoa;;;PARANGABA;CNZ2159;Colisão;Não informado;Não informado;Não informado;Não informado;Não informado;Longo da via;0;1;0;2;0;0;0;0;0;0;0;0;0;(-38.5601806 -3.7681754);
VRB0466;2021-12-01 14:14:00;Avenida A;;;CONJUNTO CEARA I;VRB0466;Não informado;Não informado;Não informado;Não informado;Não informado;Não informado;Longo da via;0;1;0;1;1;0;0;0;0;0;0;0;0;(-38.6051034 -3.7715867);
IZW4736;2021-12-01 14:05:00;Rua Ceará;;;DEMOCRITO ROCHA;IZW4736;Colisão;Não informado;Não informado;Não informado;Não informado;Não informado;Longo da via;0;1;0;2;0;0;0;0;0;0;0;0;0;(-38.5637201 -3.7601614);