COD_ACIDENTE;DATA;LOG1;LOG2;NUMERO;BAIRRO;AMC;NATUREZA;ILUMINACAO;TEMPO;SUPERFICIEPISTA;TIPOCRUZAMENTO;CONTROLETRAFEGO;USOSOLO;MORTOS;FERIDOS;ILESOS;MOTOCICLETA;AUTOMOVEL;MICROONIBUS;CAMINHAO;ONIBUS;CICLOMOTOR;BICICLETA;OUTROS;TREM;TRACAOANIMAL;COORDENADAS
ISY9172;2021-12-01 13:40:00;Avenida Sargento Hermínio Sampaio;;;PRESIDENTE KENNEDY;ISY9172;Colisão;Não informado;Não informado;Não informado;Não informado;Não informado;Longo da via;0;2;0;1;1;0;0;0;0;0;0;0;0;(-38.5727432 -3.728748);
WMK2540;2021-12-01 11:25:00;Rua Chico Lemos;AV OLIVEIRA PAIVA;;CIDADE DOS FUNCIONRAIOS;WMK2540;Colisão;Não informado;Não informado;Não informado;Não informado;Não informado;Cruzamento;0;1;0;1;1;0;0;0;0;0;0;0;0;(-38.49707859999999 -3.7958774);
LBL3118;2021-12-01 10:56:00;BR-116;;;JARDIM DAS OLIVEIRAS;LBL3118;Colisão;Não informado;Não informado;Não informado;Não informado;Não informado;Longo da via;0;1;0;1;1;0;0;0;0;0;0;0;0;(-38.512678 -3.7832601);
EFM4915;2021-12-01 09:37:00;Avenida Ministro José Américo;;;CAMBEBA;EFM4915;Colisão;Não informado;Não informado;Não informado;Meio de quadra;Não informado;Longo da via;0;1;0;2;0;0;0;0;0;0;0;0;0;(-38.4863826 -3.8091057);
MWR7729;2021-12-01 08:56:00;Rua Antônio Fiúza;;;MONTESE;MWR7729;Colisão;Não informado;Não informado;Não informado;Meio de quadra;Não informado;Longo da via;0;1;0;1;1;0;0;0;0;0;0;0;0;(-38.5514739 -3.7682293);
HVX4021;2021-01-07 11:30:00;Avenida Governador Raul Barbosa;;;SAO JOAO DO TAUAPE;969272;Colisão Traseira;Luz do Dia;Nublado;Seca;Meio de quadra;Não há Controle;Longo da via;0;0;2;0;2;0;0;0;0;0;0;0;0;(-38.5037362 -3.7534835);
QWM9951;2021-11-16 01:19:00;Rua Gustavo Sampaio;RUA DOM LINO;;PARQUELANDIA;QWM9951;Colisão;Não informado;Não informado;Não informado;Cruz;Não informado;Cruzamento;0;1;0;1;1;0;0;0;0;0;0;0;0;(-38.56149511579332 -3.736468069737732);
NCP6213;2021-11-14 22:42:00;Rua Anselmo Nogueira;;;BONSUCESSO;NCP6213;Queda;Não informado;Não informado;Não informado;Meio de quadra;Não informado;Longo da via;0;1;0;0;0;0;0;0;0;1;0;0;0;(-38.58742669824 -3.782042451850312);
HQS7087;2021-11-14 22:19:00;Avenida Godofredo Maciel;AV PERIMETRAL;;MONDUBIM;HQS7087;Colisão;Não informado;Não informado;Não informado;Cruz;Não informado;Longo da via;0;1;0;0;0;0;0;0;0;0;0;0;0;(-38.57477208396173 -3.811626513914951);
YSX3919;2021-11-15 23:35:00;Rua Betel;;;ITAPERI;YSX3919;Queda;Não informado;Não informado;Não informado;Meio de quadra;Não informado;Longo da via;0;1;0;1;0;0;0;0;0;0;0;0;0;(-38.5526492 -3.7922126);
GOY8166;2021-11-15 22:56:00;VIA EXPRESSA;;;MUCURIPE;GOY8166;Colisão;Não informado;Não informado;Não informado;Meio de quadra;Não informado;Longo da via;0;2;0;1;1;0;0;0;0;0;0;0;0;(-38.4895892 -3.7435603);
WFN6991;2021-11-14 21:20:00;Avenida Doutor Silas Munguba;;;PARANGABA;WFN6991;Colisão;Não informado;Não informado;Não informado;Meio de quadra;Não informado;Longo da via;0;1;0;2;0;0;0;0;0;0;0;0;0;(-38.55644718576004 -3.781812284199681);
PZK3901;2021-11-15 20:24:00;Avenida Presidente Juscelino Kubitschek;;;PASSARE;PZK3901;Colisão;Não informado;Não informado;Não informado;Meio de quadra;Não informado;Longo da via;0;1;0;1;1;0;0;0;0;0;0;0;0;(-38.5270393 -3.809663);
PTE7203;2021-11-14 21:13:00;Avenida Odilon Guimarães;;;LAGOA REDONDA;PTE7203;Colisão;Não informado;Não informado;Não informado;Meio de quadra;Não informado;Longo da via;0;1;0;1;1;0;0;0;0;0;0;0;0;(-38.46840634814124 -3.815223421290073);
HUS0337;2021-11-15 19:10:00;Rua Carlos Vasconcelos;;;MEIRELES;HUS0337;Colisão;Não informado;Não informado;Não informado;Meio de quadra;Não informado;Longo da via;0;1;0;1;1;0;0;0;0;0;0;0;0;(-38.5096683 -3.7303045);
NIQ0815;2021-11-14 20:44:00;Avenida Sargento Hermínio Sampaio;RUA MOZART PINTO;;MONTE CASTELO;NIQ0815;Queda;Não informado;Não informado;Não informado;Cruz;Não informado;Longo da via;0;1;0;1;0;0;0;0;0;0;0;0;0;(-38.5517539 -3.7247869);
ZRU9839;2021-11-15 17:23:00;Avenida General Osório de Paiva;;;SIQUEIRA;ZRU9839;Colisão;Não informado;Não informado;Não informado;Meio de quadra;Não informado;Longo da via;0;4;0;2;0;0;0;0;0;0;0;0;0;(-38.6120921 -3.8143736);
ANP7383;2021-11-14 20:20:00;Avenida Presidente Juscelino Kubitschek;;;PASSARE;ANP7383;Colisão;Não informado;Não informado;Não informado;Meio de quadra;Não informado;Longo da via;0;1;0;1;1;0;0;0;0;0;0;0;0;(-38.5321687 -3.8168436);
PPX4152;2021-11-14 20:04:00;Avenida Edilson Brasil Soares;;;SAPIRANGA / COITE;PPX4152;Colisão;Não informado;Não informado;Não informado;Meio de quadra;Não informado;Longo da via;0;1;0;0;0;0;0;0;0;0;0;0;0;(-38.46248776543793 -3.787889542759613);
QWF2779;2021-11-15 16:23:00;Avenida Treze de Maio;;;BENFICA;QWF2779;Colisão;Não informado;Não informado;Não informado;Meio de quadra;Não informado;Longo da via;0;1;0;1;1;0;0;0;0;0;0;0;0;(-38.5354317 -3.744576599999999);
RWL0508;2021-11-14 19:52:00;Rua Juvêncio Sales;;;MONDUBIM;RWL0508;Queda;Não informado;Não informado;Não informado;Meio de quadra;Não informado;Longo da via;0;1;0;0;0;0;0;0;0;1;0;0;0;(-38.58966903177922 -3.829118475469734);
RWL0508;2021-11-14 18:12:00;Rua João Evangelista;;;VICENTE PINZON;RWL0508;Queda;Não informado;Não informado;Não informado;Meio de quadra;Não informado;Longo da via;0;1;0;1;0;0;0;0;0;0;0;0;0;(-38.47886699848609 -3.727956734455309);
XQU8386;2021-11-14 17:20:00;Avenida Coronel Virgílio Nogueira;;;BOM JARDIM;XQU8386;Colisão;Não informado;Não informado;Não informado;Meio de quadra;Não informado;Longo da via;0;1;0;0;1;0;0;0;0;1;0;0;0;(-38.60811725975379 -3.787031186833653);
URC8466;2021-11-14 17:14:00;Rua São Raimundo;;;PIRAMBU;URC8466;Queda;Não informado;Não informado;Não informado;Meio de quadra;Não informado;Longo da via;0;1;0;0;0;0;0;0;0;1;0;0;0;(-38.55704264671738 -3.708043100196551);
QIX5929;2021-11-14 17:07:00;Avenida Presidente Costa e Silva;;;PREFEITO JOSE VALTER;QIX5929;Colisão;Não informado;Não informado;Não informado;Meio de quadra;Não informado;Longo da via;0;2;0;0;2;0;0;0;0;0;0;0;0;(-38.55027807687638 -3.823482334640859);
EIR5595;2021-11-14 16:16:00;Rua Professor Francisco Gonçalves;;;DIONISIO TORRES;EIR5595;Atropelamento;Não informado;Não informado;Não informado;Meio de quadra;Não informado;Longo da via;0;1;0;0;1;0;0;0;0;0;0;0;0;(-38.49245504495936 -3.749695270251742);
YMB3707;2021-11-14 14:10:00;Rua Pernambuco;RUA RIO GRANDE DO SUL;;DEMOCRITO ROCHA;YMB3707;Colisão;Não informado;Não informado;Não informado;Cruz;Não informado;Longo da via;0;1;0;0;2;0;0;0;0;0;0;0;0;(-38.56844738349736 -3.760042430896391);
FUA3158;2021-11-14 13:28:00;Avenida Padre Antônio Tomás;;;COCO;FUA3158;Queda;Não informado;Não informado;Não informado;Meio de quadra;Não informado;Longo da via;0;1;0;0;0;0;0;0;0;1;0;0;0;(-38.48973528994441 -3.743266372574956);
PSM5388;2021-11-14 11:51:00;Rua Nenê Gonçalves Barreira;AV MIN JOSE AMERICO;;CAMBEBA;PSM5388;Colisão;Não informado;Não informado;Não informado;Cruz;Não informado;Longo da via;0;2;0;1;1;0;0;0;0;0;0;0;0;(-38.4811104 -3.8117334);
NDG7642;2021-11-14 10:41:00;Travessa Silvino;;;MONDUBIM;NDG7642;Queda;Não informado;Não informado;Não informado;Meio de quadra;Não informado;Longo da via;0;1;0;1;0;0;0;0;0;0;0;0;0;(-38.58577445091864 -3.803244376767345);
XCC1686;2021-11-15 16:04:00;Rua Alfeu Aboim;;;PAPICU;XCC1686;Queda;Não informado;Não informado;Não informado;Meio de quadra;Não informado;Longo da via;0;1;0;1;0;0;0;0;0;0;0;0;0;(-38.4757453 -3.7352635);
RRL6653;2021-11-15 12:30:00;Rua Professor Sila Ribeiro;AV ENG SANTANA JUNIOR;;PAPICU;RRL6653;Colisão;Não informado;Não informado;Não informado;Cruz;Não informado;Cruzamento;0;1;0;1;1;0;0;0;0;0;0;0;0;(-38.4828943 -3.7370775);
OFV0912;2021-11-15 12:09:00;Rua Melo de Oliveira;RUA ARARIPE MACEDO;;JOAO XXIII;OFV0912;Colisão;Não informado;Não informado;Não informado;Cruz;Não informado;Cruzamento;0;1;0;1;1;0;0;0;0;0;0;0;0;(-38.577972 -3.7721085);
AMC2060;2021-11-15 06:28:00;Rua Cândido Maia;;;ANTONIO BEZERRA;AMC2060;Atropelamento;Não informado;Não informado;Não informado;Meio de quadra;Não informado;Longo da via;0;1;0;1;0;0;0;0;0;0;0;0;0;(-38.59039323243567 -3.736998018073778);
UXS0775;2021-11-15 04:19:00;AV JOSE BASTOS;;;RODOLFO TEOFILO;UXS0775;Colisão;Não informado;Não informado;Não informado;Meio de quadra;Não informado;Longo da via;0;1;0;1;1;0;0;0;0;0;0;0;0;(-38.5538192 -3.7537702);
LHR0899;2021-11-15 03:53:00;Rua Barão de Aratanha;AV DOMINGOS OLIMPIO;;JOSE BONIFACIO;LHR0899;Atropelamento;Não informado;Não informado;Não informado;Cruz;Não informado;Cruzamento;0;1;0;0;1;0;0;0;0;0;0;0;0;(-38.5279144 -3.7374973);
ZYA9237;2021-11-15 03:11:00;Avenida Engenheiro Santana Júnior;;;EDSON QUEIROZ;ZYA9237;Colisão;Não informado;Não informado;Não informado;Meio de quadra;Não informado;Longo da via;0;2;0;1;1;0;0;0;0;0;0;0;0;(-38.4845425 -3.739758);
VAV3264;2021-11-15 20:46:00;Rua Professora Heloísa Ferreira Lima;;;SERRINHA;VAV3264;Colisão;Não informado;Não informado;Não informado;Meio de quadra;Não informado;Longo da via;0;3;0;2;0;0;0;0;0;0;0;0;0;(-38.54565669999999 -3.7870628);
XSY4081;2021-11-14 10:06:00;Rua Cônego de Castro;;;PARANGABA;XSY4081;Queda;Não informado;Não informado;Não informado;Meio de quadra;Não informado;Longo da via;0;1;0;1;0;0;0;0;0;0;0;0;0;(-38.56746568772598 -3.778456111748135);
EEL2037;2021-12-01 00:17:00;Avenida Emília Gonçalves;;;QUINTINO CUNHA;EEL2037;Atropelamento;Não informado;Não informado;Não informado;Meio de quadra;Não informado;Longo da via;0;1;0;1;0;0;0;0;0;0;0;0;0;(-38.5959386 -3.7262867);
QRY0797;2021-11-14 08:13:00;Avenida Bernardo Manuel;;;PREFEITO JOSE VALTER;QRY0797;Queda;Não informado;Não informado;Não informado;Meio de quadra;Não informado;Longo da via;0;1;0;1;0;0;0;0;0;0;0;0;0;(-38.56123761434475 -3.831832159674705);
TCN1898;2021-11-30 22:26:00;Avenida Presidente Castelo Branco;;;PIRAMBU;TCN1898;Atropelamento;Não informado;Não informado;Não informado;Meio de quadra;Não informado;Longo da via;0;1;0;1;0;0;0;0;0;0;0;0;0;(-38.55509929999999 -3.7117882);
AXW7548;2021-11-14 07:41:00;Rua Raul Cabral;;;MONTESE;AXW7548;Queda;Não informado;Não informado;Não informado;Meio de quadra;Não informado;Longo da via;0;1;0;1;0;0;0;0;0;0;0;0;0;(-38.5443450582157 -3.769061971537789);
GQN8341;2021-11-14 05:03:00;Avenida Governador Parsifal Barroso;;;PRESIDENTE KENNEDY;GQN8341;Queda;Não informado;Não informado;Não informado;Meio de quadra;Não informado;Longo da via;0;2;0;1;0;0;0;0;0;0;0;0;0;(-38.5691076 -3.7320742);
BHS8187;2021-11-30 20:54:00;Avenida José Jatahy;;;MONTE CASTELO;BHS8187;Colisão;Não informado;Não informado;Não informado;Meio de quadra;Não informado;Longo da via;0;1;0;1;1;0;0;0;0;0;0;0;0;(-38.5457854 -3.7242362);
ZUE4317;2021-11-14 04:14:00;Avenida General Osório de Paiva;;;BOM JARDIM;ZUE4317;Colisão;Não informado;Não informado;Não informado;Meio de quadra;Não informado;Longo da via;0;3;0;0;0;0;0;0;0;0;0;0;0;(-38.59005525204942 -3.792319642737701);
PVS4027;2021-11-30 20:10:00;Rodovia Estrada do Guarani (BR116);;;MESSEJANA;PVS4027;Atropelamento;Não informado;Não informado;Não informado;Meio de quadra;Não informado;Longo da via;0;1;0;0;0;0;0;0;0;0;1;0;0;(-38.5034701 -3.82242);
VSP5441;2021-11-14 02:28:00;Avenida Senador Virgílio Távora;;;VARJOTA;VSP5441;Colisão;Não informado;Não informado;Não informado;Meio de quadra;Não informado;Longo da via;0;1;0;1;1;0;0;0;0;0;0;0;0;(-38.49210636412105 -3.733609555012229);
JRI8031;2021-11-30 19:22:00;Rua Aluísio Azevedo;RUA MELO DE OLIVEIRA;;JOAO XXIII;JRI8031;Colisão;Não informado;Não informado;Não informado;Cruz;Não informado;Cruzamento;0;1;0;1;1;0;0;0;0;0;0;0;0;(-38.5775063 -3.7711088);
CSK5633;2021-11-14 02:01:00;Rua Pinto Madeira;RUA JOAO CORDEIRO;;ALDEOTA;CSK5633;Colisão;Não informado;Não informado;Não informado;Cruz;Não informado;Longo da via;0;1;0;1;1;0;0;0;0;0;0;0;0;(-38.5154192 -3.7329463);
PQV2147;2021-11-30 19:11:00;Avenida General Osório de Paiva;;;SIQUEIRA;PQV2147;Colisão;Não informado;Não informado;Não informado;Meio de quadra;Não informado;Longo da via;0;1;0;1;1;0;0;0;0;0;0;0;0;(-38.61010419999999 -3.813383299999999);
OIG3431;2021-11-14 01:49:00;Rua Alberto Ferreira;;;JARDIM IRACEMA;OIG3431;Colisão;Não informado;Não informado;Não informado;Meio de quadra;Não informado;Longo da via;0;1;0;0;0;0;0;0;0;0;0;0;0;(-38.58295277336859 -3.719381079362465);
FDH7682;2021-11-30 18:54:00;VIA EXPRESSA;RUA JUVENCIO VASCONCELOS;;MUCURIPE;FDH7682;Atropelamento;Não informado;Não informado;Não informado;Cruz;Não informado;Cruzamento;0;1;0;0;1;0;0;0;0;0;0;0;0;(-38.4801836 -3.7244952);
IZX0264;2021-11-30 16:23:00;Rua Sargento João Pinheiro;;;BOM JARDIM;IZX0264;Atropelamento;Não informado;Não informado;Não informado;Meio de quadra;Não informado;Longo da via;0;1;0;0;0;0;0;0;0;0;1;0;0;(-38.6231858 -3.7841572);
PPX4489;2021-11-30 15:50:00;Rua Tenente Renato Aguiar;;;SERRINHA;PPX4489;Colisão;Não informado;Não informado;Não informado;Meio de quadra;Não informado;Longo da via;0;1;0;1;1;0;0;0;0;0;0;0;0;(-38.5400323 -3.7915545);
NTV6176;2021-11-30 15:04:00;Rua República do Líbano;;;MEIRELES;NTV6176;Colisão;Não informado;Não informado;Não informado;Meio de quadra;Não informado;Longo da via;0;1;0;1;1;0;0;0;0;0;0;0;0;(-38.4983037 -3.7308437);
FVB2460;2021-11-30 13:33:00;Avenida H;;;CONJUNTO CEARA II;FVB2460;Atropelamento;Não informado;Não informado;Não informado;Meio de quadra;Não informado;Longo da via;0;1;0;1;0;0;0;0;0;0;0;0;0;(-38.6160472 -3.7766286);
LWQ9033;2021-11-30 12:45:00;Rua Bom Jesus;;;BOM JARDIM;LWQ9033;Atropelamento;Não informado;Não informado;Não informado;Meio de quadra;Não informado;Longo da via;0;1;0;0;1;0;0;0;0;0;0;0;0;(-38.6061989 -3.79282);
KNK3678;2021-11-30 12:19:00;Rua Coronel Fabriciano;RUA RAIMUNDO PINHEIRO;;GRANJA PORTUGAL;KNK3678;Colisão;Não informado;Não informado;Não informado;Cruz;Não informado;Longo da via;0;1;0;1;1;0;0;0;0;0;0;0;0;(-38.5962164 -3.7861198);
SNE0596;2021-11-13 22:56:00;Rua Aline Viêira Colares;;;QUINTINO CUNHA;SNE0596;Queda;Não informado;Não informado;Não informado;Meio de quadra;Não informado;Longo da via;0;1;0;1;0;0;0;0;0;0;0;0;0;(-38.59595611774665 -3.734016385391524);
EDD8856;2021-11-30 10:41:00;RUA L;;;VILA VELHA;EDD8856;Colisão;Não informado;Não informado;Não informado;Meio de quadra;Não informado;Longo da via;0;1;0;1;1;0;0;0;0;0;0;0;0;(-38.6059239 -3.7160419);
SQE9773;2021-11-13 22:08:00;Rua 761;;;CONJUNTO CEARA II;SQE9773;Colisão;Não informado;Não informado;Não informado;Meio de quadra;Não informado;Longo da via;0;2;0;0;0;0;0;0;0;0;0;0;0;(-38.59877244307674 -3.773028398684535);
TTZ3731;2021-11-30 10:24:00;Rua Senador Pompeu;;;CENTRO;TTZ3731;Colisão;Não informado;Não informado;Não informado;Meio de quadra;Não informado;Longo da via;0;1;0;1;1;0;0;0;0;0;0;0;0;(-43.1899903 -22.9016175);
LHY5800;2021-11-13 21:30:00;Rua Antônio Eduardo;;;PAUPINA;LHY5800;Colisão;Não informado;Não informado;Não informado;Meio de quadra;Não informado;Longo da via;0;2;0;1;1;0;0;0;0;0;0;0;0;(-38.48039582642563 -3.848965102965566);
OWR7522;2021-11-13 20:47:00;Avenida Deputado Paulino Rocha;;;CAJAZEIRAS;OWR7522;Colisão;Não informado;Não informado;Não informado;Meio de quadra;Não informado;Longo da via;0;1;0;2;0;0;0;0;0;0;0;0;0;(-38.50757197989344 -3.802023982180796);
BKG7131;2021-11-13 19:53:00;Avenida Ministro José Américo;;;CAMBEBA;BKG7131;Colisão;Não informado;Não informado;Não informado;Meio de quadra;Não informado;Longo da via;0;1;0;1;1;0;0;0;0;0;0;0;0;(-38.49371031619798 -3.810400778648699);
FBC0529;2021-11-13 19:49:00;Rua Professor Teodorico;RUA ALM RUBIM;;MONTESE;FBC0529;Colisão;Não informado;Não informado;Não informado;Cruz;Não informado;Longo da via;0;1;0;1;1;0;0;0;0;0;0;0;0;(-38.55560496767239 -3.768002113447404);
CGP3838;2021-11-13 18:11:00;Avenida Mister Hull;;;ANTONIO BEZERRA;CGP3838;Colisão;Não informado;Não informado;Não informado;Meio de quadra;Não informado;Longo da via;0;2;0;0;0;0;0;0;0;0;0;0;0;(-38.5918266 -3.7396339);
HPY8000;2021-11-13 17:32:00;Avenida Godofredo Maciel;AV PERIMETRAL;;MONDUBIM;HPY8000;Queda;Não informado;Não informado;Não informado;Cruz;Não informado;Longo da via;0;1;0;1;0;0;0;0;0;0;0;0;0;(-38.5746379896969 -3.811717507293014);
BMX8472;2021-11-13 16:46:00;Avenida da Universidade;;;BENFICA;BMX8472;Queda;Não informado;Não informado;Não informado;Meio de quadra;Não informado;Longo da via;0;1;0;1;0;0;0;0;0;0;0;0;0;(-38.53564397217139 -3.737174667447992);
SJN0262;2021-11-30 10:09:00;AV BETA;;;VILA VELHA;SJN0262;Colisão;Não informado;Não informado;Não informado;Meio de quadra;Não informado;Longo da via;0;1;0;1;1;0;0;0;0;0;0;0;0;(-38.6007588 -3.7143567);
UTV3127;2021-11-30 09:43:00;AV JOSE BASTOS;;;RODOLFO TEOFILO;UTV3127;Colisão;Não informado;Não informado;Não informado;Meio de quadra;Não informado;Longo da via;0;1;0;1;1;0;0;0;0;0;0;0;0;(-38.55320020000001 -3.7524066);
EDY4902;2021-11-13 14:58:00;Avenida Clóvis Arrais Maia;;;PRAIA DO FUTURO II;EDY4902;Queda;Não informado;Não informado;Não informado;Meio de quadra;Não informado;Longo da via;0;1;0;1;0;0;0;0;0;0;0;0;0;(-38.4423848 -3.7606261);
UTV3127;2021-11-30 08:51:00;RUA VICENTE NOBRE DE MACEDO;;;MESSEJANA;UTV3127;Colisão;Não informado;Não informado;Não informado;Meio de quadra;Não informado;Longo da via;0;1;0;0;0;0;0;0;0;0;1;0;0;(-38.4843979 -3.8254491);
EJK6769;2021-11-13 14:31:00;Rua Paulo Aragão;;;BARRA DO CEARA;EJK6769;Queda;Não informado;Não informado;Não informado;Meio de quadra;Não informado;Longo da via;0;1;0;1;0;0;0;0;0;0;0;0;0;(-38.5861584 -3.6989099);
XUD2864;2021-11-13 13:47:00;Avenida Leste Oeste;;;;XUD2864;Colisão;Não informado;Não informado;Não informado;Meio de quadra;Não informado;Longo da via;0;1;0;1;1;0;0;0;0;0;0;0;0;(-38.5645486 -3.7095397);
IAR0948;2021-11-13 13:15:00;Rua Florêncio de Alencar;;;BARRA DO CEARA;IAR0948;Queda;Não informado;Não informado;Não informado;Meio de quadra;Não informado;Longo da via;0;1;0;0;0;0;0;0;0;1;0;0;0;(-38.5871371 -3.7105521);
ISH8664;2021-11-13 12:42:00;Rua Senador Robert Kennedy;;;BARRA DO CEARA;ISH8664;Colisão;Não informado;Não informado;Não informado;Meio de quadra;Não informado;Longo da via;0;1;0;1;1;0;0;0;0;0;0;0;0;(-38.57882752910091 -3.703605296305313);
NXY7533;2021-11-29 23:20:00;Rua Júlio Silva;;;PRAIA DO FUTURO II;NXY7533;Queda;Não informado;Não informado;Não informado;Meio de quadra;Não informado;Longo da via;0;1;0;1;0;0;0;0;0;0;0;0;0;(-38.45418527805548 -3.745129205404532);
QBY8724;2021-11-29 22:57:00;Avenida Val Paraíso;;;JANGURUSSU;QBY8724;Colisão;Não informado;Não informado;Não informado;Meio de quadra;Não informado;Longo da via;0;1;0;1;1;0;0;0;0;0;0;0;0;(-38.5150619 -3.8476311);
JBG4907;2021-11-13 12:22:00;Rua Andrade Furtado;;;COCO;JBG4907;Colisão;Não informado;Não informado;Não informado;Meio de quadra;Não informado;Longo da via;0;1;0;1;1;0;0;0;0;0;0;0;0;(-38.48360374746913 -3.74450826156842);
DDF8131;2021-11-13 11:06:00;Rua Manoel Lourenço dos Santos;AV ANTONIO SALES;;ALDEOTA;DDF8131;Queda;Não informado;Não informado;Não informado;Meio de quadra;Não informado;Longo da via;0;1;0;1;0;0;0;0;0;0;0;0;0;(-38.49255159345873 -3.748539035685996);
WBM2709;2021-11-13 10:49:00;Avenida Domingos Olímpio;;;JOSE BONIFACIO;WBM2709;Queda;Não informado;Não informado;Não informado;Meio de quadra;Não informado;Longo da via;0;1;0;1;0;0;0;0;0;0;0;0;0;(-38.52751687346096 -3.737758145431192);
YNB0324;2021-11-29 21:08:00;Rua Maria Júlia;RUA PEDRO MARTINS;;BOM JARDIM;YNB0324;Colisão;Não informado;Não informado;Não informado;Cruz;Não informado;Cruzamento;0;1;0;0;0;0;0;0;0;0;1;0;0;(-38.6019359 -3.7992341);
IJY1770;2021-11-29 21:02:00;Avenida Francisco Sá;;;CARLITO PAMPLONA;IJY1770;Colisão;Não informado;Não informado;Não informado;Meio de quadra;Não informado;Longo da via;0;1;0;2;0;0;0;0;0;0;0;0;0;(-38.5603844 -3.7162666);
OQJ8528;2021-11-29 20:01:00;Rua José Vilar;AV ABOLICAO;;MEIRELES;OQJ8528;Colisão;Não informado;Não informado;Não informado;Cruz;Não informado;Cruzamento;0;1;0;1;1;0;0;0;0;0;0;0;0;(-38.501358 -3.7254121);
DNP2376;2021-11-13 10:23:00;Avenida Jovita Feitosa;;;PARQUELANDIA;DNP2376;Queda;Não informado;Não informado;Não informado;Meio de quadra;Não informado;Longo da via;0;1;0;1;0;0;0;0;0;0;0;0;0;(-38.54579344545387 -3.737661791295578);
SED5708;2021-11-13 10:21:00;Rua Paulo Frontin;RUA DIAMANTINA;;JOQUEI CLUBE;SED5708;Queda;Não informado;Não informado;Não informado;T;Não informado;Longo da via;0;1;0;1;0;0;0;0;0;0;0;0;0;(-38.57136026717912 -3.763034680549628);
CID4756;2021-11-29 19:37:00;Avenida Domingos Olímpio;;;FARIAS BRITO;CID4756;Colisão;Não informado;Não informado;Não informado;Meio de quadra;Não informado;Longo da via;0;2;0;1;1;0;0;0;0;0;0;0;0;(-38.5435249 -3.7332797);
WXX9357;2021-11-13 10:09:00;Avenida Treze de Maio;;;FATIMA;WXX9357;Queda;Não informado;Não informado;Não informado;Meio de quadra;Não informado;Longo da via;0;1;0;1;0;0;0;0;0;0;0;0;0;(-38.52695361519771 -3.751306501980503);
RMF7762;2021-11-29 19:17:00;Rua Beni Carvalho;;;ALDEOTA;RMF7762;Colisão;Não informado;Não informado;Não informado;Meio de quadra;Não informado;Longo da via;0;1;0;1;1;0;0;0;0;0;0;0;0;(-38.489743 -3.7476489);
SLL9060;2021-11-29 18:40:00;AV SGT HERMINIO;;;VILA ELLERY;SLL9060;Colisão;Não informado;Não informado;Não informado;Meio de quadra;Não informado;Longo da via;0;1;0;0;0;0;0;0;0;0;1;0;0;(-38.5636778 -3.7269213);
VTF4321;2021-11-29 18:07:00;AV CEL MIGUEL DIAS;RUA FIRMINO ROCHA AGUIAR;;GUARARAPES;VTF4321;Colisão;Não informado;Não informado;Não informado;Rotatória;Não informado;Cruzamento;0;2;0;1;1;0;0;0;0;0;0;0;0;(-38.4834634 -3.7633733);
OXE1615;2021-11-29 17:59:00;RUA MARIO DE ANDRADE;;;BELA VISTA;OXE1615;Colisão;Não informado;Não informado;Não informado;Meio de quadra;Não informado;Longo da via;0;1;0;0;0;0;0;0;0;0;1;0;0;(-38.5593154297114 -3.751779482906665);
SHR3106;2021-11-13 09:57:00;Rodovia Br116;;;MESSEJANA;SHR3106;Colisão;Não informado;Não informado;Não informado;Meio de quadra;Não informado;Longo da via;0;1;0;1;1;0;0;0;0;0;0;0;0;(-38.50177303860794 -3.807531801940935);
VSK5062;2021-11-29 17:14:00;AV VAL PARAISO;RUA CATOLE;;CONJUNTO PALMEIRAS;VSK5062;Colisão;Não informado;Não informado;Não informado;Cruz;Não informado;Cruzamento;0;1;0;1;1;0;0;0;0;0;0;0;0;(-38.5202766 -3.8463892);
RPV5952;2021-11-29 16:32:00;Avenida Alberto Craveiro;;;DIAS MACEDO;RPV5952;Colisão;Não informado;Não informado;Não informado;Meio de quadra;Não informado;Longo da via;0;1;0;1;1;0;0;0;0;0;0;0;0;(-38.5169862 -3.788271);
NRP2357;2021-11-13 09:41:00;Rua Planaltina;;;PLANALTO AYRTON SENNA;NRP2357;Capotamento;Não informado;Não informado;Não informado;Meio de quadra;Não informado;Longo da via;0;1;0;0;0;0;0;0;0;0;0;0;0;(-38.57153727256578 -3.837495007462481);
RUI7877;2021-11-13 09:08:00;BR-116;;;AEROLANDIA;RUI7877;Colisão;Não informado;Não informado;Não informado;Meio de quadra;Não informado;Longo da via;0;2;0;0;1;0;0;1;0;0;0;0;0;(-38.5153986648606 -3.775886784350024);
PLU1874;2021-11-13 06:22:00;Rua Padre Pedro de Alencar;;;PAUPINA;PLU1874;Queda;Não informado;Não informado;Não informado;Meio de quadra;Não informado;Longo da via;0;2;0;1;0;0;0;0;0;0;0;0;0;(-38.49419311804306 -3.838849161156015);
RNW9680;2021-11-13 03:56:00;Avenida Washington Soares;;;CAMBEBA;RNW9680;Colisão;Não informado;Não informado;Não informado;Meio de quadra;Não informado;Longo da via;0;2;0;1;1;0;0;0;0;0;0;0;0;(-38.47909764031195 -3.806637921050204);