COD_ACIDENTE;DATA;LOG1;LOG2;NUMERO;BAIRRO;AMC;NATUREZA;ILUMINACAO;TEMPO;SUPERFICIEPISTA;TIPOCRUZAMENTO;CONTROLETRAFEGO;USOSOLO;MORTOS;FERIDOS;ILESOS;MOTOCICLETA;AUTOMOVEL;MICROONIBUS;CAMINHAO;ONIBUS;CICLOMOTOR;BICICLETA;OUTROS;TREM;TRACAOANIMAL;COORDENADAS
WTP6673;2021-11-29 15:42:00;Rua General Onofre;;;MARAPONGA;WTP6673;Queda;Não informado;Não informado;Não informado;Meio de quadra;Não informado;Longo da via;0;1;0;1;0;0;0;0;0;0;0;0;0;(-38.56914440000001 -3.8085944);
HZY4146;2021-11-13 03:50:00;Rua Iguape;;;PARANGABA;HZY4146;Queda;Não informado;Não informado;Não informado;Meio de quadra;Não informado;Longo da via;0;1;0;1;0;0;0;0;0;0;0;0;0;(-38.57010500485448 -3.775838609388666);
ZJE0822;2021-11-29 15:26:00;Rua Tupi;;;HENRIQUE JORGE;ZJE0822;Colisão;Não informado;Não informado;Não informado;Meio de quadra;Não informado;Longo da via;0;1;0;1;1;0;0;0;0;0;0;0;0;(-38.5816708 -3.7655015);
CVT4989;2021-11-13 00:41:00;Avenida da Universidade;;;BENFICA;CVT4989;Queda;Não informado;Não informado;Não informado;Meio de quadra;Não informado;Longo da via;0;1;0;1;0;0;0;0;0;0;0;0;0;(-38.53553131939277 -3.73701943012103);
WYM6071;2021-11-29 15:03:00;Avenida Dioguinho;;;VICENTE PINZON;WYM6071;Queda;Não informado;Não informado;Não informado;Meio de quadra;Não informado;Longo da via;0;1;0;1;0;0;0;0;0;0;0;0;0;(-38.4530743 -3.7424929);
SWX3410;2021-11-29 14:40:00;Rua Monsenhor Bruno;;;ALDEOTA;SWX3410;Colisão;Não informado;Não informado;Não informado;Meio de quadra;Não informado;Longo da via;0;1;0;0;0;0;0;0;0;0;1;0;0;(-38.5110668 -3.7375445);
NRR2047;2021-11-29 14:02:00;Avenida Pompílio Gomes;;;JANGURUSSU;NRR2047;Colisão;Não informado;Não informado;Não informado;Meio de quadra;Não informado;Longo da via;0;1;0;2;0;0;0;0;0;0;0;0;0;(-38.5213395 -3.8227405);
JIA8564;2021-11-29 13:12:00;Avenida Presidente Costa e Silva;;;PREFEITO JOSE VALTER;JIA8564;Capotamento;Não informado;Não informado;Não informado;Meio de quadra;Não informado;Longo da via;0;1;0;0;0;0;0;0;0;0;1;0;0;(-38.5672642 -3.8170722);
NXH6080;2021-11-13 00:10:00;Rua Santa Lucrécia;;;PAUPINA;NXH6080;Queda;Não informado;Não informado;Não informado;Meio de quadra;Não informado;Longo da via;0;1;0;1;0;0;0;0;0;0;0;0;0;(-38.48508433012945 -3.850212192240296);
UKW1772;2021-11-29 13:03:00;Avenida Desembargador Gonzaga;;;CIDADE DOS FUNCIONRAIOS;UKW1772;Colisão;Não informado;Não informado;Não informado;Meio de quadra;Não informado;Longo da via;0;1;0;0;1;0;0;0;0;1;0;0;0;(-38.5032025 -3.7904585);
PHD6945;2021-11-12 23:16:00;Avenida Projetada Canal;;;FARIAS BRITO;PHD6945;Atropelamento;Não informado;Não informado;Não informado;Meio de quadra;Não informado;Longo da via;0;1;0;1;0;0;0;0;0;0;0;0;0;(-38.55795995094072 -3.730890210268485);
XBZ0487;2021-11-29 12:53:00;Avenida General Osório de Paiva;;;SIQUEIRA;XBZ0487;Queda;Não informado;Não informado;Não informado;Meio de quadra;Não informado;Longo da via;0;1;0;0;0;0;0;0;0;1;0;0;0;(-38.6103328 -3.8133833);
TNZ2615;2021-11-29 12:44:00;Rua Coronel Mozart Gondim;AV SGT HERMINIO SAMPAIO;;MONTE CASTELO;TNZ2615;Colisão;Não informado;Não informado;Não informado;Meio de quadra;Não informado;Cruzamento;0;1;0;1;1;0;0;0;0;0;0;0;0;(-38.5601042 -3.7304558);
JOE2912;2021-11-12 21:42:00;Avenida Capitão Hugo Bezerra;;;BARROSO;JOE2912;Colisão;Não informado;Não informado;Não informado;Meio de quadra;Não informado;Longo da via;0;1;0;2;0;0;0;0;0;0;0;0;0;(-38.50843564110937 -3.820854263901432);
YFF1613;2021-11-29 12:35:00;Avenida Ministro Albuquerque Lima;;;CONJUNTO CEARA II;YFF1613;Colisão;Não informado;Não informado;Não informado;Meio de quadra;Não informado;Longo da via;0;1;0;2;0;0;0;0;0;0;0;0;0;(-38.6072107 -3.7689213);
ZFM8959;2021-11-29 11:46:00;Rodovia Estrada do Guarani (BR116);;;ANCURI;ZFM8959;Queda;Não informado;Não informado;Não informado;Meio de quadra;Não informado;Longo da via;0;1;0;1;0;0;0;0;0;0;0;0;0;(-38.4977674 -3.8637865);
ZWB8079;2021-11-29 11:12:00;Avenida Lineu Machado;;;JOQUEI CLUBE;ZWB8079;Queda;Não informado;Não informado;Não informado;Meio de quadra;Não informado;Longo da via;0;1;0;0;0;0;0;0;0;1;0;0;0;(-38.576275 -3.7642279);
BPN5277;2021-11-12 22:09:00;Rua Antero de Quental;;;PAUPINA;BPN5277;Atropelamento;Não informado;Não informado;Não informado;Meio de quadra;Não informado;Longo da via;0;2;0;1;0;0;0;0;0;0;0;0;0;(-38.49197760401363 -3.846171188177278);
IBA9554;2021-11-29 10:59:00;Rua Carlos Juaçaba;;;MARAPONGA;IBA9554;Queda;Não informado;Não informado;Não informado;Meio de quadra;Não informado;Longo da via;0;1;0;1;0;0;0;0;0;0;0;0;0;(-38.5610556 -3.7891388);
BFJ2332;2021-11-29 10:55:00;AV WASHINGTON SOARES;;;PARQUE MANIBURA;BFJ2332;Colisão;Não informado;Não informado;Não informado;Meio de quadra;Não informado;Longo da via;0;1;0;1;1;0;0;0;0;0;0;0;0;(-38.4799821 -3.7988468);
WRT3275;2021-11-12 21:08:00;Rua Vicente Leite;RUA HENRIQUETA GALENO;;ALDEOTA;WRT3275;Colisão;Não informado;Não informado;Não informado;Cruz;Não informado;Longo da via;0;1;0;1;1;0;0;0;0;0;0;0;0;(-38.4981766 -3.7457393);
JES7024;2021-11-29 03:02:00;Avenida I;;;CONJUNTO CEARA I;JES7024;Colisão;Não informado;Não informado;Não informado;Meio de quadra;Não informado;Longo da via;0;1;0;1;1;0;0;0;0;0;0;0;0;(-38.5990775 -3.7733939);
VYE8377;2021-11-12 20:10:00;Avenida H;;;CONJUNTO CEARA II;VYE8377;Colisão;Não informado;Não informado;Não informado;Meio de quadra;Não informado;Longo da via;0;1;0;1;1;0;0;0;0;0;0;0;0;(-38.61299887687679 -3.776143717432106);
JES7024;2021-11-29 02:06:00;Avenida Mister Hull;;;ANTONIO BEZERRA;JES7024;Atropelamento;Não informado;Não informado;Não informado;Meio de quadra;Não informado;Longo da via;0;3;0;1;0;0;0;0;0;0;0;0;0;(-38.5918137 -3.7395231);
XGU1797;2021-11-12 20:05:00;Rua Senador Carlos Jereissati;;;SERRINHA;XGU1797;Colisão;Não informado;Não informado;Não informado;Meio de quadra;Não informado;Longo da via;0;1;0;1;1;0;0;0;0;0;0;0;0;(-38.4969096 -3.7849556);
UBM7964;2021-11-29 00:27:00;Rua Pedro Sampaio;;;JARDIM GUANABARA;UBM7964;Queda;Não informado;Não informado;Não informado;Meio de quadra;Não informado;Longo da via;0;1;0;1;0;0;0;0;0;0;0;0;0;(-38.5960161 -3.723746099999999);
QSC2438;2021-11-28 23:17:00;Rua Isaie Bóris;;;MONTESE;QSC2438;Queda;Não informado;Não informado;Não informado;Meio de quadra;Não informado;Longo da via;0;1;0;1;0;0;0;0;0;0;0;0;0;(-38.54806 -3.7667003);
TEU8487;2021-11-28 21:25:00;Avenida Leste Oeste;;;CRISTO REDENTOR;TEU8487;Queda;Não informado;Não informado;Não informado;Meio de quadra;Não informado;Longo da via;0;1;0;0;0;0;0;0;0;1;0;0;0;(-38.5645486 -3.7095397);
TBI2432;2021-11-12 19:43:00;Rua Honduras;RUA NICARAGUA;;PADRE ANDRADE;TBI2432;Colisão;Não informado;Não informado;Não informado;Cruz;Não informado;Longo da via;0;1;0;1;1;0;0;0;0;0;0;0;0;(-38.5809625 -3.7392722);
BZM3500;2021-11-12 19:26:00;Rua Antônio Fiúza;RUA TRES MARIAS D39 (MONTESE);;MONTESE;BZM3500;Colisão;Não informado;Não informado;Não informado;Cruz;Não informado;Longo da via;0;1;0;0;0;0;0;0;0;0;0;0;0;(-38.5516085 -3.7684781);
DYN3631;2021-11-28 20:11:00;Avenida General Osório de Paiva;;;CANINDEZINHO;DYN3631;Colisão;Não informado;Não informado;Não informado;Meio de quadra;Não informado;Longo da via;0;2;0;1;1;0;0;0;0;0;0;0;0;(-38.6079669 -3.8110923);
WPP1288;2021-11-28 19:09:00;Rua Vital Brasil;;;BONSUCESSO;WPP1288;Atropelamento;Não informado;Não informado;Não informado;Meio de quadra;Não informado;Longo da via;0;1;0;0;1;0;0;0;0;0;0;0;0;(-38.5864938 -3.7813642);
NTE6668;2021-11-12 18:45:00;Rua Pedro de Queirós;;;AMADEU FURTADO;NTE6668;Colisão;Não informado;Não informado;Não informado;Meio de quadra;Não informado;Longo da via;0;1;0;1;1;0;0;0;0;0;0;0;0;(-38.55846418418513 -3.746296150387458);
HGY6062;2021-11-28 19:03:00;Rua Quatorze;;;MANUEL DIAS BRANCO;HGY6062;Colisão;Não informado;Não informado;Não informado;Meio de quadra;Não informado;Longo da via;0;1;0;0;0;0;0;0;0;0;1;0;0;(-38.4601537 -3.7602884);
MIY0307;2021-11-28 17:44:00;Rua Hildebrando Melo;;;JARDIM IRACEMA;MIY0307;Colisão;Não informado;Não informado;Não informado;Meio de quadra;Não informado;Longo da via;0;1;0;1;1;0;0;0;0;0;0;0;0;(-38.5881104 -3.7104194);
BBA1359;2021-11-12 18:00:00;Rua Padre Matos Serra;RUA SOUSA GIRAO;;FATIMA;BBA1359;Colisão;Não informado;Não informado;Não informado;Cruz;Não informado;Longo da via;0;1;0;2;0;0;0;0;0;0;0;0;0;(-38.5247871 -3.7439474);
SOR6309;2021-11-28 15:36:00;Rua São João;;;BONSUCESSO;SOR6309;Colisão;Não informado;Não informado;Não informado;Meio de quadra;Não informado;Longo da via;0;2;0;2;0;0;0;0;0;0;0;0;0;(-38.5942809 -3.7729154);
FZL4831;2021-11-12 17:30:00;Avenida Nova Fortaleza;RUA MORADA NOVA;;PLANALTO AYRTON SENNA;FZL4831;Colisão;Não informado;Não informado;Não informado;Cruz;Não informado;Longo da via;0;1;0;2;0;0;0;0;0;0;0;0;0;(-38.5725853 -3.839870699999999);
SHM4628;2021-11-28 15:36:00;Avenida Beira Mar;;;MEIRELES;SHM4628;Queda;Não informado;Não informado;Não informado;Meio de quadra;Não informado;Longo da via;0;1;0;0;0;0;0;0;0;1;0;0;0;(-38.4966461 -3.725741);
XHA4211;2021-11-12 17:26:00;Avenida Mister Hull;;;ANTONIO BEZERRA;XHA4211;Colisão;Não informado;Não informado;Não informado;Meio de quadra;Não informado;Longo da via;0;1;0;0;0;0;0;0;0;0;0;0;0;(-38.60612703486109 -3.741639067090291);
TYF1685;2021-11-28 15:14:00;RUA ANTONIO AUGUSTO;;;ALDEOTA;TYF1685;Queda;Não informado;Não informado;Não informado;Meio de quadra;Não informado;Longo da via;0;1;0;0;0;0;0;0;0;1;0;0;0;(-38.5120797 -3.7264252);
RWT5574;2021-11-28 15:00:00;Rua Silva Jatahy;RUA LEONARDO MOTA;;ALDEOTA;RWT5574;Queda;Não informado;Não informado;Não informado;Cruz;Não informado;Cruzamento;0;1;0;0;0;0;0;0;0;1;0;0;0;(-38.4938676 -3.7289782);
DOY9325;2021-11-12 17:23:00;Avenida Senador Fernandes Távora;;;JOQUEI CLUBE;DOY9325;Colisão;Não informado;Não informado;Não informado;Meio de quadra;Não informado;Longo da via;0;1;0;2;0;0;0;0;0;0;0;0;0;(-38.57511535628129 -3.76601086142248);
LBC7938;2021-11-28 13:26:00;Rua do Giro;;;PARANGABA;LBC7938;Queda;Não informado;Não informado;Não informado;Meio de quadra;Não informado;Longo da via;0;1;0;1;0;0;0;0;0;0;0;0;0;(-38.5623832 -3.7734048);
BTY3072;2021-11-12 16:14:00;BR-116;;;AEROLANDIA;BTY3072;Colisão;Não informado;Não informado;Não informado;Meio de quadra;Não informado;Longo da via;0;1;0;0;2;0;0;0;0;0;0;0;0;(-38.5152306 -3.7760061);
WMP6814;2021-11-12 14:16:00;Avenida Ministro José Américo;RUA PEDRO LAZAR;;CAMBEBA;WMP6814;Colisão;Não informado;Não informado;Não informado;Cruz;Não informado;Longo da via;0;1;0;0;0;0;0;0;0;0;0;0;0;(-38.48934904692012 -3.808420329331709);
LDS8904;2021-11-12 13:45:00;Rua Pedro I;RUA SEN POMPEU;;CENTRO;LDS8904;Não informado;Não informado;Não informado;Não informado;Cruz;Não informado;Longo da via;0;1;0;1;0;0;0;0;0;0;0;0;0;(-38.53071407035997 -3.730585086415678);
OBL0435;2021-11-12 13:38:00;Rua Bento Albuquerque;RUA BATISTA DE OLIVEIRA;;COCO;OBL0435;Colisão;Não informado;Não informado;Não informado;Cruz;Não informado;Longo da via;0;1;0;1;1;0;0;0;0;0;0;0;0;(-38.4810303 -3.744462);
AKU0539;2021-11-28 13:14:00;Rua George Cavalcante;;;JARDIM GUANABARA;AKU0539;Colisão;Não informado;Não informado;Não informado;Meio de quadra;Não informado;Longo da via;0;1;0;1;1;0;0;0;0;0;0;0;0;(-38.59096479999999 -3.7176919);
CVU8232;2021-11-12 13:29:00;Rodovia Estrada do Guarani (BR116);;;MESSEJANA;CVU8232;Colisão;Não informado;Não informado;Não informado;Meio de quadra;Não informado;Longo da via;0;1;0;2;0;0;0;0;0;0;0;0;0;(-38.5041401 -3.8259496);
GVL2685;2021-11-12 13:03:00;Rua Henriqueta Galeno;RUA PRO DIAS DA ROCHA;;ALDEOTA;GVL2685;Colisão;Não informado;Não informado;Não informado;Cruz;Não informado;Longo da via;0;1;0;2;0;0;0;0;0;0;0;0;0;(-38.4952618 -3.7466674);
EUX3488;2021-11-28 12:35:00;Rua 3 Corações;;;BOM JARDIM;EUX3488;Queda;Não informado;Não informado;Não informado;Meio de quadra;Não informado;Longo da via;0;1;0;1;0;0;0;0;0;0;0;0;0;(-38.60941469999999 -3.785989399999999);
EUX3488;2021-11-28 12:00:00;Rua Coronel Fabriciano;RUA GUARAREMA;;GRANJA LISBOA;EUX3488;Queda;Não informado;Não informado;Não informado;Não informado;Não informado;Longo da via;0;0;0;0;0;0;0;0;0;0;0;0;0;(-38.61711170897351 -3.780053155656715);
UQO1843;2021-11-12 12:08:00;Avenida Mister Hull;;;ANTONIO BEZERRA;UQO1843;Queda;Não informado;Não informado;Não informado;Meio de quadra;Não informado;Longo da via;0;1;0;0;0;0;0;0;0;1;0;0;0;(-38.59187916614305 -3.73951928304451);
NMR8629;2021-11-12 11:01:00;Avenida Deputado Paulino Rocha;;;CAJAZEIRAS;NMR8629;Colisão;Não informado;Não informado;Não informado;Meio de quadra;Não informado;Longo da via;0;1;0;2;0;0;0;0;0;0;0;0;0;(-38.50796893814825 -3.804625347504922);
BIK5875;2021-11-28 12:00:00;RUA GUARAREMA;;;GRANJA LISBOA;BIK5875;Queda;Não informado;Não informado;Não informado;Meio de quadra;Não informado;Longo da via;0;1;0;1;0;0;0;0;0;0;0;0;0;(-38.6202155 -3.7953781);
QGW8641;2021-11-12 10:42:00;Avenida Antônio Sales;AV VIS RIO BRANCO;;JOAQUIM TVORA;QGW8641;Colisão;Não informado;Não informado;Não informado;Cruz;Não informado;Longo da via;0;1;0;0;0;0;0;0;0;0;0;0;0;(-38.52355792427558 -3.738678862193069);
BAU1220;2021-11-12 10:40:00;Avenida Carlos Amora;;;PARANGABA;BAU1220;Queda;Não informado;Não informado;Não informado;Meio de quadra;Não informado;Longo da via;0;1;0;1;0;0;0;0;0;0;0;0;0;(-38.56426313579208 -3.774441534346644);
TUU1921;2021-11-28 11:15:00;Avenida Rui Barbosa;RUA JOAO CARVALHO;;ALDEOTA;TUU1921;Colisão;Não informado;Não informado;Não informado;Cruz;Não informado;Cruzamento;0;2;0;1;1;0;0;0;0;0;0;0;0;(-38.5097261 -3.7369304);
CHU2700;2021-11-28 10:13:00;Avenida Heráclito Graça;AV RUI BARBOSA;;DIONISIO TORRES;CHU2700;Colisão;Não informado;Não informado;Não informado;Cruz;Não informado;Cruzamento;0;1;0;1;1;0;0;0;0;0;0;0;0;(-38.5173120820464 -3.735592098561862);
VHS6492;2021-11-28 09:34:00;Rua Gustavo Braga;;;RODOLFO TEOFILO;VHS6492;Queda;Não informado;Não informado;Não informado;Meio de quadra;Não informado;Longo da via;0;1;0;1;0;0;0;0;0;0;0;0;0;(-38.5527061 -3.7506913);
LBB5634;2021-11-28 08:34:00;Avenida Pontes Vieira;RUA BARBOSA DE FREITAS;;DIONISIO TORRES;LBB5634;Colisão;Não informado;Não informado;Não informado;Cruz;Não informado;Cruzamento;0;1;0;1;1;0;0;0;0;0;0;0;0;(-38.5010572704992 -3.751265602291587);
LJM7361;2021-11-28 06:38:00;Rua Alagoas;;;DEMOCRITO ROCHA;LJM7361;Colisão;Não informado;Não informado;Não informado;Meio de quadra;Não informado;Longo da via;0;1;0;1;1;0;0;0;0;0;0;0;0;(-38.5700019 -3.7599769);
AGY8229;2021-11-28 03:27:00;Rua Rio Tocantins;;;JARDIM IRACEMA;AGY8229;Colisão;Não informado;Não informado;Não informado;Meio de quadra;Não informado;Longo da via;0;2;0;2;0;0;0;0;0;0;0;0;0;(-38.5807399 -3.7194579);
DWV1521;2021-11-28 02:41:00;Avenida C;;;CONJUNTO CEARA II;DWV1521;Colisão;Não informado;Não informado;Não informado;Meio de quadra;Não informado;Longo da via;0;1;0;0;0;0;0;0;0;0;1;0;0;(-38.6134612 -3.7693103);
UFY9943;2021-11-28 01:56:00;Rua Izabel Bezerra;;;PAUPINA;UFY9943;Colisão;Não informado;Não informado;Não informado;Meio de quadra;Não informado;Longo da via;0;1;0;1;1;0;0;0;0;0;0;0;0;(-38.5005701 -3.8548374);
BEN5088;2021-11-28 01:55:00;Avenida Visconde do Rio Branco;RUA MON SALAZAR;;SAO JOAO DO TAUAPE;BEN5088;Colisão;Não informado;Não informado;Não informado;Cruz;Não informado;Cruzamento;0;1;0;0;2;0;0;0;0;0;0;0;0;(-38.5204893 -3.7539205);
DLP7006;2021-11-28 01:07:00;RUA A;;;PARQUE DOIS IRMAOS;DLP7006;Atropelamento;Não informado;Não informado;Não informado;Meio de quadra;Não informado;Longo da via;0;1;0;0;0;0;0;0;0;1;0;0;0;(-38.5571221 -3.8202448);
DGI7908;2021-11-28 00:32:00;Rua A;;;PASSARE;DGI7908;Queda;Não informado;Não informado;Não informado;Meio de quadra;Não informado;Longo da via;0;1;0;0;0;0;0;0;0;1;0;0;0;(-38.5288492 -3.8262521);
EIR7939;2021-11-28 00:25:00;Rua Professor Leite Gondim;;;ANTONIO BEZERRA;EIR7939;Queda;Não informado;Não informado;Não informado;Meio de quadra;Não informado;Longo da via;0;1;0;1;0;0;0;0;0;0;0;0;0;(-38.5921426 -3.7420318);
QZT1171;2021-11-27 21:44:00;Rua Coronel Fabriciano;;;GRANJA LISBOA;QZT1171;Queda;Não informado;Não informado;Não informado;Meio de quadra;Não informado;Longo da via;0;1;0;0;0;0;0;0;0;1;0;0;0;(-38.6137546 -3.7812445);
YTG6943;2021-11-27 21:10:00;Rua Pôrto Velho;;;HENRIQUE JORGE;YTG6943;Colisão;Não informado;Não informado;Não informado;Meio de quadra;Não informado;Longo da via;0;1;0;0;0;0;0;0;0;0;1;0;0;(-38.5855096 -3.7670067);
HVK5606;2021-11-27 21:03:00;Avenida Washington Soares;;;MESSEJANA;HVK5606;Colisão;Não informado;Não informado;Não informado;Meio de quadra;Não informado;Longo da via;0;1;0;0;0;0;0;0;0;0;1;0;0;(-38.4822017 -3.828229);
NYV3512;2021-11-27 18:22:00;Estrada Barão de Aquiraz;;;MESSEJANA;NYV3512;Colisão;Não informado;Não informado;Não informado;Meio de quadra;Não informado;Longo da via;0;1;0;1;1;0;0;0;0;0;0;0;0;(-38.48356709999999 -3.842144);
ITI4760;2021-11-27 18:02:00;Avenida Augusto dos Anjos;RUA CUIABA;;PARANGABA;ITI4760;Atropelamento;Não informado;Não informado;Não informado;Cruz;Não informado;Cruzamento;0;1;0;1;0;0;0;0;0;0;0;0;0;(-38.5723773 -3.7726207);
UWW3437;2021-11-27 17:57:00;AV JOSE BASTOS;;;PARANGABA;UWW3437;Atropelamento;Não informado;Não informado;Não informado;Meio de quadra;Não informado;Longo da via;0;1;0;1;0;0;0;0;0;0;0;0;0;(-38.5538192 -3.7537702);
ODX7532;2021-11-27 17:39:00;Rua Coronel Matos Dourado;;;PICI;ODX7532;Colisão;Não informado;Não informado;Não informado;Meio de quadra;Não informado;Longo da via;0;1;0;0;0;0;0;0;0;0;1;0;0;(-38.5843765 -3.7493519);
EKR3681;2021-11-12 09:37:00;Rua 106 Cj Novo Mondubim;;;CONJUNTO ESPERANCA;EKR3681;Queda;Não informado;Não informado;Não informado;Meio de quadra;Não informado;Longo da via;0;1;0;1;0;0;0;0;0;0;0;0;0;(-38.59138566243841 -3.814008396226302);
VWR5961;2021-11-12 01:34:00;Rua Bom Jesus;;;BOM JARDIM;VWR5961;Colisão;Não informado;Não informado;Não informado;Meio de quadra;Não informado;Longo da via;0;1;0;2;0;0;0;0;0;0;0;0;0;(-38.60721067076096 -3.792485575547422);
CJJ0005;2021-11-11 23:30:00;Avenida Mister Hull;;;PRESIDENTE KENNEDY;CJJ0005;Queda;Não informado;Não informado;Não informado;Meio de quadra;Não informado;Longo da via;0;1;0;1;0;0;0;0;0;0;0;0;0;(-38.57084528891271 -3.736650072232668);
MED0699;2021-11-11 23:01:00;Rua Eugênio Gadelha;;;MONTESE;MED0699;Atropelamento;Não informado;Não informado;Não informado;Meio de quadra;Não informado;Longo da via;0;1;0;0;1;0;0;0;0;0;0;0;0;(-38.55002061014542 -3.761295001768873);
YAC0255;2021-11-11 21:45:00;Avenida Santos Dumont;RUA FONSECA LOBO;;MEIRELES;YAC0255;Atropelamento;Não informado;Não informado;Não informado;Cruz;Não informado;Longo da via;0;1;0;0;0;0;0;0;0;0;0;0;0;(-38.48951533003892 -3.739101749219022);
UQS3921;2021-11-11 21:35:00;Rua Júlio Silva;;;PRAIA DO FUTURO I;UQS3921;Atropelamento;Não informado;Não informado;Não informado;Meio de quadra;Não informado;Longo da via;0;1;0;1;0;0;0;0;0;0;0;0;0;(-38.45419600736069 -3.745118499480062);
CXV5440;2021-11-11 21:27:00;Rua Maria Júlia;;;BOM JARDIM;CXV5440;Atropelamento;Não informado;Não informado;Não informado;Cruz;Não informado;Longo da via;0;1;0;1;0;0;0;0;0;0;0;0;0;(-38.59867588191015 -3.788556706277709);
BVP6587;2021-11-27 13:36:00;BR-116;;;DIAS MACEDO;BVP6587;Colisão;Não informado;Não informado;Não informado;Meio de quadra;Não informado;Longo da via;0;1;0;1;1;0;0;0;0;0;0;0;0;(-38.5097777 -3.7891281);
GDB7256;2021-11-27 13:31:00;Avenida Presidente Costa e Silva;;;PREFEITO JOSE VALTER;GDB7256;Colisão;Não informado;Não informado;Não informado;Meio de quadra;Não informado;Longo da via;0;2;0;1;1;0;0;0;0;0;0;0;0;(-38.5503326 -3.8234508);
TGT6496;2021-11-11 21:27:00;Avenida Augusto dos Anjos;;;PARANGABA;TGT6496;Colisão;Não informado;Não informado;Não informado;Meio de quadra;Não informado;Longo da via;0;2;0;1;1;0;0;0;0;0;0;0;0;(-38.57199323660395 -3.772214774078789);
LLN9402;2021-11-11 21:15:00;Rua Coronel João de Oliveira;;;MESSEJANA;LLN9402;Queda;Não informado;Não informado;Não informado;Meio de quadra;Não informado;Longo da via;0;1;0;0;0;0;0;0;0;1;0;0;0;(-38.48711208366339 -3.822968496596106);
MYP2315;2021-11-27 12:48:00;Avenida Doutor Silas Munguba;;;PARANGABA;MYP2315;Queda;Não informado;Não informado;Não informado;Meio de quadra;Não informado;Longo da via;0;1;0;1;0;0;0;0;0;0;0;0;0;(-38.5609856 -3.7791625);
BTH6273;2021-11-11 21:09:00;Avenida Ulisses Bezerra;RUA TEOFREDO GOIANA;;CIDADE DOS FUNCIONRAIOS;BTH6273;Colisão;Não informado;Não informado;Não informado;Não informado;Não informado;Longo da via;0;1;0;1;1;0;0;0;0;0;0;0;0;(-38.5007872 -3.7987377);
ORL5873;2021-11-27 12:36:00;Avenida Senador Fernandes Távora;;;AUTRAN NUNES;ORL5873;Colisão;Não informado;Não informado;Não informado;Meio de quadra;Não informado;Longo da via;0;1;0;0;0;0;0;0;0;0;1;0;0;(-38.5937402 -3.7561086);
DVO2304;2021-11-27 11:55:00;Avenida Francisco Sá;;;BARRA DO CEARA;DVO2304;Colisão;Não informado;Não informado;Não informado;Meio de quadra;Não informado;Longo da via;0;1;0;1;1;0;0;0;0;0;0;0;0;(-38.5757472 -3.7112133);
WDK2579;2021-11-27 10:25:00;AV ZEZE DIOGO;;;PRAIA DO FUTURO II;WDK2579;Queda;Não informado;Não informado;Não informado;Meio de quadra;Não informado;Longo da via;0;1;0;1;0;0;0;0;0;0;0;0;0;(-38.4439752 -3.756587);
FRK9718;2021-11-11 20:41:00;Avenida Jornalista Tomaz Coelho;;;MESSEJANA;FRK9718;Colisão;Não informado;Não informado;Não informado;Meio de quadra;Não informado;Longo da via;0;1;0;0;0;0;0;0;0;0;0;0;0;(-38.5107767 -3.8295793);
EXW9268;2021-11-11 20:25:00;Avenida Augusto dos Anjos;;;JOQUEI CLUBE;EXW9268;Colisão;Não informado;Não informado;Não informado;Meio de quadra;Não informado;Longo da via;0;1;0;1;1;0;0;0;0;0;0;0;0;(-38.57504561509364 -3.775533501238016);
YAG0501;2021-11-27 09:16:00;Rua Tereza Cristina;;;CENTRO;YAG0501;Atropelamento;Não informado;Não informado;Não informado;Meio de quadra;Não informado;Longo da via;0;2;0;1;0;0;0;0;0;0;0;0;0;(-38.5365818 -3.7254958);
CPU4745;2021-11-27 07:48:00;Avenida Presidente Costa e Silva;;;PREFEITO JOSE VALTER;CPU4745;Choque c/ Obstáculo Fixo;Não informado;Não informado;Não informado;Meio de quadra;Não informado;Longo da via;0;1;0;0;1;0;0;0;0;0;0;0;0;(-38.5443649 -3.824495899999999);
HCH3816;2021-11-11 19:46:00;Avenida Tristão Gonçalves;RUA SAO PAULO;;CENTRO;HCH3816;Colisão;Não informado;Não informado;Não informado;Cruz;Não informado;Longo da via;0;1;0;1;1;0;0;0;0;0;0;0;0;(-38.5324414124964 -3.724546824176851);
DFV1101;2021-11-11 19:39:00;Rua Dom Jerônimo;AV DOMINGOS OLIMPIO;;FARIAS BRITO;DFV1101;Colisão;Não informado;Não informado;Não informado;Cruz;Não informado;Longo da via;0;2;0;1;1;0;0;0;0;0;0;0;0;(-38.54342773874477 -3.733309785138449);
RIY2940;2021-11-27 07:09:00;Rodovia Estrada do Guarani (BR116);;;MESSEJANA;RIY2940;Queda;Não informado;Não informado;Não informado;Meio de quadra;Não informado;Longo da via;0;1;0;1;0;0;0;0;0;0;0;0;0;(-38.5041401 -3.8259496);
KFA1674;2021-11-11 19:14:00;Rua Chico França;;;MESSEJANA;KFA1674;Colisão;Não informado;Não informado;Não informado;Meio de quadra;Não informado;Longo da via;0;1;0;1;1;0;0;0;0;0;0;0;0;(-38.49808231876887 -3.834802750857699);
SVZ0288;2021-11-11 18:55:00;Rua Rio Grande do Norte;;;DEMOCRITO ROCHA;SVZ0288;Atropelamento;Não informado;Não informado;Não informado;Meio de quadra;Não informado;Longo da via;0;1;0;0;1;0;0;0;0;0;0;0;0;(-38.56650547238083 -3.759319793035929);