COD_ACIDENTE;DATA;LOG1;LOG2;NUMERO;BAIRRO;AMC;NATUREZA;ILUMINACAO;TEMPO;SUPERFICIEPISTA;TIPOCRUZAMENTO;CONTROLETRAFEGO;USOSOLO;MORTOS;FERIDOS;ILESOS;MOTOCICLETA;AUTOMOVEL;MICROONIBUS;CAMINHAO;ONIBUS;CICLOMOTOR;BICICLETA;OUTROS;TREM;TRACAOANIMAL;COORDENADAS
WUW7728;2021-11-11 18:22:00;Avenida Moura Matos;;;PASSARE;WUW7728;Colisão;Não informado;Não informado;Não informado;Meio de quadra;Não informado;Longo da via;0;1;0;1;1;0;0;0;0;0;0;0;0;(-38.54257479580887 -3.813350033910317);
SAQ0395;2021-11-11 16:58:00;Rua Maria Júlia;;;CANINDEZINHO;SAQ0395;Colisão;Não informado;Não informado;Não informado;Meio de quadra;Não informado;Longo da via;0;1;0;1;1;0;0;0;0;0;0;0;0;(-38.6006644 -3.7948342);
DOL1178;2021-11-11 14:17:00;Rua Manoel Arruda;;;MESSEJANA;DOL1178;Colisão;Não informado;Não informado;Não informado;Meio de quadra;Não informado;Longo da via;0;1;0;1;0;0;1;0;0;0;0;0;0;(-38.50342528194149 -3.829097065698207);
CVW0868;2021-11-11 23:21:00;Rua Arquimedes Memória;;;JARDIM IRACEMA;CVW0868;Queda;Não informado;Não informado;Não informado;Meio de quadra;Não informado;Longo da via;0;1;0;0;0;0;0;0;0;1;0;0;0;(-38.58390227418695 -3.713594338597346);
WQI5392;2021-11-11 13:02:00;Avenida Treze de Maio;;;BENFICA;WQI5392;Atropelamento;Não informado;Não informado;Não informado;Meio de quadra;Não informado;Longo da via;0;1;0;0;1;0;0;0;0;0;0;0;0;(-38.5374927 -3.742407);
GUE5548;2021-11-11 12:01:00;Rua João Gentil;;;GRANJA LISBOA;GUE5548;Queda;Não informado;Não informado;Não informado;Meio de quadra;Não informado;Longo da via;0;1;0;0;0;0;0;0;0;1;0;0;0;(-38.6266429 -3.7909954);
HDO8971;2021-11-11 11:25:00;Avenida Professor Gomes de Matos;;;MONTESE;HDO8971;Colisão;Não informado;Não informado;Não informado;Meio de quadra;Não informado;Longo da via;0;1;0;0;0;0;0;0;0;0;0;0;0;(-38.54486004351944 -3.760294015788731);
QOU9908;2021-11-11 10:30:00;Avenida Governador Raul Barbosa;;;ALTO DA BALANCA;QOU9908;Colisão;Não informado;Não informado;Não informado;Meio de quadra;Não informado;Longo da via;0;1;0;1;1;0;0;0;0;0;0;0;0;(-38.51045802529912 -3.7695062551006);
CDJ7829;2021-11-11 10:29:00;Avenida Castelo de Castro;;;JANGURUSSU;CDJ7829;Colisão;Não informado;Não informado;Não informado;Meio de quadra;Não informado;Longo da via;0;1;0;1;1;0;0;0;0;0;0;0;0;(-38.5214282475028 -3.831891036356933);
YMG9279;2021-11-11 10:27:00;Avenida Washington Soares;;;SAPIRANGA / COITE;YMG9279;Colisão;Não informado;Não informado;Não informado;Meio de quadra;Não informado;Longo da via;0;2;0;1;1;0;0;0;0;0;0;0;0;(-38.4796609027976 -3.798234324824739);
WLZ3559;2021-11-11 10:20:00;Avenida Alberto Craveiro;;;DIAS MACEDO;WLZ3559;Colisão;Não informado;Não informado;Não informado;Meio de quadra;Não informado;Longo da via;0;1;0;1;1;0;0;0;0;0;0;0;0;(-38.5172568 -3.7900893);
TNR4556;2021-11-11 10:15:00;Rua Bárbara de Alencar;RUA NOGUEIRA ACIOLI;;CENTRO;TNR4556;Colisão;Não informado;Não informado;Não informado;Cruz;Não informado;Longo da via;0;1;0;1;1;0;0;0;0;0;0;0;0;(-38.51891359906179 -3.736441927752758);
MMK1555;2021-11-27 02:13:00;AV WASHINGTON SOARES;;;EDSON QUEIROZ;MMK1555;Colisão;Não informado;Não informado;Não informado;Meio de quadra;Não informado;Longo da via;0;2;0;0;0;0;0;0;0;0;1;0;0;(-38.48936340405917 -3.757496384356158);
ARN6882;2021-11-27 01:37:00;Rua Martins de Carvalho;;;BOM JARDIM;ARN6882;Colisão;Não informado;Não informado;Não informado;Meio de quadra;Não informado;Longo da via;0;2;0;0;0;0;0;0;0;0;1;0;0;(-38.6071614 -3.7942823);
ZGR4692;2021-11-26 23:19:00;Rua Professor Heribaldo Costa;;;JOAO XXIII;ZGR4692;Colisão;Não informado;Não informado;Não informado;Meio de quadra;Não informado;Longo da via;0;1;0;1;1;0;0;0;0;0;0;0;0;(-38.58897732993307 -3.769950956624719);
JLP4832;2021-11-26 23:18:00;Avenida Augusto dos Anjos;;;BONSUCESSO;JLP4832;Colisão;Não informado;Não informado;Não informado;Meio de quadra;Não informado;Longo da via;0;2;0;0;0;0;0;0;0;0;1;0;0;(-38.5817597 -3.7834837);
IBQ5636;2021-11-11 09:28:00;Rua Cônego de Castro;;;PARQUE SANTA ROSA;IBQ5636;Colisão;Não informado;Não informado;Não informado;Meio de quadra;Não informado;Longo da via;0;1;0;1;1;0;0;0;0;0;0;0;0;(-38.59395521445228 -3.807215999816089);
XEP9233;2021-11-26 23:09:00;Rua Professor Heribaldo Costa;;;HENRIQUE JORGE;XEP9233;Atropelamento;Não informado;Não informado;Não informado;Meio de quadra;Não informado;Longo da via;0;1;0;0;0;0;0;0;0;0;1;0;0;(-38.5828487 -3.7576739);
CIV6507;2021-11-26 23:03:00;Avenida Doutor Silas Munguba;;;PASSARE;CIV6507;Colisão;Não informado;Não informado;Não informado;Meio de quadra;Não informado;Longo da via;0;1;0;0;0;0;0;0;0;0;1;0;0;(-38.5297827 -3.8016075);
EVH7843;2021-11-11 09:06:00;Rua Benjamim Brasil;;;MONDUBIM;EVH7843;Colisão;Não informado;Não informado;Não informado;Meio de quadra;Não informado;Longo da via;0;1;0;1;1;0;0;0;0;0;0;0;0;(-38.55865732833409 -3.808093822385053);
WEI3655;2021-11-26 22:53:00;Rua Padre Perdigão Sampaio;RUA PRO JOSE LEITE GONDIM;;ANTONIO BEZERRA;WEI3655;Colisão;Não informado;Não informado;Não informado;Cruz;Não informado;Cruzamento;0;1;0;2;0;0;0;0;0;0;0;0;0;(-38.5943026 -3.7422543);
DEQ5149;2021-11-11 08:24:00;Avenida C;;;PREFEITO JOSE VALTER;DEQ5149;Queda;Não informado;Não informado;Não informado;Meio de quadra;Não informado;Longo da via;0;1;0;1;0;0;0;0;0;0;0;0;0;(-38.5558816 -3.8287325);
AWI5860;2021-11-11 07:15:00;Avenida Mister Hull;;;ANTONIO BEZERRA;AWI5860;Queda;Não informado;Não informado;Não informado;Meio de quadra;Não informado;Longo da via;0;1;0;0;0;0;0;0;0;1;0;0;0;(-38.5918266 -3.7396339);
WUO1572;2021-11-11 03:37:00;Avenida Sargento Hermínio Sampaio;;;PRESIDENTE KENNEDY;WUO1572;Colisão;Não informado;Não informado;Não informado;Meio de quadra;Não informado;Longo da via;0;1;0;1;1;0;0;0;0;0;0;0;0;(-38.57279793144568 -3.728968463533289);
FTX1118;2021-11-10 23:45:00;Rua Gontran Giffoni;;;ENGENHEIRO LUCIANO CAVALCANTE;FTX1118;Não informado;Não informado;Não informado;Não informado;Meio de quadra;Não informado;Longo da via;0;1;0;1;1;0;0;0;0;0;0;0;0;(-38.48944024390325 -3.769351023520124);
EAV2437;2021-11-26 20:42:00;Rua Maria Josefina Pessoa;RUA FABIANO DE CRISTO;;JARDIM CEARENSE;EAV2437;Colisão;Não informado;Não informado;Não informado;Cruz;Não informado;Cruzamento;0;1;0;1;1;0;0;0;0;0;0;0;0;(-38.56632 -3.804352799999999);
FSM1747;2021-11-26 20:20:00;Avenida Mister Hull;;;ANTONIO BEZERRA;FSM1747;Colisão;Não informado;Não informado;Não informado;Meio de quadra;Não informado;Longo da via;0;3;0;2;0;0;0;0;0;0;0;0;0;(-38.5944449 -3.740393);
GZX2807;2021-11-26 20:15:00;Rua Duarte Pímentel;;;SERRINHA;GZX2807;Colisão;Não informado;Não informado;Não informado;Meio de quadra;Não informado;Longo da via;0;1;0;0;1;0;0;0;0;1;0;0;0;(-38.5424801 -3.7812497);
AKT6046;2021-11-26 19:17:00;Avenida Presidente Costa e Silva;;;PREFEITO JOSE VALTER;AKT6046;Colisão;Não informado;Não informado;Não informado;Meio de quadra;Não informado;Longo da via;0;1;0;1;1;0;0;0;0;0;0;0;0;(-38.5640967 -3.8182428);
HBR5628;2021-11-10 21:47:00;Avenida Mister Hull;;;ANTONIO BEZERRA;HBR5628;Colisão;Não informado;Não informado;Não informado;Meio de quadra;Não informado;Longo da via;0;1;0;1;1;0;0;0;0;0;0;0;0;(-38.59560743855037 -3.740086700488587);
LNW6175;2021-11-26 18:10:00;Avenida Pompílio Gomes;;;PASSARE;LNW6175;Colisão;Não informado;Não informado;Não informado;Meio de quadra;Não informado;Longo da via;0;1;0;1;1;0;0;0;0;0;0;0;0;(-38.5209206 -3.8143889);
XPE2377;2021-11-26 17:41:00;Avenida Coronel Miguel Dias;;;EDSON QUEIROZ;XPE2377;Colisão;Não informado;Não informado;Não informado;Meio de quadra;Não informado;Longo da via;0;1;0;1;1;0;0;0;0;0;0;0;0;(-38.4882159 -3.7604838);
JFB1031;2021-11-26 16:58:00;Rua Alberto Magno;RUA BAR SOBRAL;;MONTESE;JFB1031;Colisão;Não informado;Não informado;Não informado;Cruz;Não informado;Cruzamento;0;1;0;1;1;0;0;0;0;0;0;0;0;(-38.5524475 -3.767993199999999);
PDJ4395;2021-11-26 16:37:00;Avenida Carneiro de Mendonça;;;JOQUEI CLUBE;PDJ4395;Queda;Não informado;Não informado;Não informado;Meio de quadra;Não informado;Longo da via;0;1;0;1;0;0;0;0;0;0;0;0;0;(-38.5783908 -3.758106999999999);
CIY1588;2021-11-10 21:46:00;Avenida Val Paraíso;;;JANGURUSSU;CIY1588;Colisão;Não informado;Não informado;Não informado;Meio de quadra;Não informado;Longo da via;0;1;0;1;1;0;0;0;0;0;0;0;0;(-38.50690681903427 -3.850929401553755);
VDJ7616;2021-11-26 14:47:00;BR-116;;;CIDADE DOS FUNCIONRAIOS;VDJ7616;Colisão;Não informado;Não informado;Não informado;Meio de quadra;Não informado;Longo da via;0;1;0;1;1;0;0;0;0;0;0;0;0;(-38.5089414 -3.7907946);
ZWE8062;2021-11-10 21:35:00;Rua Vereador Pedro Paulo;RUA LIDIA BRIGIDO;;PARQUE MANIBURA;ZWE8062;Atropelamento de Animal;Não informado;Não informado;Não informado;T;Não informado;Longo da via;0;1;0;1;0;0;0;0;0;0;0;0;0;(-38.4850322 -3.7873067);
ERD3239;2021-11-26 14:28:00;Avenida Deputado Paulino Rocha;;;CAJAZEIRAS;ERD3239;Atropelamento;Não informado;Não informado;Não informado;Meio de quadra;Não informado;Longo da via;0;1;0;0;1;0;0;0;0;0;0;0;0;(-38.51048240000001 -3.8115646);
MYI2245;2021-11-10 21:35:00;Avenida Carneiro de Mendonça;RUA GOIAS;;DEMOCRITO ROCHA;MYI2245;Colisão;Não informado;Não informado;Não informado;Cruz;Não informado;Longo da via;0;1;0;1;1;0;0;0;0;0;0;0;0;(-38.56837228070664 -3.763243441769879);
UCG1888;2021-11-10 21:34:00;Rua Raimundo Matias;;;PEDRAS;UCG1888;Colisão;Não informado;Não informado;Não informado;Meio de quadra;Não informado;Longo da via;0;1;0;1;1;0;0;0;0;0;0;0;0;(-38.5062093977747 -3.89026258684233);
GCQ6077;2021-11-26 11:52:00;Avenida Duque de Caxias;RUA MAJ FACUNDO;;CENTRO;GCQ6077;Colisão;Não informado;Não informado;Não informado;Cruz;Não informado;Cruzamento;0;1;0;0;0;0;0;0;0;0;1;0;0;(-38.5292949 -3.7319486);
LIO8530;2021-11-26 10:13:00;Rua Teodomiro de Castro;;;ALVARO WEYNE;LIO8530;Colisão;Não informado;Não informado;Não informado;Meio de quadra;Não informado;Longo da via;0;1;0;1;1;0;0;0;0;0;0;0;0;(-38.5709681 -3.7195769);
TUU3718;2021-11-26 10:04:00;Avenida Vicente de Castro;;;MUCURIPE;TUU3718;Colisão;Não informado;Não informado;Não informado;Meio de quadra;Não informado;Longo da via;0;1;0;0;0;0;0;0;0;0;1;0;0;(-38.4730252 -3.7132388);
OKF6516;2021-11-26 08:52:00;RUA JOSE HIPOLITO;;;MESSEJANA;OKF6516;Atropelamento;Não informado;Não informado;Não informado;Meio de quadra;Não informado;Longo da via;0;1;0;1;0;0;0;0;0;0;0;0;0;(-38.4920274 -3.8330246);
FPF2337;2021-11-26 04:46:00;Rua José Dantas Pereira;;;CANINDEZINHO;FPF2337;Queda;Não informado;Não informado;Não informado;Meio de quadra;Não informado;Longo da via;0;1;0;1;0;0;0;0;0;0;0;0;0;(-38.607706 -3.8224972);
NHZ9407;2021-11-26 04:38:00;Rua José Bastos;;;BENFICA;NHZ9407;Queda;Não informado;Não informado;Não informado;Meio de quadra;Não informado;Longo da via;0;2;0;1;0;0;0;0;0;0;0;0;0;(-38.5446616 -3.7439272);
TNB1742;2021-11-26 04:35:00;RUA FLORIANO PEIXOTO;;;CENTRO;TNB1742;Atropelamento;Não informado;Não informado;Não informado;Meio de quadra;Não informado;Longo da via;0;1;0;0;1;0;0;0;0;0;0;0;0;(-38.5279872 -3.7298748);
PQP7662;2021-11-26 02:51:00;Rua Santa Catarina;;;PAN AMERICANO;PQP7662;Queda;Não informado;Não informado;Não informado;Meio de quadra;Não informado;Longo da via;0;1;0;0;0;0;0;0;0;1;0;0;0;(-38.5642328 -3.7517732);
XWC9504;2021-11-26 02:23:00;Avenida Coronel Virgílio Nogueira;RUA BOM JESUS (GRANJA LISBOA);;BOM JARDIM;XWC9504;Colisão;Não informado;Não informado;Não informado;Cruz;Não informado;Cruzamento;0;1;0;1;1;0;0;0;0;0;0;0;0;(-38.609635 -3.7916918);
REK5922;2021-11-26 00:34:00;Avenida Leste Oeste;;;CRISTO REDENTOR;REK5922;Queda;Não informado;Não informado;Não informado;Meio de quadra;Não informado;Longo da via;0;1;0;0;0;0;0;0;0;1;0;0;0;(-38.5645486 -3.7095397);
DUW6524;2021-11-25 22:19:00;Rua Raimundo Neri;;;BONSUCESSO;DUW6524;Colisão;Não informado;Não informado;Não informado;Meio de quadra;Não informado;Longo da via;0;1;0;1;1;0;0;0;0;0;0;0;0;(-38.587129 -3.7924302);
ODT8505;2021-11-25 21:29:00;Rua Bulgaria;;;MANOEL SATIRO;ODT8505;Atropelamento;Não informado;Não informado;Não informado;Meio de quadra;Não informado;Longo da via;0;0;0;0;1;0;0;0;0;0;0;0;0;(-38.579444 -3.792915);
VBP1683;2021-11-25 21:08:00;RUA CLEIA;;;BARROSO;VBP1683;Colisão;Não informado;Não informado;Não informado;Meio de quadra;Não informado;Longo da via;0;1;0;1;1;0;0;0;0;0;0;0;0;(-38.5027028 -3.8273102);
EOZ5581;2021-11-25 20:54:00;Avenida Sargento Hermínio Sampaio;;;PADRE ANDRADE;EOZ5581;Queda;Não informado;Não informado;Não informado;Meio de quadra;Não informado;Longo da via;0;1;0;1;0;0;0;0;0;0;0;0;0;(-38.5796681 -3.7317955);
ZWS2592;2021-11-25 19:53:00;Rua José Bastos;;;BELA VISTA;ZWS2592;Colisão;Não informado;Não informado;Não informado;Meio de quadra;Não informado;Longo da via;0;1;0;2;0;0;0;0;0;0;0;0;0;(-38.5571586 -3.7570507);
TUN8871;2021-11-25 18:05:00;AV CASTELO DE CASTRO;AV JOR THOMAZ COELHO;;JANGURUSSU;TUN8871;Colisão;Não informado;Não informado;Não informado;Cruz;Não informado;Cruzamento;0;1;0;1;1;0;0;0;0;0;0;0;0;(-38.5216652 -3.8434492);
AST4353;2021-11-25 16:49:00;Avenida da Universidade;;;BENFICA;AST4353;Colisão;Não informado;Não informado;Não informado;Meio de quadra;Não informado;Longo da via;0;1;0;1;1;0;0;0;0;0;0;0;0;(-38.5420166 -3.7438972);
RQB5964;2021-11-25 14:48:00;Avenida Val Paraíso;;;JANGURUSSU;RQB5964;Atropelamento;Não informado;Não informado;Não informado;Meio de quadra;Não informado;Longo da via;0;2;0;1;0;0;0;0;0;0;0;0;0;(-38.5101986 -3.8493352);
QEP3122;2021-11-25 14:27:00;Rua São Lázaro;RUA MAJ MONTENEGRO;;MANOEL SATIRO;QEP3122;Queda;Não informado;Não informado;Não informado;Cruz;Não informado;Cruzamento;0;1;0;1;0;0;0;0;0;0;0;0;0;(-38.580773 -3.8017294);
HHZ7430;2021-11-25 14:26:00;RUA SANTA ROSA;RUA ROSINHA SAMPAIO;;CARLITO PAMPLONA;HHZ7430;Queda;Não informado;Não informado;Não informado;Cruz;Não informado;Cruzamento;0;1;0;0;0;0;0;0;0;1;0;0;0;(-38.5537587 -3.7160362);
OPO2393;2021-11-25 13:20:00;Rua Ribeirão Novo;;;BARRA DO CEARA;OPO2393;Atropelamento;Não informado;Não informado;Não informado;Meio de quadra;Não informado;Longo da via;0;1;0;0;1;0;0;0;0;0;0;0;0;(-38.5775926 -3.7068717);
SAV4515;2021-11-25 12:14:00;Avenida Engenheiro Santana Júnior;;;COCO;SAV4515;Colisão;Não informado;Não informado;Não informado;Meio de quadra;Não informado;Longo da via;0;1;0;1;1;0;0;0;0;0;0;0;0;(-38.4845425 -3.739758);
CJL4922;2021-11-25 11:20:00;Rua Professor Otávio Lobo;;;PAPICU;CJL4922;Colisão;Não informado;Não informado;Não informado;Meio de quadra;Não informado;Longo da via;0;1;0;1;1;0;0;0;0;0;0;0;0;(-38.4773725 -3.7420984);
ZDD3193;2021-11-25 10:50:00;Rua São Cipriano;;;PASSARE;ZDD3193;Colisão;Não informado;Não informado;Não informado;Meio de quadra;Não informado;Longo da via;0;1;0;1;1;0;0;0;0;0;0;0;0;(-38.5219047 -3.813784);
DEZ1537;2021-11-25 10:29:00;Avenida Edilson Brasil Soares;RUA EVILASIO A MIRANDA;;EDSON QUEIROZ;DEZ1537;Colisão;Não informado;Não informado;Não informado;T;Não informado;Cruzamento;0;1;0;1;1;0;0;0;0;0;0;0;0;(-38.46777727068552 -3.788510455645505);
KEH9577;2021-11-25 09:31:00;Rua Aluísio Azevedo;RUA RIBEIRO JUNIOR;;JOQUEI CLUBE;KEH9577;Colisão;Não informado;Não informado;Não informado;Cruz;Não informado;Cruzamento;0;1;0;1;1;0;0;0;0;0;0;0;0;(-38.5758604 -3.7720052);
PKF8321;2021-11-25 04:04:00;Rua Pierre Luz;;;JARDIM GUANABARA;PKF8321;Queda;Não informado;Não informado;Não informado;Meio de quadra;Não informado;Longo da via;0;1;0;1;0;0;0;0;0;0;0;0;0;(-38.5881719 -3.7197634);
BME5190;2021-11-25 03:01:00;AV CONTORNO SUL;;;JANGURUSSU;BME5190;Queda;Não informado;Não informado;Não informado;Meio de quadra;Não informado;Longo da via;0;1;0;1;0;0;0;0;0;0;0;0;0;(-38.5199088 -3.8377883);
QBU6363;2021-11-25 03:01:00;AV CONTORNO SUL;;;JANGURUSSU;QBU6363;Queda;Não informado;Não informado;Não informado;Meio de quadra;Não informado;Longo da via;0;0;0;0;0;0;0;0;0;0;0;0;0;(-38.5199088 -3.8377883);
RZQ7187;2021-11-25 02:55:00;Rua 09;RUA 3 CJ PEQ MONDUBIM;;MONDUBIM;RZQ7187;Queda;Não informado;Não informado;Não informado;Meio de quadra;Não informado;Longo da via;0;1;0;1;0;0;0;0;0;0;0;0;0;(-38.5705398 -3.8174603);
DHL1823;2021-11-25 02:25:00;Avenida Bernardo Manuel;;;ITAPERI;DHL1823;Atropelamento;Não informado;Não informado;Não informado;Meio de quadra;Não informado;Longo da via;0;1;0;1;0;0;0;0;0;0;0;0;0;(-38.5560496 -3.8145267);
YRQ2537;2021-11-25 02:10:00;Rua Margarida Maria;;;PARQUELANDIA;YRQ2537;Atropelamento;Não informado;Não informado;Não informado;Meio de quadra;Não informado;Longo da via;0;1;0;0;1;0;0;0;0;0;0;0;0;(-38.5653985 -3.7306225);
IJT9849;2021-11-25 00:02:00;Avenida Bezerra de Menezes;;;PRESIDENTE KENNEDY;IJT9849;Atropelamento;Não informado;Não informado;Não informado;Meio de quadra;Não informado;Longo da via;0;1;0;0;1;0;0;0;0;0;0;0;0;(-38.56695440883984 -3.736063164235576);
TDR4742;2021-11-24 22:28:00;Avenida Coronel Carvalho;;;BARRA DO CEARA;TDR4742;Colisão;Não informado;Não informado;Não informado;Meio de quadra;Não informado;Longo da via;0;1;0;0;0;0;0;0;0;0;1;0;0;(-38.5884384 -3.7164694);
KRC6251;2021-11-24 22:14:00;AV CONTORNO SUL;;;JANGURUSSU;KRC6251;Queda;Não informado;Não informado;Não informado;Meio de quadra;Não informado;Longo da via;0;1;0;0;0;0;0;0;0;1;0;0;0;(-38.5199088 -3.8377883);
LUQ2650;2021-11-10 21:21:00;Avenida G;;;PREFEITO JOSE VALTER;LUQ2650;Queda;Não informado;Não informado;Não informado;Meio de quadra;Não informado;Longo da via;0;1;0;1;0;0;0;0;0;0;0;0;0;(-38.56028273925603 -3.837511064633485);
GJH9522;2021-11-10 20:56:00;Rua Coronel Honório Vieira;AV JOSE LEON;;PARQUE MANIBURA;GJH9522;Queda;Não informado;Não informado;Não informado;Cruz;Não informado;Longo da via;0;1;0;1;0;0;0;0;0;0;0;0;0;(-38.48703697829229 -3.791661263856154);
CFX1747;2021-11-10 20:31:00;Rua Coronel Matos Dourado;;;HENRIQUE JORGE;CFX1747;Atropelamento;Não informado;Não informado;Não informado;Meio de quadra;Não informado;Longo da via;0;1;0;0;1;0;0;0;0;0;0;0;0;(-38.58540804720978 -3.759294952348835);
CKZ8776;2021-11-24 21:43:00;Avenida Presidente Juscelino Kubitschek;;;PASSARE;CKZ8776;Queda;Não informado;Não informado;Não informado;Meio de quadra;Não informado;Longo da via;0;1;0;1;0;0;0;0;0;0;0;0;0;(-38.5259737 -3.8082443);
YPT1463;2021-11-10 20:06:00;Rua Costa Barros;;;MEIRELES;YPT1463;Atropelamento;Não informado;Não informado;Não informado;Meio de quadra;Não informado;Longo da via;0;1;0;1;0;0;0;0;0;0;0;0;0;(-38.51141289264675 -3.730413788767664);
GTG9897;2021-11-24 21:34:00;Rua Jaime Benévolo;AV DOMINGOS OLIMPIO;;JOSE BONIFACIO;GTG9897;Colisão;Não informado;Não informado;Não informado;Cruz;Não informado;Cruzamento;0;1;0;0;0;0;0;0;0;0;1;0;0;(-38.5272608 -3.7378222);
BDV9056;2021-11-10 20:04:00;Rua João Cordeiro;RUA PEREIRA FILGUEIRAS;;PRAIA DE IRACEMA;BDV9056;Colisão;Não informado;Não informado;Não informado;Cruz;Não informado;Longo da via;0;1;0;0;0;0;0;0;0;0;0;0;0;(-38.51393417146654 -3.728224387763797);
JHQ3997;2021-11-10 19:38:00;Avenida Carneiro de Mendonça;;;PICI;JHQ3997;Queda;Não informado;Não informado;Não informado;Meio de quadra;Não informado;Longo da via;0;1;0;1;0;0;0;0;0;0;0;0;0;(-38.57313587383022 -3.760872125478997);
SWO5040;2021-11-24 21:23:00;AV JOSE JATAHY;RUA MON DANTAS;;JACARECANGA;SWO5040;Colisão;Não informado;Não informado;Não informado;Cruz;Não informado;Cruzamento;0;1;0;2;0;0;0;0;0;0;0;0;0;(-38.54667970000001 -3.7197536);
GRT4978;2021-11-24 21:20:00;Avenida Presidente Castelo Branco;;;CENTRO;GRT4978;Atropelamento;Não informado;Não informado;Não informado;Meio de quadra;Não informado;Longo da via;0;1;0;1;0;0;0;0;0;0;0;0;0;(-38.5308038 -3.7199409);
JHV5662;2021-11-24 21:17:00;AV ROGACIANO LEITE;;;ENGENHEIRO LUCIANO CAVALCANTE;JHV5662;Atropelamento;Não informado;Não informado;Não informado;Meio de quadra;Não informado;Longo da via;0;1;0;1;0;0;0;0;0;0;0;0;0;(-38.4926574 -3.759564199999999);
EBD8971;2021-11-24 16:48:00;Rua do Canal;;;SAO JOAO DO TAUAPE;EBD8971;Atropelamento;Não informado;Não informado;Não informado;Meio de quadra;Não informado;Longo da via;0;1;0;1;0;0;0;0;0;0;0;0;0;(-38.5128239 -3.7621771);
GEY7963;2021-11-24 16:30:00;Avenida Senador Fernandes Távora;;;AUTRAN NUNES;GEY7963;Atropelamento;Não informado;Não informado;Não informado;Meio de quadra;Não informado;Longo da via;0;1;0;0;1;0;0;0;0;0;0;0;0;(-38.5937402 -3.7561086);
WWD9828;2021-11-24 16:19:00;Avenida José Tavares;;;CANINDEZINHO;WWD9828;Colisão;Não informado;Não informado;Não informado;Meio de quadra;Não informado;Longo da via;0;1;0;1;1;0;0;0;0;0;0;0;0;(-38.6032148 -3.809695699999999);
ACC4515;2021-11-24 15:26:00;Rua João Areas;;;MANOEL SATIRO;ACC4515;Queda;Não informado;Não informado;Não informado;Meio de quadra;Não informado;Longo da via;0;1;0;1;0;0;0;0;0;0;0;0;0;(-38.5762098 -3.7961182);
DXB7395;2021-11-10 19:14:00;Rua Cônego de Castro;RUA LEAO DO NORTE;;VILA PERY;DXB7395;Colisão;Não informado;Não informado;Não informado;T;Não informado;Longo da via;0;2;0;1;1;0;0;0;0;0;0;0;0;(-38.57445391356863 -3.786144561057289);
FWK1588;2021-11-24 14:56:00;Rua Pôrto Velho;RUA ALUISIO AZEVEDO;;JOQUEI CLUBE;FWK1588;Colisão;Não informado;Não informado;Não informado;Cruz;Não informado;Cruzamento;0;1;0;1;1;0;0;0;0;0;0;0;0;(-38.5792181 -3.770224);
YPG2149;2021-11-10 18:57:00;Rua Vinícios de Morais;;;MANOEL SATIRO;YPG2149;Colisão;Não informado;Não informado;Não informado;Meio de quadra;Não informado;Longo da via;0;1;0;1;1;0;0;0;0;0;0;0;0;(-38.57952490930924 -3.795595471667244);
KBD3626;2021-11-10 18:51:00;Avenida Godofredo Maciel;;;MARAPONGA;KBD3626;Colisão;Não informado;Não informado;Não informado;Meio de quadra;Não informado;Longo da via;0;1;0;1;1;0;0;0;0;0;0;0;0;(-38.57265845704605 -3.805604871918865);
RPH5919;2021-11-10 18:14:00;Avenida Bernardo Manuel;;;ITAPERI;RPH5919;Queda;Não informado;Não informado;Não informado;Meio de quadra;Não informado;Longo da via;0;1;0;1;0;0;0;0;0;0;0;0;0;(-38.54810550821723 -3.788171312145718);
WDT4095;2021-11-10 17:51:00;Rua 15 de Novembro;RUA EQUADOR;;MONTESE;WDT4095;Colisão;Não informado;Não informado;Não informado;Cruz;Não informado;Longo da via;0;1;0;2;0;0;0;0;0;0;0;0;0;(-38.551326 -3.7705682);
ALY3358;2021-11-10 17:41:00;Avenida Governador Raul Barbosa;;;AEROLANDIA;ALY3358;Colisão;Não informado;Não informado;Não informado;Meio de quadra;Não informado;Longo da via;0;1;0;1;1;0;0;0;0;0;0;0;0;(-38.51116613363978 -3.771245917469094);
BSI4865;2021-11-10 17:19:00;Rua Henrique Rabêlo;;;JOAQUIM TVORA;BSI4865;Colisão;Não informado;Não informado;Não informado;Meio de quadra;Não informado;Longo da via;0;1;0;1;1;0;0;0;0;0;0;0;0;(-38.52150339017187 -3.740231231288276);
ISY7578;2021-11-24 14:26:00;VIA EXPRESSA;;;MUCURIPE;ISY7578;Atropelamento;Não informado;Não informado;Não informado;Meio de quadra;Não informado;Longo da via;0;2;0;0;1;0;0;0;0;0;0;0;0;(-38.4895669 -3.743782);
DCI2372;2021-11-10 16:33:00;Avenida Rogaciano Leite;;;JARDIM DAS OLIVEIRAS;DCI2372;Atropelamento;Não informado;Não informado;Não informado;Meio de quadra;Não informado;Longo da via;0;1;0;1;0;0;0;0;0;0;0;0;0;(-38.5022129185406 -3.782668721660055);
ISY7578;2021-11-24 13:06:00;Rua George Cavalcante;;;JARDIM GUANABARA;ISY7578;Atropelamento;Não informado;Não informado;Não informado;Meio de quadra;Não informado;Longo da via;0;1;0;1;0;0;0;0;0;0;0;0;0;(-38.592559 -3.7231499);