COD_ACIDENTE;DATA;LOG1;LOG2;NUMERO;BAIRRO;AMC;NATUREZA;ILUMINACAO;TEMPO;SUPERFICIEPISTA;TIPOCRUZAMENTO;CONTROLETRAFEGO;USOSOLO;MORTOS;FERIDOS;ILESOS;MOTOCICLETA;AUTOMOVEL;MICROONIBUS;CAMINHAO;ONIBUS;CICLOMOTOR;BICICLETA;OUTROS;TREM;TRACAOANIMAL;COORDENADAS
TKS3226;2021-11-10 15:36:00;Rua Primeiro de Janeiro;AV GODOFREDO MACIEL;;MARAPONGA;TKS3226;Colisão;Não informado;Não informado;Não informado;Cruz;Não informado;Longo da via;0;2;0;0;0;0;0;0;0;0;0;0;0;(-38.5663428 -3.784751299999999);
JLZ5948;2021-11-24 11:46:00;AV DO CONTORNO;;;BOA VISTA;JLZ5948;Colisão;Não informado;Não informado;Não informado;Meio de quadra;Não informado;Longo da via;0;3;0;2;0;0;0;0;0;0;0;0;0;(-38.519229 -3.8062983);
UAO2977;2021-11-10 11:58:00;Avenida Treze de Maio;;;BENFICA;UAO2977;Colisão;Não informado;Não informado;Não informado;Cruz;Não informado;Longo da via;0;1;0;1;1;0;0;0;0;0;0;0;0;(-38.54010178994858 -3.74009205348159);
WHW9756;2021-11-10 11:09:00;Avenida João Pessoa;;;DAMAS;WHW9756;Colisão;Não informado;Não informado;Não informado;Meio de quadra;Não informado;Longo da via;0;1;0;0;0;0;0;0;0;0;0;0;0;(-38.55776682344682 -3.762199635168348);
PLW3036;2021-11-10 11:04:00;Rua Rui Monte;;;ANTONIO BEZERRA;PLW3036;Colisão;Não informado;Não informado;Não informado;Meio de quadra;Não informado;Longo da via;0;1;0;1;1;0;0;0;0;0;0;0;0;(-38.58731404686885 -3.742549073819452);
PJF8698;2021-11-24 10:43:00;Rua Freire Alemão;;;SERRINHA;PJF8698;Colisão;Não informado;Não informado;Não informado;Meio de quadra;Não informado;Longo da via;0;1;0;1;1;0;0;0;0;0;0;0;0;(-38.54308959999999 -3.7827761);
TWE9667;2021-11-10 10:53:00;Rua Professor Joaquim Nogueira;;;ANTONIO BEZERRA;TWE9667;Colisão;Não informado;Não informado;Não informado;Meio de quadra;Não informado;Longo da via;0;1;0;2;0;0;0;0;0;0;0;0;0;(-38.58970657097652 -3.745075675780837);
NMC3910;2021-11-24 10:34:00;Avenida Jornalista Tomaz Coelho;;;MESSEJANA;NMC3910;Colisão;Não informado;Não informado;Não informado;Meio de quadra;Não informado;Longo da via;0;2;0;2;0;0;0;0;0;0;0;0;0;(-38.5107767 -3.8295793);
SUB7584;2021-11-10 10:50:00;Rua Engenheiro Edmundo Almeida Filho;;;VILA UNIAO;SUB7584;Colisão;Não informado;Não informado;Não informado;Meio de quadra;Não informado;Longo da via;0;2;0;1;1;0;0;0;0;0;0;0;0;(-38.52921739514928 -3.761268237452804);
SXL6652;2021-11-10 10:42:00;Avenida Coronel Virgílio Nogueira;;;BOM JARDIM;SXL6652;Colisão;Não informado;Não informado;Não informado;Meio de quadra;Não informado;Longo da via;0;1;0;1;1;0;0;0;0;0;0;0;0;(-38.60823527765418 -3.787416581473376);
NQY4971;2021-11-10 09:01:00;Avenida Cora Coralina;;;JANGURUSSU;NQY4971;Atropelamento;Não informado;Não informado;Não informado;Meio de quadra;Não informado;Longo da via;0;2;0;0;0;0;0;1;0;0;0;0;0;(-38.51918593460648 -3.855794633847118);
IQP4649;2021-11-10 02:16:00;Rua Banvarth Bezerra;;;PADRE ANDRADE;IQP4649;Colisão;Não informado;Não informado;Não informado;Meio de quadra;Não informado;Longo da via;0;1;0;0;0;0;0;0;0;0;0;0;0;(-38.5801769 -3.7339545);
XWR5910;2021-11-10 01:14:00;Rua Graça Aranha;AV 20 DE JANEIRO;;BARRA DO CEARA;XWR5910;Colisão;Não informado;Não informado;Não informado;Cruz;Não informado;Longo da via;0;1;0;0;0;0;0;0;0;0;0;0;0;(-38.57369378738001 -3.709707940061342);
XXY4741;2021-11-10 01:07:00;BR-116;;;CAJAZEIRAS;XXY4741;Colisão;Não informado;Não informado;Não informado;Meio de quadra;Não informado;Longo da via;0;1;0;1;0;0;0;1;0;0;0;0;0;(-38.5054894 -3.7996206);
VSV5336;2021-11-24 10:15:00;Avenida Presidente Costa e Silva;;;PREFEITO JOSE VALTER;VSV5336;Colisão;Não informado;Não informado;Não informado;Meio de quadra;Não informado;Longo da via;0;2;0;1;1;0;0;0;0;0;0;0;0;(-38.5530221 -3.8225299);
ARO8036;2021-11-24 10:10:00;Avenida Senador Fernandes Távora;;;HENRIQUE JORGE;ARO8036;Atropelamento;Não informado;Não informado;Não informado;Meio de quadra;Não informado;Longo da via;0;1;0;0;1;0;0;0;0;0;0;0;0;(-38.5864649 -3.759898);
PPG5161;2021-11-24 06:01:00;Avenida Washington Soares;;;PARQUE MANIBURA;PPG5161;Queda;Não informado;Não informado;Não informado;Meio de quadra;Não informado;Longo da via;0;1;0;1;0;0;0;0;0;0;0;0;0;(-38.480865 -3.7890552);
GEQ6517;2021-11-24 01:41:00;Avenida Treze de Maio;;;BENFICA;GEQ6517;Colisão;Não informado;Não informado;Não informado;Meio de quadra;Não informado;Longo da via;0;1;0;1;1;0;0;0;0;0;0;0;0;(-38.5410878 -3.73961);
WIZ9736;2021-11-24 00:55:00;RUA CARLOS CHAGAS;RUA VERBENA;;BONSUCESSO;WIZ9736;Queda;Não informado;Não informado;Não informado;Cruz;Não informado;Cruzamento;0;1;0;0;0;0;0;0;0;1;0;0;0;(-38.5918009 -3.7782515);
OZX3637;2021-11-23 23:51:00;AV GOV RAUL BARBOSA;;;AEROLANDIA;OZX3637;Colisão;Não informado;Não informado;Não informado;Meio de quadra;Não informado;Longo da via;0;1;0;1;1;0;0;0;0;0;0;0;0;(-38.512539 -3.7729647);
OZK4603;2021-11-23 23:15:00;Avenida Washington Soares;;;EDSON QUEIROZ;OZK4603;Colisão;Não informado;Não informado;Não informado;Meio de quadra;Não informado;Longo da via;0;1;0;1;1;0;0;0;0;0;0;0;0;(-38.4797767 -3.8009245);
MXL4482;2021-11-23 23:07:00;Rua Joaquim Frota;;;SAPIRANGA / COITE;MXL4482;Queda;Não informado;Não informado;Não informado;Meio de quadra;Não informado;Longo da via;0;1;0;1;0;0;0;0;0;0;0;0;0;(-38.4787624 -3.802064);
QQA3909;2021-11-23 21:51:00;Rua Melvin Jones;;;CENTRO;QQA3909;Atropelamento;Não informado;Não informado;Não informado;Meio de quadra;Não informado;Longo da via;0;1;0;0;1;0;0;0;0;0;0;0;0;(-46.7749642 -23.5302815);
CQJ6646;2021-11-23 21:41:00;Avenida Godofredo Maciel;;;MARAPONGA;CQJ6646;Queda;Não informado;Não informado;Não informado;Meio de quadra;Não informado;Longo da via;0;1;0;1;0;0;0;0;0;0;0;0;0;(-38.5743582 -3.809849499999999);
ZEW3149;2021-11-10 00:24:00;Avenida Presidente Costa e Silva;;;PREFEITO JOSE VALTER;ZEW3149;Colisão;Não informado;Não informado;Não informado;Meio de quadra;Não informado;Longo da via;0;1;0;0;0;0;0;0;0;0;0;0;0;(-38.54095473734147 -3.825441339360876);
VYQ2781;2021-11-10 00:10:00;Avenida Alberto Craveiro;;;DIAS MACEDO;VYQ2781;Queda;Não informado;Não informado;Não informado;Meio de quadra;Não informado;Longo da via;0;1;0;1;0;0;0;0;0;0;0;0;0;(-38.51775900457129 -3.793893326812787);
NMA8969;2021-11-23 21:14:00;Rua da Assunção;;;CENTRO;NMA8969;Atropelamento;Não informado;Não informado;Não informado;Meio de quadra;Não informado;Longo da via;0;1;0;0;1;0;0;0;0;0;0;0;0;(-38.5282103 -3.73405);
UZH5230;2021-11-23 20:56:00;Avenida Deputado Paulino Rocha;;;BARROSO;UZH5230;Colisão;Não informado;Não informado;Não informado;Meio de quadra;Não informado;Longo da via;0;1;0;0;1;0;0;0;0;0;0;0;0;(-38.5162212 -3.8108679);
LYC0108;2021-11-23 20:16:00;RUA MON CATAO;;;DIONISIO TORRES;LYC0108;Colisão;Não informado;Não informado;Não informado;Meio de quadra;Não informado;Longo da via;0;1;0;0;2;0;0;0;0;0;0;0;0;(-38.4940393 -3.7491252);
ORN1279;2021-11-23 17:18:00;Avenida Major Assis;RUA RAIMUNDO BIZARRIA;;FLORESTA;ORN1279;Colisão;Não informado;Não informado;Não informado;Cruz;Não informado;Cruzamento;0;1;0;1;1;0;0;0;0;0;0;0;0;(-38.5792985 -3.7243907);
EXT8155;2021-11-09 23:57:00;Avenida Francisco Sá;;;BARRA DO CEARA;EXT8155;Colisão;Não informado;Não informado;Não informado;Meio de quadra;Não informado;Longo da via;0;2;0;1;1;0;0;0;0;0;0;0;0;(-38.57493833658535 -3.711426308465168);
PWD2339;2021-11-23 17:05:00;Avenida Imperador;;;CENTRO;PWD2339;Colisão;Não informado;Não informado;Não informado;Meio de quadra;Não informado;Longo da via;0;1;0;2;0;0;0;0;0;0;0;0;0;(-38.5356882 -3.7304921);
QAJ1189;2021-11-09 22:27:00;Avenida Maestro Lisboa;AV RECREIO D64;;LAGOA REDONDA;QAJ1189;Colisão;Não informado;Não informado;Não informado;T;Não informado;Longo da via;0;1;0;1;1;0;0;0;0;0;0;0;0;(-38.44967381023353 -3.805669102989075);
CKK9050;2021-11-09 21:15:00;Rua Professor Cabral;;;PARQUE SANTA ROSA;CKK9050;Colisão;Não informado;Não informado;Não informado;Meio de quadra;Não informado;Longo da via;0;1;0;1;1;0;0;0;0;0;0;0;0;(-38.59634772565812 -3.821501915483135);
XBY3494;2021-11-09 21:03:00;Avenida Monsenhor Tabosa;;;MEIRELES;XBY3494;Colisão;Não informado;Não informado;Não informado;Meio de quadra;Não informado;Longo da via;0;1;0;1;1;0;0;0;0;0;0;0;0;(-38.50936905313065 -3.724225638854278);
FSY4879;2021-11-09 21:01:00;Avenida Mister Hull;;;ANTONIO BEZERRA;FSY4879;Colisão;Não informado;Não informado;Não informado;Meio de quadra;Não informado;Longo da via;0;1;0;0;1;0;0;0;0;1;0;0;0;(-38.59691635068517 -3.740290114199837);
HWP8547;2021-11-09 21:00:00;Avenida Bernardo Manuel;;;PARQUE DOIS IRMAOS;HWP8547;Colisão;Não informado;Não informado;Não informado;Meio de quadra;Não informado;Longo da via;0;1;0;0;0;0;0;0;0;0;0;0;0;(-38.55126515653581 -3.79783287709586);
ZAX5151;2021-11-23 14:09:00;Rua Ceará;RUA PARANA;;DEMOCRITO ROCHA;ZAX5151;Colisão;Não informado;Não informado;Não informado;Cruz;Não informado;Cruzamento;0;1;0;1;1;0;0;0;0;0;0;0;0;(-38.5683556 -3.7572906);
HJO2093;2021-11-09 20:54:00;Avenida General Osório de Paiva;;;SIQUEIRA;HJO2093;Colisão;Não informado;Não informado;Não informado;Meio de quadra;Não informado;Longo da via;0;1;0;1;1;0;0;0;0;0;0;0;0;(-38.59295742026606 -3.795467008021659);
QJR1796;2021-11-23 12:53:00;RUA JOAQUIM NABUCO;RUA MON SALAZAR;;SAO JOAO DO TAUAPE;QJR1796;Colisão;Não informado;Não informado;Não informado;T;Não informado;Cruzamento;0;1;0;0;1;0;0;0;0;1;0;0;0;(-38.5067641 -3.7521737);
TWA7282;2021-11-23 12:52:00;Rua Osvaldo Cruz;RUA VICENTE LINHARES;;MEIRELES;TWA7282;Colisão;Não informado;Não informado;Não informado;Cruz;Não informado;Cruzamento;0;1;0;1;1;0;0;0;0;0;0;0;0;(-38.5021951 -3.741495);
SIA8309;2021-11-09 20:36:00;Avenida General Osório de Paiva;;;SIQUEIRA;SIA8309;Colisão;Não informado;Não informado;Não informado;Meio de quadra;Não informado;Longo da via;0;1;0;2;0;0;0;0;0;0;0;0;0;(-38.59284476185756 -3.795167259441005);
MFJ6510;2021-11-23 12:51:00;AV CARLOS JEREISSATI;;;SERRINHA;MFJ6510;Queda;Não informado;Não informado;Não informado;Meio de quadra;Não informado;Longo da via;0;1;0;1;0;0;0;0;0;0;0;0;0;(-38.5416215 -3.7803066);
TNW1042;2021-11-09 20:16:00;Rodovia Anel Viario De Fortaleza;;;ANCURI;TNW1042;Colisão;Não informado;Não informado;Não informado;Meio de quadra;Não informado;Longo da via;0;1;0;1;1;0;0;0;0;0;0;0;0;(-38.5082531 -3.8687273);
XUR7960;2021-11-09 19:53:00;BR-116;;;JANGURUSSU;XUR7960;Queda;Não informado;Não informado;Não informado;Meio de quadra;Não informado;Longo da via;0;1;0;1;0;0;0;0;0;0;0;0;0;(-38.49891954479268 -3.843431205915542);
QTH6815;2021-11-23 11:48:00;Avenida Imperador;AV DUQ CAXIAS;;CENTRO;QTH6815;Colisão;Não informado;Não informado;Não informado;Meio de quadra;Não informado;Cruzamento;0;1;0;1;1;0;0;0;0;0;0;0;0;(-38.5353476 -3.7300665);
IGM0162;2021-11-23 11:16:00;Rodovia Estrada do Guarani (BR116);;;MESSEJANA;IGM0162;Colisão;Não informado;Não informado;Não informado;Meio de quadra;Não informado;Longo da via;0;1;0;1;1;0;0;0;0;0;0;0;0;(-38.5041401 -3.8259496);
STR8107;2021-11-09 18:20:00;Avenida Odilon Guimarães;;;CURIO;STR8107;Queda;Não informado;Não informado;Não informado;Meio de quadra;Não informado;Longo da via;0;1;0;0;0;0;0;0;0;0;1;0;0;(-38.47628668479518 -3.821202175968919);
KEL3756;2021-11-09 14:41:00;Rua 7;RUA MENEZES DE OLIVEIRA;;VILA VELHA;KEL3756;Colisão;Não informado;Não informado;Não informado;Cruz;Não informado;Longo da via;0;1;0;2;0;0;0;0;0;0;0;0;0;(-38.59120861248185 -3.710537682231266);
UYW3023;2021-11-23 10:59:00;AV 13 DE MAIO;RUA DOM SEBASTIAO LEME;;;UYW3023;Colisão;Não informado;Não informado;Não informado;Cruz;Não informado;Cruzamento;0;1;0;1;1;0;0;0;0;0;0;0;0;(-38.5252555 -3.7528739);
RBB9169;2021-11-09 14:20:00;Avenida João Pessoa;;;DAMAS;RBB9169;Colisão;Não informado;Não informado;Não informado;Meio de quadra;Não informado;Longo da via;0;1;0;0;0;0;0;0;0;0;0;0;0;(-38.54777291875635 -3.750492857093364);
XGC9177;2021-11-23 10:49:00;Rua Dom Manuel de Medeiros;RUA DOM LINO;;PARQUELANDIA;XGC9177;Colisão;Não informado;Não informado;Não informado;Cruz;Não informado;Cruzamento;0;1;0;1;1;0;0;0;0;0;0;0;0;(-38.5568725 -3.737639499999999);
TDQ6230;2021-11-09 13:37:00;Avenida Padre Antônio Tomás;;;ALDEOTA;TDQ6230;Queda;Não informado;Não informado;Não informado;Meio de quadra;Não informado;Longo da via;0;1;0;0;0;0;0;0;0;1;0;0;0;(-38.49300757907812 -3.74232424871547);
LQV4954;2021-11-23 10:36:00;CE-040;;;EDSON QUEIROZ;LQV4954;Colisão;Não informado;Não informado;Não informado;Meio de quadra;Não informado;Longo da via;0;1;0;1;1;0;0;0;0;0;0;0;0;(-38.4798149 -3.7996025);
PYN1920;2021-11-09 13:19:00;Rua Capitão Olavo;;;AEROLANDIA;PYN1920;Queda;Não informado;Não informado;Não informado;Meio de quadra;Não informado;Longo da via;0;1;0;1;0;0;0;0;0;0;0;0;0;(-38.51522162663295 -3.769495549475256);
HFO7353;2021-11-23 00:31:00;Rua Dona Mendinha;;;CRISTO REDENTOR;HFO7353;Colisão;Não informado;Não informado;Não informado;Meio de quadra;Não informado;Longo da via;0;1;0;2;0;0;0;0;0;0;0;0;0;(-38.5700471 -3.7098175);
TYX7686;2021-11-09 12:36:00;Rua João Luís Santiago;AV DES FAUSTINO ALBUQUERQUE;;JARDIM DAS OLIVEIRAS;TYX7686;Colisão;Não informado;Não informado;Não informado;Cruz;Não informado;Longo da via;0;1;0;0;2;0;0;0;0;0;0;0;0;(-38.49959507831966 -3.786335334966228);
IHO1813;2021-11-22 23:46:00;Rua Eretides de Alençar;RUA CARNAUBAL;;JARDIM IRACEMA;IHO1813;Atropelamento;Não informado;Não informado;Não informado;Cruz;Não informado;Cruzamento;0;1;0;1;0;0;0;0;0;0;0;0;0;(-38.5825459 -3.7225744);
IKU8382;2021-11-22 23:23:00;RUA ARTUR CARIOCA;;;PAUPINA;IKU8382;Colisão;Não informado;Não informado;Não informado;Meio de quadra;Não informado;Longo da via;0;1;0;1;1;0;0;0;0;0;0;0;0;(-38.4919035 -3.842502399999999);
WMT9990;2021-11-09 12:08:00;Rua Emílio de Menezes;;;GRANJA PORTUGAL;WMT9990;Colisão;Não informado;Não informado;Não informado;Meio de quadra;Não informado;Longo da via;0;1;0;1;1;0;0;0;0;0;0;0;0;(-38.5957843 -3.7793981);
KMK3232;2021-11-22 21:18:00;Avenida Presidente Costa e Silva;;;PREFEITO JOSE VALTER;KMK3232;Atropelamento;Não informado;Não informado;Não informado;Meio de quadra;Não informado;Longo da via;0;1;0;0;0;0;0;0;0;0;1;0;0;(-38.5503326 -3.8234508);
JLV1664;2021-11-09 10:40:00;Avenida Godofredo Maciel;;;MONDUBIM;JLV1664;Colisão;Não informado;Não informado;Não informado;Meio de quadra;Não informado;Longo da via;0;2;0;1;0;0;1;0;0;0;0;0;0;(-38.5749315 -3.8175024);
YDC0770;2021-11-09 02:25:00;Rua Barão do Crato;RUA DEMOSTENES CARVALHO;;VILA ELLERY;YDC0770;Colisão;Não informado;Não informado;Não informado;Cruz;Não informado;Longo da via;0;2;0;1;1;0;0;0;0;0;0;0;0;(-38.5603118 -3.721445);
HPL6797;2021-11-09 01:10:00;Avenida João Pessoa;AV JOSE JATAHY;;BENFICA;HPL6797;Queda;Não informado;Não informado;Não informado;Cruz;Não informado;Longo da via;0;1;0;1;0;0;0;0;0;0;0;0;0;(-38.5434501 -3.7456965);
AEA3937;2021-11-09 00:27:00;Avenida Mozart Pinheiro de Lucena;;;JARDIM GUANABARA;AEA3937;Queda;Não informado;Não informado;Não informado;Meio de quadra;Não informado;Longo da via;0;1;0;1;0;0;0;0;0;0;0;0;0;(-38.59468475724178 -3.714980804458607);
VPA9681;2021-11-22 20:57:00;GUILHERME ROCHA;;;CENTRO;VPA9681;Queda;Não informado;Não informado;Não informado;Meio de quadra;Não informado;Longo da via;0;1;0;0;0;0;0;0;0;1;0;0;0;(-38.5334347 -3.7252083);
TIN3269;2021-11-08 21:26:00;Avenida Val Paraíso;;;JANGURUSSU;TIN3269;Queda;Não informado;Não informado;Não informado;Meio de quadra;Não informado;Longo da via;0;1;0;1;0;0;0;0;0;0;0;0;0;(-38.5186709507102 -3.846369224584649);
AZT3522;2021-11-08 20:49:00;Avenida Engenheiro Leal Lima Verde;;;JOSE DE ALENCAR;AZT3522;Colisão;Não informado;Não informado;Não informado;Meio de quadra;Não informado;Longo da via;0;1;0;1;1;0;0;0;0;0;0;0;0;(-38.47504214755335 -3.802452191004414);
CYY2315;2021-11-22 20:43:00;Rua Desembargador João Firmino;RUA ROMEU MARTINS;;MONTESE;CYY2315;Colisão;Não informado;Não informado;Não informado;Cruz;Não informado;Cruzamento;0;1;0;1;1;0;0;0;0;0;0;0;0;(-38.5555606 -3.7642744);
IIE0858;2021-11-22 20:21:00;Avenida Padre Antônio Tomás;;;COCO;IIE0858;Queda;Não informado;Não informado;Não informado;Meio de quadra;Não informado;Longo da via;0;1;0;1;0;0;0;0;0;0;0;0;0;(-38.4867581 -3.7448223);
IJU9926;2021-11-22 20:05:00;RUA RAIMUNDO NERI;;;MONDUBIM;IJU9926;Colisão;Não informado;Não informado;Não informado;Meio de quadra;Não informado;Longo da via;0;1;0;1;1;0;0;0;0;0;0;0;0;(-38.58761459999999 -3.791106699999999);
JBT0461;2021-11-22 18:10:00;Rua Monsenhor Salazar;RUA PRO CARVALHO;;SAO JOAO DO TAUAPE;JBT0461;Colisão;Não informado;Não informado;Não informado;Cruz;Não informado;Cruzamento;0;2;0;0;2;0;0;0;0;0;0;0;0;(-38.51416853401928 -3.756286631179961);
XPU1104;2021-11-22 15:46:00;Rua Fonseca Lobo;;;ALDEOTA;XPU1104;Colisão;Não informado;Não informado;Não informado;Meio de quadra;Não informado;Longo da via;0;1;0;1;1;0;0;0;0;0;0;0;0;(-38.49024989999999 -3.7410427);
PFB4624;2021-11-22 15:41:00;AV VAL PARAISO;;;JANGURUSSU;PFB4624;Queda;Não informado;Não informado;Não informado;Meio de quadra;Não informado;Longo da via;0;1;0;1;0;0;0;0;0;0;0;0;0;(-38.51953700000001 -3.8463968);
EMF9667;2021-11-08 20:24:00;Avenida Doutor Silas Munguba;;;SERRINHA;EMF9667;Colisão;Não informado;Não informado;Não informado;Meio de quadra;Não informado;Longo da via;0;1;0;2;0;0;0;0;0;0;0;0;0;(-38.54638849385839 -3.788301858003942);
EXD7913;2021-11-22 15:03:00;Rua Professor Edgard de Arruda;;;HENRIQUE JORGE;EXD7913;Queda;Não informado;Não informado;Não informado;Meio de quadra;Não informado;Longo da via;0;1;0;1;1;0;0;0;0;0;0;0;0;(-38.5868306 -3.7572553);
ZNU6093;2021-11-22 13:07:00;Rua Pierre Luz;;;JARDIM GUANABARA;ZNU6093;Colisão;Não informado;Não informado;Não informado;Meio de quadra;Não informado;Longo da via;0;1;0;1;1;0;0;0;0;0;0;0;0;(-38.5879772 -3.7210968);
KDV1999;2021-11-22 10:50:00;RUA RAIMUNDO ARRUDA;AV BEZERRA DE MENEZES;;ANTONIO BEZERRA;KDV1999;Colisão;Não informado;Não informado;Não informado;Cruz;Não informado;Cruzamento;0;1;0;1;1;0;0;0;0;0;0;0;0;(-38.5548599 -3.7335861);
HXT0655;2021-11-08 20:10:00;Avenida Francisco Sá;AV JOSE JATAHY;;JACARECANGA;HXT0655;Colisão;Não informado;Não informado;Não informado;Cruz;Não informado;Longo da via;0;2;0;0;0;0;0;0;0;0;0;0;0;(-38.54694143654211 -3.720842479672994);
XGB4451;2021-11-22 10:37:00;Rua Cônego Braveza;;;CIDADE DOS FUNCIONRAIOS;XGB4451;Colisão;Não informado;Não informado;Não informado;Meio de quadra;Não informado;Longo da via;0;1;0;1;1;0;0;0;0;0;0;0;0;(-38.4963649 -3.8012567);
BZE9170;2021-11-08 19:41:00;Avenida Aldir Mentor;;;MANUEL DIAS BRANCO;BZE9170;Queda;Não informado;Não informado;Não informado;Meio de quadra;Não informado;Longo da via;0;2;0;1;0;0;0;0;0;0;0;0;0;(-38.4602034 -3.7529021);
MNN0325;2021-11-22 08:53:00;Avenida General Osório de Paiva;;;CANINDEZINHO;MNN0325;Queda;Não informado;Não informado;Não informado;Meio de quadra;Não informado;Longo da via;0;1;0;0;0;0;0;0;0;1;0;0;0;(-38.6081067 -3.811315);
CWF9135;2021-11-08 19:25:00;Rua Acre;;;DEMOCRITO ROCHA;CWF9135;Colisão;Não informado;Não informado;Não informado;Meio de quadra;Não informado;Longo da via;0;1;0;0;1;0;1;0;0;0;0;0;0;(-38.56548622802904 -3.760213722745872);
OII7632;2021-11-08 19:17:00;Rua Nelson Coelho;;;LAGOA REDONDA;OII7632;Colisão;Não informado;Não informado;Não informado;Meio de quadra;Não informado;Longo da via;0;1;0;0;1;0;0;0;0;1;0;0;0;(-38.46406654990648 -3.827528798477884);
LGF1953;2021-11-08 18:42:00;Rua Padre Pedro de Alencar;;;MESSEJANA;LGF1953;Colisão;Não informado;Não informado;Não informado;Meio de quadra;Não informado;Longo da via;0;1;0;1;1;0;0;0;0;0;0;0;0;(-38.49423601250983 -3.841728737759775);
KOQ2300;2021-11-08 17:54:00;Avenida Sargento Hermínio Sampaio;;;PRESIDENTE KENNEDY;KOQ2300;Colisão;Não informado;Não informado;Não informado;Meio de quadra;Não informado;Longo da via;0;1;0;1;1;0;0;0;0;0;0;0;0;(-38.56829721005317 -3.727785436295125);
BEF3080;2021-11-22 03:10:00;Rua Antônio Nery;RUA TEODORO DE CASTRO;;GRANJA PORTUGAL;BEF3080;Colisão;Não informado;Não informado;Não informado;Cruz;Não informado;Longo da via;0;2;0;1;1;0;0;0;0;0;0;0;0;(-38.60100389999999 -3.7808823);
RXQ6333;2021-11-08 17:01:00;Avenida Heráclito Graça;;;;RXQ6333;Colisão;Não informado;Não informado;Não informado;Meio de quadra;Não informado;Longo da via;0;1;0;1;1;0;0;0;0;0;0;0;0;(-38.5177099 -3.7357341);
TUI6746;2021-11-22 01:07:00;Rua Coronel Jucá;;;VARJOTA;TUI6746;Atropelamento;Não informado;Não informado;Não informado;Meio de quadra;Não informado;Longo da via;0;1;0;0;1;0;0;0;0;0;0;0;0;(-38.4894889 -3.7323466);
RBI0782;2021-11-08 15:48:00;Avenida Tenente José Newton;;;MESSEJANA;RBI0782;Colisão;Não informado;Não informado;Não informado;Meio de quadra;Não informado;Longo da via;0;1;0;1;1;0;0;0;0;0;0;0;0;(-38.49176303245317 -3.825890946369719);
QIT9203;2021-11-22 00:33:00;Rua Luís Girão;;;CIDADE DOS FUNCIONRAIOS;QIT9203;Queda;Não informado;Não informado;Não informado;Meio de quadra;Não informado;Longo da via;0;1;0;1;0;0;0;0;0;0;0;0;0;(-38.48195550000001 -3.7977376);
MMP6352;2021-11-08 15:05:00;Rua 21 de Abril;;;BELA VISTA;MMP6352;Queda;Não informado;Não informado;Não informado;Meio de quadra;Não informado;Longo da via;0;1;0;1;0;0;0;0;0;0;0;0;0;(-38.56387689957058 -3.746590562866678);
GUI0999;2021-11-08 14:22:00;Rua Cônego de Castro;;;VILA PERY;GUI0999;Colisão;Não informado;Não informado;Não informado;Meio de quadra;Não informado;Longo da via;0;1;0;1;1;0;0;0;0;0;0;0;0;(-38.57344165504104 -3.78497574585755);
ZEX3102;2021-11-08 13:05:00;Avenida I;;;CONJUNTO CEARA II;ZEX3102;Colisão;Não informado;Não informado;Não informado;Meio de quadra;Não informado;Longo da via;0;1;0;0;0;0;0;0;0;0;0;0;0;(-38.5979642 -3.7722136);
CXM7194;2021-11-08 12:59:00;Avenida Presidente Costa e Silva;;;PREFEITO JOSE VALTER;CXM7194;Colisão;Não informado;Não informado;Não informado;Meio de quadra;Não informado;Longo da via;0;1;0;1;1;0;0;0;0;0;0;0;0;(-38.5503326 -3.8234508);
KTW2367;2021-11-21 23:24:00;Avenida Major Assis;;;VILA VELHA;KTW2367;Colisão;Não informado;Não informado;Não informado;Meio de quadra;Não informado;Longo da via;0;1;0;1;1;0;0;0;0;0;0;0;0;(-38.5993337 -3.7210803);
ZUN9725;2021-11-08 12:40:00;Avenida Rogaciano Leite;;;ENGENHEIRO LUCIANO CAVALCANTE;ZUN9725;Colisão;Não informado;Não informado;Não informado;Meio de quadra;Não informado;Longo da via;0;1;0;1;1;0;0;0;0;0;0;0;0;(-38.49554493308945 -3.764843942796161);
KWE2640;2021-11-21 22:43:00;Rua Raimundo Bizarria;RUA MARIA CLARA;;FLORESTA;KWE2640;Colisão;Não informado;Não informado;Não informado;Cruz;Não informado;Cruzamento;0;1;0;0;1;0;0;0;0;1;0;0;0;(-38.5792941 -3.7264919);
DIY0473;2021-11-08 12:34:00;Avenida Presidente Castelo Branco;;;PIRAMBU;DIY0473;Queda;Não informado;Não informado;Não informado;Meio de quadra;Não informado;Longo da via;0;1;0;1;0;0;0;0;0;0;0;0;0;(-38.552815469124 -3.712513000777046);
DPV3671;2021-11-21 21:59:00;Rua Morada Nova;;;PLANALTO AYRTON SENNA;DPV3671;Colisão;Não informado;Não informado;Não informado;Meio de quadra;Não informado;Longo da via;0;1;0;2;0;0;0;0;0;0;0;0;0;(-38.5719757 -3.837745);