COD_ACIDENTE;DATA;LOG1;LOG2;NUMERO;BAIRRO;AMC;NATUREZA;ILUMINACAO;TEMPO;SUPERFICIEPISTA;TIPOCRUZAMENTO;CONTROLETRAFEGO;USOSOLO;MORTOS;FERIDOS;ILESOS;MOTOCICLETA;AUTOMOVEL;MICROONIBUS;CAMINHAO;ONIBUS;CICLOMOTOR;BICICLETA;OUTROS;TREM;TRACAOANIMAL;COORDENADAS
NNK5438;2021-11-08 12:00:00;Rua Padre Guerra;;;PARQUE ARAXA;NNK5438;Queda;Não informado;Não informado;Não informado;Meio de quadra;Não informado;Longo da via;0;1;0;1;0;0;0;0;0;0;0;0;0;(-38.54556277712062 -3.736441304661766);
ULD4719;2021-11-08 11:51:00;Avenida João Pessoa;;;DAMAS;ULD4719;Colisão;Não informado;Não informado;Não informado;Meio de quadra;Não informado;Longo da via;0;1;0;1;1;0;0;0;0;0;0;0;0;(-38.54950026699184 -3.752484144554311);
DMB8939;2021-11-08 11:29:00;Rua Teodomiro de Castro;;;ALVARO WEYNE;DMB8939;Atropelamento de Animal;Não informado;Não informado;Não informado;Meio de quadra;Não informado;Longo da via;0;1;0;1;0;0;0;0;0;0;0;0;0;(-38.57328072461137 -3.718267629880385);
TLY9088;2021-11-08 10:37:00;Avenida Governador Parsifal Barroso;RUA MARIA MIRIAN F  DE SOUZA;;PRESIDENTE KENNEDY;TLY9088;Colisão;Não informado;Não informado;Não informado;T;Não informado;Longo da via;0;1;0;2;0;0;0;0;0;0;0;0;0;(-38.5690411 -3.7333342);
OVU3816;2021-11-21 21:55:00;Avenida Francisco Sá;;;BARRA DO CEARA;OVU3816;Atropelamento;Não informado;Não informado;Não informado;Meio de quadra;Não informado;Longo da via;0;1;0;0;1;0;0;0;0;0;0;0;0;(-38.5798993 -3.7098506);
YZJ2531;2021-11-21 21:45:00;Avenida Washington Soares;;;EDSON QUEIROZ;YZJ2531;Queda;Não informado;Não informado;Não informado;Meio de quadra;Não informado;Longo da via;0;1;0;1;0;0;0;0;0;0;0;0;0;(-38.481665 -3.7762191);
BSS8250;2021-11-08 10:33:00;Rua Zacarias Florindo;;;BOM JARDIM;BSS8250;Colisão;Não informado;Não informado;Não informado;Meio de quadra;Não informado;Longo da via;0;1;0;1;1;0;0;0;0;0;0;0;0;(-38.60693708168819 -3.789407784377724);
WQW0688;2021-11-08 09:40:00;Avenida Heráclito Graça;RUA RODRIGUES JUNIOR;;CENTRO;WQW0688;Queda;Não informado;Não informado;Não informado;Cruz;Não informado;Longo da via;0;1;0;1;0;0;0;0;0;0;0;0;0;(-38.52184039999999 -3.7344203);
FTF2442;2021-11-08 09:20:00;Avenida Geógrafo Antônio Ribeiro Zaranza;;;CAJAZEIRAS;FTF2442;Queda;Não informado;Não informado;Não informado;Meio de quadra;Não informado;Longo da via;0;1;0;1;0;0;0;0;0;0;0;0;0;(-38.5129747 -3.8030268);
GNG5507;2021-11-08 06:42:00;Avenida Odilon Guimarães;;;MESSEJANA;GNG5507;Colisão;Não informado;Não informado;Não informado;Meio de quadra;Não informado;Longo da via;0;1;0;0;0;0;0;0;0;0;0;0;0;(-38.47165182245672 -3.816855941247422);
MSZ9813;2021-11-08 01:42:00;Avenida F;;;CONJUNTO CEARA I;MSZ9813;Queda;Não informado;Não informado;Não informado;Meio de quadra;Não informado;Longo da via;0;1;0;1;0;0;0;0;0;0;0;0;0;(-38.6057574 -3.7643084);
PCP2173;2021-11-08 01:24:00;Rua Raimundo Neri;;;MONDUBIM;PCP2173;Queda;Não informado;Não informado;Não informado;Meio de quadra;Não informado;Longo da via;0;1;0;1;0;0;0;0;0;0;0;0;0;(-38.58548314108655 -3.796443113797523);
GFH5171;2021-11-08 01:10:00;Avenida Senador Fernandes Távora;;;AUTRAN NUNES;GFH5171;Colisão;Não informado;Não informado;Não informado;Meio de quadra;Não informado;Longo da via;0;1;0;0;0;0;0;0;0;0;0;0;0;(-38.59370842893794 -3.756033121434986);
YNF6435;2021-11-21 21:35:00;Avenida D;;;CONJUNTO CEARA II;YNF6435;Colisão;Não informado;Não informado;Não informado;Meio de quadra;Não informado;Longo da via;0;1;0;1;1;0;0;0;0;0;0;0;0;(-38.6032588 -3.7607384);
TYL5839;2021-11-21 17:42:00;Avenida José Bastos;;;PARANGABA;TYL5839;Colisão;Não informado;Não informado;Não informado;Meio de quadra;Não informado;Longo da via;0;2;0;0;2;0;0;0;0;0;0;0;0;(-38.55384 -3.7538698);
AAK4578;2021-11-21 17:01:00;Rua Carlos Walravem;;;JARDIM GUANABARA;AAK4578;Colisão;Não informado;Não informado;Não informado;Meio de quadra;Não informado;Longo da via;0;2;0;2;0;0;0;0;0;0;0;0;0;(-38.5898632 -3.7202545);
WNG4704;2021-11-21 14:01:00;Avenida Francisco Sá;;;BARRA DO CEARA;WNG4704;Colisão;Não informado;Não informado;Não informado;Meio de quadra;Não informado;Longo da via;0;1;0;1;1;0;0;0;0;0;0;0;0;(-38.5711214 -3.712596);
QDS7053;2021-11-08 00:45:00;Rua Djalma Benevides;;;MONDUBIM;QDS7053;Queda;Não informado;Não informado;Não informado;Meio de quadra;Não informado;Longo da via;0;1;0;1;0;0;0;0;0;0;0;0;0;(-38.58575300169134 -3.810443599124127);
WII4059;2021-11-08 00:35:00;Rua Francisco Jose Albuquerque Pereira;;;CAJAZEIRAS;WII4059;Colisão;Não informado;Não informado;Não informado;Meio de quadra;Não informado;Longo da via;0;2;0;2;0;0;0;0;0;0;0;0;0;(-38.5077275243239 -3.811589046050605);
HSP2979;2021-11-08 00:34:00;Rua Doutora Wanda Sidou;;;CAJAZEIRAS;HSP2979;Colisão;Não informado;Não informado;Não informado;Meio de quadra;Não informado;Longo da via;0;1;0;2;0;0;0;0;0;0;0;0;0;(-38.5068682 -3.8101096);
VEB6370;2021-11-21 09:56:00;AV CARLOS JEREISSATI;;;DIAS MACEDO;VEB6370;Choque c/ Obstáculo Fixo;Não informado;Não informado;Não informado;Meio de quadra;Não informado;Longo da via;0;1;0;0;1;0;0;0;0;0;0;0;0;(-38.5242645 -3.7832708);
GGC0902;2021-11-07 23:40:00;Avenida Senador Fernandes Távora;;;GENIBAU;GGC0902;Colisão;Não informado;Não informado;Não informado;Meio de quadra;Não informado;Longo da via;0;1;0;1;1;0;0;0;0;0;0;0;0;(-38.5989521 -3.7549981);
JYL8782;2021-11-21 07:17:00;Avenida Eduardo Girão;;;JARDIM AMERICA;JYL8782;Queda;Não informado;Não informado;Não informado;Meio de quadra;Não informado;Longo da via;0;1;0;1;0;0;0;0;0;0;0;0;0;(-38.5375892 -3.7502454);
WGG2520;2021-11-07 23:23:00;Rua Padre João Piamarta;;;MONTESE;WGG2520;Queda;Não informado;Não informado;Não informado;Meio de quadra;Não informado;Longo da via;0;1;0;1;0;0;0;0;0;0;0;0;0;(-38.5426123650322 -3.760765068157867);
UOR8429;2021-11-07 22:29:00;Rua Coronel Fabriciano;;;GRANJA LISBOA;UOR8429;Colisão;Não informado;Não informado;Não informado;Meio de quadra;Não informado;Longo da via;0;2;0;2;0;0;0;0;0;0;0;0;0;(-38.61847058420549 -3.779890649568834);
JYL8782;2021-11-21 06:53:00;Rua São Francisco;;;BOM JARDIM;JYL8782;Queda;Não informado;Não informado;Não informado;Meio de quadra;Não informado;Longo da via;0;1;0;1;0;0;0;0;0;0;0;0;0;(-38.5993206 -3.7995242);
YZY0734;2021-11-07 21:41:00;Avenida João de Araújo Lima;AV G CJ JOSE WALTER;;PREFEITO JOSE VALTER;YZY0734;Colisão;Não informado;Não informado;Não informado;T;Não informado;Longo da via;0;1;0;1;1;0;0;0;0;0;0;0;0;(-38.56156858286856 -3.837079444426773);
ZXD0975;2021-11-21 05:07:00;Avenida Benjamim Brasil;;;JARDIM CEARENSE;ZXD0975;Queda;Não informado;Não informado;Não informado;Meio de quadra;Não informado;Longo da via;0;1;0;1;0;0;0;0;0;0;0;0;0;(-38.56112 -3.8067997);
SKB4437;2021-11-07 21:34:00;BR-116;;;PEDRAS;SKB4437;Colisão;Não informado;Não informado;Não informado;Meio de quadra;Não informado;Longo da via;0;1;0;1;1;0;0;0;0;0;0;0;0;(-38.50095759944799 -3.881613617621333);
TWS6026;2021-11-21 04:17:00;Rua 8;;;BARROSO;TWS6026;Queda;Não informado;Não informado;Não informado;Meio de quadra;Não informado;Longo da via;0;1;0;1;0;0;0;0;0;0;0;0;0;(-38.5123523 -3.8172595);
JAA2774;2021-11-07 21:26:00;Rua Doutor Manoel Rodrigues Monteiro;;;VICENTE PINZON;JAA2774;Atropelamento;Não informado;Não informado;Não informado;Meio de quadra;Não informado;Longo da via;0;1;0;0;1;0;0;0;0;0;0;0;0;(-38.46731737128119 -3.722512648488135);
QOL5651;2021-11-21 04:14:00;Avenida Doutor Silas Munguba;;;PASSARE;QOL5651;Capotamento;Não informado;Não informado;Não informado;Meio de quadra;Não informado;Longo da via;0;1;0;0;0;0;0;0;0;0;1;0;0;(-38.5330026 -3.7957284);
FHQ3587;2021-11-07 21:12:00;Avenida Américo Barreira;;;COUTO FERNANDES;FHQ3587;Colisão;Não informado;Não informado;Não informado;Meio de quadra;Não informado;Longo da via;0;1;0;1;1;0;0;0;0;0;0;0;0;(-38.55401174443151 -3.753667138450529);
NPX5856;2021-11-21 04:01:00;Rua Eduardo Bezerra;;;SAO JOAO DO TAUAPE;NPX5856;Colisão;Não informado;Não informado;Não informado;Meio de quadra;Não informado;Longo da via;0;1;0;0;2;0;0;0;0;0;0;0;0;(-38.5155896 -3.7541453);
QAU7083;2021-11-21 03:11:00;Rua Guarani;RUA JULIO BRAGA;;JOAO XXIII;QAU7083;Colisão;Não informado;Não informado;Não informado;Cruz;Não informado;Cruzamento;0;3;0;1;0;0;0;0;0;0;1;0;0;(-38.5851216 -3.7731584);
RRC7294;2021-11-07 21:08:00;Avenida Doutor Theberge;;;CRISTO REDENTOR;RRC7294;Colisão;Não informado;Não informado;Não informado;T;Não informado;Longo da via;0;1;0;1;1;0;0;0;0;0;0;0;0;(-38.5619693 -3.7055644);
JNZ6111;2021-11-21 03:11:00;RUA BULEVAR;;;JANGURUSSU;JNZ6111;Queda;Não informado;Não informado;Não informado;Meio de quadra;Não informado;Longo da via;0;1;0;1;0;0;0;0;0;0;0;0;0;(-38.5136927 -3.8297243);
JAE6246;2021-11-07 20:54:00;Avenida Américo Barreira;;;DEMOCRITO ROCHA;JAE6246;Colisão;Não informado;Não informado;Não informado;Meio de quadra;Não informado;Longo da via;0;1;0;1;1;0;0;0;0;0;0;0;0;(-38.56603875886368 -3.762868742108099);
SPF9637;2021-11-21 03:08:00;Avenida Independência;;;QUINTINO CUNHA;SPF9637;Colisão;Não informado;Não informado;Não informado;Meio de quadra;Não informado;Longo da via;0;1;0;0;0;0;0;0;0;0;1;0;0;(-38.5983908 -3.7245518);
QFM7670;2021-11-07 19:17:00;Rua Filgueiras Lima;;;DAMAS;QFM7670;Queda;Não informado;Não informado;Não informado;Meio de quadra;Não informado;Longo da via;0;1;0;1;0;0;0;0;0;0;0;0;0;(-43.25513020803992 -22.90315040544048);
FEE9091;2021-11-07 19:03:00;Panamericano;;;PAN AMERICANO;FEE9091;Colisão;Não informado;Não informado;Não informado;Meio de quadra;Não informado;Longo da via;0;2;0;2;0;0;0;0;0;0;0;0;0;(-38.5689462703863 -3.754202429279715);
UMB8572;2021-11-21 02:02:00;Rua Érico Mota;RUA AZEVEDO BOLAO;;PARQUELANDIA;UMB8572;Colisão;Não informado;Não informado;Não informado;Cruz;Não informado;Cruzamento;0;2;0;2;0;0;0;0;0;0;0;0;0;(-38.5625234 -3.737647299999999);
BPE9538;2021-11-21 01:25:00;Avenida Monsenhor Tabosa;;;MEIRELES;BPE9538;Atropelamento;Não informado;Não informado;Não informado;Meio de quadra;Não informado;Longo da via;0;1;0;0;1;0;0;0;0;0;0;0;0;(-38.50509198703603 -3.724243621889754);
ZIK3130;2021-11-21 01:05:00;RUA JULIO BRAGA;;;PARANGABA;ZIK3130;Colisão;Não informado;Não informado;Não informado;Meio de quadra;Não informado;Longo da via;0;1;0;1;0;0;0;0;0;0;0;0;0;(-38.574634 -3.7771249);
WAY5561;2021-11-21 00:49:00;Rua Pedro Tolêdo;;;CAIS DO PORTO;WAY5561;Atropelamento;Não informado;Não informado;Não informado;Meio de quadra;Não informado;Longo da via;0;1;0;0;1;0;0;0;0;0;0;0;0;(-38.4739474 -3.7216205);
KYQ0119;2021-11-21 00:34:00;Travessa Santiago;;;PICI;KYQ0119;Queda;Não informado;Não informado;Não informado;Meio de quadra;Não informado;Longo da via;0;1;0;1;0;0;0;0;0;0;0;0;0;(-38.5792426 -3.7505855);
JPG9411;2021-11-20 23:17:00;RUA IRACEMA;;;CONJUNTO PALMEIRAS;JPG9411;Colisão;Não informado;Não informado;Não informado;Meio de quadra;Não informado;Longo da via;0;2;0;1;1;0;0;0;0;0;0;0;0;(-38.5273631 -3.8435641);
ZZB0325;2021-11-07 18:46:00;Rua Siqueira Campos;RUA SAO PAULO;;SIQUEIRA;ZZB0325;Colisão;Não informado;Não informado;Não informado;Cruz;Não informado;Longo da via;0;1;0;2;0;0;0;0;0;0;0;0;0;(-38.62823382267391 -3.813494552510683);
OXX3529;2021-11-07 18:41:00;Avenida José Tavares;;;CANINDEZINHO;OXX3529;Queda;Não informado;Não informado;Não informado;Meio de quadra;Não informado;Longo da via;0;1;0;1;0;0;0;0;0;0;0;0;0;(-38.60041932105392 -3.811310713292878);
ULV0424;2021-11-20 21:53:00;Rua Tibúrcio Cavalcante;AV DOM LUIS;;MEIRELES;ULV0424;Atropelamento;Não informado;Não informado;Não informado;T;Não informado;Cruzamento;0;1;0;0;1;0;0;0;0;0;0;0;0;(-38.5013043 -3.7319799);
ZSU7520;2021-11-07 14:21:00;Rua Ceará;;;DEMOCRITO ROCHA;ZSU7520;Colisão;Não informado;Não informado;Não informado;Meio de quadra;Não informado;Longo da via;0;1;0;2;0;0;0;0;0;0;0;0;0;(-38.56506780764511 -3.759400086161114);
HGU9733;2021-11-07 09:48:00;Avenida Domingos Olímpio;;;CENTRO;HGU9733;Queda;Não informado;Não informado;Não informado;Meio de quadra;Não informado;Longo da via;0;1;0;1;0;0;0;0;0;0;0;0;0;(-38.53802576885045 -3.73450886401947);
QFW2485;2021-11-20 20:46:00;BR 116;;;SAO JOAO DO TAUAPE;QFW2485;Colisão;Não informado;Não informado;Não informado;Meio de quadra;Não informado;Longo da via;0;1;0;2;0;0;0;0;0;0;0;0;0;(-38.5192496 -3.7600264);
FKP7526;2021-11-20 20:30:00;Rua João XXIII;;;BOM JARDIM;FKP7526;Colisão;Não informado;Não informado;Não informado;Meio de quadra;Não informado;Longo da via;0;2;0;1;1;0;0;0;0;0;0;0;0;(-38.5944997 -3.7896572);
LYK9299;2021-11-07 06:41:00;Avenida F;;;CONJUNTO CEARA I;LYK9299;Colisão;Não informado;Não informado;Não informado;Meio de quadra;Não informado;Longo da via;0;3;0;1;1;0;0;0;0;0;0;0;0;(-38.60714629492966 -3.763730551089238);
LQO3551;2021-11-07 05:15:00;Rua Manuel Moura;;;BARRA DO CEARA;LQO3551;Colisão;Não informado;Não informado;Não informado;Meio de quadra;Não informado;Longo da via;0;1;0;1;1;0;0;0;0;0;0;0;0;(-38.58546332124109 -3.714879094681808);
SLI2758;2021-11-20 20:10:00;Avenida Dioguinho;;;PRAIA DO FUTURO II;SLI2758;Atropelamento de Animal;Não informado;Não informado;Não informado;Meio de quadra;Não informado;Longo da via;0;1;0;1;0;0;0;0;0;0;0;0;0;(-38.43954410049277 -3.769538575366362);
DNK8853;2021-11-07 04:09:00;Rua General Onofre;;;MONDUBIM;DNK8853;Capotamento;Não informado;Não informado;Não informado;Meio de quadra;Não informado;Longo da via;0;1;0;0;0;0;0;0;0;0;1;0;0;(-38.5719459 -3.807659);
BJK7429;2021-11-07 02:09:00;Avenida I;;;MONDUBIM;BJK7429;Colisão;Não informado;Não informado;Não informado;Meio de quadra;Não informado;Longo da via;0;1;0;0;0;0;0;0;0;0;0;0;0;(-38.55117396236761 -3.826618881026638);
UQX8223;2021-11-07 01:34:00;Rua Tibúrcio Frota;;;SAO JOAO DO TAUAPE;UQX8223;Queda;Não informado;Não informado;Não informado;Meio de quadra;Não informado;Longo da via;0;1;0;1;0;0;0;0;0;0;0;0;0;(-38.51805940728938 -3.755433596941403);
HBI5941;2021-11-07 00:11:00;Avenida Godofredo Maciel;;;MONDUBIM;HBI5941;Atropelamento;Não informado;Não informado;Não informado;Meio de quadra;Não informado;Longo da via;0;2;0;1;0;0;0;0;0;0;0;0;0;(-38.57669786429164 -3.819318096624543);
RDA1803;2021-11-06 22:39:00;Avenida Oscar Araripe;;;BOM JARDIM;RDA1803;Queda;Não informado;Não informado;Não informado;Meio de quadra;Não informado;Longo da via;0;1;0;1;0;0;0;0;0;0;0;0;0;(-38.62325028184291 -3.783771383643868);
CLR3563;2021-11-06 21:32:00;Rodovia Anel Viario De Fortaleza;;;ANCURI;CLR3563;Capotamento;Não informado;Não informado;Não informado;Meio de quadra;Não informado;Longo da via;0;1;0;0;0;0;0;0;0;0;0;0;0;(-38.5082531 -3.8687273);
GHS7510;2021-11-06 20:44:00;Rua José Dantas Pereira;;;CANINDEZINHO;GHS7510;Colisão;Não informado;Não informado;Não informado;Meio de quadra;Não informado;Longo da via;0;1;0;1;0;0;0;0;0;0;0;0;0;(-38.607706 -3.8224972);
HQI9441;2021-11-06 17:43:00;Rua Conselheiro Lafayette;RUA ANA BATISTA;;JARDIM IRACEMA;HQI9441;Colisão;Não informado;Não informado;Não informado;Cruz;Não informado;Longo da via;0;1;0;1;1;0;0;0;0;0;0;0;0;(-38.58428314974371 -3.717914323500813);
DLP5702;2021-11-06 17:39:00;Avenida Alberto Craveiro;;;DIAS MACEDO;DLP5702;Colisão;Não informado;Não informado;Não informado;Meio de quadra;Não informado;Longo da via;0;2;0;1;1;0;0;0;0;0;0;0;0;(-38.51727081578863 -3.789043801393397);
VAQ4507;2021-11-20 18:51:00;Rua Afonso Lopes;;;PARQUE DOIS IRMAOS;VAQ4507;Colisão;Não informado;Não informado;Não informado;Meio de quadra;Não informado;Longo da via;0;1;0;1;1;0;0;0;0;0;0;0;0;(-38.5485861 -3.7944345);
QHK8235;2021-11-06 16:52:00;Rua Visconde de Icó;;;VILA ELLERY;QHK8235;Colisão;Não informado;Não informado;Não informado;Meio de quadra;Não informado;Longo da via;0;1;0;1;1;0;0;0;0;0;0;0;0;(-38.56645182468187 -3.721961279005105);
EVN3772;2021-11-06 15:26:00;Rua Desembargador Praxedes;;;MONTESE;EVN3772;Queda;Não informado;Não informado;Não informado;Meio de quadra;Não informado;Longo da via;0;1;0;0;0;0;0;0;0;1;0;0;0;(-38.54459181839555 -3.762542217985697);
SPC8755;2021-11-20 16:57:00;AV DAS ADENANTERAS;;;CIDADE 2000;SPC8755;Colisão;Não informado;Não informado;Não informado;Meio de quadra;Não informado;Longo da via;0;2;0;2;0;0;0;0;0;0;0;0;0;(-38.471624 -3.7539762);
ESK9868;2021-11-06 15:14:00;Avenida dos Expedicionários;;;PARREAO;ESK9868;Colisão;Não informado;Não informado;Não informado;Meio de quadra;Não informado;Longo da via;0;1;0;1;1;0;0;0;0;0;0;0;0;(-38.53796140709386 -3.754389780992399);
YGG4394;2021-11-06 15:02:00;Avenida Val Paraíso;RUA CATOLE;;CONJUNTO PALMEIRAS;YGG4394;Colisão;Não informado;Não informado;Não informado;Cruz;Não informado;Longo da via;0;1;0;2;0;0;0;0;0;0;0;0;0;(-38.52008178491094 -3.846508385275803);
HIJ9831;2021-11-06 14:51:00;Rua Escrivão Pinheiro;;;SAO JOAO DO TAUAPE;HIJ9831;Colisão;Não informado;Não informado;Não informado;Meio de quadra;Não informado;Longo da via;0;1;0;1;1;0;0;0;0;0;0;0;0;(-38.50784018625107 -3.757697870324386);
GDU0679;2021-11-20 16:14:00;Rua Belém;RUA CUIABA;;AUTRAN NUNES;GDU0679;Colisão;Não informado;Não informado;Não informado;Cruz;Não informado;Cruzamento;0;1;0;1;1;0;0;0;0;0;0;0;0;(-38.594169 -3.760877);
KSJ9966;2021-11-06 13:00:00;Avenida Carneiro de Mendonça;;;PARANGABA;KSJ9966;Colisão;Não informado;Não informado;Não informado;Meio de quadra;Não informado;Longo da via;0;1;0;1;1;0;0;0;0;0;0;0;0;(-38.56322780311234 -3.765807453701092);
BTD9109;2021-11-06 11:21:00;Avenida Governador Leonel Brizola;;;JANGURUSSU;BTD9109;Queda;Não informado;Não informado;Não informado;Meio de quadra;Não informado;Longo da via;0;1;0;1;0;0;0;0;0;0;0;0;0;(-38.5202910070664 -3.831794692692989);
HQP9194;2021-11-06 11:11:00;Avenida I Cj Prefeito Jose Walter;;;PREFEITO JOSE VALTER;HQP9194;Colisão;Não informado;Não informado;Não informado;Meio de quadra;Não informado;Longo da via;0;1;0;1;1;0;0;0;0;0;0;0;0;(-38.55178016670486 -3.828540411450554);
GGH3548;2021-11-06 10:54:00;Rua Conselheiro Lafayette;;;JARDIM IRACEMA;GGH3548;Colisão;Não informado;Não informado;Não informado;Meio de quadra;Não informado;Longo da via;0;1;0;1;1;0;0;0;0;0;0;0;0;(-38.58400420024073 -3.717817967190895);
FAN6443;2021-11-06 10:29:00;Rua Agamenon;RUA DOM XISTO ALBANO;;VILA PERY;FAN6443;Colisão;Não informado;Não informado;Não informado;Cruz;Não informado;Longo da via;0;1;0;2;0;0;0;0;0;0;0;0;0;(-38.5837145296428 -3.794712283718021);
ZVA7228;2021-11-06 06:16:00;Rua Vital Brasil;;;CONJUNTO CEARA I;ZVA7228;Queda;Não informado;Não informado;Não informado;Meio de quadra;Não informado;Longo da via;0;1;0;1;0;0;0;0;0;0;0;0;0;(-38.60575691910477 -3.775865373256417);
PVX3428;2021-11-06 05:45:00;Rua Hilda Chavante;;;PAN AMERICANO;PVX3428;Colisão;Não informado;Não informado;Não informado;Meio de quadra;Não informado;Longo da via;0;2;0;0;0;0;0;0;0;0;0;0;0;(-38.57524946110215 -3.759260911406094);
WEU2802;2021-11-06 05:34:00;Avenida Maria Gomes de Sá;;;MONDUBIM;WEU2802;Colisão;Não informado;Não informado;Não informado;Meio de quadra;Não informado;Longo da via;0;1;0;1;1;0;0;0;0;0;0;0;0;(-38.58140782285263 -3.82609969240076);
VUE5423;2021-11-06 04:56:00;Avenida Historiador Raimundo Girão;;;PARQUE IRACEMA;VUE5423;Colisão;Não informado;Não informado;Não informado;Meio de quadra;Não informado;Longo da via;0;1;0;1;1;0;0;0;0;0;0;0;0;(-38.50437473584417 -3.72401151524078);
FIM7688;2021-11-06 04:04:00;Rua Alecrim;;;ALTO DA BALANCA;FIM7688;Queda;Não informado;Não informado;Não informado;Meio de quadra;Não informado;Longo da via;0;1;0;0;0;0;0;0;0;1;0;0;0;(-38.50946560397578 -3.763966076376724);
EEK7809;2021-11-05 22:57:00;Rua Rio Grandense;;;CANINDEZINHO;EEK7809;Colisão;Não informado;Não informado;Não informado;Meio de quadra;Não informado;Longo da via;0;1;0;2;0;0;0;0;0;0;0;0;0;(-38.60165313344751 -3.810224144165027);
FZJ4103;2021-11-05 21:37:00;Avenida Carlos Amora;;;PARANGABA;FZJ4103;Atropelamento;Não informado;Não informado;Não informado;Meio de quadra;Não informado;Longo da via;0;1;0;0;0;0;0;1;0;0;0;0;0;(-38.5635371 -3.7753417);
ATE0437;2021-11-05 20:28:00;Rua Joaquim Machado;;;PAUPINA;ATE0437;Queda;Não informado;Não informado;Não informado;Meio de quadra;Não informado;Longo da via;0;1;0;0;0;0;0;0;0;1;0;0;0;(-38.4963549693605 -3.860617020337191);
CQL0896;2021-11-05 20:06:00;Avenida Senador Carlos Jereissati;;;SERRINHA;CQL0896;Colisão;Não informado;Não informado;Não informado;Meio de quadra;Não informado;Longo da via;0;1;0;0;0;0;0;0;0;0;0;0;0;(-38.54123369012855 -3.780570448379112);
RAJ8572;2021-11-05 19:50:00;Rua Joaquim Jerônimo;;;JARDIM CEARENSE;RAJ8572;Atropelamento;Não informado;Não informado;Não informado;Meio de quadra;Não informado;Longo da via;0;1;0;0;1;0;0;0;0;0;0;0;0;(-38.5615049 -3.8029716);
OPB0494;2021-11-05 19:13:00;Rua Maringá;;;PRESIDENTE KENNEDY;OPB0494;Colisão;Não informado;Não informado;Não informado;Meio de quadra;Não informado;Longo da via;0;1;0;0;0;0;0;0;0;0;0;0;0;(-38.57355430946172 -3.731543282018376);
EWP3299;2021-11-05 19:11:00;Rua Eunice Weaver;;;SAPIRANGA / COITE;EWP3299;Queda;Não informado;Não informado;Não informado;Meio de quadra;Não informado;Longo da via;0;1;0;0;0;0;0;0;0;1;0;0;0;(-38.46245721112656 -3.790654960206643);
ZWV3917;2021-11-05 18:08:00;Avenida General Murilo Borges;;;ALTO DA BALANCA;ZWV3917;Queda;Não informado;Não informado;Não informado;Meio de quadra;Não informado;Longo da via;0;1;0;1;0;0;0;0;0;0;0;0;0;(-38.5030506 -3.765086);
QSS6093;2021-11-05 18:04:00;Rua Tenente Francisco Paiva;;;BOM JARDIM;QSS6093;Colisão;Não informado;Não informado;Não informado;Meio de quadra;Não informado;Longo da via;0;1;0;1;1;0;0;0;0;0;0;0;0;(-38.61479595926256 -3.792528396912502);
PWC6590;2021-11-05 17:14:00;Rua Professor Carvalho;;;JOAQUIM TVORA;PWC6590;Colisão;Não informado;Não informado;Não informado;Meio de quadra;Não informado;Longo da via;0;1;0;1;1;0;0;0;0;0;0;0;0;(-38.51522163531235 -3.751386795842787);
UKT5331;2021-11-05 14:40:00;Avenida da Abolição;RUA MANUEL JACARE;;MUCURIPE;UKT5331;Colisão;Não informado;Não informado;Não informado;Cruz;Não informado;Longo da via;0;1;0;1;1;0;0;0;0;0;0;0;0;(-38.48764852804673 -3.726195573654094);
VUS8304;2021-11-05 14:18:00;Avenida Lineu Machado;TR LINEU MACHADO;;JOAO XXIII;VUS8304;Colisão;Não informado;Não informado;Não informado;Cruz;Não informado;Longo da via;0;1;0;1;1;0;0;0;0;0;0;0;0;(-38.58228223472042 -3.77618118683355);
DSG7178;2021-11-05 14:09:00;Rua 137;;;CONJUNTO CEARA II;DSG7178;Queda;Não informado;Não informado;Não informado;Meio de quadra;Não informado;Longo da via;0;1;0;1;0;0;0;0;0;0;0;0;0;(-38.6096135 -3.7720638);
BIL4602;2021-11-05 13:57:00;Avenida Dom Luís;;;VARJOTA;BIL4602;Colisão;Não informado;Não informado;Não informado;Meio de quadra;Não informado;Longo da via;0;1;0;1;1;0;0;0;0;0;0;0;0;(-38.50043729101203 -3.732287354977796);
KOH3079;2021-11-05 13:39:00;Avenida Presidente Costa e Silva;;;PREFEITO JOSE VALTER;KOH3079;Colisão;Não informado;Não informado;Não informado;Meio de quadra;Não informado;Longo da via;0;1;0;1;1;0;0;0;0;0;0;0;0;(-38.5503326 -3.8234508);
RZQ5565;2021-11-05 13:21:00;Avenida Presidente Castelo Branco;;;JACARECANGA;RZQ5565;Colisão;Não informado;Não informado;Não informado;Meio de quadra;Não informado;Longo da via;0;2;0;1;1;0;0;0;0;0;0;0;0;(-38.55387226346369 -3.712148985767333);
HSW6421;2021-11-20 15:43:00;Rua das Aroeiras;;;PASSARE;HSW6421;Colisão;Não informado;Não informado;Não informado;Meio de quadra;Não informado;Longo da via;0;1;0;1;1;0;0;0;0;0;0;0;0;(-38.539089 -3.811151999999999);