COD_ACIDENTE;DATA;LOG1;LOG2;NUMERO;BAIRRO;AMC;NATUREZA;ILUMINACAO;TEMPO;SUPERFICIEPISTA;TIPOCRUZAMENTO;CONTROLETRAFEGO;USOSOLO;MORTOS;FERIDOS;ILESOS;MOTOCICLETA;AUTOMOVEL;MICROONIBUS;CAMINHAO;ONIBUS;CICLOMOTOR;BICICLETA;OUTROS;TREM;TRACAOANIMAL;COORDENADAS
FIY6719;2021-11-20 14:35:00;Rua Coronel Francisco Pereira;;;MESSEJANA;FIY6719;Colisão;Não informado;Não informado;Não informado;Meio de quadra;Não informado;Longo da via;0;1;0;1;1;0;0;0;0;0;0;0;0;(-38.4928363 -3.830874);
WSR4925;2021-11-05 13:21:00;Avenida Leste Oeste;;;JACARECANGA;WSR4925;Colisão;Não informado;Não informado;Não informado;Meio de quadra;Não informado;Longo da via;0;2;0;1;1;0;0;0;0;0;0;0;0;(-38.54496732320064 -3.715077161078438);
NEO0401;2021-11-20 11:26:00;Rua Vitória Régia;;;PARQUE SANTA ROSA;NEO0401;Queda;Não informado;Não informado;Não informado;Meio de quadra;Não informado;Longo da via;0;1;0;1;0;0;0;0;0;0;0;0;0;(-38.5968637 -3.8206606);
MUL1594;2021-11-20 09:46:00;AV DO CONTORNO;;;EDSON QUEIROZ;MUL1594;Colisão;Não informado;Não informado;Não informado;Meio de quadra;Não informado;Longo da via;0;1;0;1;1;0;0;0;0;0;0;0;0;(-38.4738999 -3.7694703);
DRG6048;2021-11-20 08:46:00;Rua Aracajú;;;DOM LUSTOSA;DRG6048;Colisão;Não informado;Não informado;Não informado;Meio de quadra;Não informado;Longo da via;0;1;0;1;1;0;0;0;0;0;0;0;0;(-38.5904281 -3.7651467);
VIR0922;2021-11-20 04:26:00;Rua Raimundo Neri;;;SIQUEIRA;VIR0922;Colisão;Não informado;Não informado;Não informado;Meio de quadra;Não informado;Longo da via;0;2;0;1;1;0;0;0;0;0;0;0;0;(-38.5864203 -3.794134);
RKN4469;2021-11-20 03:01:00;Rua Isabel Sáles;;;PEDRAS;RKN4469;Queda;Não informado;Não informado;Não informado;Meio de quadra;Não informado;Longo da via;0;1;0;1;0;0;0;0;0;0;0;0;0;(-38.5056452 -3.8725541);
UER5256;2021-11-05 13:12:00;Avenida Presidente Costa e Silva;;;PREFEITO JOSE VALTER;UER5256;Colisão;Não informado;Não informado;Não informado;Meio de quadra;Não informado;Longo da via;0;1;0;1;1;0;0;0;0;0;0;0;0;(-38.54746175834905 -3.824135336711692);
ZGD5261;2021-11-20 02:54:00;Estrada Do Siqueira;;;PARQUE SAO JOSE;ZGD5261;Colisão;Não informado;Não informado;Não informado;Meio de quadra;Não informado;Longo da via;0;1;0;2;0;0;0;0;0;0;0;0;0;(-38.5943093 -3.8077012);
DSV0684;2021-11-05 13:10:00;Avenida Sargento Hermínio Sampaio;;;PRESIDENTE KENNEDY;DSV0684;Colisão;Não informado;Não informado;Não informado;Meio de quadra;Não informado;Longo da via;0;1;0;1;1;0;0;0;0;0;0;0;0;(-38.57009962542344 -3.72807985498733);
GMU6474;2021-11-05 12:31:00;Avenida Bernardo Manuel;;;PARQUE DOIS IRMAOS;GMU6474;Colisão;Não informado;Não informado;Não informado;Meio de quadra;Não informado;Longo da via;0;1;0;1;1;0;0;0;0;0;0;0;0;(-38.55065361546077 -3.796275258140303);
WZB2883;2021-11-20 02:30:00;Rua Padre Rodolfo;;;MONDUBIM;WZB2883;Queda;Não informado;Não informado;Não informado;Meio de quadra;Não informado;Longo da via;0;1;0;1;0;0;0;0;0;0;0;0;0;(-38.5817181 -3.807721699999999);
QXM5293;2021-11-20 01:15:00;AV PERIMETRAL;;;JOAO XXIII;QXM5293;Colisão;Não informado;Não informado;Não informado;Meio de quadra;Não informado;Longo da via;0;1;0;2;0;0;0;0;0;0;0;0;0;(-38.58524592660727 -3.771793994031627);
RZO3268;2021-11-20 01:05:00;AV URUCUTUBA;;;GRANJA LISBOA;RZO3268;Atropelamento;Não informado;Não informado;Não informado;Meio de quadra;Não informado;Longo da via;0;1;0;0;1;0;0;0;0;0;0;0;0;(-38.62928369999999 -3.7978911);
UFG8699;2021-11-20 00:06:00;Rua Soriano Albuquerque;RUA CAP GUSTAVO;;JOAQUIM TVORA;UFG8699;Colisão;Não informado;Não informado;Não informado;Cruz;Não informado;Cruzamento;0;2;0;1;1;0;0;0;0;0;0;0;0;(-38.5180504 -3.7481731);
XIF6959;2021-11-19 23:07:00;Avenida Antônio Sales;RUA NOGUEIRA ACIOLI;;JOAQUIM TVORA;XIF6959;Atropelamento;Não informado;Não informado;Não informado;Meio de quadra;Não informado;Cruzamento;0;1;0;0;1;0;0;0;0;0;0;0;0;(-38.5203181 -3.739861);
XOK1874;2021-11-19 22:45:00;Rua Teodoro de Castro;;;GRANJA PORTUGAL;XOK1874;Colisão;Não informado;Não informado;Não informado;Meio de quadra;Não informado;Longo da via;0;1;0;0;0;0;0;0;0;0;1;0;0;(-38.6051122 -3.779818299999999);
ZQD3043;2021-11-19 22:07:00;AV C;AV D CJ ESPERANCA;;CONJUNTO ESPERANCA;ZQD3043;Colisão;Não informado;Não informado;Não informado;Cruz;Não informado;Cruzamento;0;1;0;1;1;0;0;0;0;0;0;0;0;(-38.5906824 -3.8170209);
XYR5244;2021-11-19 20:53:00;Rua Antônio Costa Mendes;;;PARQUE SAO JOSE;XYR5244;Queda;Não informado;Não informado;Não informado;Meio de quadra;Não informado;Longo da via;0;1;0;1;0;0;0;0;0;0;0;0;0;(-38.5898028 -3.7965781);
BEW5394;2021-11-05 10:36:00;Rua Cônego de Castro;RUA PIRAJUI;;PARQUE SAO JOSE;BEW5394;Colisão;Não informado;Não informado;Não informado;Cruz;Não informado;Longo da via;0;2;0;1;1;0;0;0;0;0;0;0;0;(-38.5896099 -3.8023638);
SDR1295;2021-11-05 10:14:00;Rua Teodomiro de Castro;;;ALVARO WEYNE;SDR1295;Colisão;Não informado;Não informado;Não informado;Meio de quadra;Não informado;Longo da via;0;1;0;1;1;0;0;0;0;0;0;0;0;(-38.57759908135991 -3.71660280615677);
WQL8174;2021-11-05 09:54:00;Avenida General Osório de Paiva;;;PARANGABA;WQL8174;Colisão;Não informado;Não informado;Não informado;Meio de quadra;Não informado;Longo da via;0;1;0;2;0;0;0;0;0;0;0;0;0;(-38.56730478005041 -3.776154422975532);
MIJ7905;2021-11-19 20:53:00;AV CASEMIRO DE ABREU;;;PARANGABA;MIJ7905;Colisão;Não informado;Não informado;Não informado;Meio de quadra;Não informado;Longo da via;0;1;0;0;0;0;0;0;0;0;1;0;0;(-38.5632776 -3.7826183);
WPQ8244;2021-11-05 08:50:00;BR-116;;;DIAS MACEDO;WPQ8244;Colisão;Não informado;Não informado;Não informado;Meio de quadra;Não informado;Longo da via;0;1;0;0;0;0;0;0;0;0;0;0;0;(-38.5129032990613 -3.783511860094792);
III9119;2021-11-19 19:56:00;AV SEN FERNANDES TAVORA;;;AUTRAN NUNES;III9119;Colisão;Não informado;Não informado;Não informado;Meio de quadra;Não informado;Longo da via;0;1;0;0;0;0;0;0;0;0;1;0;0;(-38.5955029 -3.7556656);
FJJ0438;2021-11-05 05:57:00;Avenida Mozart Pinheiro de Lucena;;;VILA VELHA;FJJ0438;Choque c/ Obstáculo Fixo;Não informado;Não informado;Não informado;Meio de quadra;Não informado;Longo da via;0;1;0;0;1;0;0;0;0;0;0;0;0;(-38.59525875020553 -3.716977525596944);
WIE0315;2021-11-19 19:39:00;Avenida Pontes Vieira;;;DIONISIO TORRES;WIE0315;Colisão;Não informado;Não informado;Não informado;Meio de quadra;Não informado;Longo da via;0;1;0;0;0;0;0;0;0;0;1;0;0;(-38.507184 -3.7521022);
EPZ0203;2021-11-04 22:41:00;Rua Basto Sobrinho;;;JANGURUSSU;EPZ0203;Atropelamento;Não informado;Não informado;Não informado;Meio de quadra;Não informado;Longo da via;0;1;0;0;0;0;0;0;0;0;0;0;0;(-38.51969018896297 -3.829910636639803);
OYY9242;2021-11-19 19:02:00;Rua Beija Flor;AV JOSE LEON;;JARDIM DAS OLIVEIRAS;OYY9242;Colisão;Não informado;Não informado;Não informado;Cruz;Não informado;Cruzamento;0;2;0;2;0;0;0;0;0;0;0;0;0;(-38.5072568 -3.7866263);
LDA3707;2021-11-04 21:32:00;Avenida Domingos Olímpio;RUA FLORIANO PEIXOTO;;CENTRO;LDA3707;Colisão;Não informado;Não informado;Não informado;Cruz;Não informado;Longo da via;0;1;0;1;1;0;0;0;0;0;0;0;0;(-38.53010788760392 -3.737003371085649);
LOZ7957;2021-11-19 18:52:00;Avenida Senador Fernandes Távora;;;HENRIQUE JORGE;LOZ7957;Atropelamento;Não informado;Não informado;Não informado;Meio de quadra;Não informado;Longo da via;0;1;0;1;0;0;0;0;0;0;0;0;0;(-38.5846047 -3.7607293);
UDC9268;2021-11-19 18:41:00;Avenida dos Expedicionários;;;VILA UNIAO;UDC9268;Colisão;Não informado;Não informado;Não informado;Meio de quadra;Não informado;Longo da via;0;1;0;1;1;0;0;0;0;0;0;0;0;(-38.5419467 -3.7667021);
FOB0928;2021-11-04 20:27:00;Avenida Treze de Maio;;;FATIMA;FOB0928;Queda;Não informado;Não informado;Não informado;Meio de quadra;Não informado;Longo da via;0;1;0;1;0;0;0;0;0;0;0;0;0;(-38.53209808223598 -3.746975975417032);
MET5409;2021-11-04 20:16:00;Rua Maria Júlia;RUA MARIA JULIA ROCHA;;BOM JARDIM;MET5409;Atropelamento;Não informado;Não informado;Não informado;Cruz;Não informado;Longo da via;0;1;0;1;0;0;0;0;0;0;0;0;0;(-38.59927669719865 -3.790462263629512);
TRH3826;2021-11-19 14:36:00;Rua Florêncio de Alencar;;;BARRA DO CEARA;TRH3826;Atropelamento;Não informado;Não informado;Não informado;Meio de quadra;Não informado;Longo da via;0;1;0;0;1;0;0;0;0;0;0;0;0;(-38.590991 -3.709391999999999);
PXO0508;2021-11-19 13:14:00;CE-402;;;CAMBEBA;PXO0508;Colisão;Não informado;Não informado;Não informado;Meio de quadra;Não informado;Longo da via;0;1;0;0;2;0;0;0;0;0;0;0;0;(-38.4816769 -3.8112177);
GJZ1003;2021-11-04 19:15:00;Rua Mirtil Meyer;;;MONDUBIM;GJZ1003;Colisão;Não informado;Não informado;Não informado;Meio de quadra;Não informado;Longo da via;0;1;0;1;1;0;0;0;0;0;0;0;0;(-38.57276574587581 -3.80961930459779);
WJD3003;2021-11-19 12:53:00;AV JUSCELINO KUBITSHECK;AV DEP PAULINO ROCHA;;BOA VISTA;WJD3003;Colisão;Não informado;Não informado;Não informado;Rotatória;Não informado;Cruzamento;0;1;0;1;1;0;0;0;0;0;0;0;0;(-38.5162212 -3.8108679);
HXC4848;2021-11-04 18:28:00;Avenida Godofredo Maciel;;;MARAPONGA;HXC4848;Queda;Não informado;Não informado;Não informado;Meio de quadra;Não informado;Longo da via;0;1;0;1;0;0;0;0;0;0;0;0;0;(-38.57557131703538 -3.818145897445191);
RPZ1057;2021-11-19 12:25:00;Avenida Frei Cirilo;;;MESSEJANA;RPZ1057;Queda;Não informado;Não informado;Não informado;Meio de quadra;Não informado;Longo da via;0;1;0;1;0;0;0;0;0;0;0;0;0;(-38.4979833 -3.8161503);
IPK7377;2021-11-19 11:49:00;Avenida Bernardo Manuel;;;SERRINHA;IPK7377;Colisão;Não informado;Não informado;Não informado;Meio de quadra;Não informado;Longo da via;0;2;0;1;1;0;0;0;0;0;0;0;0;(-38.5479369 -3.7882369);
CVW5320;2021-11-19 11:47:00;Rodovia Estrada do Guarani (BR116);;;ANCURI;CVW5320;Queda;Não informado;Não informado;Não informado;Meio de quadra;Não informado;Longo da via;0;1;0;1;0;0;0;0;0;0;0;0;0;(-38.5034701 -3.82242);
NVA4475;2021-11-04 16:32:00;Avenida Coronel Carvalho;;;JARDIM IRACEMA;NVA4475;Colisão;Não informado;Não informado;Não informado;Meio de quadra;Não informado;Longo da via;0;1;0;1;1;0;0;0;0;0;0;0;0;(-38.58771101075353 -3.718058857945939);
YSL2822;2021-11-19 11:37:00;Rua Francisco Lorda;RUA JORGE ACURCIO;;VILA UNIAO;YSL2822;Colisão;Não informado;Não informado;Não informado;Cruz;Não informado;Cruzamento;0;1;0;1;1;0;0;0;0;0;0;0;0;(-38.5305237 -3.762357999999999);
DCM8857;2021-11-04 16:01:00;Avenida Mister Hull;;;ANTONIO BEZERRA;DCM8857;Colisão;Não informado;Não informado;Não informado;Meio de quadra;Não informado;Longo da via;0;1;0;0;2;0;0;0;0;0;0;0;0;(-38.58906820218146 -3.739144573210273);
CLU5175;2021-11-04 13:44:00;Avenida Presidente Costa e Silva;;;PREFEITO JOSE VALTER;CLU5175;Atropelamento;Não informado;Não informado;Não informado;Meio de quadra;Não informado;Longo da via;0;1;0;1;0;0;0;0;0;0;0;0;0;(-38.5503326 -3.8234508);
DLS5766;2021-11-04 13:39:00;Rua Antônio Augusto;RUA DR ATUALPA BARBOSA LIMA (P. IRACEMA);;MEIRELES;DLS5766;Colisão;Não informado;Não informado;Não informado;Cruz;Não informado;Longo da via;0;1;0;1;1;0;0;0;0;0;0;0;0;(-38.5111879 -3.7232432);
XZC3218;2021-11-19 11:30:00;Avenida Desembargador Gonzaga;;;CIDADE DOS FUNCIONRAIOS;XZC3218;Colisão;Não informado;Não informado;Não informado;Meio de quadra;Não informado;Longo da via;0;1;0;1;1;0;0;0;0;0;0;0;0;(-38.50348690000001 -3.789928699999999);
XLN5544;2021-11-04 12:53:00;Avenida Dois de Maio;;;PASSARE;XLN5544;Colisão;Não informado;Não informado;Não informado;Meio de quadra;Não informado;Longo da via;0;1;0;2;0;0;0;0;0;0;0;0;0;(-38.53681338551041 -3.814527592168613);
RBE5986;2021-11-19 11:04:00;Avenida João Pessoa;;;PARANGABA;RBE5986;Colisão;Não informado;Não informado;Não informado;Meio de quadra;Não informado;Longo da via;0;2;0;2;0;0;0;0;0;0;0;0;0;(-38.55798619999999 -3.7625057);
AEB8544;2021-11-04 12:39:00;Avenida Senador Fernandes Távora;;;HENRIQUE JORGE;AEB8544;Colisão;Não informado;Não informado;Não informado;Meio de quadra;Não informado;Longo da via;0;1;0;1;1;0;0;0;0;0;0;0;0;(-38.58721748476395 -3.759458967781547);
PNZ6822;2021-11-19 10:12:00;BR-116;;;AEROLANDIA;PNZ6822;Colisão;Não informado;Não informado;Não informado;Meio de quadra;Não informado;Longo da via;0;1;0;1;1;0;0;0;0;0;0;0;0;(-38.5152306 -3.7760061);
RTM2519;2021-11-04 08:43:00;Avenida Mister Hull;;;PADRE ANDRADE;RTM2519;Colisão;Não informado;Não informado;Não informado;Meio de quadra;Não informado;Longo da via;0;1;0;0;0;0;0;0;0;0;0;0;0;(-38.56973079999999 -3.7368203);
RWY0506;2021-11-19 09:37:00;AV JOSE BASTOS;;;RODOLFO TEOFILO;RWY0506;Colisão;Não informado;Não informado;Não informado;Meio de quadra;Não informado;Longo da via;0;1;0;1;1;0;0;0;0;0;0;0;0;(-38.5538192 -3.7537702);
UQA5898;2021-11-04 01:10:00;Avenida H;;;CONJUNTO CEARA II;UQA5898;Queda;Não informado;Não informado;Não informado;Meio de quadra;Não informado;Longo da via;0;1;0;1;0;0;0;0;0;0;0;0;0;(-38.61353531867977 -3.776261478402642);
RWY0506;2021-11-19 08:26:00;Avenida General Osório de Paiva;RUA OSCAR FRANCA;;BOM JARDIM;RWY0506;Colisão;Não informado;Não informado;Não informado;Cruz;Não informado;Cruzamento;0;2;0;1;1;0;0;0;0;0;0;0;0;(-38.5968812 -3.7992576);
MHZ6855;2021-11-03 22:13:00;Rua Afonso Lopes;;;PARQUE DOIS IRMAOS;MHZ6855;Colisão;Não informado;Não informado;Não informado;Meio de quadra;Não informado;Longo da via;0;1;0;1;1;0;0;0;0;0;0;0;0;(-38.54741887021591 -3.790462263629512);
QSG5446;2021-11-03 22:13:00;Avenida Aguanambi;;;FATIMA;QSG5446;Atropelamento;Não informado;Não informado;Não informado;Meio de quadra;Não informado;Longo da via;0;1;0;0;1;0;0;0;0;0;0;0;0;(-38.5236413 -3.7512287);
NZU3252;2021-11-03 21:42:00;Rua Rio Branco;;;BELA VISTA;NZU3252;Colisão;Não informado;Não informado;Não informado;Meio de quadra;Não informado;Longo da via;0;1;0;1;1;0;0;0;0;0;0;0;0;(-38.56213347215572 -3.756734350454018);
MYI1644;2021-11-19 07:03:00;ESTACIONAMENTO CASTELAO;;;BOA VISTA;MYI1644;Queda;Não informado;Não informado;Não informado;Outros;Não informado;Longo da via;0;1;0;1;0;0;0;0;0;0;0;0;0;(-38.5201478 -3.8067912);
LKP6817;2021-11-19 01:59:00;Rua MIGUEL Gurgel;;;MESSEJANA;LKP6817;Colisão;Não informado;Não informado;Não informado;Meio de quadra;Não informado;Longo da via;0;1;0;0;0;0;0;0;0;0;1;0;0;(-38.4824514 -3.8402533);
IUB3244;2021-11-19 01:02:00;Avenida Doutor Silas Munguba;;;SERRINHA;IUB3244;Queda;Não informado;Não informado;Não informado;Meio de quadra;Não informado;Longo da via;0;2;0;1;0;0;0;0;0;0;0;0;0;(-38.5606321 -3.7793448);
EHW1252;2021-11-19 00:50:00;Rodovia Estrada do Guarani (BR116);;;MESSEJANA;EHW1252;Capotamento;Não informado;Não informado;Não informado;Meio de quadra;Não informado;Longo da via;0;1;0;0;0;0;0;0;0;0;1;0;0;(-38.5041401 -3.8259496);
QGK1810;2021-11-18 23:30:00;Rua Benjamim Brasil;;;MARAPONGA;QGK1810;Colisão;Não informado;Não informado;Não informado;Meio de quadra;Não informado;Longo da via;0;2;0;0;0;0;0;0;0;0;1;0;0;(-38.563828 -3.8057154);
IVM9836;2021-11-18 22:53:00;Rua Fernão Magalhães;;;PICI;IVM9836;Queda;Não informado;Não informado;Não informado;Meio de quadra;Não informado;Longo da via;0;1;0;1;0;0;0;0;0;0;0;0;0;(-38.5697069 -3.7493357);
AXI6490;2021-11-18 21:13:00;Avenida Zezé Diogo;;;CAIS DO PORTO;AXI6490;Colisão;Não informado;Não informado;Não informado;Meio de quadra;Não informado;Longo da via;0;1;0;0;0;0;0;0;0;0;1;0;0;(-38.4642716 -3.7178897);
JAX1430;2021-11-18 21:01:00;Rua Ribeiro Leitão;RUA RENATO VIANA;;JOQUEI CLUBE;JAX1430;Colisão;Não informado;Não informado;Não informado;Cruz;Não informado;Cruzamento;0;2;0;1;1;0;0;0;0;0;0;0;0;(-38.5766288 -3.7613231);
SZN9250;2021-11-03 21:23:00;Rua Coronel Nunes de Melo;RUA MARIO DE ANDRADE;;RODOLFO TEOFILO;SZN9250;Colisão;Não informado;Não informado;Não informado;Cruz;Não informado;Longo da via;0;1;0;1;1;0;0;0;0;0;0;0;0;(-38.55817452836563 -3.754694896552737);
JNS8670;2021-11-03 21:18:00;Rua Tenente Francisco Paiva;;;BOM JARDIM;JNS8670;Atropelamento;Não informado;Não informado;Não informado;Meio de quadra;Não informado;Longo da via;0;1;0;1;0;0;0;0;0;0;0;0;0;(-38.61602441028764 -3.795884514799927);
ZZP3751;2021-11-18 20:20:00;Rua Adoniran Barbosa;;;LAGOA REDONDA;ZZP3751;Colisão;Não informado;Não informado;Não informado;Meio de quadra;Não informado;Longo da via;0;1;0;1;0;0;1;0;0;0;0;0;0;(-38.4706382 -3.842851599999999);
CBF1978;2021-11-03 21:03:00;Avenida Humberto Monte;AV JOVITA FEITOSA;;PARQUELANDIA;CBF1978;Atropelamento;Não informado;Não informado;Não informado;Cruz;Não informado;Longo da via;0;1;0;1;0;0;0;0;0;0;0;0;0;(-38.56654302096126 -3.741944187098927);
ZZP3751;2021-11-18 20:06:00;Avenida Godofredo Maciel;;;PARANGABA;ZZP3751;Colisão;Não informado;Não informado;Não informado;Meio de quadra;Não informado;Longo da via;0;2;0;1;1;0;0;0;0;0;0;0;0;(-38.5662379 -3.7843739);
LGB1976;2021-11-18 19:05:00;Avenida Audízio Pinheiro;;;DOM LUSTOSA;LGB1976;Colisão;Não informado;Não informado;Não informado;Meio de quadra;Não informado;Longo da via;0;1;0;1;1;0;0;0;0;0;0;0;0;(-38.5894426 -3.7594594);
BCV1924;2021-11-18 17:51:00;Rua Guilherme Mendes;;;JARDIM IRACEMA;BCV1924;Colisão;Não informado;Não informado;Não informado;Meio de quadra;Não informado;Longo da via;0;1;0;1;1;0;0;0;0;0;0;0;0;(-38.5853714 -3.7206903);
JFQ9969;2021-11-03 20:48:00;Avenida Professor Gomes de Matos;;;MONTESE;JFQ9969;Colisão;Não informado;Não informado;Não informado;Meio de quadra;Não informado;Longo da via;0;1;0;1;1;0;0;0;0;0;0;0;0;(-38.55170876047943 -3.768223502787469);
MUG5371;2021-11-03 20:33:00;Avenida Oliveira Paiva;;;CIDADE DOS FUNCIONRAIOS;MUG5371;Colisão;Não informado;Não informado;Não informado;Meio de quadra;Não informado;Longo da via;0;1;0;1;1;0;0;0;0;0;0;0;0;(-38.50278155037044 -3.798485898639652);
OXM2579;2021-11-18 17:50:00;Avenida Areia Branca;;;VICENTE PINZON;OXM2579;Colisão;Não informado;Não informado;Não informado;Meio de quadra;Não informado;Longo da via;0;1;0;0;0;0;0;0;0;0;1;0;0;(-38.475598 -3.727722);
CDH2274;2021-11-18 17:40:00;RUA ARI BARROSO;;;PAPICU;CDH2274;Colisão;Não informado;Não informado;Não informado;Meio de quadra;Não informado;Longo da via;0;1;0;1;1;0;0;0;0;0;0;0;0;(-38.4723755 -3.7399426);
ZRR2617;2021-11-18 16:31:00;Avenida Pompílio Gomes;;;PASSARE;ZRR2617;Colisão;Não informado;Não informado;Não informado;Meio de quadra;Não informado;Longo da via;0;1;0;1;1;0;0;0;0;0;0;0;0;(-38.5210263 -3.8145859);
JMF5788;2021-11-03 19:41:00;Avenida Francisco Sá;;;CARLITO PAMPLONA;JMF5788;Atropelamento;Não informado;Não informado;Não informado;Meio de quadra;Não informado;Longo da via;0;1;0;0;0;0;0;0;0;1;0;0;0;(-38.55680656892706 -3.717609195149977);
QWP9659;2021-11-03 18:21:00;Rua Princesa Isabel;RUA LIBERATO BARROSO;;CENTRO;QWP9659;Colisão;Não informado;Não informado;Não informado;Cruz;Não informado;Longo da via;0;1;0;0;0;0;0;0;0;0;0;0;0;(-38.53537038520982 -3.726249104429492);
EKO3235;2021-11-18 15:33:00;Rua Cidade de Rio Branco;RUA PRO HERIBALDO COSTA;;HENRIQUE JORGE;EKO3235;Colisão;Não informado;Não informado;Não informado;Cruz;Não informado;Cruzamento;0;2;0;2;0;0;0;0;0;0;0;0;0;(-38.5875379 -3.7669705);
TPI3487;2021-11-03 18:14:00;Rua dos Arariús;;;PARQUE IRACEMA;TPI3487;Colisão;Não informado;Não informado;Não informado;Não informado;Não informado;Longo da via;0;1;0;0;1;0;0;0;0;1;0;0;0;(-38.5136942 -3.7210903);
DQC4209;2021-11-03 16:04:00;Avenida Leste Oeste;;;PIRAMBU;DQC4209;Atropelamento;Não informado;Não informado;Não informado;Meio de quadra;Não informado;Longo da via;0;1;0;0;0;0;0;0;0;0;1;0;0;(-38.5523643 -3.7125347);
AEO6834;2021-11-03 14:52:00;Avenida Castelo de Castro;;;JANGURUSSU;AEO6834;Colisão;Não informado;Não informado;Não informado;Meio de quadra;Não informado;Longo da via;0;1;0;0;0;0;0;0;0;0;0;0;0;(-38.52151779938731 -3.843587929492044);
KUF8677;2021-11-03 14:47:00;Avenida Professor José Arthur de Carvalho;;;LAGOA REDONDA;KUF8677;Colisão;Não informado;Não informado;Não informado;Meio de quadra;Não informado;Longo da via;0;1;0;1;1;0;0;0;0;0;0;0;0;(-38.45627740390203 -3.823990819902818);
OUV9415;2021-11-03 15:45:00;Rua Rio Grande do Sul;RUA ALAGOAS;;DEMOCRITO ROCHA;OUV9415;Colisão;Não informado;Não informado;Não informado;Cruz;Não informado;Longo da via;0;2;0;2;0;0;0;0;0;0;0;0;0;(-38.56905356695715 -3.76094706559595);
LCR2589;2021-11-03 14:27:00;Rua Carlos Chagas;;;BONSUCESSO;LCR2589;Colisão;Não informado;Não informado;Não informado;Meio de quadra;Não informado;Longo da via;0;1;0;2;0;0;0;0;0;0;0;0;0;(-38.58328536611354 -3.780709619723368);
MNS3056;2021-11-18 15:13:00;Rua Conselheiro Tristão;RUA PDE BARBOSA DE JESUS;;FATIMA;MNS3056;Colisão;Não informado;Não informado;Não informado;Cruz;Não informado;Cruzamento;0;1;0;1;1;0;0;0;0;0;0;0;0;(-38.5298852 -3.748465199999999);
EHX6091;2021-11-03 13:51:00;Rua das Oiticicas;;;PASSARE;EHX6091;Colisão;Não informado;Não informado;Não informado;Meio de quadra;Não informado;Longo da via;0;1;0;1;1;0;0;0;0;0;0;0;0;(-38.53709772148177 -3.809266035273334);
IXI6313;2021-11-03 13:44:00;Avenida Antônio Sales;;;JOAQUIM TVORA;IXI6313;Colisão;Não informado;Não informado;Não informado;Meio de quadra;Não informado;Longo da via;0;1;0;0;2;0;0;0;0;0;0;0;0;(-38.51839736492153 -3.740488174873339);
LDS0014;2021-11-18 11:37:00;Rua Coronel João Correia;AV GAL OSORIO DE PAIVA;;SIQUEIRA;LDS0014;Colisão;Não informado;Não informado;Não informado;Meio de quadra;Não informado;Cruzamento;0;1;0;2;0;0;0;0;0;0;0;0;0;(-38.5932653 -3.7955415);
VEW1658;2021-11-03 13:23:00;Avenida Washington Soares;;;MESSEJANA;VEW1658;Colisão;Não informado;Não informado;Não informado;Meio de quadra;Não informado;Longo da via;0;1;0;1;1;0;0;0;0;0;0;0;0;(-38.4806855129749 -3.837371902474798);
ZJT0763;2021-11-18 10:56:00;AV SGT HERMINIO;;;PRESIDENTE KENNEDY;ZJT0763;Colisão;Não informado;Não informado;Não informado;Meio de quadra;Não informado;Longo da via;0;2;0;2;0;0;0;0;0;0;0;0;0;(-38.5717692 -3.7284417);
NEW0557;2021-11-18 10:50:00;Avenida Governador Raul Barbosa;;;AEROLANDIA;NEW0557;Queda;Não informado;Não informado;Não informado;Meio de quadra;Não informado;Longo da via;0;1;0;1;0;0;0;0;0;0;0;0;0;(-38.5092373 -3.7665673);
UDY0843;2021-11-18 10:46:00;Rua Naturalista Feijó;;;MONTE CASTELO;UDY0843;Atropelamento;Não informado;Não informado;Não informado;Meio de quadra;Não informado;Longo da via;0;1;0;1;0;0;0;0;0;0;0;0;0;(-38.5569161 -3.7214504);
IQB6352;2021-11-18 10:10:00;Avenida das Adenanteras;;;CIDADE 2000;IQB6352;Colisão;Não informado;Não informado;Não informado;Meio de quadra;Não informado;Longo da via;0;1;0;0;0;0;0;0;0;0;1;0;0;(-38.4759777 -3.7525749);
GPL8678;2021-11-03 11:57:00;Avenida General Osório de Paiva;;;SIQUEIRA;GPL8678;Colisão;Não informado;Não informado;Não informado;Não informado;Não informado;Longo da via;0;1;0;1;1;0;0;0;0;0;0;0;0;(-38.57536212021439 -3.781303774057197);
YPA9275;2021-11-18 08:52:00;Rua Síria;;;ITAPERI;YPA9275;Queda;Não informado;Não informado;Não informado;Meio de quadra;Não informado;Longo da via;0;1;0;0;0;0;0;0;0;1;0;0;0;(-38.5542958 -3.7846316);
PQE6023;2021-11-18 05:22:00;Rua Miguel de Aragão;;;MONDUBIM;PQE6023;Queda;Não informado;Não informado;Não informado;Meio de quadra;Não informado;Longo da via;0;1;0;1;0;0;0;0;0;0;0;0;0;(-38.5860721 -3.8343186);