COD_ACIDENTE;DATA;LOG1;LOG2;NUMERO;BAIRRO;AMC;NATUREZA;ILUMINACAO;TEMPO;SUPERFICIEPISTA;TIPOCRUZAMENTO;CONTROLETRAFEGO;USOSOLO;MORTOS;FERIDOS;ILESOS;MOTOCICLETA;AUTOMOVEL;MICROONIBUS;CAMINHAO;ONIBUS;CICLOMOTOR;BICICLETA;OUTROS;TREM;TRACAOANIMAL;COORDENADAS
TLE3352;2021-11-18 05:07:00;Avenida I;;;PREFEITO JOSE VALTER;TLE3352;Colisão;Não informado;Não informado;Não informado;Meio de quadra;Não informado;Longo da via;0;1;0;0;0;0;0;0;0;0;1;0;0;(-38.5554602 -3.8404262);
NXE9607;2021-11-03 11:36:00;BR-116;;;CIDADE DOS FUNCIONRAIOS;NXE9607;Colisão;Não informado;Não informado;Não informado;Meio de quadra;Não informado;Longo da via;0;1;0;0;1;0;0;1;0;0;0;0;0;(-38.50739494190038 -3.794813984194547);
AAF3120;2021-11-18 03:55:00;Avenida Augusto dos Anjos;;;VILA PERY;AAF3120;Atropelamento;Não informado;Não informado;Não informado;Meio de quadra;Não informado;Longo da via;0;1;0;0;1;0;0;0;0;0;0;0;0;(-38.5799561 -3.7809603);
FVW8162;2021-11-03 10:53:00;Estrada Barão de Aquiraz;;;MESSEJANA;FVW8162;Colisão;Não informado;Não informado;Não informado;Meio de quadra;Não informado;Longo da via;0;1;0;1;0;0;1;0;0;0;0;0;0;(-38.48349109609799 -3.842435249494109);
KOS7851;2021-11-17 23:23:00;AV ALM BARROSO;;;PRAIA DE IRACEMA;KOS7851;Colisão;Não informado;Não informado;Não informado;Meio de quadra;Não informado;Longo da via;0;1;0;1;1;0;0;0;0;0;0;0;0;(-38.5160936 -3.7202853);
DUL9556;2021-11-03 10:02:00;Rua Joaquim Nabuco;RUA EDUARDO BEZERRA;;DIONISIO TORRES;DUL9556;Colisão;Não informado;Não informado;Não informado;Cruz;Não informado;Longo da via;0;1;0;1;1;0;0;0;0;0;0;0;0;(-38.50713745030411 -3.753362022531082);
UPZ7175;2021-11-17 23:11:00;Avenida Presidente Costa e Silva;;;PREFEITO JOSE VALTER;UPZ7175;Colisão;Não informado;Não informado;Não informado;Meio de quadra;Não informado;Longo da via;0;1;0;1;1;0;0;0;0;0;0;0;0;(-38.5433828 -3.8244191);
YBQ7666;2021-11-03 09:06:00;Avenida Desembargador Moreira;RUA MARCOS MACEDO;;ALDEOTA;YBQ7666;Colisão;Não informado;Não informado;Não informado;Cruz;Não informado;Longo da via;0;2;0;0;2;0;0;0;0;0;0;0;0;(-38.4977688 -3.7342472);
YDC4146;2021-11-17 21:46:00;Rua Florêncio Coelho Holanda;;;MARAPONGA;YDC4146;Colisão;Não informado;Não informado;Não informado;Meio de quadra;Não informado;Longo da via;0;1;0;1;1;0;0;0;0;0;0;0;0;(-38.57144974517142 -3.794676738729571);
SGR7715;2021-11-17 21:44:00;Rua Betel;;;ITAPERI;SGR7715;Atropelamento;Não informado;Não informado;Não informado;Meio de quadra;Não informado;Longo da via;0;1;0;1;0;0;0;0;0;0;0;0;0;(-38.5526492 -3.7922126);
QCD0127;2021-11-17 21:07:00;Avenida G;;;CONJUNTO CEARA II;QCD0127;Capotamento;Não informado;Não informado;Não informado;Meio de quadra;Não informado;Longo da via;0;1;0;0;0;0;0;0;0;0;1;0;0;(-38.6116526 -3.7729482);
REF4424;2021-11-17 20:40:00;Rua Álvares Cabral;;;SERRINHA;REF4424;Colisão;Não informado;Não informado;Não informado;Meio de quadra;Não informado;Longo da via;0;1;0;0;0;0;0;0;0;0;1;0;0;(-38.5496933 -3.7762905);
DMG3425;2021-11-03 08:03:00;BR-116;;;MESSEJANA;DMG3425;Atropelamento;Não informado;Não informado;Não informado;Meio de quadra;Não informado;Longo da via;0;2;0;1;0;0;0;0;0;0;0;0;0;(-38.49885853469289 -3.843491587147458);
DWP8495;2021-11-03 08:03:00;Rodovia Estrada do Guarani (BR116);;;MESSEJANA;DWP8495;Queda;Não informado;Não informado;Não informado;Meio de quadra;Não informado;Longo da via;0;2;0;1;0;0;0;0;0;0;0;0;0;(-38.5041401 -3.8259496);
VYJ8851;2021-11-03 02:21:00;Avenida Padre Antônio Tomás;;;DIONISIO TORRES;VYJ8851;Colisão;Não informado;Não informado;Não informado;Meio de quadra;Não informado;Longo da via;0;1;0;1;1;0;0;0;0;0;0;0;0;(-38.50183741092056 -3.739460400081158);
ETE9029;2021-11-03 01:22:00;Rua Matadouro;RUA L UI 610;;PASSARE;ETE9029;Queda;Não informado;Não informado;Não informado;T;Não informado;Longo da via;0;1;0;1;0;0;0;0;0;0;0;0;0;(-38.544721 -3.8052087);
WSX7910;2021-11-17 20:16:00;AV SEN CARLOS JEREISSATI;;;SERRINHA;WSX7910;Colisão;Não informado;Não informado;Não informado;Meio de quadra;Não informado;Longo da via;0;2;0;0;1;0;0;0;0;1;0;0;0;(-38.5416215 -3.7803066);
RIX5951;2021-11-17 19:09:00;Avenida Francisco Sá;;;BARRA DO CEARA;RIX5951;Colisão;Não informado;Não informado;Não informado;Meio de quadra;Não informado;Longo da via;0;1;0;1;1;0;0;0;0;0;0;0;0;(-38.58187789999999 -3.709201999999999);
UVL8037;2021-11-17 18:47:00;RUA MANGABA  (Conjunto Res Marcos Freire);;;MONDUBIM;UVL8037;Colisão;Não informado;Não informado;Não informado;Meio de quadra;Não informado;Longo da via;0;1;0;1;1;0;0;0;0;0;0;0;0;(-38.5643787 -3.8241187);
UEF2180;2021-11-03 01:02:00;Avenida C;RUA 525 CJ CEARA;;CONJUNTO CEARA I;UEF2180;Colisão;Não informado;Não informado;Não informado;T;Não informado;Longo da via;0;1;0;0;0;0;0;0;0;0;0;0;0;(-38.6136091 -3.7693923);
ZYV4894;2021-11-17 18:20:00;RUA COMODORO ESTACIO BRIGIDO;RUA MARIA ALICE FERRAZ;;ENGENHEIRO LUCIANO CAVALCANTE;ZYV4894;Colisão;Não informado;Não informado;Não informado;Cruz;Não informado;Cruzamento;0;1;0;1;1;0;0;0;0;0;0;0;0;(-38.4875961 -3.7769865);
XZH1066;2021-11-03 00:28:00;Rua Tenente Renato Aguiar;;;ITAPERI;XZH1066;Queda;Não informado;Não informado;Não informado;Meio de quadra;Não informado;Longo da via;0;1;0;1;0;0;0;0;0;0;0;0;0;(-38.53873922776901 -3.792041303759534);
KBM2671;2021-11-02 22:43:00;Rua Cônego de Castro;;;MANOEL SATIRO;KBM2671;Atropelamento;Não informado;Não informado;Não informado;Meio de quadra;Não informado;Longo da via;0;1;0;1;0;0;0;0;0;0;0;0;0;(-38.5802973794065 -3.792458812193179);
COX9583;2021-11-17 17:24:00;Rua Nelson Coelho;;;LAGOA REDONDA;COX9583;Queda;Não informado;Não informado;Não informado;Meio de quadra;Não informado;Longo da via;0;1;0;1;0;0;0;0;0;0;0;0;0;(-38.4645177 -3.8268145);
HJF7629;2021-11-17 15:24:00;Avenida Contôrno Norte;;;CONJUNTO ESPERANCA;HJF7629;Colisão;Não informado;Não informado;Não informado;Meio de quadra;Não informado;Longo da via;0;1;0;1;1;0;0;0;0;0;0;0;0;(-38.5895967 -3.811857);
WFT9010;2021-11-17 14:42:00;Rua Raimundo Neri;;;PARQUE SAO JOSE;WFT9010;Atropelamento;Não informado;Não informado;Não informado;Meio de quadra;Não informado;Longo da via;0;2;0;1;0;0;0;0;0;0;0;0;0;(-38.5864203 -3.794134);
VLU1389;2021-11-17 14:27:00;Rua Eduardo Garcia;;;ALDEOTA;VLU1389;Colisão;Não informado;Não informado;Não informado;Meio de quadra;Não informado;Longo da via;0;1;0;1;1;0;0;0;0;0;0;0;0;(-38.4921169 -3.7406234);
YSI6924;2021-11-17 14:19:00;AV PRE COSTA E SILVA;;;PREFEITO JOSE VALTER;YSI6924;Colisão;Não informado;Não informado;Não informado;Meio de quadra;Não informado;Longo da via;0;1;0;1;1;0;0;0;0;0;0;0;0;(-38.5377392 -3.8263421);
GJE8456;2021-11-02 22:19:00;Rua João Cordeiro;RUA CEL ALVES TEIXEIRA;;JOAQUIM TVORA;GJE8456;Colisão;Não informado;Não informado;Não informado;Cruz;Não informado;Longo da via;0;1;0;1;1;0;0;0;0;0;0;0;0;(-38.51933077647364 -3.745562795235822);
PLZ7125;2021-11-02 21:24:00;Avenida Historiador Raimundo Girão;;;PARQUE IRACEMA;PLZ7125;Queda;Não informado;Não informado;Não informado;Meio de quadra;Não informado;Longo da via;0;1;0;1;0;0;0;0;0;0;0;0;0;(-38.507609518387 -3.722560826387728);
MMI3974;2021-11-17 12:53:00;Rua Batista de Oliveira;;;PAPICU;MMI3974;Colisão;Não informado;Não informado;Não informado;Meio de quadra;Não informado;Longo da via;0;1;0;1;1;0;0;0;0;0;0;0;0;(-38.4773947 -3.7389563);
LWO4900;2021-11-17 12:48:00;Avenida Capitão Hugo Bezerra;;;BARROSO;LWO4900;Colisão;Não informado;Não informado;Não informado;Meio de quadra;Não informado;Longo da via;0;1;0;1;1;0;0;0;0;0;0;0;0;(-38.503962 -3.8214983);
XPX1954;2021-11-17 12:23:00;AV DA ABOLIÇÃO;;;MEIRELES;XPX1954;Colisão;Não informado;Não informado;Não informado;Meio de quadra;Não informado;Longo da via;0;2;0;0;1;0;0;1;0;0;0;0;0;(-38.4920963 -3.7271493);
SIF3805;2021-11-17 10:49:00;Avenida Treze de Maio;RUA SEN POMPEU;;FATIMA;SIF3805;Colisão;Não informado;Não informado;Não informado;Cruz;Não informado;Longo da via;0;1;0;1;1;0;0;0;0;0;0;0;0;(-38.534947 -3.7444587);
TAK7906;2021-11-02 18:51:00;Avenida Mister Hull;;;ANTONIO BEZERRA;TAK7906;Colisão;Não informado;Não informado;Não informado;Meio de quadra;Não informado;Longo da via;0;1;0;1;1;0;0;0;0;0;0;0;0;(-38.59181479031174 -3.739647754950797);
ZHB8988;2021-11-17 09:45:00;Avenida Treze de Maio;AV CARAPINIMA;;BENFICA;ZHB8988;Colisão;Não informado;Não informado;Não informado;Cruz;Não informado;Cruzamento;0;1;0;2;0;0;0;0;0;0;0;0;0;(-38.5374927 -3.742407);
DMG1518;2021-11-02 17:46:00;Avenida Filomeno Gomes;;;JACARECANGA;DMG1518;Atropelamento;Não informado;Não informado;Não informado;Meio de quadra;Não informado;Longo da via;0;1;0;0;1;0;0;0;0;0;0;0;0;(-38.5414322 -3.7200583);
IKN9013;2021-11-17 09:32:00;Rua Rui Monte;;;ANTONIO BEZERRA;IKN9013;Colisão;Não informado;Não informado;Não informado;Meio de quadra;Não informado;Longo da via;0;2;0;1;1;0;0;0;0;0;0;0;0;(-38.5872823 -3.7424352);
YJY1353;2021-11-17 06:23:00;Rua Barão do Rio Branco;;;CENTRO;YJY1353;Queda;Não informado;Não informado;Não informado;Meio de quadra;Não informado;Longo da via;0;1;0;1;0;0;0;0;0;0;0;0;0;(-38.5295829 -3.7300559);
OPT4266;2021-11-02 17:13:00;Avenida Heráclito Graça;RUA ILDEFONSO ALBANO;;CENTRO;OPT4266;Colisão;Não informado;Não informado;Não informado;Cruz;Não informado;Longo da via;0;1;0;0;2;0;0;0;0;0;0;0;0;(-38.5144673 -3.7367877);
PVE4185;2021-11-17 03:50:00;Avenida Augusto dos Anjos;;;PARANGABA;PVE4185;Colisão;Não informado;Não informado;Não informado;Meio de quadra;Não informado;Longo da via;0;2;0;0;2;0;0;0;0;0;0;0;0;(-38.5725662 -3.7729886);
LDX8692;2021-11-02 16:09:00;Avenida Sargento Hermínio Sampaio;RUA PDE MAXIMO FEITOSA;;PRESIDENTE KENNEDY;LDX8692;Colisão;Não informado;Não informado;Não informado;Cruz;Não informado;Longo da via;0;1;0;1;1;0;0;0;0;0;0;0;0;(-38.57502952817317 -3.729910601733539);
UQS1854;2021-11-02 14:53:00;Rua Francisco Calaça;RUA TEODOMIRO DE CASTRO;;ALVARO WEYNE;UQS1854;Atropelamento;Não informado;Não informado;Não informado;T;Não informado;Longo da via;0;1;0;0;0;0;0;1;0;0;0;0;0;(-38.5743747 -3.7177478);
PER6193;2021-11-02 14:48:00;Rua Humaitá;;;GENIBAU;PER6193;Colisão;Não informado;Não informado;Não informado;Meio de quadra;Não informado;Longo da via;0;1;0;1;1;0;0;0;0;0;0;0;0;(-38.60021010007137 -3.758506155617051);
EDG4355;2021-11-02 14:20:00;Rua Professor Glauco Lobo;;;MONDUBIM;EDG4355;Colisão;Não informado;Não informado;Não informado;Meio de quadra;Não informado;Longo da via;0;1;0;1;1;0;0;0;0;0;0;0;0;(-38.5797984962708 -3.807055422420053);
QBF3283;2021-11-02 13:29:00;Avenida Clóvis Arrais Maia;;;PRAIA DO FUTURO II;QBF3283;Colisão;Não informado;Não informado;Não informado;Meio de quadra;Não informado;Longo da via;0;1;0;1;1;0;0;0;0;0;0;0;0;(-38.4440197183217 -3.757312462503937);
IXR6750;2021-11-02 10:36:00;Avenida Mister Hull;;;ANTONIO BEZERRA;IXR6750;Atropelamento;Não informado;Não informado;Não informado;Meio de quadra;Não informado;Longo da via;0;1;0;1;0;0;0;0;0;0;0;0;0;(-38.58020618992986 -3.738245268954704);
ZAL8143;2021-11-02 07:40:00;Avenida Alberto Craveiro;;;DIAS MACEDO;ZAL8143;Queda;Não informado;Não informado;Não informado;Meio de quadra;Não informado;Longo da via;0;1;0;1;0;0;0;0;0;0;0;0;0;(-38.51729232929041 -3.790092928403352);
LQU4471;2021-11-02 06:12:00;Avenida Governador Parsifal Barroso;;;PRESIDENTE KENNEDY;LQU4471;Queda;Não informado;Não informado;Não informado;Meio de quadra;Não informado;Longo da via;0;1;0;1;0;0;0;0;0;0;0;0;0;(-38.5691076 -3.7320742);
BYI1787;2021-11-17 01:22:00;Avenida Godofredo Maciel;;;MARAPONGA;BYI1787;Colisão;Não informado;Não informado;Não informado;Meio de quadra;Não informado;Longo da via;0;1;0;1;1;0;0;0;0;0;0;0;0;(-38.5701492 -3.7982647);
XNW1980;2021-11-16 22:50:00;Rua Carlos Vasconcelos;RUA JOAO BRIGIDO;;ALDEOTA;XNW1980;Colisão;Não informado;Não informado;Não informado;Cruz;Não informado;Cruzamento;0;1;0;0;0;0;0;0;0;0;1;0;0;(-38.5135405 -3.7413314);
LYW7991;2021-11-02 00:13:00;Avenida Américo Barreira;;;RODOLFO TEOFILO;LYW7991;Colisão;Não informado;Não informado;Não informado;Meio de quadra;Não informado;Longo da via;0;1;0;0;0;0;0;0;0;0;0;0;0;(-38.54637530909175 -3.745835770436297);
LPQ2861;2021-11-01 23:56:00;Rua Coronel Matos Dourado;;;DOM LUSTOSA;LPQ2861;Colisão;Não informado;Não informado;Não informado;Meio de quadra;Não informado;Longo da via;0;1;0;1;1;0;0;0;0;0;0;0;0;(-38.58402564852972 -3.756621939733167);
DXS8162;2021-11-16 22:11:00;Avenida Mister Hull;;;ANTONIO BEZERRA;DXS8162;Queda;Não informado;Não informado;Não informado;Meio de quadra;Não informado;Longo da via;0;1;0;1;0;0;0;0;0;0;0;0;0;(-38.5918137 -3.7395231);
DOB4868;2021-11-16 21:40:00;Rua Senador Catunda;AV CARAPINIMA;;BENFICA;DOB4868;Atropelamento;Não informado;Não informado;Não informado;Cruz;Não informado;Cruzamento;0;2;0;1;0;0;0;0;0;0;0;0;0;(-38.5381511 -3.7381528);
NBR7722;2021-11-01 23:45:00;Rua Mário de Andrade;RUA MAJ PEDRO SAMPAIO;;BELA VISTA;NBR7722;Atropelamento;Não informado;Não informado;Não informado;Meio de quadra;Não informado;Longo da via;0;1;0;0;1;0;0;0;0;0;0;0;0;(-38.5598486 -3.752732099999999);
EJI4371;2021-11-16 21:06:00;Rua Nunes Feijó;;;JANGURUSSU;EJI4371;Atropelamento;Não informado;Não informado;Não informado;Meio de quadra;Não informado;Longo da via;0;1;0;0;1;0;0;0;0;0;0;0;0;(-38.5084676 -3.8458607);
TPY0865;2021-11-01 23:04:00;Rua Amâncio Pereira;;;PASSARE;TPY0865;Queda;Não informado;Não informado;Não informado;Meio de quadra;Não informado;Longo da via;0;1;0;1;0;0;0;0;0;0;0;0;0;(-38.52232948802893 -3.8129592983136);
LPF9434;2021-11-16 17:42:00;RUA LEONARDO MOTA;;;DIONISIO TORRES;LPF9434;Colisão;Não informado;Não informado;Não informado;Meio de quadra;Não informado;Longo da via;0;1;0;1;1;0;0;0;0;0;0;0;0;(-38.493504 -3.727677599999999);
FNX9014;2021-11-01 21:23:00;Avenida Augusto dos Anjos;RUA JULIO BRAGA;;PARANGABA;FNX9014;Colisão;Não informado;Não informado;Não informado;Cruz;Não informado;Longo da via;0;1;0;1;1;0;0;0;0;0;0;0;0;(-38.5761811 -3.7767557);
QNV6789;2021-11-01 21:20:00;Rua José Dantas Pereira;;;CANINDEZINHO;QNV6789;Queda;Não informado;Não informado;Não informado;Meio de quadra;Não informado;Longo da via;0;1;0;0;0;0;0;0;0;1;0;0;0;(-38.607706 -3.8224972);
OCG4677;2021-11-16 15:19:00;Avenida Washington Soares;;;MESSEJANA;OCG4677;Colisão;Não informado;Não informado;Não informado;Meio de quadra;Não informado;Longo da via;0;1;0;1;1;0;0;0;0;0;0;0;0;(-38.4831324 -3.816787);
IQA2308;2021-11-16 14:36:00;Rua Engenheiro Luís Montenegro;;;SIQUEIRA;IQA2308;Colisão;Não informado;Não informado;Não informado;Meio de quadra;Não informado;Longo da via;0;1;0;1;1;0;0;0;0;0;0;0;0;(-38.618893 -3.8137366);
ABS9971;2021-11-16 14:12:00;Rua Antero de Quental;;;PAUPINA;ABS9971;Queda;Não informado;Não informado;Não informado;Meio de quadra;Não informado;Longo da via;0;1;0;0;0;0;0;0;0;1;0;0;0;(-38.4924264 -3.848121699999999);
KRE3520;2021-11-16 13:33:00;Rua Edgar Falcão;;;PRESIDENTE KENNEDY;KRE3520;Colisão;Não informado;Não informado;Não informado;Meio de quadra;Não informado;Longo da via;0;1;0;1;1;0;0;0;0;0;0;0;0;(-38.573139 -3.732609);
GNH8012;2021-11-01 18:20:00;Avenida Coronel Carvalho;;;JARDIM IRACEMA;GNH8012;Colisão;Não informado;Não informado;Não informado;Meio de quadra;Não informado;Longo da via;0;1;0;1;1;0;0;0;0;0;0;0;0;(-38.58780220703294 -3.71774302338703);
VUN3170;2021-11-16 13:18:00;Rua Coronel Matos Dourado;;;ANTONIO BEZERRA;VUN3170;Colisão;Não informado;Não informado;Não informado;Meio de quadra;Não informado;Longo da via;0;1;0;1;1;0;0;0;0;0;0;0;0;(-38.5848199 -3.7422012);
VBY0493;2021-11-16 13:14:00;Rua 66;RUA 85 CJ JOSE WALTER;;PREFEITO JOSE VALTER;VBY0493;Colisão;Não informado;Não informado;Não informado;Cruz;Não informado;Cruzamento;0;1;0;1;1;0;0;0;0;0;0;0;0;(-38.5607301 -3.838572);
OLH0701;2021-11-16 12:46:00;AV ALBERTO CRAVEIRO;;;BOA VISTA;OLH0701;Queda;Não informado;Não informado;Não informado;Meio de quadra;Não informado;Longo da via;0;1;0;1;0;0;0;0;0;0;0;0;0;(-38.5200995 -3.8012212);
NIP1455;2021-11-16 09:28:00;Avenida Senador Carlos Jereissati;;;AEROPORTO;NIP1455;Colisão;Não informado;Não informado;Não informado;Meio de quadra;Não informado;Longo da via;0;1;0;1;1;0;0;0;0;0;0;0;0;(-38.5357467 -3.7820759);
LYP5557;2021-11-16 09:24:00;Avenida Bezerra de Menezes;;;PARQUELANDIA;LYP5557;Queda;Não informado;Não informado;Não informado;Meio de quadra;Não informado;Longo da via;0;1;0;0;0;0;0;0;0;1;0;0;0;(-38.5589275 -3.734807);
RUN0168;2021-11-16 09:04:00;Avenida Coronel Carvalho;;;BARRA DO CEARA;RUN0168;Colisão;Não informado;Não informado;Não informado;Meio de quadra;Não informado;Longo da via;0;1;0;1;1;0;0;0;0;0;0;0;0;(-38.5877337 -3.7176554);
UTT7849;2021-11-16 06:32:00;Rua Muniz Freire;RUA GUILHERME PESSOA;;MESSEJANA;UTT7849;Colisão;Não informado;Não informado;Não informado;Cruz;Não informado;Cruzamento;0;1;0;1;1;0;0;0;0;0;0;0;0;(-38.4886426 -3.8270188);
HWO9235;2021-11-16 04:27:00;CE 010;;;SABIAGUABA;HWO9235;Queda;Não informado;Não informado;Não informado;Meio de quadra;Não informado;Longo da via;0;1;0;1;0;0;0;0;0;0;0;0;0;(-38.4307346 -3.8001968);
QFO9629;2021-11-01 17:09:00;Rua São Luís;;;HENRIQUE JORGE;QFO9629;Colisão;Não informado;Não informado;Não informado;Meio de quadra;Não informado;Longo da via;0;1;0;1;1;0;0;0;0;0;0;0;0;(-38.5920401012643 -3.758463332573987);
XPT7752;2021-11-01 14:56:00;Avenida Jornalista Tomaz Coelho;;;JANGURUSSU;XPT7752;Capotamento;Não informado;Não informado;Não informado;Meio de quadra;Não informado;Longo da via;0;1;0;0;0;0;0;0;0;0;0;0;0;(-38.51676657808722 -3.828069396035241);
WUD5882;2021-12-01 01:18:00;Avenida Leste Oeste;;;CRISTO REDENTOR;WUD5882;Colisão;Não informado;Não informado;Não informado;Meio de quadra;Não informado;Longo da via;0;1;0;1;1;0;0;0;0;0;0;0;0;(-38.5645486 -3.7095397);
GBN3409;2021-12-01 01:56:00;Rua Júlio Braga;;;JOAO XXIII;GBN3409;Colisão;Não informado;Não informado;Não informado;Meio de quadra;Não informado;Longo da via;0;1;0;2;0;0;0;0;0;0;0;0;0;(-38.5841639 -3.7732155);
UXE2321;2021-10-27 00:58:00;Rua dos Aprendizes Marinheiros;;;MOURA BRASIL;UXE2321;Queda;Não informado;Não informado;Não informado;Meio de quadra;Não informado;Longo da via;0;1;0;0;0;0;0;0;0;1;0;0;0;(-38.5388899 -3.7184546);
ZYJ5475;2021-10-27 00:47:00;Rua Pinto Madeira;;;CENTRO;ZYJ5475;Colisão;Não informado;Não informado;Não informado;Não informado;Não informado;Longo da via;0;1;0;1;1;0;0;0;0;0;0;0;0;(-38.5152305 -3.7332062);
XGX3141;2021-10-27 00:36:00;RUA MIGUEL GURGEL;;;MESSEJANA;XGX3141;Colisão;Não informado;Não informado;Não informado;Meio de quadra;Não informado;Longo da via;0;1;0;1;1;0;0;0;0;0;0;0;0;(-38.4824514 -3.8402533);
TVQ7131;2021-10-26 22:41:00;Avenida General Osório de Paiva;;;BOM JARDIM;TVQ7131;Atropelamento;Não informado;Não informado;Não informado;Meio de quadra;Não informado;Longo da via;0;1;0;0;0;0;0;1;0;0;0;0;0;(-38.5946499 -3.7974016);
MDZ1037;2021-10-26 19:40:00;Rua Francisca Clotilde;RUA ALEXANDRE BARAUNA;;RODOLFO TEOFILO;MDZ1037;Colisão;Não informado;Não informado;Não informado;Meio de quadra;Não informado;Cruzamento;0;1;0;1;1;0;0;0;0;0;0;0;0;(-38.5550186 -3.7450278);
OAN4456;2021-10-26 17:18:00;Avenida dos Expedicionários;;;MONTESE;OAN4456;Colisão;Não informado;Não informado;Não informado;Meio de quadra;Não informado;Longo da via;0;1;0;0;0;0;0;0;0;0;1;0;0;(-38.5377605 -3.754543299999999);
HLZ2973;2021-10-26 17:16:00;Rua José Torres;RUA LONDRINA;;GRANJA LISBOA;HLZ2973;Colisão;Não informado;Não informado;Não informado;Cruz;Não informado;Cruzamento;0;1;0;0;0;0;0;0;0;0;1;0;0;(-38.607276 -3.7799311);
HCE1154;2021-11-01 14:40:00;Avenida Governador Raul Barbosa;;;SAO JOAO DO TAUAPE;HCE1154;Colisão;Não informado;Não informado;Não informado;Meio de quadra;Não informado;Longo da via;0;2;0;1;1;0;0;0;0;0;0;0;0;(-38.50464300272304 -3.759148501010831);
PXT5996;2021-10-26 12:56:00;Avenida Bezerra de Menezes;;;PARQUE ARAXA;PXT5996;Queda;Não informado;Não informado;Não informado;Meio de quadra;Não informado;Longo da via;0;1;0;0;0;0;0;0;0;1;0;0;0;(-38.556584 -3.7339243);
EXP5485;2021-11-01 14:00:00;Avenida João de Araújo Lima;;;PREFEITO JOSE VALTER;EXP5485;Colisão;Não informado;Não informado;Não informado;Meio de quadra;Não informado;Longo da via;0;1;0;1;1;0;0;0;0;0;0;0;0;(-38.5600775411374 -3.830356812398356);
YFC2734;2021-10-26 12:16:00;CE-040;;;EDSON QUEIROZ;YFC2734;Colisão;Não informado;Não informado;Não informado;Meio de quadra;Não informado;Longo da via;0;1;0;0;0;0;0;0;0;0;1;0;0;(-38.4806657 -3.8422206);
CWO2075;2021-10-26 11:42:00;Avenida Rui Barbosa;RUA PINHO PESSOA;;JOAQUIM TVORA;CWO2075;Colisão;Não informado;Não informado;Não informado;Cruz;Não informado;Cruzamento;0;1;0;1;1;0;0;0;0;0;0;0;0;(-38.5124766 -3.745399699999999);
SNR8514;2021-11-01 11:53:00;Avenida Clóvis Arrais Maia;;;PRAIA DO FUTURO I;SNR8514;Queda;Não informado;Não informado;Não informado;Meio de quadra;Não informado;Longo da via;0;1;0;1;0;0;0;0;0;0;0;0;0;(-38.45325806234558 -3.739482230271163);
HHW8885;2021-10-26 11:21:00;AV ALM MAXIMINIANO DA FONSECA;;;ENGENHEIRO LUCIANO CAVALCANTE;HHW8885;Colisão;Não informado;Não informado;Não informado;Meio de quadra;Não informado;Longo da via;0;1;0;1;1;0;0;0;0;0;0;0;0;(-38.4869315 -3.7709497);
CPD3744;2021-11-01 11:45:00;Rua Menor Jerônimo;;;PASSARE;CPD3744;Colisão;Não informado;Não informado;Não informado;Meio de quadra;Não informado;Longo da via;0;2;0;1;1;0;0;0;0;0;0;0;0;(-38.53788092627956 -3.812049365413777);
TWW6041;2021-10-26 11:16:00;RUA 1018;;;CONJUNTO CEARA I;TWW6041;Queda;Não informado;Não informado;Não informado;Meio de quadra;Não informado;Longo da via;0;1;0;1;0;0;0;0;0;0;0;0;0;(-38.6174568 -3.7700086);
ORI0775;2021-11-01 11:44:00;Rua Joaquim Moreira;;;PARANGABA;ORI0775;Colisão;Não informado;Não informado;Não informado;Meio de quadra;Não informado;Longo da via;0;1;0;1;1;0;0;0;0;0;0;0;0;(-38.56320635083552 -3.771829372683861);
ZWP8730;2021-10-26 10:53:00;Rua Nunes Valente;RUA PDE VALDEVINO;;ALDEOTA;ZWP8730;Queda;Não informado;Não informado;Não informado;Cruz;Não informado;Cruzamento;0;1;0;1;0;0;0;0;0;0;0;0;0;(-38.5061239 -3.743344);
JUJ6203;2021-10-26 10:41:00;Rua Américo Rocha Lima;;;MANOEL SATIRO;JUJ6203;Atropelamento;Não informado;Não informado;Não informado;Meio de quadra;Não informado;Longo da via;0;1;0;0;1;0;0;0;0;0;0;0;0;(-38.5805052 -3.7990388);
ZJV8216;2021-11-01 09:54:00;Avenida Leste Oeste;;;PIRAMBU;ZJV8216;Colisão;Não informado;Não informado;Não informado;Não informado;Não informado;Longo da via;0;2;0;0;0;0;0;0;0;0;0;0;0;(-38.5540459 -3.712094);
ODN2384;2021-11-01 09:39:00;BR-116;;;MESSEJANA;ODN2384;Colisão;Não informado;Não informado;Não informado;Meio de quadra;Não informado;Longo da via;0;3;0;2;0;0;0;0;0;0;0;0;0;(-38.49892453685655 -3.843387968936594);
VRV8905;2021-11-01 09:01:00;Avenida Francisco Sá;;;JACARECANGA;VRV8905;Colisão;Não informado;Não informado;Não informado;Meio de quadra;Não informado;Longo da via;0;1;0;1;1;0;0;0;0;0;0;0;0;(-38.57776001718492 -3.710425265595806);
JDO4842;2021-10-26 10:20:00;Avenida Luciano Carneiro;;;VILA UNIAO;JDO4842;Colisão;Não informado;Não informado;Não informado;Meio de quadra;Não informado;Longo da via;0;1;0;1;0;0;0;0;0;0;0;0;0;(-38.5379015 -3.769341799999999);
KKK9636;2021-10-26 10:18:00;Avenida C;;;CONJUNTO CEARA II;KKK9636;Colisão;Não informado;Não informado;Não informado;Meio de quadra;Não informado;Longo da via;0;1;0;1;1;0;0;0;0;0;0;0;0;(-38.612499 -3.7682668);