COD_ACIDENTE;DATA;LOG1;LOG2;NUMERO;BAIRRO;AMC;NATUREZA;ILUMINACAO;TEMPO;SUPERFICIEPISTA;TIPOCRUZAMENTO;CONTROLETRAFEGO;USOSOLO;MORTOS;FERIDOS;ILESOS;MOTOCICLETA;AUTOMOVEL;MICROONIBUS;CAMINHAO;ONIBUS;CICLOMOTOR;BICICLETA;OUTROS;TREM;TRACAOANIMAL;COORDENADAS
HPL1279;2021-10-26 10:09:00;RUA GUSTAVO SAMPAIO;;;PRESIDENTE KENNEDY;HPL1279;Queda;Não informado;Não informado;Não informado;Meio de quadra;Não informado;Longo da via;0;2;0;1;0;0;0;0;0;0;0;0;0;(-38.5572956 -3.7354346);
YEF9547;2021-10-27 09:11:00;Rua Cônego de Castro;;;VILA PERY;YEF9547;Queda;Não informado;Não informado;Não informado;Meio de quadra;Não informado;Longo da via;0;1;0;1;0;0;0;0;0;0;0;0;0;(-38.57541040372993 -3.787154299028893);
AFT3923;2021-10-27 09:35:00;Rua Raimundo Neri;;;ANTONIO BEZERRA;AFT3923;Queda;Não informado;Não informado;Não informado;Meio de quadra;Não informado;Longo da via;0;1;0;1;0;0;0;0;0;0;0;0;0;(-38.58615906526479 -3.794740970613519);
EFT9231;2021-10-26 10:06:00;Avenida I;;;PREFEITO JOSE VALTER;EFT9231;Queda;Não informado;Não informado;Não informado;Meio de quadra;Não informado;Longo da via;0;2;0;1;0;0;0;0;0;0;0;0;0;(-38.5528632 -3.831865);
YZF7211;2021-10-27 09:52:00;Rua Alberto de Oliveira;;;BARRA DO CEARA;YZF7211;Colisão;Não informado;Não informado;Não informado;Meio de quadra;Não informado;Longo da via;0;1;0;2;0;0;0;0;0;0;0;0;0;(-38.57592538809536 -3.709044145764461);
IBN7720;2021-10-27 10:12:00;Rua Santa Rosa;;;PIRAMBU;IBN7720;Colisão;Não informado;Não informado;Não informado;Meio de quadra;Não informado;Longo da via;0;1;0;2;0;0;0;0;0;0;0;0;0;(-38.55340556566331 -3.713412331334148);
NTC1976;2021-10-26 10:01:00;RUA PRO GLAUCO LOBO;;;MONDUBIM;NTC1976;Colisão;Não informado;Não informado;Não informado;Meio de quadra;Não informado;Longo da via;0;1;0;1;1;0;0;0;0;0;0;0;0;(-38.5841481 -3.8043419);
XFX4043;2021-10-27 11:17:00;Rua Eduardo Perdigão;;;PARANGABA;XFX4043;Colisão;Não informado;Não informado;Não informado;Meio de quadra;Não informado;Longo da via;0;1;0;0;1;0;0;0;0;1;0;0;0;(-38.56295422717595 -3.777439087229302);
GAB6367;2021-10-26 09:55:00;Rua Coronel Alexandrino;;;MONTESE;GAB6367;Queda;Não informado;Não informado;Não informado;Meio de quadra;Não informado;Longo da via;0;1;0;1;0;0;0;0;0;0;0;0;0;(-38.5500681 -3.7671117);
AZG7564;2021-10-27 12:01:00;Rua Zacarias Gondim;RUA ELCIAS LOPES;;MONTESE;AZG7564;Colisão;Não informado;Não informado;Não informado;Cruz;Não informado;Longo da via;0;1;0;1;1;0;0;0;0;0;0;0;0;(-38.55912939266374 -3.769945185626528);
ASN7572;2021-10-26 09:53:00;Avenida Carneiro de Mendonça;;;DEMOCRITO ROCHA;ASN7572;Queda;Não informado;Não informado;Não informado;Meio de quadra;Não informado;Longo da via;0;1;0;1;0;0;0;0;0;0;0;0;0;(-38.56415585681462 -3.765438107980235);
YQG8144;2021-10-27 13:11:00;Avenida General Osório de Paiva;AV PERIMETRAL;;SIQUEIRA;YQG8144;Colisão;Não informado;Não informado;Não informado;Não informado;Não informado;Longo da via;0;1;0;1;1;0;0;0;0;0;0;0;0;(-38.58790949187485 -3.790344504589013);
XKP8854;2021-10-27 13:48:00;Rua Verde 35;;;JANGURUSSU;XKP8854;Colisão;Não informado;Não informado;Não informado;Meio de quadra;Não informado;Longo da via;0;1;0;1;1;0;0;0;0;0;0;0;0;(-38.51301685199559 -3.849093558597553);
YTA5337;2021-10-26 09:52:00;Avenida L;;;VILA VELHA;YTA5337;Atropelamento;Não informado;Não informado;Não informado;Meio de quadra;Não informado;Longo da via;0;1;0;1;0;0;0;0;0;0;0;0;0;(-38.6000262 -3.7134732);
QUZ8062;2021-10-27 14:42:00;Avenida Humberto Monte;;;PICI;QUZ8062;Queda;Não informado;Não informado;Não informado;Meio de quadra;Não informado;Longo da via;0;1;0;1;0;0;0;0;0;0;0;0;0;(-38.56278792622919 -3.746322915162392);
VLY9186;2021-10-26 09:30:00;RUA FRANCISCO HOLANDA;AV DES MOREIRA;;DIONISIO TORRES;VLY9186;Colisão;Não informado;Não informado;Não informado;Cruz;Não informado;Cruzamento;0;2;0;1;1;0;0;0;0;0;0;0;0;(-38.505509 -3.748394);
PWY5043;2021-10-27 15:02:00;Avenida Sargento Hermínio Sampaio;;;MONTE CASTELO;PWY5043;Colisão;Não informado;Não informado;Não informado;Meio de quadra;Não informado;Longo da via;0;1;0;1;1;0;0;0;0;0;0;0;0;(-38.56218174886847 -3.726677350515433);
ONW1960;2021-10-27 15:43:00;Avenida Washington Soares;;;CAMBEBA;ONW1960;Colisão;Não informado;Não informado;Não informado;Meio de quadra;Não informado;Longo da via;0;1;0;2;0;0;0;0;0;0;0;0;0;(-38.47951069932734 -3.79971165085882);
FZV4633;2021-10-26 09:24:00;Avenida Bernardo Manuel;;;ITAPERI;FZV4633;Colisão;Não informado;Não informado;Não informado;Meio de quadra;Não informado;Longo da via;0;1;0;1;1;0;0;0;0;0;0;0;0;(-38.5472213 -3.7854216);
NTO7938;2021-10-26 09:22:00;Avenida Senador Carlos Jereissati;;;AEROPORTO;NTO7938;Queda;Não informado;Não informado;Não informado;Meio de quadra;Não informado;Longo da via;0;1;0;1;0;0;0;0;0;0;0;0;0;(-38.5357467 -3.7820759);
VBG0714;2021-10-27 15:43:00;Avenida C;;;CONJUNTO CEARA I;VBG0714;Colisão;Não informado;Não informado;Não informado;Meio de quadra;Não informado;Longo da via;0;1;0;2;0;0;0;0;0;0;0;0;0;(-38.6109974 -3.7662107);
SEF8891;2021-10-26 09:19:00;AV DES MOREIRA;;;MEIRELES;SEF8891;Colisão;Não informado;Não informado;Não informado;Meio de quadra;Não informado;Longo da via;0;1;0;1;1;0;0;0;0;0;0;0;0;(-38.4969283 -3.7318246);
CAZ9960;2021-10-27 18:02:00;Rua Marechal Bittencourt;;;DIAS MACEDO;CAZ9960;Queda;Não informado;Não informado;Não informado;Meio de quadra;Não informado;Longo da via;0;1;0;1;0;0;0;0;0;0;0;0;0;(-38.52960900986353 -3.790489027045572);
XRO0264;2021-10-26 08:50:00;Avenida A;AV F CJ ESPERANCA;;CONJUNTO ESPERANCA;XRO0264;Queda;Não informado;Não informado;Não informado;Meio de quadra;Não informado;Cruzamento;0;1;0;1;0;0;0;0;0;0;0;0;0;(-38.5888593 -3.817864699999999);
ZTA7814;2021-10-26 08:49:00;Rua Manuel Castelo Branco;;;MESSEJANA;ZTA7814;Queda;Não informado;Não informado;Não informado;Meio de quadra;Não informado;Longo da via;0;1;0;1;0;0;0;0;0;0;0;0;0;(-38.48234350000001 -3.833795);
CFK6150;2021-10-26 08:40:00;Avenida Bernardo Manuel;;;PREFEITO JOSE VALTER;CFK6150;Queda;Não informado;Não informado;Não informado;Meio de quadra;Não informado;Longo da via;0;1;0;1;0;0;0;0;0;0;0;0;0;(-38.5608095 -3.8302157);
LRV1293;2021-10-26 03:51:00;Rua 15 de Novembro;;;MONTESE;LRV1293;Colisão;Não informado;Não informado;Não informado;Meio de quadra;Não informado;Longo da via;0;2;0;0;0;0;0;0;0;0;1;0;0;(-38.5503695 -3.7709358);
HWT1325;2021-10-27 18:33:00;Rua Carvalho Lima;;;ALDEOTA;HWT1325;Atropelamento;Não informado;Não informado;Não informado;Meio de quadra;Não informado;Longo da via;0;1;0;0;1;0;0;0;0;0;0;0;0;(-38.5032536198608 -3.733604201979673);
HLP1531;2021-10-26 01:51:00;Rua Descartes Braga;;;BOM JARDIM;HLP1531;Colisão;Não informado;Não informado;Não informado;Meio de quadra;Não informado;Longo da via;0;2;0;2;0;0;0;0;0;0;0;0;0;(-38.6090373 -3.7956293);
NUI8172;2021-10-27 20:01:00;Avenida Barão de Studart;;;DIONISIO TORRES;NUI8172;Colisão;Não informado;Não informado;Não informado;Meio de quadra;Não informado;Longo da via;0;2;0;1;1;0;0;0;0;0;0;0;0;(-38.51045800958237 -3.746670857162002);
MRN5248;2021-10-26 00:02:00;AV PARSIFAL BARROSO;;;PRESIDENTE KENNEDY;MRN5248;Colisão;Não informado;Não informado;Não informado;Meio de quadra;Não informado;Longo da via;0;1;0;0;0;0;0;0;0;0;1;0;0;(-38.5689697 -3.7344272);
KKD2362;2021-10-27 20:43:00;Avenida Radialista Jose Lima Verde;;;BARRA DO CEARA;KKD2362;Colisão;Não informado;Não informado;Não informado;Meio de quadra;Não informado;Longo da via;0;1;0;1;1;0;0;0;0;0;0;0;0;(-38.59006063664118 -3.701913678830893);
ZEF7291;2021-10-25 23:32:00;Rua 27;RUA 28 CJ DOS BANCARIOS;;VILA VELHA;ZEF7291;Colisão;Não informado;Não informado;Não informado;Cruz;Não informado;Cruzamento;0;2;0;2;0;0;0;0;0;0;0;0;0;(-38.5980524 -3.7200311);
XHX5020;2021-10-25 22:48:00;RUA BARBOSA DE FREITAS;;;MEIRELES;XHX5020;Atropelamento;Não informado;Não informado;Não informado;Meio de quadra;Não informado;Longo da via;0;1;0;0;1;0;0;0;0;0;0;0;0;(-38.4972288 -3.7349146);
HAY6446;2021-10-25 22:15:00;Rua Dois;;;MONDUBIM;HAY6446;Queda;Não informado;Não informado;Não informado;Meio de quadra;Não informado;Longo da via;0;1;0;0;0;0;0;0;0;1;0;0;0;(-38.5809645 -3.8150724);
IXC2139;2021-10-27 20:55:00;Avenida Washington Soares;;;MESSEJANA;IXC2139;Colisão;Não informado;Não informado;Não informado;Meio de quadra;Não informado;Longo da via;0;1;0;2;0;0;0;0;0;0;0;0;0;(-38.48178967073528 -3.826675165470557);
FHZ8006;2021-10-25 21:59:00;Avenida Pontes Vieira;RUA CAP GUSTAVO;;JOAQUIM TVORA;FHZ8006;Queda;Não informado;Não informado;Não informado;Cruz;Não informado;Cruzamento;0;1;0;1;0;0;0;0;0;0;0;0;0;(-38.5170975240915 -3.753085594776288);
RVA9117;2021-10-25 21:14:00;Avenida Senador Fernandes Távora;;;GENIBAU;RVA9117;Atropelamento;Não informado;Não informado;Não informado;Meio de quadra;Não informado;Longo da via;0;1;0;1;0;0;0;0;0;0;0;0;0;(-38.5924786 -3.7567969);
IDD1985;2021-10-25 21:02:00;Avenida Humberto Monte;;;BELA VISTA;IDD1985;Queda;Não informado;Não informado;Não informado;Meio de quadra;Não informado;Longo da via;0;1;0;1;0;0;0;0;0;0;0;0;0;(-38.5612898 -3.7478731);
ATV1641;2021-10-27 20:59:00;Avenida Major Assis;;;JARDIM GUANABARA;ATV1641;Colisão;Não informado;Não informado;Não informado;Meio de quadra;Não informado;Longo da via;0;1;0;1;1;0;0;0;0;0;0;0;0;(-38.594646 -3.72202);
HFI8224;2021-10-27 21:02:00;Rua Três Marias;;;MONTESE;HFI8224;Colisão;Não informado;Não informado;Não informado;Meio de quadra;Não informado;Longo da via;0;1;0;2;0;0;0;0;0;0;0;0;0;(-38.55138316481847 -3.768628393384172);
FNW0692;2021-10-21 19:45:00;Avenida Oliveira Paiva;;;CIDADE DOS FUNCIONRAIOS;FNW0692;Colisão;Não informado;Não informado;Não informado;Meio de quadra;Não informado;Longo da via;0;1;0;1;1;0;0;0;0;0;0;0;0;(-38.4829184 -3.7956559);
PFI5028;2021-10-25 19:42:00;Rua Costa Barros;;;MEIRELES;PFI5028;Colisão;Não informado;Não informado;Não informado;Meio de quadra;Não informado;Longo da via;0;1;0;0;0;0;0;0;0;0;1;0;0;(-38.505106 -3.732657);
VBR8085;2021-10-25 18:59:00;Rua Minas Gerais;RUA MARIO DE ANDRADE;;BELA VISTA;VBR8085;Colisão;Não informado;Não informado;Não informado;Cruz;Não informado;Cruzamento;0;1;0;1;1;0;0;0;0;0;0;0;0;(-38.5614005 -3.751316499999999);
DMZ6595;2021-10-25 17:29:00;Rua Professor Heribaldo Costa;;;JOAO XXIII;DMZ6595;Colisão;Não informado;Não informado;Não informado;Meio de quadra;Não informado;Longo da via;0;1;0;1;1;0;0;0;0;0;0;0;0;(-38.5889883 -3.7696777);
PHV1412;2021-10-27 22:31:00;Rua Afrânio Peixoto;;;PARANGABA;PHV1412;Colisão;Não informado;Não informado;Não informado;Meio de quadra;Não informado;Longo da via;0;1;0;2;0;0;0;0;0;0;0;0;0;(-38.57230976752832 -3.78091302395556);
CLY5211;2021-10-25 17:29:00;RUA 5;;;JANGURUSSU;CLY5211;Colisão;Não informado;Não informado;Não informado;Meio de quadra;Não informado;Longo da via;0;1;0;1;1;0;0;0;0;0;0;0;0;(-38.5150619 -3.8476311);
PFX6240;2021-10-27 22:56:00;Rua Cuiabá;;;JOQUEI CLUBE;PFX6240;Colisão;Não informado;Não informado;Não informado;Meio de quadra;Não informado;Longo da via;0;2;0;2;0;0;0;0;0;0;0;0;0;(-38.58356968214575 -3.766551497503503);
RTR2376;2021-10-25 16:51:00;Rua Manaus;;;ANTONIO BEZERRA;RTR2376;Colisão;Não informado;Não informado;Não informado;Meio de quadra;Não informado;Longo da via;0;1;0;1;1;0;0;0;0;0;0;0;0;(-38.591171 -3.7536839);
HVW5829;2021-10-27 23:40:00;Rua Cônego de Castro;;;PARQUE SAO JOSE;HVW5829;Colisão;Não informado;Não informado;Não informado;Meio de quadra;Não informado;Longo da via;0;1;0;1;1;0;0;0;0;0;0;0;0;(-38.5898406809581 -3.802607416650445);
AFM3929;2021-10-28 00:09:00;Avenida Pontes Vieira;;;JOSE BONIFACIO;AFM3929;Colisão;Não informado;Não informado;Não informado;Meio de quadra;Não informado;Longo da via;0;1;0;0;2;0;0;0;0;0;0;0;0;(-38.51930931270248 -3.753420904558932);
UTX6124;2021-10-25 13:23:00;Avenida Doutor Silas Munguba;;;PARANGABA;UTX6124;Colisão;Não informado;Não informado;Não informado;Meio de quadra;Não informado;Longo da via;0;1;0;1;1;0;0;0;0;0;0;0;0;(-38.5582749 -3.781120199999999);
LIT9282;2021-10-28 10:01:00;Rua Coronel João de Oliveira;;;MESSEJANA;LIT9282;Colisão;Não informado;Não informado;Não informado;Meio de quadra;Não informado;Longo da via;0;1;0;0;0;0;0;0;0;0;0;0;0;(-38.48758951241105 -3.822898914337196);
HCC5469;2021-10-28 10:15:00;Rua Margarida Queiroz;;;CIDADE DOS FUNCIONRAIOS;HCC5469;Colisão;Não informado;Não informado;Não informado;Meio de quadra;Não informado;Longo da via;0;1;0;2;0;0;0;0;0;0;0;0;0;(-38.50428358413469 -3.794342950307844);
AJA7432;2021-10-28 12:06:00;Rua Doutor Gilberto Studart;;;COCO;AJA7432;Queda;Não informado;Não informado;Não informado;Meio de quadra;Não informado;Longo da via;0;1;0;1;0;0;0;0;0;0;0;0;0;(-38.4769733333525 -3.744915086890111);
USO8710;2021-10-28 14:58:00;Avenida Augusto dos Anjos;;;PARANGABA;USO8710;Atropelamento;Não informado;Não informado;Não informado;Meio de quadra;Não informado;Longo da via;0;2;0;1;0;0;0;0;0;0;0;0;0;(-38.57732012927658 -3.778108182441635);
VQP4493;2021-10-28 15:17:00;Rua Chico França;;;MESSEJANA;VQP4493;Colisão;Não informado;Não informado;Não informado;Meio de quadra;Não informado;Longo da via;0;1;0;1;1;0;0;0;0;0;0;0;0;(-38.49673048284501 -3.834856274928502);
YLU0070;2021-10-28 15:48:00;Rua Barão do Rio Branco;;;CENTRO;YLU0070;Colisão;Não informado;Não informado;Não informado;Meio de quadra;Não informado;Longo da via;0;1;0;1;1;0;0;0;0;0;0;0;0;(-38.52726474135657 -3.72334237861293);
QII9054;2021-10-28 15:55:00;Avenida Val Paraíso;;;JANGURUSSU;QII9054;Atropelamento;Não informado;Não informado;Não informado;Meio de quadra;Não informado;Longo da via;0;1;0;0;0;0;1;0;0;0;0;0;0;(-38.5150619 -3.8476311);
EWV5885;2021-10-28 16:53:00;Avenida João Pessoa;;;DAMAS;EWV5885;Colisão;Não informado;Não informado;Não informado;Meio de quadra;Não informado;Longo da via;0;1;0;1;0;0;1;0;0;0;0;0;0;(-38.5532392663586 -3.756675468649659);
CXF5654;2021-10-28 17:42:00;Rua Frederico Severo;;;MESSEJANA;CXF5654;Queda;Não informado;Não informado;Não informado;Meio de quadra;Não informado;Longo da via;0;1;0;0;0;0;0;0;0;1;0;0;0;(-38.4923423903041 -3.816695365651504);
MGW1058;2021-10-25 12:50:00;AV JOSE BASTOS;;;PAN AMERICANO;MGW1058;Atropelamento;Não informado;Não informado;Não informado;Meio de quadra;Não informado;Longo da via;0;1;0;1;0;0;0;0;0;0;0;0;0;(-38.5561623 -3.7548351);
JJH7772;2021-10-28 17:45:00;Rua Engenheiro João Nogueira;;;CARLITO PAMPLONA;JJH7772;Atropelamento;Não informado;Não informado;Não informado;Meio de quadra;Não informado;Longo da via;0;1;0;1;0;0;0;0;0;0;0;0;0;(-38.55957463771816 -3.712882368795284);
TIW2424;2021-10-28 18:49:00;Avenida Godofredo Maciel;AV PRS COSTA E SILVA;;MONDUBIM;TIW2424;Queda;Não informado;Não informado;Não informado;Cruz;Não informado;Longo da via;0;2;0;1;0;0;0;0;0;0;0;0;0;(-38.574716 -3.8118337);
EFG5890;2021-10-28 19:28:00;Rua Pedro de Queirós;RUA CESAR FONTENELE;;AMADEU FURTADO;EFG5890;Colisão;Não informado;Não informado;Não informado;Cruz;Não informado;Longo da via;0;3;0;2;0;0;0;0;0;0;0;0;0;(-38.55852321413011 -3.746065973289257);
TAU4183;2021-10-28 20:01:00;Avenida Jovita Feitosa;RUA JOSE SOMBRA;;PARQUE ARAXA;TAU4183;Colisão;Não informado;Não informado;Não informado;Cruz;Não informado;Longo da via;0;1;0;2;0;0;0;0;0;0;0;0;0;(-38.5463084 -3.737707099999999);
BJK4261;2021-10-28 20:04:00;Rua Capitão Aragão;;;AEROLANDIA;BJK4261;Colisão;Não informado;Não informado;Não informado;Meio de quadra;Não informado;Longo da via;0;1;0;1;1;0;0;0;0;0;0;0;0;(-38.5165037223075 -3.765470225005665);
PPB2532;2021-10-28 20:30:00;Rua Cônego de Castro;;;CANINDEZINHO;PPB2532;Colisão;Não informado;Não informado;Não informado;Meio de quadra;Não informado;Longo da via;0;1;0;1;1;0;0;0;0;0;0;0;0;(-38.60383641757177 -3.821228938429796);
NSO3477;2021-10-28 20:42:00;Rua José Dantas Pereira;;;CANINDEZINHO;NSO3477;Atropelamento;Não informado;Não informado;Não informado;Cruz;Não informado;Longo da via;0;1;0;0;1;0;0;0;0;0;0;0;0;(-38.607706 -3.8224972);
VQV9986;2021-10-28 20:45:00;Rua Esperanto;RUA ALM RUFINO;;VILA UNIAO;VQV9986;Colisão;Não informado;Não informado;Não informado;Cruz;Não informado;Longo da via;0;1;0;0;1;0;0;0;0;1;0;0;0;(-38.5399569623907 -3.766016214256608);
USC5432;2021-10-28 21:09:00;Avenida General Osório de Paiva;;;CANINDEZINHO;USC5432;Atropelamento de Animal;Não informado;Não informado;Não informado;Meio de quadra;Não informado;Longo da via;0;2;0;1;0;0;0;0;0;0;0;0;0;(-38.60636845196956 -3.809067990285577);
CKL5588;2021-10-28 21:30:00;Rua Olavo Bilac;;;ALVARO WEYNE;CKL5588;Colisão;Não informado;Não informado;Não informado;Meio de quadra;Não informado;Longo da via;0;2;0;0;0;0;0;0;0;0;0;0;0;(-38.56646792239293 -3.722801715846161);
WAU5434;2021-10-28 23:00:00;Avenida Crisanto Arruda;;;PASSARE;WAU5434;Queda;Não informado;Não informado;Não informado;Meio de quadra;Não informado;Longo da via;0;1;0;1;0;0;0;0;0;0;0;0;0;(-38.52380469407314 -3.814854096672692);
JHR0572;2021-10-28 23:56:00;Avenida Maciel Bezerra;;;SIQUEIRA;JHR0572;Colisão;Não informado;Não informado;Não informado;Meio de quadra;Não informado;Longo da via;0;1;0;2;0;0;0;0;0;0;0;0;0;(-38.62955882993943 -3.805770802173761);
JFK5562;2021-10-29 00:20:00;Rua Adahil Barreto;;;SIQUEIRA;JFK5562;Colisão;Não informado;Não informado;Não informado;Meio de quadra;Não informado;Longo da via;0;1;0;2;0;0;0;0;0;0;0;0;0;(-38.63270238453477 -3.80510708096244);
VMJ0935;2021-10-29 00:34:00;Rua Engenheiro João Nogueira;;;ALVARO WEYNE;VMJ0935;Atropelamento;Não informado;Não informado;Não informado;Meio de quadra;Não informado;Longo da via;0;1;0;1;0;0;0;0;0;0;0;0;0;(-38.56051341274999 -3.712662889266845);
UPG7134;2021-10-29 03:54:00;Avenida Aguanambi;;;FATIMA;UPG7134;Queda;Não informado;Não informado;Não informado;Meio de quadra;Não informado;Longo da via;0;1;0;1;0;0;0;0;0;0;0;0;0;(-38.52367427619985 -3.758128024728492);
QPS2257;2021-10-29 07:27:00;Avenida Doutor Silas Munguba;;;SERRINHA;QPS2257;Queda;Não informado;Não informado;Não informado;Meio de quadra;Não informado;Longo da via;0;1;0;1;0;0;0;0;0;0;0;0;0;(-38.5601841 -3.7797359);
XWH9883;2021-10-29 09:02:00;Avenida Jornalista Tomaz Coelho;;;MESSEJANA;XWH9883;Queda;Não informado;Não informado;Não informado;Meio de quadra;Não informado;Longo da via;0;1;0;1;0;0;0;0;0;0;0;0;0;(-38.50718036752497 -3.830499404602042);
ANY6410;2021-10-29 09:23:00;Rua Nelson Coelho;;;LAGOA REDONDA;ANY6410;Colisão;Não informado;Não informado;Não informado;Meio de quadra;Não informado;Longo da via;0;1;0;1;1;0;0;0;0;0;0;0;0;(-38.46305803485988 -3.829867817135844);
POO3715;2021-10-29 10:12:00;Avenida Washington Soares;RUA CEL JOAO OLIVEIRA;;MESSEJANA;POO3715;Colisão;Não informado;Não informado;Não informado;T;Não informado;Longo da via;0;1;0;0;1;0;0;0;0;1;0;0;0;(-38.48127559332831 -3.823862360496683);
EZM5600;2021-10-29 10:30:00;Avenida Presidente Costa e Silva;;;MONDUBIM;EZM5600;Colisão;Não informado;Não informado;Não informado;Meio de quadra;Não informado;Longo da via;0;1;0;1;1;0;0;0;0;0;0;0;0;(-38.56859223029068 -3.815983480147996);
RVG0908;2021-10-29 12:48:00;Avenida Barão de Studart;AV ANTONIO SALES;;JOAQUIM TVORA;RVG0908;Colisão;Não informado;Não informado;Não informado;Cruz;Não informado;Longo da via;0;2;0;1;1;0;0;0;0;0;0;0;0;(-38.5094276 -3.7432939);
TGI4981;2021-10-29 15:46:00;Rua João Cordeiro;RUA PINTO MADEIRA;;CENTRO;TGI4981;Colisão;Não informado;Não informado;Não informado;Cruz;Não informado;Longo da via;0;1;0;1;1;0;0;0;0;0;0;0;0;(-38.5154630308396 -3.733058192486828);
TAZ8284;2021-10-29 16:21:00;Rua Cristiane Otoni;;;MONDUBIM;TAZ8284;Colisão;Não informado;Não informado;Não informado;Meio de quadra;Não informado;Longo da via;0;1;0;1;1;0;0;0;0;0;0;0;0;(-38.55888262145869 -3.81221529442612);
QMI1721;2021-10-29 18:32:00;Rua Coronel Jaime Rolemberg;RUA PAULO CANDIDO;;JARDIM CEARENSE;QMI1721;Colisão;Não informado;Não informado;Não informado;Cruz;Não informado;Longo da via;0;1;0;1;1;0;0;0;0;0;0;0;0;(-38.56446162723487 -3.804186434564687);
FCR9717;2021-10-29 20:07:00;Avenida Mister Hull;;;ANTONIO BEZERRA;FCR9717;Colisão;Não informado;Não informado;Não informado;Meio de quadra;Não informado;Longo da via;0;1;0;1;1;0;0;0;0;0;0;0;0;(-38.59275892718125 -3.739690578915382);
VVX9284;2021-10-29 20:54:00;Avenida Waldir Diogo;;;MONDUBIM;VVX9284;Queda;Não informado;Não informado;Não informado;Meio de quadra;Não informado;Longo da via;0;1;0;0;0;0;0;0;0;1;0;0;0;(-38.5878504900793 -3.802607416650445);
INI3741;2021-10-29 22:06:00;Rua Coronel Fabriciano;;;GRANJA LISBOA;INI3741;Queda;Não informado;Não informado;Não informado;Meio de quadra;Não informado;Longo da via;0;1;0;0;0;0;0;0;0;1;0;0;0;(-38.61354604470088 -3.781196719252343);
FTY5480;2021-10-29 22:22:00;Avenida Sargento Hermínio Sampaio;;;PRESIDENTE KENNEDY;FTY5480;Queda;Não informado;Não informado;Não informado;Meio de quadra;Não informado;Longo da via;0;1;0;1;0;0;0;0;0;0;0;0;0;(-38.57657984639124 -3.730467319286253);
GHM1100;2021-10-29 23:20:00;Rua Adalberto Malveira;;;SIQUEIRA;GHM1100;Colisão;Não informado;Não informado;Não informado;Meio de quadra;Não informado;Longo da via;0;1;0;2;0;0;0;0;0;0;0;0;0;(-38.62510100535945 -3.818376055401212);
QEK9221;2021-10-30 00:47:00;Avenida Bezerra de Menezes;;;FARIAS BRITO;QEK9221;Colisão;Não informado;Não informado;Não informado;Meio de quadra;Não informado;Longo da via;0;2;0;2;0;0;0;0;0;0;0;0;0;(-38.5574664362109 -3.734085974779622);
IMN6980;2021-10-30 05:30:00;Rua Conselheiro da Silva;;;BARROSO;IMN6980;Queda;Não informado;Não informado;Não informado;Meio de quadra;Não informado;Longo da via;0;1;0;1;0;0;0;0;0;0;0;0;0;(-38.51045802295334 -3.815458932557381);
GTO3014;2021-10-30 06:16:00;Rua Tenente Benévolo;;;MEIRELES;GTO3014;Colisão;Não informado;Não informado;Não informado;Não informado;Não informado;Longo da via;0;1;0;1;1;0;0;0;0;0;0;0;0;(-38.51142362218653 -3.727271541614374);
ANA2449;2021-10-30 10:07:00;Avenida Frei Cirilo;;;MESSEJANA;ANA2449;Colisão;Não informado;Não informado;Não informado;Meio de quadra;Não informado;Longo da via;0;1;0;1;1;0;0;0;0;0;0;0;0;(-38.49596873759597 -3.820570581649681);
LPU9318;2021-10-30 10:22:00;Avenida Presidente Castelo Branco;;;MOURA BRASIL;LPU9318;Queda;Não informado;Não informado;Não informado;Meio de quadra;Não informado;Longo da via;0;1;0;1;0;0;0;0;0;0;0;0;0;(-38.53586250529261 -3.718163327561941);
MNJ2613;2021-10-30 10:39:00;Rua General Piragibe;;;PARQUELANDIA;MNJ2613;Queda;Não informado;Não informado;Não informado;Meio de quadra;Não informado;Longo da via;0;1;0;1;0;0;0;0;0;0;0;0;0;(-38.55844274246436 -3.735520585551292);
LRM9073;2021-10-30 11:06:00;Rua Barão do Rio Branco;;;CENTRO;LRM9073;Colisão;Não informado;Não informado;Não informado;Meio de quadra;Não informado;Longo da via;0;1;0;1;1;0;0;0;0;0;0;0;0;(-38.53015616478583 -3.732426534022532);
TSF8840;2021-10-30 13:36:00;Avenida Antônio Sales;;;ALDEOTA;TSF8840;Colisão;Não informado;Não informado;Não informado;Não informado;Não informado;Longo da via;0;1;0;1;1;0;0;0;0;0;0;0;0;(-38.5068247 -3.7440876);
HGD6619;2021-10-25 10:46:00;RUA ANTONIO GADELHA;RUA JOAO IVO;;MESSEJANA;HGD6619;Colisão;Não informado;Não informado;Não informado;T;Não informado;Cruzamento;0;2;0;0;0;0;0;0;0;0;1;0;0;(-38.4975627 -3.8355427);