COD_ACIDENTE;DATA;LOG1;LOG2;NUMERO;BAIRRO;AMC;NATUREZA;ILUMINACAO;TEMPO;SUPERFICIEPISTA;TIPOCRUZAMENTO;CONTROLETRAFEGO;USOSOLO;MORTOS;FERIDOS;ILESOS;MOTOCICLETA;AUTOMOVEL;MICROONIBUS;CAMINHAO;ONIBUS;CICLOMOTOR;BICICLETA;OUTROS;TREM;TRACAOANIMAL;COORDENADAS
MZL5644;2021-10-30 15:59:00;Rua Nossa Senhora das Graças;;;PIRAMBU;MZL5644;Colisão;Não informado;Não informado;Não informado;Cruz;Não informado;Longo da via;0;1;0;1;1;0;0;0;0;0;0;0;0;(-38.55805114112107 -3.708792546182933);
RWS0664;2021-10-25 10:35:00;RUA 44;AV B CJ HAB ST SAO JOAO;;JANGURUSSU;RWS0664;Colisão;Não informado;Não informado;Não informado;Cruz;Não informado;Cruzamento;0;1;0;1;1;0;0;0;0;0;0;0;0;(-38.5125111 -3.8531651);
FCT3736;2021-10-30 16:39:00;Rua Napoleão Quezado;;;PARANGABA;FCT3736;Colisão;Não informado;Não informado;Não informado;Meio de quadra;Não informado;Longo da via;0;1;0;1;1;0;0;0;0;0;0;0;0;(-38.56545940922297 -3.778825451936215);
BHP9831;2021-10-25 10:08:00;Avenida Ministro José Américo;;;CAMBEBA;BHP9831;Queda;Não informado;Não informado;Não informado;Meio de quadra;Não informado;Longo da via;0;1;0;1;0;0;0;0;0;0;0;0;0;(-38.4863826 -3.8091057);
ULO6250;2021-10-25 09:42:00;RUA MURILO SILVEIRA;RUA OLIVEIRA FILHO;;VICENTE PINZON;ULO6250;Colisão;Não informado;Não informado;Não informado;Meio de quadra;Não informado;Cruzamento;0;2;0;0;0;0;0;0;0;0;1;0;0;(-38.4632388 -3.7284281);
HCU3694;2021-10-30 16:56:00;Avenida Bezerra de Menezes;AV OLAVO BILAC;;PRESIDENTE KENNEDY;HCU3694;Atropelamento;Não informado;Não informado;Não informado;Cruz;Não informado;Longo da via;0;1;0;0;1;0;0;0;0;0;0;0;0;(-38.5640725 -3.7356512);
WLI9408;2021-10-30 16:57:00;Rua Coronel Matos Dourado;;;PICI;WLI9408;Colisão;Não informado;Não informado;Não informado;Meio de quadra;Não informado;Longo da via;0;3;0;0;2;0;0;0;0;0;0;0;0;(-38.58424559529882 -3.750412563148958);
XFQ7432;2021-10-25 01:02:00;Rua Azevedo Bolão;;;PARQUELANDIA;XFQ7432;Colisão;Não informado;Não informado;Não informado;Meio de quadra;Não informado;Longo da via;0;1;0;1;1;0;0;0;0;0;0;0;0;(-38.5614777 -3.737666699999999);
JOK9029;2021-10-24 22:50:00;Rua Urucutuba;;;GRANJA LISBOA;JOK9029;Queda;Não informado;Não informado;Não informado;Meio de quadra;Não informado;Longo da via;0;1;0;1;0;0;0;0;0;0;0;0;0;(-38.6199536 -3.7993354);
JRV6803;2021-10-24 22:45:00;RUA GOIAS;RUA SERGIPE;;DEMOCRITO ROCHA;JRV6803;Queda;Não informado;Não informado;Não informado;T;Não informado;Cruzamento;0;1;0;1;0;0;0;0;0;0;0;0;0;(-38.5650216 -3.7570084);
HPD8715;2021-10-30 18:03:00;Avenida Dioguinho;;;VICENTE PINZON;HPD8715;Colisão;Não informado;Não informado;Não informado;Não informado;Não informado;Longo da via;0;2;0;0;1;0;1;0;0;0;0;0;0;(-38.45283882414302 -3.742500897016311);
UZD1416;2021-10-24 20:36:00;Avenida Augusto dos Anjos;;;BONSUCESSO;UZD1416;Colisão;Não informado;Não informado;Não informado;Meio de quadra;Não informado;Longo da via;0;1;0;0;2;0;0;0;0;0;0;0;0;(-38.5805386 -3.7817585);
OBB4009;2021-10-24 20:35:00;Rodovia Estrada do Guarani (BR116);;;SAO BENTO;OBB4009;Queda;Não informado;Não informado;Não informado;Meio de quadra;Não informado;Longo da via;0;1;0;1;0;0;0;0;0;0;0;0;0;(-38.49829883865969 -3.845102811072701);
GLW1875;2021-10-30 19:19:00;Rua Brumado;;;PARQUE SANTA ROSA;GLW1875;Colisão;Não informado;Não informado;Não informado;Não informado;Não informado;Longo da via;0;2;0;0;0;0;0;0;0;0;0;0;0;(-38.59679297540411 -3.812986061031376);
FTY9575;2021-10-30 19:26:00;Avenida Filomeno Gomes;;;JACARECANGA;FTY9575;Colisão;Não informado;Não informado;Não informado;Não informado;Não informado;Longo da via;0;1;0;1;1;0;0;0;0;0;0;0;0;(-38.5414322 -3.7200583);
YUZ3558;2021-10-30 20:34:00;Avenida Coronel Carvalho;;;BARRA DO CEARA;YUZ3558;Colisão;Não informado;Não informado;Não informado;Não informado;Não informado;Longo da via;0;1;0;1;1;0;0;0;0;0;0;0;0;(-38.59120860919774 -3.704472516668536);
WTY7984;2021-10-30 20:45:00;Avenida Mister Hull;;;PRESIDENTE KENNEDY;WTY7984;Colisão;Não informado;Não informado;Não informado;Não informado;Não informado;Longo da via;0;2;0;1;1;0;0;0;0;0;0;0;0;(-38.57028075587201 -3.736877658939076);
LCY5889;2021-10-30 20:47:00;Rua Bom Jesus;;;BOM JARDIM;LCY5889;Colisão;Não informado;Não informado;Não informado;Não informado;Não informado;Longo da via;0;1;0;2;0;0;0;0;0;0;0;0;0;(-38.60142782624822 -3.794396476898815);
SXI9858;2021-10-30 20:54:00;Rua Ana Facó;;;ALVARO WEYNE;SXI9858;Queda;Não informado;Não informado;Não informado;Não informado;Não informado;Longo da via;0;1;0;1;0;0;0;0;0;0;0;0;0;(-38.56150582492478 -3.715291286862614);
JVC0315;2021-10-30 21:52:00;Avenida Leste Oeste;;;PIRAMBU;JVC0315;Queda;Não informado;Não informado;Não informado;Não informado;Não informado;Longo da via;0;1;0;1;0;0;0;0;0;0;0;0;0;(-38.5540459 -3.712094);
NTL3560;2021-10-30 23:39:00;Avenida José Tavares;;;CONJUNTO ESPERANCA;NTL3560;Atropelamento;Não informado;Não informado;Não informado;Não informado;Não informado;Longo da via;0;1;0;1;0;0;0;0;0;0;0;0;0;(-38.59716311790239 -3.813205515285652);
BAY8801;2021-10-31 01:17:00;Avenida Dioguinho;;;PRAIA DO FUTURO II;BAY8801;Colisão;Não informado;Não informado;Não informado;Não informado;Não informado;Longo da via;0;1;0;2;0;0;0;0;0;0;0;0;0;(-38.4473673 -3.753054);
IOF7683;2021-10-31 01:40:00;Rua Professor Vicente Silveira;;;PARREAO;IOF7683;Colisão;Não informado;Não informado;Não informado;Não informado;Não informado;Longo da via;0;1;0;1;1;0;0;0;0;0;0;0;0;(-38.53673830570838 -3.760224428485348);
GTQ0850;2021-10-24 20:19:00;Rua José Dantas Pereira;;;CANINDEZINHO;GTQ0850;Atropelamento;Não informado;Não informado;Não informado;Meio de quadra;Não informado;Longo da via;0;1;0;0;1;0;0;0;0;0;0;0;0;(-38.607706 -3.8224972);
MNZ2590;2021-10-24 18:56:00;Avenida Dioguinho;;;PRAIA DO FUTURO I;MNZ2590;Queda;Não informado;Não informado;Não informado;Meio de quadra;Não informado;Longo da via;0;1;0;1;0;0;0;0;0;0;0;0;0;(-38.44978488828706 -3.748310782891734);
RGX8958;2021-10-24 17:48:00;Rua Cônego de Castro;;;CANINDEZINHO;RGX8958;Colisão;Não informado;Não informado;Não informado;Meio de quadra;Não informado;Longo da via;0;1;0;1;1;0;0;0;0;0;0;0;0;(-38.59912380000001 -3.814856299999999);
CJA3950;2021-10-24 17:33:00;Avenida Coronel Miguel Dias;;;GUARARAPES;CJA3950;Colisão;Não informado;Não informado;Não informado;Meio de quadra;Não informado;Longo da via;0;1;0;1;1;0;0;0;0;0;0;0;0;(-38.487929 -3.7640874);
JZY9623;2021-10-31 03:08:00;Avenida Contôrno Norte;;;CONJUNTO ESPERANCA;JZY9623;Colisão;Não informado;Não informado;Não informado;Não informado;Não informado;Longo da via;0;1;0;0;0;0;0;0;0;0;0;0;0;(-38.58956709704605 -3.811771032805027);
WZK1717;2021-10-31 03:23:00;Avenida Engenheiro Santana Júnior;;;PAPICU;WZK1717;Colisão;Não informado;Não informado;Não informado;Não informado;Não informado;Longo da via;0;1;0;0;0;0;0;0;0;0;0;0;0;(-38.48604993358506 -3.742083364611449);
MBW2994;2021-10-31 07:43:00;Rua Rio Grande do Sul;RUA PERNAMBUCO;;BELA VISTA;MBW2994;Colisão;Não informado;Não informado;Não informado;Não informado;Não informado;Longo da via;0;1;0;0;2;0;0;0;0;0;0;0;0;(-38.56852249004136 -3.760138782565868);
SAX5116;2021-10-31 08:54:00;Rua Leão do Norte;;;VILA PERY;SAX5116;Colisão;Não informado;Não informado;Não informado;Não informado;Não informado;Longo da via;0;1;0;0;0;0;0;0;0;0;0;0;0;(-38.57551768786809 -3.785211265383563);
LEM3351;2021-10-31 10:07:00;Avenida Desembargador Moreira;RUA PDE VALDEVINO;;CENTRO;LEM3351;Queda;Não informado;Não informado;Não informado;Não informado;Não informado;Longo da via;0;1;0;1;0;0;0;0;0;0;0;0;0;(-38.50089859812159 -3.744240613227348);
TKN5440;2021-10-31 10:13:00;Rua Benjamim Brasil;;;PARQUE DOIS IRMAOS;TKN5440;Colisão;Não informado;Não informado;Não informado;Não informado;Não informado;Longo da via;0;1;0;0;2;0;0;0;0;0;0;0;0;(-38.55808869462763 -3.808505970477532);
AAG8432;2021-10-31 11:15:00;Rua Pernambuco;;;DEMOCRITO ROCHA;AAG8432;Colisão;Não informado;Não informado;Não informado;Não informado;Não informado;Longo da via;0;1;0;0;2;0;0;0;0;0;0;0;0;(-38.56871561096706 -3.75986578614136);
IDJ8345;2021-10-31 11:41:00;Rua Simão Santos;;;PAUPINA;IDJ8345;Queda;Não informado;Não informado;Não informado;Não informado;Não informado;Longo da via;0;1;0;1;0;0;0;0;0;0;0;0;0;(-38.49258379357244 -3.859386003080625);
WQW5211;2021-10-31 13:11:00;Avenida Presidente Castelo Branco;;;CRISTO REDENTOR;WQW5211;Atropelamento de Animal;Não informado;Não informado;Não informado;Não informado;Não informado;Longo da via;0;1;0;1;0;0;0;0;0;0;0;0;0;(-38.56656983906358 -3.709049498946275);
LLF9011;2021-10-31 13:49:00;Avenida Professor José Arthur de Carvalho;;;LAGOA REDONDA;LLF9011;Colisão;Não informado;Não informado;Não informado;Não informado;Não informado;Longo da via;0;2;0;1;1;0;0;0;0;0;0;0;0;(-38.47699478914801 -3.825880241443677);
HNB5959;2021-10-31 14:14:00;Rua Major Montenegro;;;MANOEL SATIRO;HNB5959;Colisão;Não informado;Não informado;Não informado;Não informado;Não informado;Longo da via;0;1;0;0;0;0;0;0;0;0;0;0;0;(-38.58055488015133 -3.79628061078758);
DJM6046;2021-10-31 15:16:00;Avenida Central;;;CIDADE 2000;DJM6046;Atropelamento;Não informado;Não informado;Não informado;Não informado;Não informado;Longo da via;0;1;0;1;0;0;0;0;0;0;0;0;0;(-38.4717501 -3.7506005);
UOD1765;2021-10-31 17:10:00;Rua Antônio Arruda;;;JARDIM GUANABARA;UOD1765;Colisão;Não informado;Não informado;Não informado;Não informado;Não informado;Longo da via;0;1;0;2;0;0;0;0;0;0;0;0;0;(-38.5907740873495 -3.709054852128051);
XSN3808;2021-10-31 18:26:00;Rua Capitão Aragão;;;ALTO DA BALANCA;XSN3808;Colisão;Não informado;Não informado;Não informado;Não informado;Não informado;Longo da via;0;1;0;1;1;0;0;0;0;0;0;0;0;(-38.51499632154486 -3.765256111480454);
GZK5912;2021-10-31 19:03:00;Avenida Presidente Costa e Silva;;;PREFEITO JOSE VALTER;GZK5912;Colisão;Não informado;Não informado;Não informado;Não informado;Não informado;Longo da via;0;1;0;0;0;0;0;0;0;0;0;0;0;(-38.54435042615239 -3.824590296876853);
LGR8720;2021-10-31 19:05:00;Vila Lincoln;;;PIRAMBU;LGR8720;Queda;Não informado;Não informado;Não informado;Não informado;Não informado;Longo da via;0;1;0;0;0;0;0;0;0;1;0;0;0;(-38.55701045129523 -3.706876104467252);
PSM5602;2021-10-31 19:22:00;Avenida Presidente Castelo Branco;;;PIRAMBU;PSM5602;Atropelamento;Não informado;Não informado;Não informado;Não informado;Não informado;Longo da via;0;1;0;0;1;0;0;0;0;0;0;0;0;(-38.55336799456335 -3.712357759100077);
YJZ7524;2021-10-31 19:51:00;Rua Francfort;;;MANOEL SATIRO;YJZ7524;Queda;Não informado;Não informado;Não informado;Não informado;Não informado;Longo da via;0;1;0;0;0;0;0;0;0;1;0;0;0;(-38.58173504461136 -3.798036277301838);
CLB5725;2021-10-31 20:24:00;Rua Senador Alencar;;;JACARECANGA;CLB5725;Queda;Não informado;Não informado;Não informado;Não informado;Não informado;Longo da via;0;1;0;1;0;0;0;0;0;0;0;0;0;(-38.54025200327114 -3.72097630741911);
NTO0776;2021-10-31 21:22:00;Rua Cônego de Castro;;;PARQUE SAO JOSE;NTO0776;Atropelamento;Não informado;Não informado;Não informado;Não informado;Não informado;Longo da via;0;1;0;1;0;0;0;0;0;0;0;0;0;(-38.58932569495062 -3.802077508295371);
JXX2383;2021-10-31 22:05:00;Avenida Coronel Virgílio Nogueira;;;BOM JARDIM;JXX2383;Colisão;Não informado;Não informado;Não informado;Não informado;Não informado;Longo da via;0;2;0;1;1;0;0;0;0;0;0;0;0;(-38.61139491189804 -3.796992512578912);
LVM8041;2021-10-31 22:20:00;Rua Antônio Fiúza;;;MONTESE;LVM8041;Colisão;Não informado;Não informado;Não informado;Não informado;Não informado;Longo da via;0;1;0;2;0;0;0;0;0;0;0;0;0;(-38.55233803521561 -3.770550052939423);
UFT5268;2021-10-31 22:25:00;Avenida Leste Oeste;;;CENTRO;UFT5268;Colisão;Não informado;Não informado;Não informado;Não informado;Não informado;Longo da via;0;1;0;1;1;0;0;0;0;0;0;0;0;(-38.52053239649461 -3.723417321940539);
RHQ5783;2021-10-31 23:07:00;Rua José Carlos Gurgel Nogueira;;;VICENTE PINZON;RHQ5783;Choque c/ Obstáculo Fixo;Não informado;Não informado;Não informado;Não informado;Não informado;Longo da via;0;1;0;1;0;0;0;0;0;0;0;0;0;(-38.47477927699519 -3.734466039801916);
PUK9367;2021-11-01 00:04:00;Avenida Genibaú;;;GENIBAU;PUK9367;Colisão;Não informado;Não informado;Não informado;Não informado;Não informado;Longo da via;0;1;0;2;0;0;0;0;0;0;0;0;0;(-38.5986164 -3.760999);
LMC0882;2021-11-01 00:30:00;Avenida Pedro Lazar;;;CAMBEBA;LMC0882;Colisão;Não informado;Não informado;Não informado;Não informado;Não informado;Longo da via;0;1;0;1;1;0;0;0;0;0;0;0;0;(-38.4882958 -3.804624);
OWN1032;2021-11-01 01:17:00;Avenida Emília Gonçalves;;;QUINTINO CUNHA;OWN1032;Queda;Não informado;Não informado;Não informado;Não informado;Não informado;Longo da via;0;1;0;1;0;0;0;0;0;0;0;0;0;(-38.59519973691564 -3.727667668790636);
EKP0626;2021-11-01 01:51:00;Rua C Lot. Expedicionários I;;;PARQUE DOIS IRMAOS;EKP0626;Queda;Não informado;Não informado;Não informado;Não informado;Não informado;Longo da via;0;1;0;1;0;0;0;0;0;0;0;0;0;(-38.55006888732732 -3.80489832983059);
ZUL2811;2021-12-31 13:00:00;Avenida Castelo de Castro;;;JANGURUSSU;969616;Colisão Lateral;Luz do Dia;Bom;Seca;Meio de quadra;Outros;Longo da via;0;1;1;1;1;0;0;0;0;0;0;0;0;(-38.52181449521866 -3.840856302007881);
MNG5358;2021-12-31 19:15:00;Avenida Engenheiro Leal Lima Verde;;;SAPIRANGA / COITE;969603;Queda;Luz do Dia;Bom;Seca;Meio de quadra;Não há Controle;Longo da via;0;0;0;1;0;0;0;0;0;0;0;0;0;(-38.47573787656403 -3.794922960925417);
GMB6243;2021-10-24 17:23:00;Avenida Francisco Sá;;;ALVARO WEYNE;GMB6243;Colisão;Não informado;Não informado;Não informado;Meio de quadra;Não informado;Longo da via;0;1;0;1;1;0;0;0;0;0;0;0;0;(-38.5732866 -3.712164);
CQG2553;2021-10-24 16:14:00;Rua Betel;;;ITAPERI;CQG2553;Colisão;Não informado;Não informado;Não informado;Meio de quadra;Não informado;Longo da via;0;1;0;1;1;0;0;0;0;0;0;0;0;(-38.5506754 -3.7878469);
MTL0170;2021-12-31 12:50:00;Avenida Jornalista Tomaz Coelho;;;JANGURUSSU;969602;Colisão Lateral;Luz do Dia;Bom;Seca;Meio de quadra;Não há Controle;Longo da via;0;0;1;1;1;0;0;0;0;0;0;0;0;(-38.51984039149491 -3.828438714962355);
SIA7203;2021-10-24 15:27:00;Rua Rita de Cássia;;;SAPIRANGA / COITE;SIA7203;Colisão;Não informado;Não informado;Não informado;Meio de quadra;Não informado;Longo da via;0;1;0;1;1;0;0;0;0;0;0;0;0;(-38.4587961 -3.7964647);
QLA7405;2021-10-24 15:23:00;Avenida Leste Oeste;;;PIRAMBU;QLA7405;Capotamento;Não informado;Não informado;Não informado;Meio de quadra;Não informado;Longo da via;0;1;0;0;0;0;0;0;0;0;1;0;0;(-38.5523643 -3.7125347);
EDA3497;2021-10-24 15:04:00;Rua Taquatiara;RD BR 116;;MESSEJANA;EDA3497;Queda;Não informado;Não informado;Não informado;Cruz;Não informado;Cruzamento;0;1;0;0;0;0;0;0;0;1;0;0;0;(-38.5022043 -3.8300998);
PYZ0471;2021-10-24 14:40:00;Rua Siqueira Campos;;;SIQUEIRA;PYZ0471;Queda;Não informado;Não informado;Não informado;Meio de quadra;Não informado;Longo da via;0;1;0;1;0;0;0;0;0;0;0;0;0;(-38.6266027 -3.814883599999999);
QVP0379;2021-10-21 11:42:00;AV AUGUSTO DOS ANJOS;;;PARANGABA;QVP0379;Colisão;Não informado;Não informado;Não informado;Meio de quadra;Não informado;Longo da via;0;1;0;1;1;0;0;0;0;0;0;0;0;(-38.5751616 -3.7756368);
QMP0981;2021-10-24 11:29:00;Avenida João Pessoa;;;DAMAS;QMP0981;Atropelamento;Não informado;Não informado;Não informado;Meio de quadra;Não informado;Longo da via;0;1;0;0;0;0;0;0;0;0;1;0;0;(-38.5466012 -3.7490562);
OWK7563;2021-10-24 10:59:00;Avenida Dos Jangadeiros;;;MUCURIPE;OWK7563;Colisão;Não informado;Não informado;Não informado;Meio de quadra;Não informado;Longo da via;0;1;0;1;1;0;0;0;0;0;0;0;0;(-38.4793144 -3.7266493);
YKA3209;2021-10-24 08:51:00;Avenida Desembargador Gonzaga;;;CIDADE DOS FUNCIONRAIOS;YKA3209;Colisão;Não informado;Não informado;Não informado;Meio de quadra;Não informado;Longo da via;0;1;0;1;1;0;0;0;0;0;0;0;0;(-38.5022583 -3.793019);
ZBH4780;2021-10-24 07:10:00;Avenida Deputado Paulino Rocha;;;PASSARE;ZBH4780;Choque c/ Obstáculo Fixo;Não informado;Não informado;Não informado;Meio de quadra;Não informado;Longo da via;0;1;0;0;1;0;0;0;0;0;0;0;0;(-38.5195682 -3.8100305);
DEL1772;2021-12-31 13:00:00;Rua Beni Carvalho;RUA CEL JUCA;;ALDEOTA;969495;Colisão Transversal;Não informado;Bom;Seca;Cruz;Semáforo;Longo da via;0;1;0;1;1;0;0;0;0;0;0;0;0;(-38.4938873370668 -3.746371091755209);
AJP4537;2021-10-24 06:42:00;Rua Padre Cícero;;;BENFICA;AJP4537;Queda;Não informado;Não informado;Não informado;Meio de quadra;Não informado;Longo da via;0;1;0;1;0;0;0;0;0;0;0;0;0;(-38.5417856 -3.746907799999999);
WAW3578;2021-12-31 17:32:00;Rua Marechal Deodoro;RUA ADOLFO HERBSTER;;BENFICA;969360;Colisão Lateral;Luz do Dia;Bom;Seca;T;Pare;Longo da via;0;0;1;2;0;0;0;0;0;0;0;0;0;(-38.5382362 -3.7467028);
PGN6039;2021-10-24 06:21:00;Rua Antônio Ivo;;;HENRIQUE JORGE;PGN6039;Colisão;Não informado;Não informado;Não informado;Meio de quadra;Não informado;Longo da via;0;1;0;1;1;0;0;0;0;0;0;0;0;(-38.5828548 -3.7631225);
UXZ8940;2021-10-24 05:42:00;Avenida Eduardo Girão;RUA JULIO CESAR D12;;JARDIM AMERICA;UXZ8940;Colisão;Não informado;Não informado;Não informado;Cruz;Não informado;Cruzamento;0;1;0;1;1;0;0;0;0;0;0;0;0;(-38.5406 -3.747779);
NJT3472;2021-12-30 11:10:00;Rua Carlos Vasconcelos;RUA ROCHA LIMA;;ALDEOTA;969457;Atropelamento;Luz do Dia;Bom;Seca;Cruz;Pare;Longo da via;0;0;1;0;1;0;0;0;0;1;0;0;0;(-38.51293102388749 -3.739540695030199);
JYB9386;2021-10-24 02:29:00;Rua Vicente Pinheiro;RUA OSCAR ARARIPE;;BOM JARDIM;JYB9386;Colisão;Não informado;Não informado;Não informado;Cruz;Não informado;Cruzamento;0;1;0;1;1;0;0;0;0;0;0;0;0;(-38.5944523593617 -3.792407209098412);
VGB6338;2021-10-24 02:26:00;Rua Galileu;;;ITAOCA;VGB6338;Colisão;Não informado;Não informado;Não informado;Meio de quadra;Não informado;Longo da via;0;1;0;1;1;0;0;0;0;0;0;0;0;(-38.5508257 -3.7769371);
DZS7178;2021-10-24 02:02:00;Rua Monte Líbano;;;MONDUBIM;DZS7178;Colisão;Não informado;Não informado;Não informado;Meio de quadra;Não informado;Longo da via;0;1;0;1;1;0;0;0;0;0;0;0;0;(-38.5614231 -3.8238201);
VJF2092;2021-10-24 01:57:00;Rua 860;;;CONJUNTO CEARA I;VJF2092;Atropelamento;Não informado;Não informado;Não informado;Meio de quadra;Não informado;Longo da via;0;1;0;0;1;0;0;0;0;0;0;0;0;(-38.5993337 -3.7689275);
IBV4025;2021-12-30 20:30:00;Avenida Pontes Vieira;;;SAO JOAO DO TAUAPE;968587;Engavetamento;Luz do Dia;Bom;Seca;Meio de quadra;Não há Controle;Longo da via;0;0;0;0;5;0;0;0;0;0;0;0;0;(-38.51548529605451 -3.752967663392854);
IYB9525;2021-10-24 01:29:00;Avenida Frei Cirilo;;;MESSEJANA;IYB9525;Colisão;Não informado;Não informado;Não informado;Meio de quadra;Não informado;Longo da via;0;1;0;1;1;0;0;0;0;0;0;0;0;(-38.4976468 -3.8170585);
HVT5879;2021-10-24 01:06:00;RUA B;;;MONDUBIM;HVT5879;Colisão;Não informado;Não informado;Não informado;Meio de quadra;Não informado;Longo da via;0;1;0;2;0;0;0;0;0;0;0;0;0;(-38.58494420149229 -3.821079486801612);
UAI7402;2021-10-24 00:34:00;Rua Marechal Deodoro;;;BENFICA;UAI7402;Colisão;Não informado;Não informado;Não informado;Meio de quadra;Não informado;Longo da via;0;1;0;2;0;0;0;0;0;0;0;0;0;(-38.5366126 -3.7429198);
XHM0207;2021-10-23 22:56:00;Rua Joaquim Correia;;;PLANALTO AYRTON SENNA;XHM0207;Queda;Não informado;Não informado;Não informado;Meio de quadra;Não informado;Longo da via;0;1;0;1;0;0;0;0;0;0;0;0;0;(-38.5747666 -3.8326359);
NZJ6856;2021-12-29 13:00:00;Avenida Professor Gomes de Matos;;;MONTESE;969564;Colisão Traseira;Não informado;Bom;Seca;Meio de quadra;Não há Controle;Longo da via;0;0;0;1;1;0;0;0;0;0;0;0;0;(-38.54187042438101 -3.756789803058743);
IHJ8477;2021-10-23 22:09:00;Rodovia Estrada do Guarani (BR116);;;MESSEJANA;IHJ8477;Queda;Não informado;Não informado;Não informado;Meio de quadra;Não informado;Longo da via;0;1;0;1;0;0;0;0;0;0;0;0;0;(-38.5041401 -3.8259496);
NID8780;2021-10-23 21:46:00;Avenida Independência;;;QUINTINO CUNHA;NID8780;Colisão;Não informado;Não informado;Não informado;Meio de quadra;Não informado;Longo da via;0;1;0;1;1;0;0;0;0;0;0;0;0;(-38.585804 -3.7282939);
DXV6806;2021-10-23 21:30:00;AV BENJAMIM BRASIL;;;MARAPONGA;DXV6806;Atropelamento;Não informado;Não informado;Não informado;Meio de quadra;Não informado;Longo da via;0;1;0;0;1;0;0;0;0;0;0;0;0;(-38.5688328 -3.804447399999999);
RFC5081;2021-10-23 20:01:00;Rua Raimundo Neri;;;PARQUE SAO JOSE;RFC5081;Atropelamento;Não informado;Não informado;Não informado;Meio de quadra;Não informado;Longo da via;0;1;0;0;0;0;0;1;0;0;0;0;0;(-38.5864203 -3.794134);
GNW8978;2021-12-29 10:30:00;Avenida Doutor Silas Munguba;;;ITAPERI;969563;Atropelamento de Animal;Luz do Dia;Bom;Seca;Meio de quadra;Semáforo;Longo da via;0;0;0;1;0;0;0;0;0;0;0;0;0;(-38.55211626811779 -3.785330948754526);
ZLL8714;2021-10-23 19:55:00;Avenida Jornalista Tomaz Coelho;;;MESSEJANA;ZLL8714;Queda;Não informado;Não informado;Não informado;Meio de quadra;Não informado;Longo da via;0;1;0;0;0;0;0;0;0;1;0;0;0;(-38.5117208 -3.8288169);
FJL8847;2021-12-30 01:28:00;Avenida Presidente Costa e Silva;;;PREFEITO JOSE VALTER;969258;Colisão Lateral;Anoitecer;Bom;Seca;Outros;Não há Controle;Longo da via;0;0;0;1;1;0;0;0;0;0;0;0;0;(-38.5443558 -3.8244455);
FVF5894;2021-10-23 19:50:00;Avenida João Pessoa;;;PARANGABA;FVF5894;Colisão;Não informado;Não informado;Não informado;Meio de quadra;Não informado;Longo da via;0;1;0;1;1;0;0;0;0;0;0;0;0;(-38.5608678 -3.7700585);
NTC2793;2021-12-29 17:00:00;Rua Paulo Firmeza;;;SAO JOAO DO TAUAPE;969187;Colisão Transversal;Luz do Dia;Bom;Seca;Meio de quadra;Pare;Longo da via;0;1;1;1;1;0;0;0;0;0;0;0;0;(-38.51681486347937 -3.757505166435439);
HHY9911;2021-10-23 19:10:00;Rua Desembargador Hermes Paraíba;RUA JANDIRA;;BARRA DO CEARA;HHY9911;Colisão;Não informado;Não informado;Não informado;Cruz;Não informado;Cruzamento;0;1;0;1;1;0;0;0;0;0;0;0;0;(-38.5867643 -3.714005599999999);
NFV7199;2021-12-29 19:40:00;Rua Coronel Ernesto Matos;;;MESSEJANA;969110;Colisão Lateral;Luz do Dia;Bom;Seca;Meio de quadra;Outros;Longo da via;0;0;2;1;2;0;1;0;0;0;0;0;0;(-38.48968700549057 -3.830146143873303);
MBH1037;2021-12-29 12:30:00;Rua Naturalista Feijó;;;VILA ELLERY;968366;Colisão Lateral;Luz do Dia;Bom;Seca;T;Não há Controle;Longo da via;0;0;1;0;0;0;1;0;0;0;0;0;0;(-38.55425314558864 -3.721971985211944);
APB2437;2021-12-28 19:30:00;Avenida Engenheiro Alberto Sá;AV ENG SANTANA JUNIOR;;PAPICU;969529;Colisão Lateral;Luz do Dia;Bom;Seca;Cruz;Semáforo;Longo da via;0;0;0;1;1;0;0;0;0;0;0;0;0;(-38.4807284276154 -3.733170606233696);
RHX2565;2021-10-23 16:24:00;AV I;;;PREFEITO JOSE VALTER;RHX2565;Queda;Não informado;Não informado;Não informado;Meio de quadra;Não informado;Longo da via;0;2;0;1;0;0;0;0;0;0;0;0;0;(-38.5578434 -3.831541399999999);
LIN4180;2021-12-28 11:00:00;Rua Costa Barros;RUA JOSE VILAR;;ALDEOTA;969375;Queda;Luz do Dia;Bom;Molhada;Cruz;Semáforo;Longo da via;0;0;0;1;0;0;0;0;0;0;0;0;0;(-38.5037402 -3.73291);
VBU3186;2021-10-23 14:36:00;Avenida João Pessoa;;;DAMAS;VBU3186;Colisão;Não informado;Não informado;Não informado;Meio de quadra;Não informado;Longo da via;0;1;0;0;1;0;0;0;0;1;0;0;0;(-38.5511306 -3.7540841);
MCC3291;2021-10-23 14:04:00;AV PRE CASTELO BRANCO;;;JACARECANGA;MCC3291;Colisão;Não informado;Não informado;Não informado;Meio de quadra;Não informado;Longo da via;0;1;0;0;0;0;0;0;0;0;1;0;0;(-38.5454338 -3.7149803);