COD_ACIDENTE;DATA;LOG1;LOG2;NUMERO;BAIRRO;AMC;NATUREZA;ILUMINACAO;TEMPO;SUPERFICIEPISTA;TIPOCRUZAMENTO;CONTROLETRAFEGO;USOSOLO;MORTOS;FERIDOS;ILESOS;MOTOCICLETA;AUTOMOVEL;MICROONIBUS;CAMINHAO;ONIBUS;CICLOMOTOR;BICICLETA;OUTROS;TREM;TRACAOANIMAL;COORDENADAS
LGM3919;2021-10-23 13:55:00;Avenida José Tavares;;;CANINDEZINHO;LGM3919;Colisão;Não informado;Não informado;Não informado;Meio de quadra;Não informado;Longo da via;0;1;0;1;1;0;0;0;0;0;0;0;0;(-38.6010486 -3.811113);
HKA7328;2021-12-28 19:00:00;Avenida Heráclito Graça;;;CENTRO;968235;Atropelamento;Não informado;Bom;Seca;Meio de quadra;Outros;Longo da via;0;0;1;0;1;0;0;0;0;0;0;0;0;(-38.52412656642687 -3.733721968688515);
LOF0600;2021-10-23 13:34:00;Rua Soriano Albuquerque;AV RUI BARBOSA;;ALDEOTA;LOF0600;Colisão;Não informado;Não informado;Não informado;Cruz;Não informado;Cruzamento;0;1;0;0;2;0;0;0;0;0;0;0;0;(-38.5137662 -3.74948);
WIQ5499;2021-12-28 08:30:00;Rua Desembargador Lauro Nogueira;RUA CESAR FONSECA;;PAPICU;965296;Colisão Transversal;Amanhecer;Bom;Seca;T;Semáforo;Longo da via;0;1;0;1;1;0;0;0;0;0;0;0;0;(-38.47257289385346 -3.741983581697574);
URQ2673;2021-12-27 16:00:00;Rua Costa Barros;;;ALDEOTA;969561;Choque c/ Obstáculo Fixo;Luz do Dia;Bom;Seca;Meio de quadra;Não há Controle;Longo da via;0;0;0;0;1;0;0;0;0;0;0;0;0;(-38.5100917 -3.7308286);
MDJ2209;2021-12-27 11:30:00;Rua Aratuba;;;BENFICA;969509;Colisão Frontal;Luz do Dia;Bom;Seca;Meio de quadra;Não há Controle;Longo da via;0;0;1;0;2;0;0;0;0;0;0;0;0;(-38.53572440818122 -3.743052253604978);
BMA5494;2021-12-28 00:09:00;Avenida General Osório de Paiva;;;PARANGABA;969504;Colisão Traseira;Via Iluminada;Bom;Seca;T;Semáforo;Longo da via;0;0;2;2;0;0;0;0;0;0;0;0;0;(-38.57795313787604 -3.783005943677844);
PIC6777;2021-12-27 06:00:00;Avenida Zezé Diogo;;;CAIS DO PORTO;969439;Colisão Transversal;Via Iluminada;Bom;Seca;Não informado;Não informado;Longo da via;0;0;0;1;0;0;1;0;0;0;0;0;0;(-38.46722617312516 -3.711586903472304);
NNH5654;2021-10-23 13:24:00;Avenida Beira Mar;;;MEIRELES;NNH5654;Atropelamento;Não informado;Não informado;Não informado;Meio de quadra;Não informado;Longo da via;0;1;0;0;0;0;0;0;0;1;0;0;0;(-38.4977831 -3.7256976);
ZUY8197;2021-10-23 12:43:00;Avenida Imperador;RUA SAO PAULO;;CENTRO;ZUY8197;Atropelamento;Não informado;Não informado;Não informado;Cruz;Não informado;Cruzamento;0;1;0;0;1;0;0;0;0;0;0;0;0;(-38.53369520847118 -3.723804668435004);
YLW0584;2021-12-27 17:00:00;Rua Cônego de Castro;RUA RAIMUNDO NERY;;MANOEL SATIRO;969353;Colisão;Luz do Dia;Bom;Seca;Cruz;Semáforo;Longo da via;0;1;0;2;0;0;0;0;0;0;0;0;0;(-38.58503 -3.797556);
AWE5297;2021-10-23 12:32:00;AV EDILSON BRASIL SOARES;;;EDSON QUEIROZ;AWE5297;Colisão;Não informado;Não informado;Não informado;Meio de quadra;Não informado;Longo da via;0;2;0;2;0;0;0;0;0;0;0;0;0;(-38.4773508 -3.7890188);
ZZQ1585;2021-10-23 11:47:00;AV WASHINGTON SOARES;;;COACU;ZZQ1585;Colisão;Não informado;Não informado;Não informado;Meio de quadra;Não informado;Longo da via;0;1;0;1;1;0;0;0;0;0;0;0;0;(-38.4797152 -3.845296);
KXG3121;2021-12-27 20:30:00;Rua Vicente Leite;RUA BENI DE CARVALHO;;DIONISIO TORRES;968422;Colisão Transversal;Via Iluminada;Bom;Seca;Cruz;Pare;Longo da via;0;0;1;1;1;0;0;0;0;0;0;0;0;(-38.49801794199927 -3.745332617944713);
AXX6146;2021-10-23 09:34:00;Avenida Recreio;;;LAGOA REDONDA;AXX6146;Colisão;Não informado;Não informado;Não informado;Meio de quadra;Não informado;Longo da via;0;1;0;1;1;0;0;0;0;0;0;0;0;(-38.4491152 -3.8084271);
RCS4715;2021-10-23 09:34:00;Avenida Sargento Hermínio Sampaio;;;PRESIDENTE KENNEDY;RCS4715;Colisão;Não informado;Não informado;Não informado;Meio de quadra;Não informado;Longo da via;0;1;0;0;0;0;0;0;0;0;1;0;0;(-38.5658423 -3.7273963);
GZF4833;2021-10-23 07:15:00;Rua Vila Lobos;;;ITAOCA;GZF4833;Queda;Não informado;Não informado;Não informado;Meio de quadra;Não informado;Longo da via;0;1;0;1;0;0;0;0;0;0;0;0;0;(-38.5541052 -3.7733846);
WIT8319;2021-10-23 06:31:00;AV HUMBERTO MONTE ;AV GOV PARSIFAL BARROSO;;PRESIDENTE KENNEDY;WIT8319;Choque c/ Obstáculo Fixo;Não informado;Não informado;Não informado;Meio de quadra;Não informado;Cruzamento;0;1;0;0;1;0;0;0;0;0;0;0;0;(-38.5691076 -3.7320742);
VGT4250;2021-12-27 18:00:00;Rua Amadeu Furtado;RUA GUSTAVO SAMPAIO;;PARQUELANDIA;968233;Colisão Lateral;Luz do Dia;Bom;Seca;Cruz;Pare;Longo da via;0;0;1;1;1;0;0;0;0;0;0;0;0;(-38.56381256197557 -3.736816015651028);
GOT8842;2021-10-23 06:24:00;RUA CESAR CALS;;;VICENTE PINZON;GOT8842;Choque c/ Obstáculo Fixo;Não informado;Não informado;Não informado;Meio de quadra;Não informado;Longo da via;0;1;0;0;1;0;0;0;0;0;0;0;0;(-38.46324597386958 -3.72103519162097);
GVN3511;2021-12-27 21:20:00;Avenida Dioguinho;;;DE LOURDES;967798;Atropelamento;Via Iluminada;Bom;Seca;Meio de quadra;Não há Controle;Longo da via;0;1;1;0;0;0;0;1;0;0;0;0;0;(-38.4525806 -3.743070899999999);
BXO0544;2021-10-23 05:26:00;Avenida Visconde do Rio Branco;;;SAO JOAO DO TAUAPE;BXO0544;Colisão;Não informado;Não informado;Não informado;Meio de quadra;Não informado;Longo da via;0;1;0;1;1;0;0;0;0;0;0;0;0;(-38.5210031 -3.7562695);
NXX3419;2021-10-22 23:38:00;Rua Firmino Rocha Aguiar;;;GUARARAPES;NXX3419;Colisão;Não informado;Não informado;Não informado;Meio de quadra;Não informado;Longo da via;0;1;0;1;1;0;0;0;0;0;0;0;0;(-38.4854069 -3.7630595);
NXV8322;2021-10-22 21:47:00;Rua Sena Madureira;;;;NXV8322;Colisão;Não informado;Não informado;Não informado;Meio de quadra;Não informado;Longo da via;0;1;0;1;1;0;0;0;0;0;0;0;0;(-38.5257442 -3.72878);
NXV8322;2021-10-22 21:45:00;Rua Gabriel Fiúsa;;;VILA PERY;NXV8322;Colisão;Não informado;Não informado;Não informado;Meio de quadra;Não informado;Longo da via;0;1;0;1;1;0;0;0;0;0;0;0;0;(-38.5806392 -3.7865479);
XAG4491;2021-10-22 21:31:00;Rua Costa Barros;AV DOM MANUEL;;CENTRO;XAG4491;Colisão;Não informado;Não informado;Não informado;Cruz;Não informado;Cruzamento;0;1;0;2;0;0;0;0;0;0;0;0;0;(-38.5208978 -3.7274071);
XLC0107;2021-10-22 20:13:00;Avenida Presidente Costa e Silva;;;PREFEITO JOSE VALTER;XLC0107;Queda;Não informado;Não informado;Não informado;Meio de quadra;Não informado;Longo da via;0;1;0;1;0;0;0;0;0;0;0;0;0;(-38.5503326 -3.8234508);
EWJ0191;2021-10-22 19:16:00;RUA  ZENILDO ALMADA;;;PRESIDENTE KENNEDY;EWJ0191;Colisão;Não informado;Não informado;Não informado;Meio de quadra;Não informado;Longo da via;0;1;0;0;1;0;0;0;0;1;0;0;0;(-38.5669891 -3.7252373);
TDX0898;2021-10-22 18:54:00;RUA CEL JAIME ROLEMBERG;;;JARDIM CEARENSE;TDX0898;Colisão;Não informado;Não informado;Não informado;T;Não informado;Cruzamento;0;1;0;1;1;0;0;0;0;0;0;0;0;(-38.5631134723941 -3.803005433144213);
OCA6069;2021-10-22 17:48:00;Rua Dourado;;;CONJUNTO PALMEIRAS;OCA6069;Queda;Não informado;Não informado;Não informado;Meio de quadra;Não informado;Longo da via;0;1;0;1;0;0;0;0;0;0;0;0;0;(-38.5235299 -3.844618);
ESQ6832;2021-10-22 16:36:00;Avenida Mister Hull;;;ANTONIO BEZERRA;ESQ6832;Atropelamento;Não informado;Não informado;Não informado;Meio de quadra;Não informado;Longo da via;0;1;0;0;1;0;0;0;0;0;0;0;0;(-38.5918137 -3.7395231);
NMS8410;2021-10-22 13:19:00;Rua Júlio Silva;;;PRAIA DO FUTURO II;NMS8410;Atropelamento;Não informado;Não informado;Não informado;Meio de quadra;Não informado;Longo da via;0;1;0;0;1;0;0;0;0;0;0;0;0;(-38.4558871 -3.7460129);
OTS7128;2021-10-22 13:12:00;Rua Nunes Valente;AV ANTONIO SALES;;ALDEOTA;OTS7128;Colisão;Não informado;Não informado;Não informado;Cruz;Não informado;Cruzamento;0;1;0;1;1;0;0;0;0;0;0;0;0;(-38.5063308 -3.7442374);
LNN3104;2021-12-27 10:30:00;Avenida Aguanambi;;;FATIMA;967620;Colisão Transversal;Luz do Dia;Bom;Seca;Meio de quadra;Não há Controle;Longo da via;0;1;1;1;1;0;0;0;0;0;0;0;0;(-38.5235364670726 -3.751825735492785);
WVV7042;2021-10-22 13:00:00;Estrada Barão de Aquiraz;;;MESSEJANA;WVV7042;Colisão;Não informado;Não informado;Não informado;Meio de quadra;Não informado;Longo da via;0;1;0;1;1;0;0;0;0;0;0;0;0;(-38.4808307647288 -3.844951272857547);
UTH0608;2021-12-26 12:30:00;Avenida Doutor Silas Munguba;;;SERRINHA;969510;Colisão Traseira;Não informado;Bom;Molhada;Meio de quadra;Semáforo;Longo da via;0;0;4;0;4;0;0;0;0;0;0;0;0;(-38.53919521948746 -3.790783424567535);
CHX5503;2021-12-26 22:00:00;Rua Padre Pedro de Alencar;RUA TEN JURANDIR ALENCAR;;MESSEJANA;969503;Colisão Traseira;Não informado;Bom;Seca;Cruz;Semáforo;Longo da via;0;0;0;1;1;0;0;0;0;0;0;0;0;(-38.49402684219619 -3.83187497908036);
LKR7630;2021-12-27 01:00:00;Avenida Senador Virgílio Távora;RUA CANUTO DE AGUIAR;;VARJOTA;969374;Colisão Transversal;Via Iluminada;Bom;Seca;Cruz;Semáforo;Longo da via;0;0;1;1;1;0;0;0;0;0;0;0;0;(-38.4915489 -3.7318845);
YYZ2369;2021-10-22 12:57:00;Avenida Oliveira Paiva;;;CIDADE DOS FUNCIONRAIOS;YYZ2369;Colisão;Não informado;Não informado;Não informado;Meio de quadra;Não informado;Longo da via;0;1;0;0;0;0;0;0;0;0;1;0;0;(-38.4995303 -3.7970872);
DTZ5646;2021-12-26 18:50:00;Avenida Bernardo Manuel;;;ITAPERI;969352;Colisão Traseira;Luz do Dia;Bom;Seca;Meio de quadra;Semáforo;Longo da via;0;0;1;0;2;0;0;0;0;0;0;0;0;(-38.55616287348109 -3.814554354837549);
CGW3442;2021-10-22 11:33:00;RUA BR DO CRATO;;;VILA ELLERY;CGW3442;Colisão;Não informado;Não informado;Não informado;Meio de quadra;Não informado;Longo da via;0;1;0;1;1;0;0;0;0;0;0;0;0;(-38.5630558 -3.723319);
VPE8640;2021-12-26 12:00:00;Avenida Francisco Sá;RUA DOM HELIO CAMPOS D21;;CARLITO PAMPLONA;968493;Colisão Transversal;Luz do Dia;Bom;Seca;T;Pare;Longo da via;0;0;2;0;1;0;0;1;0;0;0;0;0;(-38.5564365 -3.7177298);
EEC2230;2021-12-26 05:50:00;Avenida Visconde do Rio Branco;;;JOSE BONIFACIO;967887;Colisão Traseira;Via Iluminada;Bom;Seca;Meio de quadra;Não há Controle;Longo da via;0;0;1;0;2;0;0;0;0;0;0;0;0;(-38.52265134818456 -3.74292378219786);
IBH1860;2021-12-26 00:10:00;Avenida Américo Barreira;RUA RIO GRANDE DO NORTE;;DEMOCRITO ROCHA;969545;Colisão Traseira;Não informado;Bom;Não informado;Cruz;Não informado;Longo da via;0;1;1;1;1;0;0;0;0;0;0;0;0;(-38.5644408 -3.7605982);
BPZ9585;2021-12-25 18:10:00;Rua Castro e Silva;RUA SEN POMPEU;;CENTRO;969489;Colisão Transversal;Luz do Dia;Bom;Seca;Cruz;Pare;Longo da via;0;0;0;1;1;0;0;0;0;0;0;0;0;(-38.52849856149124 -3.723508324544068);
ODO4413;2021-12-25 10:30:00;Rua Professor Edgard de Arruda;;;DOM LUSTOSA;969080;Colisão Traseira;Luz do Dia;Bom;Seca;Duplo T;Não há Controle;Longo da via;0;0;1;0;2;0;0;0;0;0;0;0;0;(-38.59069362741266 -3.755096364232815);
PVS1878;2021-12-24 23:30:00;Rua Júlio Braga;RUA MON VICENTE MARTINS;;JOAO XXIII;969427;Colisão Lateral;Anoitecer;Bom;Seca;T;Pare;Longo da via;0;0;2;1;1;0;0;0;0;0;0;0;0;(-38.58262017640121 -3.774837640142415);
EMF6754;2021-12-24 17:00:00;Rua Vicente Linhares;RUA BARBOSA DE FREITAS;;ALDEOTA;960555;Colisão Lateral;Luz do Dia;Bom;Seca;Cruz;Semáforo;Longo da via;0;0;1;1;1;0;0;0;0;0;0;0;0;(-38.49918201953885 -3.742538367863432);
UHO1401;2021-12-23 17:00:00;Rua Professor Otávio Lobo;;;PAPICU;969088;Choque c/ Obstáculo Fixo;Luz do Dia;Bom;Seca;Meio de quadra;Não há Controle;Longo da via;0;0;0;0;0;0;1;0;0;0;0;0;0;(-38.47944632912593 -3.74542897123673);
TQQ1424;2021-12-24 00:45:00;Avenida Bezerra de Menezes;AV JOSE JATAHY;;FARIAS BRITO;969040;Colisão Transversal;Via Iluminada;Bom;Seca;Cruz;Semáforo;Longo da via;0;1;1;0;0;0;0;1;0;1;0;0;0;(-38.54512289929917 -3.731596812468149);
ERC4339;2021-12-23 13:12:00;Rua Padre Valdevino;;;DIONISIO TORRES;968314;Engavetamento;Luz do Dia;Bom;Seca;Meio de quadra;Semáforo;Longo da via;0;0;4;0;3;0;0;0;0;0;1;0;0;(-38.50236848384854 -3.743657139560237);
KJS1603;2021-12-24 02:40:00;Avenida Genibaú;RUA ALVES BATISTA;;GENIBAU;960527;Outros;Mal Iluminada;Bom;Seca;Cruz;Pare;Longo da via;0;1;0;0;2;0;0;0;0;0;0;0;0;(-38.6013392 -3.7605093);
QZL8405;2021-12-22 10:10:00;Avenida José Jatahy;;;PARQUE ARAXA;969494;Colisão Traseira;Luz do Dia;Bom;Seca;Meio de quadra;Não há Controle;Longo da via;0;0;0;1;1;0;0;0;0;0;0;0;0;(-38.54380861922765 -3.737704615357157);
HEI4201;2021-12-22 19:00:00;Rua Renato Braga;RUA HERMINIA BONAVIDES;;VICENTE PINZON;969486;Colisão Frontal;Luz do Dia;Bom;Seca;Y;Pare;Longo da via;0;0;0;1;1;0;0;0;0;0;0;0;0;(-38.46403434838528 -3.732035762033259);
AXW8543;2021-12-22 15:30:00;Avenida Frei Cirilo;;;CAMBEBA;969011;Colisão Traseira;Luz do Dia;Bom;Seca;Outros;Semáforo;Longo da via;0;1;1;1;1;0;0;0;0;0;0;0;0;(-38.4979833 -3.8161503);
MGI3955;2021-12-22 17:00:00;Avenida Deputado Oswaldo Studart;;;FATIMA;967774;Colisão Traseira;Luz do Dia;Bom;Seca;Meio de quadra;Não há Controle;Longo da via;0;0;2;0;2;0;0;0;0;0;0;0;0;(-38.53135243985876 -3.757119758529853);
ULU6520;2021-12-22 14:20:00;Avenida Domingos Olímpio;AV IMPERADOR;;CENTRO;960706;Colisão Frontal;Luz do Dia;Bom;Seca;Cruz;Semáforo;Longo da via;0;1;1;1;1;0;0;0;0;0;0;0;0;(-38.53685631211442 -3.734776515331816);
MXM6961;2021-12-21 11:20:00;Rua Doutor José Lourenço;RUA CEL ALVES TEIXEIRA;;DIONISIO TORRES;MXM6961;Colisão Transversal;Luz do Dia;Bom;Seca;Cruz;Pare;Longo da via;0;1;1;0;2;0;0;0;0;0;0;0;0;(-38.5115035 -3.7462705);
SPF6611;2021-10-22 10:33:00;AV DR SILAS MUNGUBA;;;SERRINHA;SPF6611;Queda;Não informado;Não informado;Não informado;Meio de quadra;Não informado;Longo da via;0;1;0;1;0;0;0;0;0;0;0;0;0;(-38.5498857 -3.7870705);
RXF9109;2021-10-22 10:13:00;Avenida Presidente Costa e Silva;;;JANGURUSSU;RXF9109;Queda;Não informado;Não informado;Não informado;Meio de quadra;Não informado;Longo da via;0;1;0;1;0;0;0;0;0;0;0;0;0;(-38.5529108 -3.8221832);
HKX6580;2021-10-22 09:03:00;Avenida Engenheiro Santana Júnior;;;PAPICU;HKX6580;Queda;Não informado;Não informado;Não informado;Meio de quadra;Não informado;Longo da via;0;1;0;1;0;0;0;0;0;0;0;0;0;(-38.4879435 -3.7438559);
UUJ5438;2021-10-22 08:54:00;AV GOV RAUL BARBOSA;RUA MURILO BORGES;;AEROLANDIA;UUJ5438;Queda;Não informado;Não informado;Não informado;Rotatória;Não informado;Cruzamento;0;1;0;1;0;0;0;0;0;0;0;0;0;(-38.512539 -3.7729647);
WFV5415;2021-10-22 03:58:00;Avenida Mister Hull;;;ANTONIO BEZERRA;WFV5415;Atropelamento;Não informado;Não informado;Não informado;Meio de quadra;Não informado;Longo da via;0;1;0;1;0;0;0;0;0;0;0;0;0;(-38.5918137 -3.7395231);
ROU9780;2021-10-22 02:55:00;Rua Diogo Correia;;;BONSUCESSO;ROU9780;Colisão;Não informado;Não informado;Não informado;Cruz;Não informado;Cruzamento;0;1;0;1;1;0;0;0;0;0;0;0;0;(-38.5886639 -3.7742253);
QUA2098;2021-10-22 01:02:00;RUA ALVARO COSTA;RUA DR MANOEL RODRIGUES MONTEIRO;;VICENTE PINZON;QUA2098;Colisão;Não informado;Não informado;Não informado;Cruz;Não informado;Cruzamento;0;1;0;1;1;0;0;0;0;0;0;0;0;(-38.4665601 -3.724035);
UWJ9936;2021-10-21 21:34:00;AV I;;;CONJUNTO CEARA II;UWJ9936;Colisão;Não informado;Não informado;Não informado;Meio de quadra;Não informado;Longo da via;0;1;0;1;1;0;0;0;0;0;0;0;0;(-38.59737065859956 -3.768480438135302);
IES2890;2021-10-21 21:00:00;Avenida Washington Soares;;;SALINAS;IES2890;Colisão;Não informado;Não informado;Não informado;Meio de quadra;Não informado;Longo da via;0;1;0;1;1;0;0;0;0;0;0;0;0;(-38.48302899999999 -3.7664583);
FSP9317;2021-10-21 20:31:00;Rua Carvalho Júnior;;;SAO JOAO DO TAUAPE;FSP9317;Queda;Não informado;Não informado;Não informado;Meio de quadra;Não informado;Longo da via;0;1;0;1;0;0;0;0;0;0;0;0;0;(-38.5153593 -3.7591462);
TMF8622;2021-10-21 20:04:00;Rua Professor Moreira de Souza;;;PASSARE;TMF8622;Colisão;Não informado;Não informado;Não informado;Meio de quadra;Não informado;Longo da via;0;2;0;1;1;0;0;0;0;0;0;0;0;(-38.5229674 -3.8137837);
LPC4285;2021-10-21 18:53:00;Avenida Presidente Costa e Silva;;;MONDUBIM;LPC4285;Queda;Não informado;Não informado;Não informado;Meio de quadra;Não informado;Longo da via;0;1;0;1;0;0;0;0;0;0;0;0;0;(-38.5608694 -3.820067);
CBH2254;2021-10-21 18:52:00;AV PORTO VELHO;RUA NATAL;;HENRIQUE JORGE;CBH2254;Colisão;Não informado;Não informado;Não informado;Meio de quadra;Não informado;Cruzamento;0;1;0;1;0;0;1;0;0;0;0;0;0;(-38.5938167 -3.7648145);
ZJH5967;2021-10-21 18:38:00;Rua Padre Guerra;;;PARQUELANDIA;ZJH5967;Colisão;Não informado;Não informado;Não informado;Meio de quadra;Não informado;Longo da via;0;1;0;0;0;0;0;0;0;0;1;0;0;(-38.559463 -3.739534999999999);
OZZ2338;2021-10-21 17:23:00;RUA PASTOR SILAS MUNGUBA;RUA DELMIRO FARIAS;;RODOLFO TEOFILO;OZZ2338;Colisão;Não informado;Não informado;Não informado;Meio de quadra;Não informado;Longo da via;0;1;0;0;0;0;0;0;0;0;1;0;0;(-38.5483659 -3.7495183);
ULM9510;2021-12-21 10:30:00;Rua Silva Paulet;RUA DOM EXPEDITO LOPES;;ALDEOTA;967558;Colisão Transversal;Luz do Dia;Bom;Seca;Cruz;Semáforo;Longo da via;0;0;0;1;1;0;0;0;0;0;0;0;0;(-38.5081509 -3.7428075);
BWU7786;2021-10-21 16:41:00;Rua Padre Pedro de Alencar;;;MESSEJANA;BWU7786;Colisão;Não informado;Não informado;Não informado;Meio de quadra;Não informado;Longo da via;0;1;0;1;1;0;0;0;0;0;0;0;0;(-38.49277379999999 -3.8280872);
WIN1889;2021-10-21 16:23:00;Rua Pereira Valente;;;MEIRELES;WIN1889;Colisão;Não informado;Não informado;Não informado;Meio de quadra;Não informado;Longo da via;0;1;0;1;1;0;0;0;0;0;0;0;0;(-38.4906386 -3.7340966);
NDA9476;2021-12-20 13:20:00;Rua José Galdêncio Moreira;AV PRO JOSE ARTHUR CARVALHO;;LAGOA REDONDA;966751;Colisão Lateral;Luz do Dia;Bom;Seca;T;Não há Controle;Longo da via;0;1;0;1;0;0;0;1;0;0;0;0;0;(-38.46631423027035 -3.826650995776661);
YNH2120;2021-10-21 15:01:00;Avenida Bernardo Manuel;;;ITAPERI;YNH2120;Colisão;Não informado;Não informado;Não informado;Meio de quadra;Não informado;Longo da via;0;1;0;2;0;0;0;0;0;0;0;0;0;(-38.5553316 -3.8108576);
ZMF4921;2021-10-21 10:20:00;Via Expressa;;;PAPICU;ZMF4921;Colisão;Não informado;Não informado;Não informado;Meio de quadra;Não informado;Longo da via;0;2;0;2;0;0;0;0;0;0;0;0;0;(-38.49085 -3.7457388);
ZGC4051;2021-10-21 10:12:00;Avenida Dionísio Leonel Alencar;;;MESSEJANA;ZGC4051;Queda;Não informado;Não informado;Não informado;Meio de quadra;Não informado;Longo da via;0;1;0;1;0;0;0;0;0;0;0;0;0;(-38.5027524 -3.8464615);
ZGC4051;2021-10-21 09:47:00;Rua Teodomiro de Castro;;;ALVARO WEYNE;ZGC4051;Colisão;Não informado;Não informado;Não informado;Meio de quadra;Não informado;Longo da via;0;2;0;2;0;0;0;0;0;0;0;0;0;(-38.5722511 -3.7186758);
AKI1571;2021-10-21 09:47:00;Avenida Mister Hull;;;ANTONIO BEZERRA;AKI1571;Queda;Não informado;Não informado;Não informado;Meio de quadra;Não informado;Longo da via;0;1;0;1;0;0;0;0;0;0;0;0;0;(-38.5918137 -3.7395231);
IBA0586;2021-10-21 05:06:00;AV SEN FERNANDES TAVORA;;;JOQUEI CLUBE;IBA0586;Queda;Não informado;Não informado;Não informado;Meio de quadra;Não informado;Longo da via;0;1;0;1;0;0;0;0;0;0;0;0;0;(-38.5761715 -3.765385);
GAT7173;2021-12-19 19:00:00;Rua Santa Catarina;RUA MARANHAO;;PAN AMERICANO;969490;Colisão Transversal;Luz do Dia;Bom;Seca;Cruz;Pare;Longo da via;0;0;0;1;1;0;0;0;0;0;0;0;0;(-38.56617286954902 -3.755182010647342);
IHQ3710;2021-12-19 09:40:00;Avenida Governador Leonel Brizola;AV CASTELO DE CASTRO;;JANGURUSSU;969464;Colisão Transversal;Luz do Dia;Bom;Seca;Cruz;Semáforo;Longo da via;0;0;1;0;1;0;0;0;1;0;0;0;0;(-38.52165358378984 -3.831746520856946);
SHP4806;2021-12-19 23:00:00;Rua Almirante Rubim;RUA CESAR ROSSAS;;MONTESE;968440;Colisão Lateral;Via Iluminada;Bom;Seca;Cruz;Outros;Longo da via;0;0;2;0;2;0;0;0;0;0;0;0;0;(-38.5561655 -3.7695666);
BIP7093;2021-12-20 01:10:00;Rua Joaquim Magalhães;RUA BAR RIO BRANCO;;CENTRO;967775;Colisão Transversal;Via Iluminada;Bom;Seca;Cruz;Não há Controle;Longo da via;0;1;1;0;2;0;0;0;0;0;0;0;0;(-38.53194789096379 -3.73866815618976);
VIK9142;2021-10-21 00:47:00;AV AUGUSTO DOS ANJOS;;;PARANGABA;VIK9142;Atropelamento;Não informado;Não informado;Não informado;Meio de quadra;Não informado;Longo da via;0;3;0;1;0;0;0;0;0;0;0;0;0;(-38.5751616 -3.7756368);
BPW7922;2021-12-19 14:15:00;Rua Coronel Alves Teixeira;RUA NUNES VALENTE;;DIONISIO TORRES;920433;Choque c/ Obstáculo Fixo;Luz do Dia;Bom;Seca;Cruz;Pare;Longo da via;0;0;0;0;1;0;0;0;0;0;0;0;0;(-38.50711599239742 -3.746895681149711);
FHA7200;2021-10-21 23:53:00;Rua Chico França;;;MESSEJANA;FHA7200;Colisão;Não informado;Não informado;Não informado;Meio de quadra;Não informado;Longo da via;0;1;0;0;0;0;0;0;0;1;0;0;0;(-38.4997539 -3.8346216);
CQV3307;2021-10-20 21:12:00;Rua Eduardo Garcia;RUA PRO DIAS DA ROCHA;;MEIRELES;CQV3307;Não informado;Não informado;Não informado;Não informado;Cruz;Não informado;Cruzamento;0;1;0;1;0;0;0;0;0;0;0;0;0;(-38.4930908 -3.7401307);
UCA9436;2021-12-19 01:00:00;Rua Barbosa de Freitas;RUA MARIA TOMASIA;;ALDEOTA;969514;Colisão Transversal;Anoitecer;Bom;Seca;Cruz;Pare;Longo da via;0;0;1;1;2;0;0;0;0;0;0;0;0;(-38.49713281325892 -3.735863178821534);
JBY3630;2021-10-20 20:22:00;Avenida José Jatahy;;;BENFICA;JBY3630;Colisão;Não informado;Não informado;Não informado;Meio de quadra;Não informado;Longo da via;0;1;0;1;1;0;0;0;0;0;0;0;0;(-38.5435876 -3.7388721);
MTY7891;2021-10-21 19:12:00;Rua Rio Grande do Sul;RUA PIAUI;;PAN AMERICANO;MTY7891;Colisão;Não informado;Não informado;Não informado;Cruz;Não informado;Cruzamento;0;1;0;1;1;0;0;0;0;0;0;0;0;(-38.5664471 -3.756891599999999);
MCE2909;2021-10-20 17:22:00;AV GOMES BRASIL;RUA JOAQUIM M DE MACEDO;;PARANGABA;MCE2909;Queda;Não informado;Não informado;Não informado;T;Não informado;Cruzamento;0;1;0;1;0;0;0;0;0;0;0;0;0;(-38.5659676 -3.7740903);
DRA1279;2021-12-19 01:00:00;Avenida da Abolição;RUA PEDRO RUFINO D48;;MEIRELES;969502;Colisão Traseira;Via Iluminada;Bom;Seca;Cruz;Semáforo;Longo da via;0;0;0;1;2;0;0;0;0;0;0;0;0;(-38.48757341868779 -3.726184867498615);
FIZ6591;2021-10-20 17:03:00;Rodovia 4º Anel Viário;;;PEDRAS;FIZ6591;Colisão;Não informado;Não informado;Não informado;Meio de quadra;Não informado;Longo da via;0;1;0;1;0;0;1;0;0;0;0;0;0;(-38.5405806 -3.859491);
SXV0330;2021-10-20 16:45:00;Rua Estado do Rio;;;PAN AMERICANO;SXV0330;Colisão;Não informado;Não informado;Não informado;Meio de quadra;Não informado;Longo da via;0;1;0;1;1;0;0;0;0;0;0;0;0;(-38.5699956 -3.756975299999999);
DKE1567;2021-12-18 13:03:00;Rua Lauro Maia;RUA BONFIM SOBRINHO;;FATIMA;969493;Colisão Lateral;Luz do Dia;Bom;Seca;Cruz;Pare;Longo da via;0;0;0;1;1;0;0;0;0;0;0;0;0;(-38.5221453 -3.7508927);
AFF7899;2021-10-20 15:53:00;Avenida Duque de Caxias;RUA SOLON PINHEIRO;;CENTRO;AFF7899;Colisão;Não informado;Não informado;Não informado;Meio de quadra;Não informado;Cruzamento;0;1;0;1;1;0;0;0;0;0;0;0;0;(-38.5270023 -3.732674);
ZNL3197;2021-10-20 14:53:00;Rua Paulo Firmeza;AV VIS RIO BRANCO;;CENTRO;ZNL3197;Colisão;Não informado;Não informado;Não informado;T;Não informado;Cruzamento;0;1;0;1;1;0;0;0;0;0;0;0;0;(-38.5196949 -3.757654799999999);
WVU9986;2021-10-20 14:24:00;Rodovia Estrada do Guarani (BR116);;;MESSEJANA;WVU9986;Atropelamento;Não informado;Não informado;Não informado;Meio de quadra;Não informado;Longo da via;0;1;0;0;1;0;0;0;0;0;0;0;0;(-38.5041401 -3.8259496);
ODD9853;2021-12-18 11:20:00;Avenida Francisco Sá;RUA CESAR CORREIA;;BARRA DO CEARA;969491;Colisão Transversal;Luz do Dia;Bom;Seca;Cruz;Pare;Longo da via;0;0;0;1;1;0;0;0;0;0;0;0;0;(-38.5733166 -3.7119533);
QXC2288;2021-10-20 11:52:00;Rua Oscar Romero;;;PLANALTO AYRTON SENNA;QXC2288;Colisão;Não informado;Não informado;Não informado;Meio de quadra;Não informado;Longo da via;0;1;0;1;1;0;0;0;0;0;0;0;0;(-38.5705495 -3.8328527);