COD_ACIDENTE;DATA;LOG1;LOG2;NUMERO;BAIRRO;AMC;NATUREZA;ILUMINACAO;TEMPO;SUPERFICIEPISTA;TIPOCRUZAMENTO;CONTROLETRAFEGO;USOSOLO;MORTOS;FERIDOS;ILESOS;MOTOCICLETA;AUTOMOVEL;MICROONIBUS;CAMINHAO;ONIBUS;CICLOMOTOR;BICICLETA;OUTROS;TREM;TRACAOANIMAL;COORDENADAS
XCL7957;2021-10-20 11:46:00;Avenida João Pessoa;RUA ANA NERY;;JARDIM AMERICA;XCL7957;Colisão;Não informado;Não informado;Não informado;Meio de quadra;Não informado;Cruzamento;0;1;0;1;1;0;0;0;0;0;0;0;0;(-38.5467905 -3.749472099999999);
LZQ4291;2021-12-18 15:15:00;Avenida Godofredo Maciel;;;MARAPONGA;969462;Colisão Transversal;Luz do Dia;Bom;Seca;T;Pare;Longo da via;0;0;0;1;1;0;0;0;0;0;0;0;0;(-38.57109568748241 -3.800521820600681);
RBA0955;2021-10-20 10:55:00;Rua Cônego de Castro;;;VILA PERY;RBA0955;Colisão;Não informado;Não informado;Não informado;Meio de quadra;Não informado;Longo da via;0;1;0;2;0;0;0;0;0;0;0;0;0;(-38.5686718 -3.7789921);
QPS9204;2021-10-20 10:43:00;AV LUCIANO CARNEIRO;RUA MIN JOAQUIM BASTOS D14;;FATIMA;QPS9204;Colisão;Não informado;Não informado;Não informado;T;Não informado;Cruzamento;0;1;0;1;1;0;0;0;0;0;0;0;0;(-38.5322908 -3.750345);
JUW8293;2021-12-18 22:00:00;Rua Oliveira Filho;RUA FRANCISCO MOREIRA;;PRAIA DO FUTURO I;969373;Colisão Transversal;Mal Iluminada;Bom;Seca;Cruz;Não informado;Longo da via;0;1;1;1;1;0;0;0;0;0;0;0;0;(-38.4539382 -3.7474505);
CKX0939;2021-10-20 09:54:00;Avenida Heróis do Acre;;;PASSARE;CKX0939;Queda;Não informado;Não informado;Não informado;Meio de quadra;Não informado;Longo da via;0;1;0;1;0;0;0;0;0;0;0;0;0;(-38.5367586 -3.8030513);
CCW8696;2021-12-18 18:00:00;Rua Meton de Alencar;RUA VINTE E QUATRO DE MAIO;;CENTRO;969372;Colisão Lateral;Luz do Dia;Bom;Seca;Cruz;Pare;Longo da via;0;0;2;1;0;0;0;1;0;0;0;0;0;(-38.5338522525616 -3.732672773816883);
IWT1835;2021-10-20 09:28:00;Avenida Mister Hull;;;ANTONIO BEZERRA;IWT1835;Atropelamento;Não informado;Não informado;Não informado;Meio de quadra;Não informado;Longo da via;0;1;0;0;1;0;0;0;0;0;0;0;0;(-38.5918137 -3.7395231);
WCQ6844;2021-10-20 04:27:00;Avenida Washington Soares;;;EDSON QUEIROZ;WCQ6844;Colisão;Não informado;Não informado;Não informado;Não informado;Não informado;Longo da via;0;1;0;1;1;0;0;0;0;0;0;0;0;(-38.481665 -3.7762191);
UOL9330;2021-10-20 03:21:00;Rua Espírito Santo;;;PAN AMERICANO;UOL9330;Atropelamento;Não informado;Não informado;Não informado;Meio de quadra;Não informado;Longo da via;0;1;0;0;1;0;0;0;0;0;0;0;0;(-38.568806 -3.753771899999999);
IOY1712;2021-10-20 02:16:00;RUA ANTONIO TOMAS;AV DIOGUINHO;;PRAIA DO FUTURO II;IOY1712;Queda;Não informado;Não informado;Não informado;T;Não informado;Cruzamento;0;2;0;1;0;0;0;0;0;0;0;0;0;(-38.44709840000001 -3.7492867);
FPQ5221;2021-10-20 00:26:00;Avenida Doutor Theberge;;;CRISTO REDENTOR;FPQ5221;Colisão;Não informado;Não informado;Não informado;Meio de quadra;Não informado;Longo da via;0;1;0;2;0;0;0;0;0;0;0;0;0;(-38.5636483 -3.7109807);
MKJ4175;2021-10-19 23:54:00;Rua Itapipoca;;;PRAIA DE IRACEMA;MKJ4175;Atropelamento;Não informado;Não informado;Não informado;Meio de quadra;Não informado;Longo da via;0;1;0;1;0;0;0;0;0;0;0;0;0;(-38.5167992 -3.72101);
XEB4765;2021-10-19 23:40:00;Rua Padre Valdevino;RUA JOAQUIM NABUCO;;DIONISIO TORRES;XEB4765;Colisão;Não informado;Não informado;Não informado;Cruz;Não informado;Cruzamento;0;1;0;0;2;0;0;0;0;0;0;0;0;(-38.503868 -3.7432205);
FDI2303;2021-10-19 23:32:00;AV C;RUA 41 CJ JOSE WALTER;;PREFEITO JOSE VALTER;FDI2303;Colisão;Não informado;Não informado;Não informado;Cruz;Não informado;Cruzamento;0;1;0;0;1;0;0;0;0;1;0;0;0;(-38.5497951 -3.831734);
TUN9629;2021-10-19 22:54:00;Avenida José Jatahy;;;FARIAS BRITO;TUN9629;Atropelamento;Não informado;Não informado;Não informado;Meio de quadra;Não informado;Longo da via;0;1;0;1;0;0;0;0;0;0;0;0;0;(-38.5446547 -3.733428899999999);
AEW6308;2021-10-19 21:04:00;Rua Benjamim Brasil;;;MARAPONGA;AEW6308;Atropelamento;Não informado;Não informado;Não informado;Meio de quadra;Não informado;Longo da via;0;3;0;1;0;0;0;0;0;0;0;0;0;(-38.567183 -3.8048981);
CSB5151;2021-10-19 20:52:00;Avenida I;RUA ANTONIO NERY;;CONJUNTO CEARA I;CSB5151;Colisão;Não informado;Não informado;Não informado;T;Não informado;Cruzamento;0;1;0;1;1;0;0;0;0;0;0;0;0;(-38.5988372 -3.7732925);
EUD1748;2021-10-19 20:46:00;Avenida Dom Luís;RUA VICENTE LEITE;;ALDEOTA;EUD1748;Colisão;Não informado;Não informado;Não informado;Cruz;Não informado;Cruzamento;0;1;0;1;1;0;0;0;0;0;0;0;0;(-38.4944643 -3.7342178);
JIK3611;2021-10-19 20:39:00;RUA DES LAURO NOGUEIRA;;;PAPICU;JIK3611;Colisão;Não informado;Não informado;Não informado;Meio de quadra;Não informado;Longo da via;0;1;0;1;1;0;0;0;0;0;0;0;0;(-38.4765008 -3.7406845);
ESX6615;2021-10-19 19:59:00;RUA BUENO;;;JOAO XXIII;ESX6615;Colisão;Não informado;Não informado;Não informado;Meio de quadra;Não informado;Longo da via;0;1;0;1;1;0;0;0;0;0;0;0;0;(-38.5917945 -3.7702157);
RDI0493;2021-10-19 19:59:00;Rua Pará;RUA RIO GRANDE DO SUL;;PAN AMERICANO;RDI0493;Queda;Não informado;Não informado;Não informado;Duplo T;Não informado;Cruzamento;0;1;0;1;0;0;0;0;0;0;0;0;0;(-38.5649486 -3.7544995);
GXF4621;2021-10-19 19:44:00;Rua Domingos da Veiga;;;BARRA DO CEARA;GXF4621;Queda;Não informado;Não informado;Não informado;Meio de quadra;Não informado;Longo da via;0;1;0;0;0;0;0;0;0;1;0;0;0;(-38.578679 -3.702936899999999);
RBD2273;2021-10-19 19:10:00;Rua Nunes Feijó;RUA LUCIANO ALVES;;JANGURUSSU;RBD2273;Colisão;Não informado;Não informado;Não informado;Cruz;Não informado;Cruzamento;0;1;0;1;1;0;0;0;0;0;0;0;0;(-38.50946510000001 -3.8453443);
OTQ8132;2021-12-18 05:00:00;Rua Primeiro de Janeiro;RUA CAMBARA;;ITAPERI;966426;Colisão Lateral;Não informado;Bom;Seca;Cruz;Pare;Longo da via;0;0;0;1;1;0;0;0;0;0;0;0;0;(-38.5646118297668 -3.785275497970451);
SRI9072;2021-10-19 18:28:00;Rua Senador Robert Kennedy;AV PRS CASTELO BRANCO;;BARRA DO CEARA;SRI9072;Colisão;Não informado;Não informado;Não informado;Cruz;Não informado;Cruzamento;0;2;0;2;0;0;0;0;0;0;0;0;0;(-38.5790774 -3.7040902);
KDJ4233;2021-10-19 18:09:00;Rua Agapito dos Santos;;;CENTRO;KDJ4233;Atropelamento;Não informado;Não informado;Não informado;Meio de quadra;Não informado;Longo da via;0;1;0;0;1;0;0;0;0;0;0;0;0;(-38.5393796 -3.7283908);
XET1874;2021-10-19 17:35:00;Avenida Radialista João Ramos;;;PREFEITO JOSE VALTER;XET1874;Queda;Não informado;Não informado;Não informado;Meio de quadra;Não informado;Longo da via;0;1;0;1;0;0;0;0;0;0;0;0;0;(-38.5704417 -3.8425986);
HGA2567;2021-12-18 03:51:00;Avenida Odilon Guimarães;;;CURIO;959950;Choque c/ Obstáculo Fixo;Via Iluminada;Bom;Molhada;Meio de quadra;Não há Controle;Longo da via;0;0;0;0;1;0;0;0;0;0;0;0;0;(-38.46275762393153 -3.811332123508207);
OHG7432;2021-10-19 16:49:00;Avenida Domingos Olímpio;;;CENTRO;OHG7432;Colisão;Não informado;Não informado;Não informado;Meio de quadra;Não informado;Longo da via;0;1;0;1;1;0;0;0;0;0;0;0;0;(-38.5275845 -3.7379298);
VTH8755;2021-12-17 12:30:00;Rua Dom pedro Ⅱ;RUA JOAQUIM FELICIO;;MESSEJANA;969295;Colisão Transversal;Luz do Dia;Bom;Seca;Cruz;Pare;Longo da via;0;2;0;2;0;0;0;0;0;0;0;0;0;(-38.48792747027776 -3.830761673836625);
SZL8759;2021-10-19 16:38:00;Rua Urucutuba;RUA VIRGILIO NOGUEIRA PAES;;BOM JARDIM;SZL8759;Colisão;Não informado;Não informado;Não informado;Cruz;Não informado;Cruzamento;0;1;0;0;1;0;0;0;0;1;0;0;0;(-38.6117457 -3.7980796);
ZOH3414;2021-12-17 15:50:00;Avenida Padre Antônio Tomás;RUA LIGIA MONTE;;COCO;969005;Colisão Transversal;Luz do Dia;Bom;Seca;Cruz;Semáforo;Longo da via;0;0;1;1;1;0;0;0;0;0;0;0;0;(-38.4801124 -3.7465238);
GUO0220;2021-10-19 16:33:00;BR-116;;;AEROLANDIA;GUO0220;Colisão;Não informado;Não informado;Não informado;Meio de quadra;Não informado;Longo da via;0;1;0;1;1;0;0;0;0;0;0;0;0;(-38.5131184 -3.7826225);
GGJ9470;2021-10-19 16:18:00;AV CASTELO DE CASTRO;;;JANGURUSSU;GGJ9470;Colisão;Não informado;Não informado;Não informado;Meio de quadra;Não informado;Longo da via;0;3;0;0;0;0;0;0;0;0;1;0;0;(-38.5216603 -3.8435121);
GSF2663;2021-10-19 16:11:00;Avenida E;;;CONJUNTO CEARA II;GSF2663;Colisão;Não informado;Não informado;Não informado;Meio de quadra;Não informado;Longo da via;0;1;0;1;1;0;0;0;0;0;0;0;0;(-38.6057511 -3.759431);
END3915;2021-12-17 22:31:00;Avenida Presidente Costa e Silva;RUA 11 CJ JOSE WALTER;;PREFEITO JOSE VALTER;968343;Atropelamento;Via Iluminada;Bom;Seca;T;Semáforo;Longo da via;0;1;1;0;1;0;0;0;0;0;0;0;0;(-38.5503326 -3.8234508);
GNL3373;2021-10-19 16:03:00;AV GODOFREDO MACIEL;RUA CEL TIBURCIO;;PARANGABA;GNL3373;Colisão;Não informado;Não informado;Não informado;Y;Não informado;Cruzamento;0;1;0;1;1;0;0;0;0;0;0;0;0;(-38.5752077 -3.8148502);
JAU5743;2021-10-19 14:58:00;Avenida Doutor Theberge;;;CARLITO PAMPLONA;JAU5743;Colisão;Não informado;Não informado;Não informado;Meio de quadra;Não informado;Longo da via;0;1;0;1;1;0;0;0;0;0;0;0;0;(-38.5658028 -3.7170092);
FSR3164;2021-10-19 14:05:00;Rua Pedro Pereira;RUA GOV SAMPAIO;;CENTRO;FSR3164;Atropelamento;Não informado;Não informado;Não informado;Cruz;Não informado;Cruzamento;0;1;0;0;0;0;0;0;0;1;0;0;0;(-38.53126116241523 -3.728716869638529);
BGI1359;2021-10-19 12:04:00;RUA NUBIA BARROCAS;AV EDILSON B SOARES;;EDSON QUEIROZ;BGI1359;Colisão;Não informado;Não informado;Não informado;Cruz;Não informado;Cruzamento;0;1;0;1;1;0;0;0;0;0;0;0;0;(-38.4820909 -3.790746);
BSI9334;2021-12-17 21:00:00;Avenida Godofredo Maciel;;;MARAPONGA;967772;Colisão Traseira;Via Iluminada;Bom;Seca;Meio de quadra;Não há Controle;Longo da via;0;0;2;0;2;0;0;0;0;0;0;0;0;(-38.57236341147406 -3.804748457191912);
GIV5735;2021-12-17 22:15:00;Rua Henrique Autran;;;MONTE CASTELO;967763;Colisão Lateral;Via Iluminada;Bom;Seca;Cruz;Pare;Longo da via;0;0;0;0;2;0;0;0;0;0;0;0;0;(-38.54901208970352 -3.727496370574142);
UQY9213;2021-12-17 19:20:00;Rua Eduardo Perdigão;AV GODOFREDO MACIEL;;PARANGABA;967413;Colisão Lateral;Luz do Dia;Bom;Seca;T;Não há Controle;Longo da via;0;2;1;1;0;0;0;0;0;0;1;0;0;(-38.56386617120366 -3.776625466756025);
QXR7955;2021-12-17 12:50:00;Rua Leiria de Andrade;RUA PDE FROTA;;MONTE CASTELO;963698;Colisão Lateral;Luz do Dia;Bom;Seca;Cruz;Pare;Longo da via;0;0;2;0;1;0;1;0;0;0;0;0;0;(-38.5487026 -3.7297172);
GDP3894;2021-12-17 11:40:00;Rua Capitão Aragão;;;AEROLANDIA;951992;Colisão Traseira;Luz do Dia;Bom;Seca;Meio de quadra;Pare;Longo da via;0;0;2;0;2;0;0;0;0;0;0;0;0;(-38.51176157794205 -3.764694063226214);
MHV2394;2021-12-16 19:30:00;Rua Primeiro de Janeiro;RUA CAMBARA;;MARAPONGA;969501;Colisão Lateral;Via Iluminada;Bom;Seca;Cruz;Pare;Longo da via;0;0;2;1;2;0;0;0;0;0;0;0;0;(-38.56467621287003 -3.785259439824174);
XEH4355;2021-12-16 10:15:00;Rua Capitão Gustavo;RUA CASTRO ALVES;;JOAQUIM TVORA;969442;Colisão Transversal;Luz do Dia;Bom;Seca;Cruz;Pare;Longo da via;0;0;1;0;2;0;0;0;0;0;0;0;0;(-38.5177442 -3.7499033);
DJV6299;2021-12-16 18:30:00;Avenida Carneiro de Mendonça;AV JOAO PESSOA;;PARANGABA;969009;Colisão Lateral;Luz do Dia;Bom;Seca;T;Semáforo;Longo da via;0;0;2;0;1;0;1;0;0;0;0;0;0;(-38.56002524695602 -3.767161720003361);
YTT2986;2021-10-19 11:36:00;Rua Professor Heribaldo Costa;RUA PORTO VELHO;;HENRIQUE JORGE;YTT2986;Colisão;Não informado;Não informado;Não informado;Cruz;Não informado;Cruzamento;0;1;0;1;0;0;1;0;0;0;0;0;0;(-38.5850593 -3.7621902);
CNY5912;2021-10-19 11:33:00;Avenida Edilson Brasil Soares;;;PARQUE MANIBURA;CNY5912;Colisão;Não informado;Não informado;Não informado;Meio de quadra;Não informado;Longo da via;0;1;0;1;1;0;0;0;0;0;0;0;0;(-38.4819328 -3.7893489);
ZDJ0646;2021-10-19 11:00:00;Rua Jose Nogueira;;;PEDRAS;ZDJ0646;Queda;Não informado;Não informado;Não informado;Meio de quadra;Não informado;Longo da via;0;1;0;1;0;0;0;0;0;0;0;0;0;(-38.509771 -3.888656399999999);
LQY2217;2021-10-19 10:56:00;Avenida Professor Gomes de Matos;;;MONTESE;LQY2217;Colisão;Não informado;Não informado;Não informado;Meio de quadra;Não informado;Longo da via;0;1;0;2;0;0;0;0;0;0;0;0;0;(-38.549875 -3.7662939);
DHO8558;2021-12-16 15:00:00;Rua Sandra Queirós;RUA BENEDITO LACERDA;;BARROSO;969008;Colisão Transversal;Luz do Dia;Bom;Seca;T;Não há Controle;Longo da via;0;1;1;1;1;0;0;0;0;0;0;0;0;(-38.50984111746029 -3.814265317968918);
DRZ8023;2021-10-19 10:16:00;RUA ISABEL BEZERRA;RUA MARIA QUINTINO;;ANCURI;DRZ8023;Colisão;Não informado;Não informado;Não informado;Cruz;Não informado;Cruzamento;0;1;0;1;1;0;0;0;0;0;0;0;0;(-38.5007624 -3.8550838);
LNJ3841;2021-10-19 09:06:00;Avenida Sargento Hermínio Sampaio;;;PADRE ANDRADE;LNJ3841;Queda;Não informado;Não informado;Não informado;Meio de quadra;Não informado;Longo da via;0;1;0;1;0;0;0;0;0;0;0;0;0;(-38.58066820000001 -3.7322614);
FIB7718;2021-10-19 02:32:00;RUA CANDIDO MAIA;;;ANTONIO BEZERRA;FIB7718;Queda;Não informado;Não informado;Não informado;Meio de quadra;Não informado;Longo da via;0;1;0;0;0;0;0;0;0;1;0;0;0;(-38.5901092 -3.7371858);
HCG8108;2021-12-15 09:30:00;Rua Pastor Samuel Munguba;RUA ALEXANDRE BARAUNA;;RODOLFO TEOFILO;969477;Colisão Transversal;Luz do Dia;Bom;Seca;Cruz;Pare;Longo da via;0;0;0;0;1;0;0;1;0;0;0;0;0;(-38.5505302347844 -3.749047564965764);
OVF1782;2021-10-19 01:38:00;Avenida Senador Fernandes Távora;;;AUTRAN NUNES;OVF1782;Queda;Não informado;Não informado;Não informado;Meio de quadra;Não informado;Longo da via;0;1;0;0;0;0;0;0;0;1;0;0;0;(-38.5937402 -3.7561086);
PHA3835;2021-12-15 11:30:00;Avenida General Osório de Paiva;;;VILA PERY;969476;Colisão Lateral;Luz do Dia;Bom;Seca;Outros;Não informado;Longo da via;0;1;0;1;0;0;0;0;0;0;0;0;0;(-38.58469621040117 -3.787245294988027);
SLJ6886;2021-10-18 23:43:00;Avenida Beira Mar;;;MEIRELES;SLJ6886;Queda;Não informado;Não informado;Não informado;Meio de quadra;Não informado;Longo da via;0;1;0;0;0;0;0;0;0;1;0;0;0;(-38.5021146 -3.724665);
SCC8917;2021-10-18 23:41:00;Avenida Francisco Sá;AV DR THEBERGE;;ALVARO WEYNE;SCC8917;Colisão;Não informado;Não informado;Não informado;Cruz;Não informado;Cruzamento;0;2;0;0;0;0;0;0;0;0;1;0;0;(-38.5649859 -3.7148176);
YXN0362;2021-12-15 23:55:00;Avenida Santos Dumont;RUA SILVA PAULET;;ALDEOTA;969396;Colisão Transversal;Não informado;Bom;Seca;Cruz;Pare;Longo da via;0;0;0;0;2;0;0;0;0;0;0;0;0;(-38.5052598 -3.733989299999999);
IPU4381;2021-12-14 18:00:00;Rua Costa Barros;RUA GONCALVES LEDO;;ALDEOTA;969461;Colisão Transversal;Não informado;Bom;Seca;Cruz;Semáforo;Longo da via;0;0;1;0;1;0;0;0;0;0;0;0;0;(-38.5154111 -3.7290736);
QSI3816;2021-10-18 22:34:00;AV GOV  RAUL BARBOSA;;;AEROLANDIA;QSI3816;Queda;Não informado;Não informado;Não informado;Meio de quadra;Não informado;Longo da via;0;1;0;1;0;0;0;0;0;0;0;0;0;(-38.512539 -3.7729647);
MEH4678;2021-10-18 21:17:00;Avenida Humberto Monte;;;PARQUELANDIA;MEH4678;Colisão;Não informado;Não informado;Não informado;Meio de quadra;Não informado;Longo da via;0;1;0;1;1;0;0;0;0;0;0;0;0;(-38.56541199999999 -3.7428843);
GYM0601;2021-10-18 22:13:00;Rua José Bastos;RUA JOSE FACANHA;;RODOLFO TEOFILO;GYM0601;Colisão;Não informado;Não informado;Não informado;Cruz;Não informado;Cruzamento;0;2;0;1;1;0;0;0;0;0;0;0;0;(-38.5546087 -3.7545879);
WYK0367;2021-10-18 20:44:00;Rua Cônego de Castro;;;PARQUE SANTA ROSA;WYK0367;Atropelamento;Não informado;Não informado;Não informado;Meio de quadra;Não informado;Longo da via;0;2;0;1;0;0;0;0;0;0;0;0;0;(-38.596929 -3.811265);
ENB6176;2021-10-18 18:37:00;Avenida Augusto dos Anjos;;;JOQUEI CLUBE;ENB6176;Colisão;Não informado;Não informado;Não informado;Meio de quadra;Não informado;Longo da via;0;1;0;1;1;0;0;0;0;0;0;0;0;(-38.5722818 -3.7722428);
OYY4943;2021-12-14 09:40:00;Rua João Cordeiro;;;ALDEOTA;969441;Colisão Transversal;Luz do Dia;Bom;Seca;Meio de quadra;Não há Controle;Longo da via;0;1;1;1;1;0;0;0;0;0;0;0;0;(-38.51600484222134 -3.734803280458558);
FOR2798;2021-10-18 16:09:00;Avenida Beira Mar;;;MEIRELES;FOR2798;Atropelamento;Não informado;Não informado;Não informado;Meio de quadra;Não informado;Longo da via;0;1;0;0;1;0;0;0;0;0;0;0;0;(-38.4966461 -3.725741);
KHR4075;2021-10-18 15:41:00;RUA PROF COSTA MENDES;;;DAMAS;KHR4075;Queda;Não informado;Não informado;Não informado;Meio de quadra;Não informado;Longo da via;0;1;0;1;0;0;0;0;0;0;0;0;0;(-38.5493152 -3.752503);
CZS5545;2021-12-14 12:20:00;Rua Guilherme Rocha;;;JACARECANGA;969242;Colisão Lateral;Luz do Dia;Bom;Seca;Meio de quadra;Semáforo;Longo da via;0;0;2;0;2;0;0;0;0;0;0;0;0;(-38.54044512349309 -3.722946249489597);
ANA8300;2021-10-18 15:14:00;Rua Coronel Jucá;AV PDE ANTONIO TOMAS;;ALDEOTA;ANA8300;Colisão;Não informado;Não informado;Não informado;Cruz;Não informado;Cruzamento;0;1;0;1;1;0;0;0;0;0;0;0;0;(-38.4927688 -3.7423362);
MJK7598;2021-10-18 15:12:00;Avenida Treze de Maio;;;FATIMA;MJK7598;Atropelamento;Não informado;Não informado;Não informado;Meio de quadra;Não informado;Longo da via;0;1;0;0;1;0;0;0;0;0;0;0;0;(-38.5303046 -3.7487901);
TNL0601;2021-10-18 15:08:00;Rua Paulo Marcelo;;;SAPIRANGA / COITE;TNL0601;Colisão;Não informado;Não informado;Não informado;Meio de quadra;Não informado;Longo da via;0;1;0;1;1;0;0;0;0;0;0;0;0;(-38.4582735 -3.7860097);
FTR5032;2021-10-18 14:32:00;Rua Felino Barroso;;;FATIMA;FTR5032;Atropelamento;Não informado;Não informado;Não informado;Meio de quadra;Não informado;Longo da via;0;2;0;1;0;0;0;0;0;0;0;0;0;(-38.5281385 -3.7454065);
WXY3132;2021-10-18 13:06:00;AV JOSE BASTOS;;;COUTO FERNANDES;WXY3132;Atropelamento;Não informado;Não informado;Não informado;Meio de quadra;Não informado;Longo da via;0;1;0;0;0;0;0;1;0;0;0;0;0;(-38.5528354 -3.7521542);
NFP6412;2021-12-14 19:20:00;Avenida Visconde do Rio Branco;;;FATIMA;969007;Colisão Lateral;Luz do Dia;Bom;Seca;Meio de quadra;Não há Controle;Longo da via;0;0;2;0;0;0;1;1;0;0;0;0;0;(-38.52056458253362 -3.753105082726783);
ELP3806;2021-12-14 12:58:00;Avenida General Murilo Borges;;;ENGENHEIRO LUCIANO CAVALCANTE;968969;Colisão Transversal;Luz do Dia;Bom;Seca;Meio de quadra;Não há Controle;Longo da via;0;0;0;2;0;0;0;0;0;0;0;0;0;(-38.50685908615255 -3.764084257187678);
UCK3633;2021-12-14 12:00:00;Rua Monsenhor Bruno;;;JOAQUIM TVORA;968842;Colisão Lateral;Luz do Dia;Bom;Seca;Meio de quadra;Não há Controle;Longo da via;0;1;0;1;1;0;0;0;0;0;0;0;0;(-38.51368740213812 -3.745589560033172);
WTN7007;2021-12-14 19:40:00;Rua Barão de Sobral;RUA ZACARIAS GONDIM;;MONTESE;968438;Colisão Transversal;Luz do Dia;Bom;Seca;Cruz;Pare;Longo da via;0;0;0;2;1;0;0;0;0;0;0;0;0;(-38.55724647888577 -3.765363168249643);
CGY2294;2021-10-18 11:57:00;Avenida Presidente Costa e Silva;;;PREFEITO JOSE VALTER;CGY2294;Queda;Não informado;Não informado;Não informado;Meio de quadra;Não informado;Longo da via;0;1;0;1;0;0;0;0;0;0;0;0;0;(-38.5383944 -3.8262463);
REO9733;2021-12-13 12:30:00;Rua Jose Nogueira;;;PEDRAS;960829;Colisão Lateral;Luz do Dia;Bom;Seca;Duplo T;Não há Controle;Longo da via;0;0;1;1;1;0;0;0;0;0;0;0;0;(-38.50965336447129 -3.888892459017545);
QJB0234;2021-10-18 10:41:00;Rua Viriato Ribeiro;;;BELA VISTA;QJB0234;Colisão;Não informado;Não informado;Não informado;Meio de quadra;Não informado;Longo da via;0;1;0;1;1;0;0;0;0;0;0;0;0;(-38.5625371 -3.7489745);
YYJ9759;2021-10-18 10:07:00;Avenida Carneiro de Mendonça;;;JOQUEI CLUBE;YYJ9759;Colisão;Não informado;Não informado;Não informado;Meio de quadra;Não informado;Longo da via;0;1;0;1;1;0;0;0;0;0;0;0;0;(-38.572938 -3.7606562);
BUY9386;2021-12-12 16:30:00;Avenida Treze de Maio;;;BENFICA;969432;Colisão Traseira;Luz do Dia;Bom;Seca;Meio de quadra;Não há Controle;Longo da via;0;0;1;1;1;0;0;0;0;0;0;0;0;(-38.53777202495759 -3.742122759203825);
RAX9710;2021-12-12 21:30:00;Rua Antônio Augusto;;;ALDEOTA;969280;Choque c/ Obstáculo Fixo;Via Iluminada;Bom;Seca;Meio de quadra;Não há Controle;Longo da via;0;0;0;0;3;0;0;0;0;0;0;0;0;(-38.51458862061387 -3.733946795997893);
GWQ1234;2021-10-18 03:49:00;Rua Capitão Melo;AV PONTES VIEIRA;;SAO JOAO DO TAUAPE;GWQ1234;Queda;Não informado;Não informado;Não informado;Cruz;Não informado;Cruzamento;0;1;0;1;0;0;0;0;0;0;0;0;0;(-38.5138093 -3.7527264);
UFK3688;2021-10-18 03:48:00;Rua Meton de Alencar;;;CENTRO;UFK3688;Queda;Não informado;Não informado;Não informado;Meio de quadra;Não informado;Longo da via;0;1;0;1;0;0;0;0;0;0;0;0;0;(-38.5389868 -3.7310501);
HRY5618;2021-10-18 02:44:00;RUA EMILIO DE MENEZES;RUA JOSE ARISTOTELES GONDIM;;BONSUCESSO;HRY5618;Colisão;Não informado;Não informado;Não informado;Cruz;Não informado;Cruzamento;0;1;0;1;1;0;0;0;0;0;0;0;0;(-38.58633 -3.7835732);
SQF8943;2021-12-12 17:00:00;Rua Germano Franck;;;PARANGABA;968948;Colisão Traseira;Via Iluminada;Bom;Seca;Meio de quadra;Não há Controle;Longo da via;0;0;2;0;2;0;0;0;0;0;0;0;0;(-38.56312588784918 -3.778209884868745);
UXN7905;2021-10-18 02:13:00;Avenida Emília Gonçalves;;;QUINTINO CUNHA;UXN7905;Atropelamento;Não informado;Não informado;Não informado;Meio de quadra;Não informado;Longo da via;0;1;0;0;1;0;0;0;0;0;0;0;0;(-38.5929266 -3.7320973);
ZPM0450;2021-10-18 01:25:00;AV L;RUA MIN ALBUQUERQUE LIMA;;CONJUNTO CEARA I;ZPM0450;Colisão;Não informado;Não informado;Não informado;Duplo T;Não informado;Cruzamento;0;1;0;0;1;0;0;1;0;0;0;0;0;(-38.6064502 -3.7699203);
YUG2618;2021-10-18 01:13:00;Estrada Barão de Aquiraz;;;MESSEJANA;YUG2618;Atropelamento;Não informado;Não informado;Não informado;Meio de quadra;Não informado;Longo da via;0;1;0;0;0;0;0;0;0;0;1;0;0;(-38.4874494 -3.8386888);
QCS6568;2021-12-12 20:30:00;Rua Cônego de Castro;;;CANINDEZINHO;966428;Colisão Lateral;Via Iluminada;Bom;Seca;Meio de quadra;Não há Controle;Longo da via;0;0;1;0;0;0;0;1;0;0;0;0;0;(-38.59586491677567 -3.809522958432773);
LLZ3455;2021-10-18 00:45:00;Rua Betel;;;ITAPERI;LLZ3455;Atropelamento;Não informado;Não informado;Não informado;Meio de quadra;Não informado;Longo da via;0;1;0;0;0;0;0;0;0;0;1;0;0;(-38.5526492 -3.7922126);
ZTQ5517;2021-10-17 22:45:00;Avenida Contôrno Oeste;AV CONTORNO SUL;;PARQUE SANTA ROSA;ZTQ5517;Atropelamento;Não informado;Não informado;Não informado;Cruz;Não informado;Cruzamento;0;2;0;0;1;0;0;0;0;0;0;0;0;(-38.595781 -3.8121383);
TOI9690;2021-12-13 02:00:00;Avenida Contôrno Norte;;;CONJUNTO ESPERANCA;960796;Colisão Transversal;Via Iluminada;Bom;Seca;Meio de quadra;Semáforo;Longo da via;0;0;2;1;1;0;0;0;0;0;0;0;0;(-38.58802751563972 -3.813596250770452);
UYR6703;2021-10-17 22:34:00;Rua Francisco Glicério;AV GODOFREDO MACIEL;;MARAPONGA;UYR6703;Colisão;Não informado;Não informado;Não informado;Cruz;Não informado;Cruzamento;0;1;0;1;1;0;0;0;0;0;0;0;0;(-38.5697297 -3.7960147);
DXZ7766;2021-10-17 22:32:00;Rua Sargento João Pinheiro;;;BOM JARDIM;DXZ7766;Atropelamento;Não informado;Não informado;Não informado;Meio de quadra;Não informado;Longo da via;0;1;0;1;0;0;0;0;0;0;0;0;0;(-38.6231858 -3.7841572);
XWU0572;2021-10-17 22:15:00;Avenida João Pessoa;RUA BAR SOBRAL;;PARANGABA;XWU0572;Colisão;Não informado;Não informado;Não informado;Cruz;Não informado;Cruzamento;0;1;0;1;1;0;0;0;0;0;0;0;0;(-38.5587057 -3.7645096);
CAD5674;2021-12-13 00:50:00;Rua Modesta;;;CONJUNTO PALMEIRAS;960399;Colisão Traseira;Via Iluminada;Bom;Seca;Meio de quadra;Não há Controle;Longo da via;0;0;1;0;2;0;0;0;0;0;0;0;0;(-38.52232412173426 -3.845250585895664);
JOB9156;2021-10-17 21:31:00;Rua Coronel de Queiroz;;;PLANALTO AYRTON SENNA;JOB9156;Colisão;Não informado;Não informado;Não informado;Meio de quadra;Não informado;Longo da via;0;1;0;1;1;0;0;0;0;0;0;0;0;(-38.5678586 -3.8338721);