COD_ACIDENTE;DATA;LOG1;LOG2;NUMERO;BAIRRO;AMC;NATUREZA;ILUMINACAO;TEMPO;SUPERFICIEPISTA;TIPOCRUZAMENTO;CONTROLETRAFEGO;USOSOLO;MORTOS;FERIDOS;ILESOS;MOTOCICLETA;AUTOMOVEL;MICROONIBUS;CAMINHAO;ONIBUS;CICLOMOTOR;BICICLETA;OUTROS;TREM;TRACAOANIMAL;COORDENADAS
HTW4560;2021-12-12 11:05:00;Rua Capitão Gustavo;RUA EDUARDO BEZERRA;;SAO JOAO DO TAUAPE;953001;Colisão Transversal;Luz do Dia;Bom;Seca;Cruz;Semáforo;Longo da via;0;0;0;1;1;0;0;0;0;0;0;0;0;(-38.5169582 -3.7541403);
SLJ3591;2021-12-11 16:30:00;Rua da Assunção;RUA METON DE ALENCAR;;CENTRO;969471;Colisão Transversal;Luz do Dia;Bom;Seca;Cruz;Semáforo;Longo da via;0;2;0;1;1;0;0;0;0;0;0;0;0;(-38.52863267569524 -3.734492804938123);
TYE5884;2021-12-11 09:20:00;Rua Isac Amaral;RUA VIS MAUA;;DIONISIO TORRES;969466;Choque c/ Obstáculo Fixo;Não informado;Bom;Seca;Não informado;Não há Controle;Longo da via;0;0;1;0;1;0;0;0;0;0;0;0;0;(-38.50491 -3.752741);
XBO4656;2021-10-17 20:51:00;Avenida Jornalista Tomaz Coelho;;;MESSEJANA;XBO4656;Colisão;Não informado;Não informado;Não informado;Meio de quadra;Não informado;Longo da via;0;1;0;1;1;0;0;0;0;0;0;0;0;(-38.5107767 -3.8295793);
UGK3663;2021-12-11 23:00:00;Rua João Cordeiro;RUA BARBARA DE ALENCAR;;ALDEOTA;969380;Colisão Transversal;Via Iluminada;Bom;Seca;Cruz;Pare;Longo da via;0;0;1;0;2;0;0;0;0;0;0;0;0;(-38.51696506483842 -3.737099725293576);
XMM4261;2021-10-17 20:24:00;Rua Nossa Senhora das Graças;;;PIRAMBU;XMM4261;Colisão;Não informado;Não informado;Não informado;Meio de quadra;Não informado;Longo da via;0;1;0;1;1;0;0;0;0;0;0;0;0;(-38.5548752 -3.7098989);
DGC7642;2021-10-17 19:10:00;Avenida Coronel Virgílio Nogueira;RUA OSCAR FRANCA;;BOM JARDIM;DGC7642;Colisão;Não informado;Não informado;Não informado;Cruz;Não informado;Cruzamento;0;2;0;0;0;0;0;0;0;0;1;0;0;(-38.608861 -3.7889508);
DGC7642;2021-10-17 18:18:00;AV BERNARDO MANUEL;AV BENJAMIM BRASIL;;ITAPERI;DGC7642;Queda;Não informado;Não informado;Não informado;T;Não informado;Cruzamento;0;1;0;0;0;0;0;0;0;1;0;0;0;(-38.55460391667727 -3.809905081310242);
WMQ3341;2021-12-11 04:00:00;Rua Padre Sá Leitão;RUA JOCKEY CLUBE;;JOQUEI CLUBE;968117;Colisão Lateral;Via Iluminada;Bom;Seca;Cruz;Pare;Longo da via;0;0;2;0;2;0;0;0;0;0;0;0;0;(-38.5811479 -3.7614254);
XDH4752;2021-10-17 17:08:00;Rua Deputado Moreira da Rocha;;;MEIRELES;XDH4752;Colisão;Não informado;Não informado;Não informado;Meio de quadra;Não informado;Longo da via;0;1;0;0;1;0;0;0;0;1;0;0;0;(-38.50569249999999 -3.7266678);
YAD9654;2021-10-17 13:49:00;Avenida Sebastião de Abreu;;;COCO;YAD9654;Queda;Não informado;Não informado;Não informado;Meio de quadra;Não informado;Longo da via;0;1;0;0;0;0;0;0;0;1;0;0;0;(-38.4832888 -3.7559611);
GBH9228;2021-10-17 13:33:00;Avenida C;;;PREFEITO JOSE VALTER;GBH9228;Colisão;Não informado;Não informado;Não informado;Meio de quadra;Não informado;Longo da via;0;1;0;1;1;0;0;0;0;0;0;0;0;(-38.5558816 -3.8287325);
HUK4294;2021-10-17 07:12:00;Avenida Visconde do Rio Branco;;;JOAQUIM TVORA;HUK4294;Colisão;Não informado;Não informado;Não informado;Meio de quadra;Não informado;Longo da via;0;1;0;0;0;0;0;0;0;0;1;0;0;(-38.5208537 -3.7549113);
UER9382;2021-10-17 06:54:00;Avenida Val Paraíso;;;CONJUNTO PALMEIRAS;UER9382;Colisão;Não informado;Não informado;Não informado;Meio de quadra;Não informado;Longo da via;0;1;0;0;0;0;0;0;0;0;1;0;0;(-38.5280139 -3.8422585);
GIN6192;2021-10-17 04:56:00;Avenida Doutor Theberge;;;ALVARO WEYNE;GIN6192;Queda;Não informado;Não informado;Não informado;Meio de quadra;Não informado;Longo da via;0;1;0;1;0;0;0;0;0;0;0;0;0;(-38.5618768 -3.70573);
GGJ0358;2021-10-17 04:44:00;Avenida Governador Raul Barbosa;;;AEROLANDIA;GGJ0358;Atropelamento;Não informado;Não informado;Não informado;Meio de quadra;Não informado;Longo da via;0;1;0;0;1;0;0;0;0;0;0;0;0;(-38.5107823 -3.7702128);
IYW0338;2021-10-17 04:37:00;Avenida Bernardo Manuel;;;PARQUE DOIS IRMAOS;IYW0338;Atropelamento;Não informado;Não informado;Não informado;Meio de quadra;Não informado;Longo da via;0;1;0;0;0;0;0;0;0;0;1;0;0;(-38.5517759 -3.7992681);
IYW0338;2021-10-17 03:48:00;Rua Ceará;RUA PARANA;;PAN AMERICANO;IYW0338;Colisão;Não informado;Não informado;Não informado;Cruz;Não informado;Cruzamento;0;1;0;0;0;0;0;0;0;0;1;0;0;(-38.5683556 -3.7572906);
PZN6679;2021-10-17 02:40:00;Rodovia Anel Viario De Fortaleza;;;ANCURI;PZN6679;Colisão;Não informado;Não informado;Não informado;Meio de quadra;Não informado;Longo da via;0;1;0;0;0;0;0;0;0;0;1;0;0;(-38.5082531 -3.8687273);
BOP2349;2021-10-17 01:46:00;Rua Osvaldo Cruz;AV ABOLICAO;;MEIRELES;BOP2349;Atropelamento;Não informado;Não informado;Não informado;Cruz;Não informado;Cruzamento;0;1;0;0;0;0;0;0;0;0;1;0;0;(-38.497451 -3.7266487);
BOP2349;2021-10-17 01:43:00;AV JOSE TAVARES;;;CANINDEZINHO;BOP2349;Atropelamento;Não informado;Não informado;Não informado;Meio de quadra;Não informado;Longo da via;0;1;0;1;0;0;0;0;0;0;0;0;0;(-38.6037097 -3.809117);
YEG2664;2021-10-17 00:58:00;Avenida Jornalista Tomaz Coelho;;;JANGURUSSU;YEG2664;Colisão;Não informado;Não informado;Não informado;Meio de quadra;Não informado;Longo da via;0;1;0;1;1;0;0;0;0;0;0;0;0;(-38.5175188 -3.8279608);
XIU6642;2021-10-17 00:25:00;Avenida Godofredo Maciel;;;PARANGABA;XIU6642;Atropelamento;Não informado;Não informado;Não informado;Meio de quadra;Não informado;Longo da via;0;1;0;0;1;0;0;0;0;0;0;0;0;(-38.5652202 -3.780496);
BOI1643;2021-12-11 11:50:00;Avenida Pontes Vieira;RUA JOAQUIM NABUCO;;DIONISIO TORRES;968041;Colisão Transversal;Não informado;Bom;Não informado;Não informado;Não informado;Longo da via;0;0;0;1;1;0;0;0;0;0;0;0;0;(-38.5066728 -3.7519582);
VXD5989;2021-10-17 00:20:00;Rua Monsenhor Otávio de Castro;;;FATIMA;VXD5989;Atropelamento;Não informado;Não informado;Não informado;Meio de quadra;Não informado;Longo da via;0;1;0;0;1;0;0;0;0;0;0;0;0;(-38.52647 -3.7500815);
KWR9984;2021-10-17 00:04:00;Rua Almirante Rubim;RUA 15 DE NOVEMBRO;;MONTESE;KWR9984;Colisão;Não informado;Não informado;Não informado;Cruz;Não informado;Cruzamento;0;1;0;1;1;0;0;0;0;0;0;0;0;(-38.5559528 -3.768917);
SEO8635;2021-10-17 00:03:00;Avenida Borges de Melo;;;VILA UNIAO;SEO8635;Colisão;Não informado;Não informado;Não informado;Meio de quadra;Não informado;Longo da via;0;1;0;0;0;0;0;0;0;0;1;0;0;(-38.529049 -3.7604285);
MVG5400;2021-10-16 23:58:00;Rua José Setúbal Pessoa;;;CAIS DO PORTO;MVG5400;Atropelamento;Não informado;Não informado;Não informado;Meio de quadra;Não informado;Longo da via;0;1;0;0;1;0;0;0;0;0;0;0;0;(-38.4738911 -3.7197904);
ZHG2219;2021-10-16 23:37:00;Rua Major Pedro Sampaio;RUA ANA NERY;;RODOLFO TEOFILO;ZHG2219;Queda;Não informado;Não informado;Não informado;T;Não informado;Cruzamento;0;1;0;1;0;0;0;0;0;0;0;0;0;(-38.552025 -3.7447774);
SSF0755;2021-12-11 07:30:00;Avenida Leste Oeste;;;MOURA BRASIL;967474;Capotamento;Luz do Dia;Bom;Seca;Outros;Outros;Longo da via;0;0;1;0;1;0;0;0;0;0;0;0;0;(-38.53096082936691 -3.7198682130686);
HBK4477;2021-10-16 23:16:00;Rua Paulo Esteferson Bezerra;;;JANGURUSSU;HBK4477;Queda;Não informado;Não informado;Não informado;Meio de quadra;Não informado;Longo da via;0;1;0;1;0;0;0;0;0;0;0;0;0;(-38.5135859 -3.8421105);
KFO0423;2021-10-16 22:47:00;RUA RISO DO PRADO;;;BONSUCESSO;KFO0423;Capotamento;Não informado;Não informado;Não informado;Meio de quadra;Não informado;Longo da via;0;1;0;0;0;0;0;0;0;0;1;0;0;(-38.5793662 -3.77972);
COB0227;2021-10-16 22:04:00;Rua Olavo Bilac;;;PRESIDENTE KENNEDY;COB0227;Colisão;Não informado;Não informado;Não informado;Meio de quadra;Não informado;Longo da via;0;2;0;2;0;0;0;0;0;0;0;0;0;(-38.5641559 -3.734992);
ELX8219;2021-12-11 19:10:00;Rua Crisanto Arruda;RUA SAO TOMAZ DE AQUINO;;PASSARE;967153;Colisão Frontal;Luz do Dia;Bom;Seca;Cruz;Não há Controle;Longo da via;0;0;0;1;0;0;0;1;0;0;0;0;0;(-38.52424994733781 -3.816497322375178);
JES5881;2021-10-16 21:39:00;RUA PATATIVA DO ASSARE;;;SIQUEIRA;JES5881;Colisão;Não informado;Não informado;Não informado;Meio de quadra;Não informado;Longo da via;0;1;0;1;1;0;0;0;0;0;0;0;0;(-38.6282436 -3.8167353);
QMD2881;2021-10-16 19:40:00;Avenida Pintor Antônio Bandeira;;;VICENTE PINZON;QMD2881;Atropelamento de Animal;Não informado;Não informado;Não informado;Meio de quadra;Não informado;Longo da via;0;1;0;1;0;0;0;0;0;0;0;0;0;(-38.4622532 -3.7281376);
KGG1428;2021-10-16 18:12:00;Avenida Presidente Castelo Branco;;;MOURA BRASIL;KGG1428;Colisão;Não informado;Não informado;Não informado;Meio de quadra;Não informado;Longo da via;0;2;0;2;0;0;0;0;0;0;0;0;0;(-38.5308676 -3.7197721);
MFI2339;2021-12-11 16:50:00;Avenida POMPILIO GOMES;AV JOR THOMAZ COELHO;;BARROSO;967152;Colisão Lateral;Luz do Dia;Bom;Seca;Cruz;Semáforo;Longo da via;0;0;0;1;1;0;0;0;0;0;0;0;0;(-38.5214356 -3.8286703);
BBI0779;2021-12-12 06:00:00;Avenida Dom Luís;RUA OSVALDO CRUZ;;ALDEOTA;966429;Colisão Lateral;Via Iluminada;Bom;Seca;Cruz;Semáforo;Longo da via;0;0;2;0;2;0;0;0;0;0;0;0;0;(-38.49926248721675 -3.732635302548288);
YHM8154;2021-10-16 16:49:00;BR-116;;;MESSEJANA;YHM8154;Colisão;Não informado;Não informado;Não informado;Meio de quadra;Não informado;Longo da via;0;1;0;1;1;0;0;0;0;0;0;0;0;(-38.5048621 -3.8270454);
PPK5184;2021-10-15 16:49:00;Rua Francisca Clotilde;;;RODOLFO TEOFILO;PPK5184;Colisão;Não informado;Não informado;Não informado;Meio de quadra;Não informado;Longo da via;0;1;0;1;1;0;0;0;0;0;0;0;0;(-38.5547708 -3.7447642);
NYT2140;2021-12-11 04:40:00;Rua Professor Heribaldo Costa;RUA CURITIBA;;HENRIQUE JORGE;965126;Colisão Lateral;Via Iluminada;Bom;Seca;Cruz;Pare;Longo da via;0;0;0;0;0;0;0;1;0;0;0;0;0;(-38.5856869 -3.7633534);
RQI2590;2021-10-16 16:22:00;AV ALM HENRIQUE SABOIA;;;PAPICU;RQI2590;Colisão;Não informado;Não informado;Não informado;Meio de quadra;Não informado;Longo da via;0;1;0;0;0;0;0;0;0;0;1;0;0;(-38.4848306 -3.7362911);
FQO5538;2021-12-10 15:00:00;Avenida Jovita Feitosa;;;PARQUE ARAXA;969431;Colisão Traseira;Não informado;Bom;Seca;Meio de quadra;Não há Controle;Longo da via;0;1;1;1;1;0;0;0;0;0;0;0;0;(-38.5490925686412 -3.738341623026199);
EFE4530;2021-10-16 13:07:00;Avenida Augusto dos Anjos;;;BONSUCESSO;EFE4530;Colisão;Não informado;Não informado;Não informado;Meio de quadra;Não informado;Longo da via;0;1;0;1;1;0;0;0;0;0;0;0;0;(-38.5779167 -3.7787229);
CIN1076;2021-10-16 10:10:00;Avenida João Pessoa;;;;CIN1076;Colisão;Não informado;Não informado;Não informado;Meio de quadra;Não informado;Longo da via;0;2;0;1;1;0;0;0;0;0;0;0;0;(-38.5549407 -3.7587058);
LZR7964;2021-10-16 09:51:00;Avenida Chiquinha Gonzaga;;;JANGURUSSU;LZR7964;Queda;Não informado;Não informado;Não informado;Meio de quadra;Não informado;Longo da via;0;1;0;1;0;0;0;0;0;0;0;0;0;(-38.5151867 -3.8562835);
TIM7295;2021-10-16 06:11:00;Rua Monte Líbano;;;MONDUBIM;TIM7295;Queda;Não informado;Não informado;Não informado;Meio de quadra;Não informado;Longo da via;0;1;0;1;0;0;0;0;0;0;0;0;0;(-38.562198 -3.825118999999999);
CEY6710;2021-10-16 03:43:00;Avenida Governador Raul Barbosa;;;COCO;CEY6710;Colisão;Não informado;Não informado;Não informado;Meio de quadra;Não informado;Longo da via;0;1;0;0;0;0;0;0;0;0;1;0;0;(-38.5088994 -3.7657658);
GLX0598;2021-10-16 02:24:00;Rodovia Estrada do Guarani (BR116);;;DIAS MACEDO;GLX0598;Queda;Não informado;Não informado;Não informado;Meio de quadra;Não informado;Longo da via;0;1;0;1;0;0;0;0;0;0;0;0;0;(-38.5034701 -3.82242);
HXZ3456;2021-10-16 02:24:00;BR-116;;;DIAS MACEDO;HXZ3456;Não informado;Não informado;Não informado;Não informado;Não informado;Não informado;Longo da via;0;0;0;0;0;0;0;0;0;0;0;0;0;(-38.50841339999999 -3.7923934);
EGX5268;2021-12-10 11:40:00;Avenida dos Expedicionários;RUA PDE AMBROSIO MACHADO;;PARREAO;969240;Colisão Transversal;Luz do Dia;Bom;Seca;Cruz;Pare;Longo da via;0;1;1;1;1;0;0;0;0;0;0;0;0;(-38.53990867957891 -3.760754362425032);
FOV8110;2021-10-16 01:09:00;Avenida João Pessoa;;;BENFICA;FOV8110;Queda;Não informado;Não informado;Não informado;Meio de quadra;Não informado;Longo da via;0;1;0;0;0;0;0;0;0;1;0;0;0;(-38.5434501 -3.7456965);
PME9395;2021-10-15 11:39:00;Avenida Bezerra de Menezes;;;CENTRO;PME9395;Colisão;Não informado;Não informado;Não informado;Meio de quadra;Não informado;Longo da via;0;1;0;0;0;0;0;0;0;0;1;0;0;(-38.5400753 -3.7303279);
BAK7930;2021-10-15 21:14:00;Rua Amélia Benebien;;;PAPICU;BAK7930;Queda;Não informado;Não informado;Não informado;Meio de quadra;Não informado;Longo da via;0;1;0;1;0;0;0;0;0;0;0;0;0;(-38.477193 -3.737915);
RDB7373;2021-12-10 08:20:00;Avenida Jovita Feitosa;RUA AMADEU FURTADO;;AMADEU FURTADO;969239;Choque c/ Obstáculo Fixo;Amanhecer;Bom;Molhada;Cruz;Semáforo;Longo da via;0;0;0;0;0;0;0;1;0;0;0;0;0;(-38.5629171 -3.7412043);
HAX6024;2021-10-15 21:05:00;Rua Doutor Quixadá Felício;;;VILA VELHA;HAX6024;Colisão;Não informado;Não informado;Não informado;Meio de quadra;Não informado;Longo da via;0;1;0;1;1;0;0;0;0;0;0;0;0;(-38.5960522 -3.709956);
GPA6765;2021-10-15 20:34:00;Rua José Cândido;;;MONTE CASTELO;GPA6765;Colisão;Não informado;Não informado;Não informado;Meio de quadra;Não informado;Longo da via;0;1;0;1;1;0;0;0;0;0;0;0;0;(-38.5512111 -3.7320793);
NUP9389;2021-10-15 18:48:00;AV GOV RAUL BARBOSA;;;AEROLANDIA;NUP9389;Colisão;Não informado;Não informado;Não informado;Meio de quadra;Não informado;Longo da via;0;1;0;1;1;0;0;0;0;0;0;0;0;(-38.512539 -3.7729647);
RIL3618;2021-10-15 16:31:00;Avenida Gurgel do Amaral;;;GUAJERU;RIL3618;Colisão;Não informado;Não informado;Não informado;Meio de quadra;Não informado;Longo da via;0;1;0;1;1;0;0;0;0;0;0;0;0;(-38.4849391 -3.8364533);
SMW0793;2021-12-10 19:40:00;Avenida Doutor Valmir Pontes;;;EDSON QUEIROZ;968232;Colisão;Luz do Dia;Bom;Seca;Meio de quadra;Outros;Longo da via;0;0;0;0;1;0;0;0;0;1;0;0;0;(-38.4783434 -3.7711941);
WBF9352;2021-10-15 16:04:00;Rua Ildefonso Albano;;;ALDEOTA;WBF9352;Colisão;Não informado;Não informado;Não informado;Meio de quadra;Não informado;Longo da via;0;1;0;1;1;0;0;0;0;0;0;0;0;(-38.5141632 -3.7354512);
DTN8011;2021-10-15 15:56:00;Avenida Doutor Silas Munguba;RUA GERMANO FRANCK;;PARANGABA;DTN8011;Colisão;Não informado;Não informado;Não informado;Cruz;Não informado;Cruzamento;0;1;0;1;1;0;0;0;0;0;0;0;0;(-38.5620067 -3.777236);
RAR6186;2021-10-15 15:40:00;Avenida Américo Barreira;;;COUTO FERNANDES;RAR6186;Colisão;Não informado;Não informado;Não informado;Meio de quadra;Não informado;Longo da via;0;1;0;1;1;0;0;0;0;0;0;0;0;(-38.5632587 -3.7592572);
LLT1913;2021-10-15 14:43:00;Rua Sargento João Pinheiro;;;BOM JARDIM;LLT1913;Atropelamento;Não informado;Não informado;Não informado;Meio de quadra;Não informado;Longo da via;0;1;0;1;0;0;0;0;0;0;0;0;0;(-38.6231858 -3.7841572);
YNR9341;2021-12-09 10:00:00;Avenida Carneiro de Mendonça;RUA URSULA GARCIA;;DEMOCRITO ROCHA;969451;Colisão Transversal;Luz do Dia;Bom;Seca;Cruz;Pare;Longo da via;0;1;0;1;0;0;0;0;1;0;0;0;0;(-38.56220855219233 -3.766224974762061);
YYN4291;2021-10-15 14:39:00;BR 116;;;PEDRAS;YYN4291;Queda;Não informado;Não informado;Não informado;Meio de quadra;Não informado;Longo da via;0;2;0;1;0;0;0;0;0;0;0;0;0;(-38.5010583 -3.8815143);
UNX9071;2021-10-15 14:18:00;Avenida Filomeno Gomes;;;MOURA BRASIL;UNX9071;Queda;Não informado;Não informado;Não informado;Meio de quadra;Não informado;Longo da via;0;1;0;1;0;0;0;0;0;0;0;0;0;(-38.5414322 -3.7200583);
FTB1589;2021-10-15 13:20:00;Rua Carlos Vasconcelos;;;MEIRELES;FTB1589;Atropelamento;Não informado;Não informado;Não informado;Meio de quadra;Não informado;Longo da via;0;1;0;0;1;0;0;0;0;0;0;0;0;(-38.5076123 -3.7236573);
WBL5286;2021-10-15 12:55:00;Avenida Heróis do Acre;;;PASSARE;WBL5286;Colisão;Não informado;Não informado;Não informado;Meio de quadra;Não informado;Longo da via;0;1;0;1;1;0;0;0;0;0;0;0;0;(-38.5332887 -3.8034643);
JSB5827;2021-10-15 12:23:00;Avenida Leste Oeste;;;CRISTO REDENTOR;JSB5827;Queda;Não informado;Não informado;Não informado;Meio de quadra;Não informado;Longo da via;0;1;0;1;0;0;0;0;0;0;0;0;0;(-38.5645486 -3.7095397);
WWU4001;2021-10-15 11:05:00;Rua Barão do Rio Branco;RUA SAO PAULO;;CENTRO;WWU4001;Colisão;Não informado;Não informado;Não informado;Cruz;Não informado;Cruzamento;0;1;0;1;1;0;0;0;0;0;0;0;0;(-38.5281049 -3.7258662);
GYD8314;2021-10-15 10:53:00;Avenida Luciano Carneiro;;;VILA UNIAO;GYD8314;Colisão;Não informado;Não informado;Não informado;Meio de quadra;Não informado;Longo da via;0;1;0;1;1;0;0;0;0;0;0;0;0;(-38.5370836 -3.7663654);
STJ3582;2021-10-15 10:45:00;Avenida da Abolição;;;MEIRELES;STJ3582;Colisão;Não informado;Não informado;Não informado;Meio de quadra;Não informado;Longo da via;0;1;0;1;1;0;0;0;0;0;0;0;0;(-38.5038966 -3.7248635);
HNM3445;2021-10-15 10:44:00;Avenida Francisco Sá;;;ALVARO WEYNE;HNM3445;Colisão;Não informado;Não informado;Não informado;Meio de quadra;Não informado;Longo da via;0;1;0;1;1;0;0;0;0;0;0;0;0;(-38.5731021 -3.7128233);
HNM3445;2021-10-15 10:26:00;Avenida Presidente Juscelino Kubitschek;;;PASSARE;HNM3445;Colisão;Não informado;Não informado;Não informado;Meio de quadra;Não informado;Longo da via;0;2;0;1;1;0;0;0;0;0;0;0;0;(-38.5379848 -3.8247458);
AGS4805;2021-10-15 09:10:00;RUA PRINCESA IZABEL;AV DOMINGOS OLIMPIO;;FARIAS BRITO;AGS4805;Queda;Não informado;Não informado;Não informado;Cruz;Não informado;Cruzamento;0;1;0;1;0;0;0;0;0;0;0;0;0;(-38.5377772 -3.734473999999999);
CAX6601;2021-10-15 06:03:00;Rua 87;;;PREFEITO JOSE VALTER;CAX6601;Queda;Não informado;Não informado;Não informado;Meio de quadra;Não informado;Longo da via;0;1;0;1;0;0;0;0;0;0;0;0;0;(-38.5553624 -3.8326539);
WGF0353;2021-10-15 03:25:00;Rua Tibúrcio Cavalcante;;;MEIRELES;WGF0353;Queda;Não informado;Não informado;Não informado;Meio de quadra;Não informado;Longo da via;0;1;0;1;0;0;0;0;0;0;0;0;0;(-38.5009074 -3.7306991);
WHG3094;2021-10-15 01:17:00;RUA EMILIO DE MENEZES;;;GRANJA PORTUGAL;WHG3094;Atropelamento;Não informado;Não informado;Não informado;Meio de quadra;Não informado;Longo da via;0;1;0;1;0;0;0;0;0;0;0;0;0;(-38.6039147 -3.7768846);
JSV7718;2021-12-09 18:49:00;Avenida Capitão Hugo Bezerra;AV CAP WALDEMAR PAULA LIMA;;BARROSO;969060;Colisão Transversal;Luz do Dia;Bom;Seca;Cruz;Pare;Longo da via;0;0;0;0;2;0;0;0;0;0;0;0;0;(-38.50855901474839 -3.820838206417996);
XOO0957;2021-10-15 00:40:00;RUA CRISANTO MOREIRA DA ROCHA;;;CAMBEBA;XOO0957;Colisão;Não informado;Não informado;Não informado;Meio de quadra;Não informado;Longo da via;0;1;0;1;1;0;0;0;0;0;0;0;0;(-38.4816521 -3.8028243);
VSJ3899;2021-10-14 23:08:00;Rua Barão de Aratanha;AV DOMINGOS OLIMPIO;;CENTRO;VSJ3899;Colisão;Não informado;Não informado;Não informado;Cruz;Não informado;Cruzamento;0;1;0;0;0;0;0;0;0;0;1;0;0;(-38.5277834 -3.737319899999999);
HHY0946;2021-10-14 22:52:00;Rua José Bastos;;;PAN AMERICANO;HHY0946;Colisão;Não informado;Não informado;Não informado;Meio de quadra;Não informado;Longo da via;0;1;0;2;0;0;0;0;0;0;0;0;0;(-38.5608489 -3.7648022);
JZC0234;2021-12-08 21:40:00;Avenida José Jatahy;AV FRANCISCO SA;;JACARECANGA;969385;Colisão Lateral;Não informado;Bom;Seca;Cruz;Semáforo;Longo da via;0;1;1;1;0;0;0;1;0;0;0;0;0;(-38.54674294838345 -3.721024485402745);
UMK9347;2021-10-14 21:29:00;AV GAL OSORIO DE PAIVA;;;CANINDEZINHO;UMK9347;Queda;Não informado;Não informado;Não informado;Meio de quadra;Não informado;Longo da via;0;1;0;0;0;0;0;0;0;1;0;0;0;(-38.6047281 -3.8076064);
PGT7623;2021-10-14 21:18:00;BR-116;;;MESSEJANA;PGT7623;Colisão;Não informado;Não informado;Não informado;Meio de quadra;Não informado;Longo da via;0;1;0;1;1;0;0;0;0;0;0;0;0;(-38.5025959 -3.818665999999999);
LUC7445;2021-10-14 20:05:00;Avenida Carneiro de Mendonça;;;JOQUEI CLUBE;LUC7445;Queda;Não informado;Não informado;Não informado;Meio de quadra;Não informado;Longo da via;0;1;0;1;0;0;0;0;0;0;0;0;0;(-38.569644 -3.7624398);
DSI0295;2021-10-14 19:46:00;Rua José Aristóteles Gondim;RUA CARLOS CHAGAS;;BONSUCESSO;DSI0295;Colisão;Não informado;Não informado;Não informado;Cruz;Não informado;Cruzamento;0;1;0;0;1;0;0;0;0;1;0;0;0;(-38.5867676 -3.7847875);
XTG9190;2021-12-08 17:00:00;Avenida Borges de Melo;RUA MOREIRA GOMES;;FATIMA;969252;Colisão Traseira;Luz do Dia;Bom;Seca;T;Pare;Longo da via;0;0;2;0;2;0;0;0;0;0;0;0;0;(-38.5328951 -3.7575878);
QPX5537;2021-10-14 18:08:00;Avenida Mozart Pinheiro de Lucena;;;BARRA DO CEARA;QPX5537;Colisão;Não informado;Não informado;Não informado;Meio de quadra;Não informado;Longo da via;0;1;0;1;1;0;0;0;0;0;0;0;0;(-38.5925749 -3.707503);
OOL0750;2021-12-08 18:00:00;Avenida José Leon;RUA VALTER DE CASTRO;;CIDADE DOS FUNCIONRAIOS;969161;Colisão Transversal;Luz do Dia;Bom;Seca;Duplo T;Pare;Longo da via;0;1;1;1;1;0;0;0;0;0;0;0;0;(-38.49304794077062 -3.789901613636243);
UZZ2472;2021-10-14 16:32:00;Rua Santiago;;;SERRINHA;UZZ2472;Colisão;Não informado;Não informado;Não informado;Meio de quadra;Não informado;Longo da via;0;1;0;1;1;0;0;0;0;0;0;0;0;(-38.5456907 -3.7858535);
ZMO3716;2021-12-08 19:00:00;Rua Wenefrido Melo;;;MONDUBIM;969115;Colisão Transversal;Luz do Dia;Bom;Seca;Meio de quadra;Semáforo;Longo da via;0;1;1;1;1;0;0;0;0;0;0;0;0;(-38.5771836 -3.8093876);
SWI1789;2021-10-14 15:49:00;AV BENJAMIM BRASIL;;;JARDIM CEARENSE;SWI1789;Colisão;Não informado;Não informado;Não informado;Meio de quadra;Não informado;Longo da via;0;1;0;1;1;0;0;0;0;0;0;0;0;(-38.5576801 -3.8082628);
SGJ5738;2021-10-14 13:38:00;Avenida Carneiro de Mendonça;AV JOAO PESSOA;;DEMOCRITO ROCHA;SGJ5738;Queda;Não informado;Não informado;Não informado;T;Não informado;Cruzamento;0;1;0;1;0;0;0;0;0;0;0;0;0;(-38.5601859 -3.7669912);
YKS1272;2021-12-08 11:52:00;Rua José do Patrocínio;RUA VENEZUELA;;MONTESE;968874;Colisão Transversal;Luz do Dia;Bom;Seca;Cruz;Pare;Longo da via;0;1;1;1;1;0;0;0;0;0;0;0;0;(-38.54699507133927 -3.766294561586084);
ZPJ5883;2021-10-14 13:30:00;Avenida Alberto Craveiro;;;CASTELAO;ZPJ5883;Queda;Não informado;Não informado;Não informado;Meio de quadra;Não informado;Longo da via;0;1;0;1;0;0;0;0;0;0;0;0;0;(-38.5207657 -3.801943499999999);
XXN7216;2021-10-14 12:08:00;Rua Professor Dias da Rocha;AV SANTOS DUMONT;;ALDEOTA;XXN7216;Colisão;Não informado;Não informado;Não informado;Cruz;Não informado;Cruzamento;0;1;0;1;1;0;0;0;0;0;0;0;0;(-38.49241560000001 -3.7383687);
KAH2486;2021-12-08 14:30:00;Avenida Deputado Oswaldo Studart;RUA MIN JOAQUIM BASTOS D14;;FATIMA;968231;Choque c/ Obstáculo Fixo;Não informado;Bom;Seca;T;Pare;Longo da via;0;1;0;0;1;0;0;0;0;0;0;0;0;(-38.52822219999999 -3.7537521);
KEJ1313;2021-12-08 17:00:00;Avenida Dom Manuel;;;CENTRO;965951;Colisão Traseira;Luz do Dia;Bom;Seca;Duplo T;Semáforo;Longo da via;0;0;2;0;1;0;1;0;0;0;0;0;0;(-38.52131025001073 -3.729091583923635);
BJB1301;2021-12-07 13:15:00;Rua Coronel Sólon;RUA MON OTAVIO CASTRO;;JOSE BONIFACIO;968218;Colisão Lateral;Luz do Dia;Bom;Seca;Cruz;Outros;Longo da via;0;1;1;1;1;0;0;0;0;0;0;0;0;(-38.52747932018897 -3.743046900630066);
BCW6657;2021-12-06 12:00:00;Rua Gonçalo Bezerra;;;PADRE ANDRADE;969430;Choque c/ Obstáculo Fixo;Não informado;Bom;Seca;Meio de quadra;Pare;Longo da via;0;0;1;0;1;0;0;0;0;0;0;0;0;(-38.58512535868282 -3.730504790647325);
CXL1553;2021-12-06 16:00:00;Avenida Duque de Caxias;;;CENTRO;969209;Colisão Lateral;Luz do Dia;Bom;Molhada;Duplo T;Semáforo;Longo da via;0;1;0;1;0;0;0;1;0;0;0;0;0;(-38.53366986891678 -3.730504790647325);