COD_ACIDENTE;DATA;LOG1;LOG2;NUMERO;BAIRRO;AMC;NATUREZA;ILUMINACAO;TEMPO;SUPERFICIEPISTA;TIPOCRUZAMENTO;CONTROLETRAFEGO;USOSOLO;MORTOS;FERIDOS;ILESOS;MOTOCICLETA;AUTOMOVEL;MICROONIBUS;CAMINHAO;ONIBUS;CICLOMOTOR;BICICLETA;OUTROS;TREM;TRACAOANIMAL;COORDENADAS
JZL4294;2021-12-07 02:30:00;Avenida Antônio Sales;;;ALDEOTA;969155;Colisão Transversal;Via Iluminada;Bom;Seca;Meio de quadra;Não informado;Longo da via;0;1;1;1;1;0;0;0;0;0;0;0;0;(-38.51613357769801 -3.741205475316254);
DJG4813;2021-10-14 11:10:00;Rua Júlio César;RUA ANTENOR FROTA WANDERLEY;;BENFICA;DJG4813;Colisão;Não informado;Não informado;Não informado;Cruz;Não informado;Cruzamento;0;1;0;1;1;0;0;0;0;0;0;0;0;(-38.53859808668957 -3.745259600208557);
WCL1843;2021-10-14 10:53:00;Avenida Contôrno Norte;RUA DIONISIO SERQUEIRA;;CONJUNTO ESPERANCA;WCL1843;Atropelamento;Não informado;Não informado;Não informado;T;Não informado;Cruzamento;0;1;0;0;1;0;0;0;0;0;0;0;0;(-38.5888953 -3.8125841);
VYQ9820;2021-12-06 12:30:00;Rua Monsenhor Dantas;;;JACARECANGA;969133;Queda;Luz do Dia;Bom;Seca;Meio de quadra;Não há Controle;Longo da via;0;2;0;1;0;0;0;0;0;0;0;0;0;(-38.54781584301458 -3.719391785600664);
XDO8011;2021-12-06 22:00:00;Avenida Historiador Raimundo Girão;;;PARQUE IRACEMA;969048;Colisão Transversal;Não informado;Bom;Seca;Y;Pare;Longo da via;0;0;2;1;1;0;0;0;0;0;0;0;0;(-38.51522699433507 -3.720355346505443);
LRO0784;2021-10-14 08:36:00;Avenida Governador Leonel Brizola;;;JANGURUSSU;LRO0784;Queda;Não informado;Não informado;Não informado;Meio de quadra;Não informado;Longo da via;0;1;0;1;0;0;0;0;0;0;0;0;0;(-38.5260558 -3.8319926);
LRO0784;2021-10-14 02:53:00;Avenida Senador Fernandes Távora;;;JOQUEI CLUBE;LRO0784;Queda;Não informado;Não informado;Não informado;Meio de quadra;Não informado;Longo da via;0;1;0;1;0;0;0;0;0;0;0;0;0;(-38.5778393 -3.7643996);
ZGY6588;2021-10-14 01:36:00;Rua Reverendo Bolivar Pinto Bandeira;;;ENGENHEIRO LUCIANO CAVALCANTE;ZGY6588;Colisão;Não informado;Não informado;Não informado;Meio de quadra;Não informado;Longo da via;0;1;0;1;1;0;0;0;0;0;0;0;0;(-38.493809 -3.774859999999999);
OZC1863;2021-10-14 00:59:00;Avenida Mister Hull;;;ANTONIO BEZERRA;OZC1863;Queda;Não informado;Não informado;Não informado;Meio de quadra;Não informado;Longo da via;0;1;0;1;0;0;0;0;0;0;0;0;0;(-38.5960335 -3.7400489);
IFJ0836;2021-12-07 00:30:00;Rua Gomes Brasil;AV AUGUSTO DOS ANJOS;;JOQUEI CLUBE;969047;Colisão Lateral;Anoitecer;Bom;Molhada;Cruz;Semáforo Intermitente;Longo da via;0;1;1;1;1;0;0;0;0;0;0;0;0;(-38.57040003517889 -3.77014859238048);
UWD9945;2021-10-13 22:26:00;CE-040;;;EDSON QUEIROZ;UWD9945;Queda;Não informado;Não informado;Não informado;Meio de quadra;Não informado;Longo da via;0;1;0;1;0;0;0;0;0;0;0;0;0;(-38.4798178 -3.7865192);
ZJV8649;2021-10-13 21:44:00;Avenida Ministro José Américo;;;CAMBEBA;ZJV8649;Colisão;Não informado;Não informado;Não informado;Meio de quadra;Não informado;Longo da via;0;1;0;0;0;0;0;0;0;0;1;0;0;(-38.4983801 -3.8127347);
WYW2596;2021-10-13 21:00:00;BR-116;;;AEROLANDIA;WYW2596;Colisão;Não informado;Não informado;Não informado;Meio de quadra;Não informado;Longo da via;0;1;0;2;0;0;0;0;0;0;0;0;0;(-38.5152306 -3.7760061);
IWK2198;2021-12-06 11:25:00;Avenida Oliveira Paiva;;;CIDADE DOS FUNCIONRAIOS;968999;Colisão Traseira;Luz do Dia;Bom;Seca;Meio de quadra;Semáforo;Longo da via;0;1;1;1;1;0;0;0;0;0;0;0;0;(-38.49973991455695 -3.797029981077981);
KTI4098;2021-12-06 13:00:00;Avenida Presidente Costa e Silva;AV PRS JUSCELINO KUBITSCHEK (PASSARÉ);;PREFEITO JOSE VALTER;968873;Colisão Traseira;Luz do Dia;Bom;Seca;Outros;Semáforo;Longo da via;0;0;2;0;2;0;0;0;0;0;0;0;0;(-38.53970484224981 -3.8255483886701);
FFS1655;2021-10-13 20:57:00;Rua São João;;;BONSUCESSO;FFS1655;Atropelamento;Não informado;Não informado;Não informado;Meio de quadra;Não informado;Longo da via;0;1;0;0;1;0;0;0;0;0;0;0;0;(-38.5938197 -3.7729793);
WQL4552;2021-10-13 20:49:00;Rodovia Estrada do Guarani (BR116);;;ANCURI;WQL4552;Atropelamento;Não informado;Não informado;Não informado;Y;Não informado;Cruzamento;0;1;0;1;0;0;0;0;0;0;0;0;0;(-38.4977674 -3.8637865);
GQD5764;2021-12-06 12:20:00;Avenida Alberto Craveiro;;;CASTELAO;968602;Colisão Lateral;Luz do Dia;Bom;Seca;Meio de quadra;Não há Controle;Longo da via;0;0;1;1;1;0;0;0;0;0;0;0;0;(-38.52270871614127 -3.804579097733465);
MVL2277;2021-10-13 20:41:00;CE-040;;;EDSON QUEIROZ;MVL2277;Colisão;Não informado;Não informado;Não informado;Meio de quadra;Não informado;Longo da via;0;2;0;1;1;0;0;0;0;0;0;0;0;(-38.4790615 -3.8091732);
URK9454;2021-10-13 20:32:00;RUA CEARA;RUA RIO GRANDE DO SUL;;PAN AMERICANO;URK9454;Atropelamento;Não informado;Não informado;Não informado;Cruz;Não informado;Cruzamento;0;1;0;0;1;0;0;0;0;0;0;0;0;(-38.56756 -3.7586142);
QRA2225;2021-12-05 15:00:00;Rua Cônego de Castro;;;PARQUE SAO JOSE;969246;Colisão Traseira;Luz do Dia;Bom;Seca;Meio de quadra;Não há Controle;Longo da via;0;2;0;1;1;0;0;0;0;0;0;0;0;(-38.59931961395036 -3.815432169916625);
FBT8662;2021-10-13 20:17:00;Rua Gomes Brasil;;;PARANGABA;FBT8662;Colisão;Não informado;Não informado;Não informado;Meio de quadra;Não informado;Longo da via;0;1;0;1;1;0;0;0;0;0;0;0;0;(-38.568247 -3.7729331);
AYZ6227;2021-12-05 22:00:00;Avenida Treze de Maio;RUA NAPOLEAO LAUREANO;;FATIMA;969118;Colisão Lateral;Anoitecer;Bom;Seca;Cruz;Semáforo;Longo da via;0;0;0;0;2;0;0;0;0;0;0;0;0;(-38.5288384 -3.7497817);
TYT3845;2021-10-13 20:11:00;Avenida Waldir Diogo;;;MONDUBIM;TYT3845;Colisão;Não informado;Não informado;Não informado;Meio de quadra;Não informado;Longo da via;0;1;0;1;0;0;1;0;0;0;0;0;0;(-38.5827297 -3.8059758);
RIA3779;2021-12-05 05:00:00;Avenida Pontes Vieira;;;DIONISIO TORRES;968734;Choque c/ Obstáculo Fixo;Via Iluminada;Bom;Seca;Meio de quadra;Semáforo;Longo da via;0;0;0;0;1;0;0;0;0;0;0;0;0;(-38.5088786 -3.7522169);
XDA2506;2021-10-13 19:24:00;Rua Padre Valdevino;;;ALDEOTA;XDA2506;Colisão;Não informado;Não informado;Não informado;Meio de quadra;Não informado;Longo da via;0;1;0;1;1;0;0;0;0;0;0;0;0;(-38.5067331 -3.7425331);
ZYA9140;2021-12-05 18:00:00;Rua Valdenia Soares;RUA HUMBERTO LOMEU;;GRANJA LISBOA;967055;Colisão Transversal;Via Iluminada;Bom;Seca;Cruz;Não há Controle;Longo da via;0;0;0;1;1;0;0;0;0;0;0;0;0;(-38.61379281309098 -3.77871304406953);
MYZ5625;2021-10-13 16:51:00;Avenida General Osório de Paiva;;;SIQUEIRA;MYZ5625;Colisão;Não informado;Não informado;Não informado;Meio de quadra;Não informado;Longo da via;0;1;0;2;0;0;0;0;0;0;0;0;0;(-38.5829499 -3.7857853);
NZI3128;2021-10-13 16:30:00;Rua Josias Paulo de Sousa;;;VICENTE PINZON;NZI3128;Atropelamento;Não informado;Não informado;Não informado;Meio de quadra;Não informado;Longo da via;0;1;0;1;0;0;0;0;0;0;0;0;0;(-38.4713088 -3.7281326);
HLK4445;2021-12-04 12:30:00;Rua Sargento João Pinheiro;;;GRANJA LISBOA;969425;Colisão Lateral;Anoitecer;Bom;Seca;Meio de quadra;Não informado;Longo da via;0;1;1;1;1;0;0;0;0;0;0;0;0;(-38.62509028262242 -3.791056411271059);
ASM9312;2021-10-13 16:24:00;AV SEN CARLOS JEREISSATI;;;SERRINHA;ASM9312;Colisão;Não informado;Não informado;Não informado;Meio de quadra;Não informado;Longo da via;0;1;0;1;1;0;0;0;0;0;0;0;0;(-38.5416215 -3.7803066);
EEP9855;2021-10-13 16:00:00;Avenida Radialista João Ramos;;;PLANALTO AYRTON SENNA;EEP9855;Atropelamento;Não informado;Não informado;Não informado;Meio de quadra;Não informado;Longo da via;0;1;0;0;1;0;0;0;0;0;0;0;0;(-38.5667285 -3.8437933);
PMD6122;2021-12-04 08:00:00;Avenida Oliveira Paiva;RUA HERMINIO DE CASTRO;;CIDADE DOS FUNCIONRAIOS;969424;Choque c/ Obstáculo Fixo;Amanhecer;Bom;Seca;T;Semáforo;Longo da via;0;0;0;0;1;0;0;0;0;0;0;0;0;(-38.4868045 -3.7963431);
CWF0308;2021-10-13 14:16:00;Rua Astrogildo Fontoura;RUA TULIPA;;JARDIM IRACEMA;CWF0308;Colisão;Não informado;Não informado;Não informado;T;Não informado;Cruzamento;0;1;0;1;1;0;0;0;0;0;0;0;0;(-38.5789399 -3.7128093);
VZK6265;2021-12-05 00:00:00;Rua Gontran Giffoni;RUA JOR CESAR MAGALHAES;;GUARARAPES;969399;Colisão Transversal;Mal Iluminada;Bom;Seca;Cruz;Pare;Longo da via;0;1;0;1;0;0;0;0;1;0;0;0;0;(-38.4891443 -3.7694514);
HAS7654;2021-12-05 00:40:00;Avenida Santos Dumont;;;MANUEL DIAS BRANCO;969384;Choque c/ Obstáculo Fixo;Via Iluminada;Bom;Seca;Meio de quadra;Semáforo;Longo da via;0;0;1;0;1;0;0;0;0;0;0;0;0;(-38.46223727843216 -3.747853858925641);
EAZ5557;2021-10-13 14:15:00;RUA CANDIDO MAIA;;;ANTONIO BEZERRA;EAZ5557;Atropelamento;Não informado;Não informado;Não informado;Meio de quadra;Não informado;Longo da via;0;1;0;1;0;0;0;0;0;0;0;0;0;(-38.5901092 -3.7371858);
MGV7744;2021-12-04 18:25:00;Avenida Treze de Maio;;;BENFICA;969369;Colisão Traseira;Luz do Dia;Bom;Seca;Meio de quadra;Não há Controle;Longo da via;0;0;3;0;1;0;0;1;0;0;0;0;0;(-38.54136780269048 -3.739091043220878);
NUF5971;2021-10-13 13:04:00;Avenida Sargento Hermínio Sampaio;;;PRESIDENTE KENNEDY;NUF5971;Colisão;Não informado;Não informado;Não informado;Meio de quadra;Não informado;Longo da via;0;1;0;1;1;0;0;0;0;0;0;0;0;(-38.5706208 -3.7279938);
WWF4311;2021-10-13 12:36:00;RUA TEREZA CRISTINA;;;FARIAS BRITO;WWF4311;Atropelamento;Não informado;Não informado;Não informado;Meio de quadra;Não informado;Longo da via;0;1;0;0;0;0;0;1;0;0;0;0;0;(-38.5390831 -3.7342327);
PYX5828;2021-12-04 08:00:00;Avenida Godofredo Maciel;;;MARAPONGA;969156;Colisão Traseira;Via Iluminada;Bom;Seca;Meio de quadra;Não há Controle;Longo da via;0;0;3;0;3;0;0;0;0;0;0;0;0;(-38.57018009427424 -3.797174502416309);
ZXI5050;2021-10-13 12:17:00;Rua César Correia;;;ALVARO WEYNE;ZXI5050;Atropelamento;Não informado;Não informado;Não informado;Meio de quadra;Não informado;Longo da via;0;1;0;1;0;0;0;0;0;0;0;0;0;(-38.57427089999999 -3.7141418);
LXX0831;2021-10-13 12:07:00;Rua Costa Freire;;;VILA PERY;LXX0831;Queda;Não informado;Não informado;Não informado;Meio de quadra;Não informado;Longo da via;0;1;0;1;0;0;0;0;0;0;0;0;0;(-38.5847379 -3.7920577);
THR9354;2021-10-13 10:38:00;Avenida Imperador;AV DUQ CAXIAS;;CENTRO;THR9354;Colisão;Não informado;Não informado;Não informado;Cruz;Não informado;Cruzamento;0;1;0;0;1;0;0;0;0;1;0;0;0;(-38.5353476 -3.7300665);
VJA2384;2021-10-13 09:27:00;Avenida H Cj Prefeito Jose Walter;AV J CJ JOSE WALTER;;PREFEITO JOSE VALTER;VJA2384;Colisão;Não informado;Não informado;Não informado;T;Não informado;Cruzamento;0;1;0;1;1;0;0;0;0;0;0;0;0;(-38.5587964 -3.8412465);
CUP0238;2021-10-13 01:53:00;Avenida Humberto Monte;;;AMADEU FURTADO;CUP0238;Colisão;Não informado;Não informado;Não informado;Meio de quadra;Não informado;Longo da via;0;1;0;1;1;0;0;0;0;0;0;0;0;(-38.5666152 -3.741998799999999);
WGF3481;2021-10-13 00:12:00;Estrada Do Pici;RUA DR SULIANO;;JOQUEI CLUBE;WGF3481;Colisão;Não informado;Não informado;Não informado;Y;Não informado;Cruzamento;0;1;0;1;1;0;0;0;0;0;0;0;0;(-38.5781716 -3.7657938);
WVO5384;2021-10-12 23:59:00;Avenida dos Expedicionários;;;PARREAO;WVO5384;Capotamento;Não informado;Não informado;Não informado;Meio de quadra;Não informado;Longo da via;0;2;0;0;1;0;0;0;0;0;0;0;0;(-38.53972455207796 -3.759648242054399);
AMQ2193;2021-10-12 22:56:00;Rua Doutor Quixadá Felício;;;VILA VELHA;AMQ2193;Colisão;Não informado;Não informado;Não informado;Meio de quadra;Não informado;Longo da via;0;1;0;1;1;0;0;0;0;0;0;0;0;(-38.5974456 -3.709589499999999);
MOW3646;2021-12-04 18:00:00;Rua Manoel Antônio Leite;;;BONSUCESSO;969014;Colisão Lateral;Luz do Dia;Bom;Seca;Outros;Não informado;Longo da via;0;0;2;0;1;0;1;0;0;0;0;0;0;(-38.59250679554602 -3.773884844814796);
IWU3457;2021-12-04 16:35:00;Avenida Presidente Costa e Silva;;;MONDUBIM;969006;Colisão Traseira;Luz do Dia;Bom;Seca;Meio de quadra;Semáforo;Longo da via;0;1;1;1;1;0;0;0;0;0;0;0;0;(-38.56992797882493 -3.81381035233062);
UXQ1804;2021-10-12 22:48:00;Rua Itajaí;;;GRANJA PORTUGAL;UXQ1804;Colisão;Não informado;Não informado;Não informado;Meio de quadra;Não informado;Longo da via;0;2;0;2;0;0;0;0;0;0;0;0;0;(-38.5952916 -3.7815455);
DOO8104;2021-12-04 13:00:00;Avenida Governador Raul Barbosa;;;SAO JOAO DO TAUAPE;951991;Choque c/ Obstáculo Fixo;Luz do Dia;Bom;Seca;Meio de quadra;Pare;Longo da via;0;0;0;0;1;0;0;0;0;0;0;0;0;(-38.50443378479 -3.759084266492747);
XAW9776;2021-10-12 22:25:00;Avenida Dioguinho;;;PRAIA DO FUTURO II;XAW9776;Queda;Não informado;Não informado;Não informado;Meio de quadra;Não informado;Longo da via;0;1;0;1;0;0;0;0;0;0;0;0;0;(-38.448868 -3.75013);
TUU6461;2021-10-12 22:12:00;Avenida Presidente Castelo Branco;;;PAPICU;TUU6461;Atropelamento;Não informado;Não informado;Não informado;Meio de quadra;Não informado;Longo da via;0;1;0;1;0;0;0;0;0;0;0;0;0;(-38.5488703 -3.7133822);
TUU6461;2021-10-12 22:00:00;Avenida Radialista João Ramos;;;PLANALTO AYRTON SENNA;TUU6461;Queda;Não informado;Não informado;Não informado;Meio de quadra;Não informado;Longo da via;0;2;0;1;0;0;0;0;0;0;0;0;0;(-38.5654223 -3.8436847);
IUD1921;2021-10-12 21:09:00;Avenida Washington Soares;;;SAPIRANGA / COITE;IUD1921;Atropelamento;Não informado;Não informado;Não informado;Meio de quadra;Não informado;Longo da via;0;2;0;0;1;0;0;0;0;0;0;0;0;(-38.4795098 -3.8037849);
OXE9554;2021-10-12 20:23:00;Rua Ávila Goulart;;;PAPICU;OXE9554;Colisão;Não informado;Não informado;Não informado;Meio de quadra;Não informado;Longo da via;0;1;0;1;1;0;0;0;0;0;0;0;0;(-38.4791629 -3.734527);
BXJ3595;2021-12-04 17:00:00;Avenida Pontes Vieira;;;DIONISIO TORRES;942564;Atropelamento;Luz do Dia;Bom;Seca;Meio de quadra;Não há Controle;Longo da via;0;0;0;0;1;0;0;0;0;0;0;0;0;(-38.50307659617701 -3.751552736468098);
OXE9554;2021-10-12 19:12:00;Avenida Nila Gomes de Soárez;;;CIDADE 2000;OXE9554;Queda;Não informado;Não informado;Não informado;Meio de quadra;Não informado;Longo da via;0;1;0;1;0;0;0;0;0;0;0;0;0;(-38.4683254 -3.7524186);
IIX2565;2021-12-03 18:10:00;Avenida L;AV A CJ JOSE WALTER;;PREFEITO JOSE VALTER;969367;Colisão Transversal;Luz do Dia;Bom;Seca;Outros;Pare;Longo da via;0;0;0;1;1;0;0;0;0;0;0;0;0;(-38.555567425191 -3.82455818204958);
HJQ6567;2021-10-12 19:02:00;Avenida Bezerra de Menezes;;;PARQUE ARAXA;HJQ6567;Queda;Não informado;Não informado;Não informado;Meio de quadra;Não informado;Longo da via;0;2;0;0;0;0;0;0;0;1;0;0;0;(-38.5513421 -3.7333365);
NEI8118;2021-10-12 18:53:00;Avenida Sebastião de Abreu;;;COCO;NEI8118;Queda;Não informado;Não informado;Não informado;Meio de quadra;Não informado;Longo da via;0;1;0;1;0;0;0;0;0;0;0;0;0;(-38.48319 -3.7548815);
TVC2959;2021-12-03 23:20:00;Avenida do Contorno;;;CASTELAO;969262;Choque c/ Obstáculo Fixo;Via Iluminada;Bom;Seca;Meio de quadra;Pare;Longo da via;0;0;1;0;0;0;1;0;0;0;0;0;0;(-38.52023201512315 -3.808746836154488);
LPW0885;2021-10-12 16:06:00;RUA CESAR FONTINELE;;;AMADEU FURTADO;LPW0885;Colisão;Não informado;Não informado;Não informado;Meio de quadra;Não informado;Longo da via;0;1;0;1;1;0;0;0;0;0;0;0;0;(-38.5598029 -3.7462133);
GPX7968;2021-12-03 09:45:00;Avenida General Osório de Paiva;;;PARANGABA;969131;Colisão Traseira;Não informado;Bom;Seca;Meio de quadra;Semáforo;Longo da via;0;0;3;1;2;0;0;1;0;0;0;0;0;(-38.57201471491899 -3.779093089655392);
HKM3566;2021-10-12 14:29:00;Rua Londrina;RUA AIRES DA CUNHA;;GRANJA PORTUGAL;HKM3566;Colisão;Não informado;Não informado;Não informado;Cruz;Não informado;Cruzamento;0;1;0;1;1;0;0;0;0;0;0;0;0;(-38.6052183 -3.7804859);
OQN0445;2021-10-12 13:56:00;Avenida Senador Fernandes Távora;;;HENRIQUE JORGE;OQN0445;Colisão;Não informado;Não informado;Não informado;Meio de quadra;Não informado;Longo da via;0;1;0;1;1;0;0;0;0;0;0;0;0;(-38.5775516 -3.7644612);
LCA0991;2021-10-12 13:37:00;Rua Coronel Alexandrino;RUA ALM RUBIM;;MONTESE;LCA0991;Colisão;Não informado;Não informado;Não informado;Cruz;Não informado;Cruzamento;0;1;0;0;1;0;0;0;0;1;0;0;0;(-38.5533462 -3.7646665);
MMG6445;2021-12-03 12:55:00;Rua Padre Mororó;RUA SEN ALENCAR;;CENTRO;968705;Choque c/ Obstáculo Fixo;Luz do Dia;Bom;Seca;Cruz;Pare;Longo da via;0;1;0;1;0;0;0;0;0;0;0;0;0;(-38.53650764206671 -3.722271758950633);
VMN7375;2021-10-12 13:26:00;Rua Geraldo Barbosa;;;BOM JARDIM;VMN7375;Queda;Não informado;Não informado;Não informado;Meio de quadra;Não informado;Longo da via;0;1;0;1;0;0;0;0;0;0;0;0;0;(-38.6006296 -3.7925171);
ZWD8652;2021-10-12 13:14:00;Rua 24 de Outubro;;;GENIBAU;ZWD8652;Colisão;Não informado;Não informado;Não informado;Meio de quadra;Não informado;Longo da via;0;1;0;2;0;0;0;0;0;0;0;0;0;(-38.602298 -3.750037);
GOQ5740;2021-10-12 13:02:00;Rua Senador Pompeu;;;CENTRO;GOQ5740;Queda;Não informado;Não informado;Não informado;Meio de quadra;Não informado;Longo da via;0;1;0;1;0;0;0;0;0;0;0;0;0;(-38.52906309999999 -3.7252679);
FLU3750;2021-12-03 16:00:00;Rua Cidade Ecológica;RUA HIL MORAES;;EDSON QUEIROZ;968625;Colisão Lateral Sentido Oposto;Luz do Dia;Bom;Seca;T;Pare;Longo da via;0;0;1;1;1;0;0;0;0;0;0;0;0;(-38.47460761960607 -3.771518910324765);
VLH1793;2021-12-03 11:16:00;Rua Capitão Gustavo;RUA EDUARDO BEZERRA;;SAO JOAO DO TAUAPE;968217;Colisão Transversal;Luz do Dia;Bom;Seca;Cruz;Semáforo;Longo da via;0;1;0;1;1;0;0;0;0;0;0;0;0;(-38.5169582 -3.7541403);
DHD6131;2021-10-12 11:38:00;Rua Vereadora Zélia Correia de Souza;;;PARQUE DOIS IRMAOS;DHD6131;Colisão;Não informado;Não informado;Não informado;Meio de quadra;Não informado;Longo da via;0;1;0;1;1;0;0;0;0;0;0;0;0;(-38.5574545 -3.813534);
EIW4154;2021-10-12 11:13:00;Rua Betel;;;ITAPERI;EIW4154;Colisão;Não informado;Não informado;Não informado;Meio de quadra;Não informado;Longo da via;0;1;0;0;1;0;0;0;0;1;0;0;0;(-38.5526492 -3.7922126);
VLH1793;2021-12-02 18:20:00;Avenida Carapinima;;;BENFICA;969245;Colisão Traseira;Luz do Dia;Bom;Seca;Meio de quadra;Não há Controle;Longo da via;0;1;1;1;1;0;0;0;0;0;0;0;0;(-38.54119614764714 -3.741114474546315);
LNK1938;2021-10-12 09:59:00;Rua 8;;;ITAPERI;LNK1938;Colisão;Não informado;Não informado;Não informado;Meio de quadra;Não informado;Longo da via;0;1;0;0;1;0;0;0;0;1;0;0;0;(-38.5517447 -3.8077295);
DCW0212;2021-10-12 09:58:00;Avenida Historiador Raimundo Girão;;;PRAIA DE IRACEMA;DCW0212;Colisão;Não informado;Não informado;Não informado;Meio de quadra;Não informado;Longo da via;0;1;0;1;1;0;0;0;0;0;0;0;0;(-38.504311 -3.7243455);
ZSF9815;2021-12-02 18:00:00;Rua Antônio Pompeu;;;CENTRO;969059;Outros;Luz do Dia;Bom;Seca;Meio de quadra;Não há Controle;Longo da via;0;0;0;0;2;0;0;0;0;0;0;0;0;(-38.52687314564317 -3.73597559220919);
CXY4477;2021-12-02 16:00:00;Avenida Doutor Silas Munguba;RUA DES OTACILIO PEIXOTO;;PASSARE;968604;Engavetamento;Luz do Dia;Bom;Seca;T;Semáforo;Longo da via;0;0;0;3;1;0;0;0;0;0;0;0;0;(-38.53032783015061 -3.800380728846325);
FTK0583;2021-12-02 21:30:00;Avenida Presidente Costa e Silva;;;PREFEITO JOSE VALTER;957573;Colisão Traseira;Anoitecer;Bom;Seca;Não informado;Não há Controle;Longo da via;0;1;1;1;1;0;0;0;0;0;0;0;0;(-38.54003205978614 -3.825617970713915);
ZXE7255;2021-12-02 19:30:00;Avenida Presidente Costa e Silva;;;PARQUE DOIS IRMAOS;957572;Colisão Traseira;Luz do Dia;Bom;Seca;Meio de quadra;Não há Controle;Longo da via;0;1;1;1;1;0;0;0;0;0;0;0;0;(-38.5458256387648 -3.824237033710739);
OWE8546;2021-12-02 11:00:00;Rua Guilherme Rocha;;;JACARECANGA;951990;Colisão Lateral;Luz do Dia;Bom;Seca;Cruz;Semáforo;Longo da via;0;0;2;0;1;0;0;1;0;0;0;0;0;(-38.54069725512833 -3.72286059992599);
WQM8223;2021-12-01 23:13:00;Rua José Façanha;RUA PAPI JUNIOR;;RODOLFO TEOFILO;969281;Colisão Transversal;Via Iluminada;Bom;Seca;Cruz;Pare;Longo da via;0;2;1;1;1;0;0;0;0;0;0;0;0;(-38.55726793890366 -3.75215761654517);
JKT2970;2021-12-01 10:50:00;Avenida Monsenhor Tabosa;;;PARQUE IRACEMA;968845;Colisão Lateral;Luz do Dia;Bom;Seca;Meio de quadra;Semáforo;Longo da via;0;1;1;1;1;0;0;0;0;0;0;0;0;(-38.50834445069443 -3.724268463570721);
UMQ2600;2021-12-01 11:28:00;Rua Frei Mansueto;;;MUCURIPE;968844;Colisão Transversal;Não informado;Bom;Seca;Meio de quadra;Semáforo;Longo da via;0;1;1;1;1;0;0;0;0;0;0;0;0;(-38.48941340961502 -3.726013568993365);
TYQ6200;2021-10-12 01:33:00;Rua Londrina;;;GRANJA PORTUGAL;TYQ6200;Atropelamento;Não informado;Não informado;Não informado;Meio de quadra;Não informado;Longo da via;0;1;0;1;0;0;0;0;0;0;0;0;0;(-38.6101762 -3.7788994);
MPU6648;2021-10-12 00:16:00;Avenida José Jatahy;;;FARIAS BRITO;MPU6648;Atropelamento;Não informado;Não informado;Não informado;Meio de quadra;Não informado;Longo da via;0;1;0;1;0;0;0;0;0;0;0;0;0;(-38.5437068 -3.7394496);
TMI0738;2021-10-11 22:07:00;AV PRESIDENTE CASTELO BRANCO;;;PIRAMBU;TMI0738;Atropelamento;Não informado;Não informado;Não informado;Meio de quadra;Não informado;Longo da via;0;1;0;1;0;0;0;0;0;0;0;0;0;(-38.552981 -3.710315);
LDO6652;2021-12-01 14:15:00;Avenida Deputado Paulino Rocha;RUA JOR ANTONIO P TAVARES;;CAJAZEIRAS;967455;Colisão Traseira;Não informado;Bom;Seca;T;Semáforo;Longo da via;0;0;2;0;1;0;1;0;0;0;0;0;0;(-38.5113922 -3.8116568);
HWJ6112;2021-10-11 21:55:00;Rua Maranhão;;;PAN AMERICANO;HWJ6112;Atropelamento;Não informado;Não informado;Não informado;Meio de quadra;Não informado;Longo da via;0;1;0;0;0;0;0;0;0;0;1;0;0;(-38.5662913 -3.755343);
BRE3238;2021-10-11 21:31:00;Rua Monsenhor Hipólito Brasil;;;JOQUEI CLUBE;BRE3238;Queda;Não informado;Não informado;Não informado;Meio de quadra;Não informado;Longo da via;0;1;0;1;0;0;0;0;0;0;0;0;0;(-38.5789174 -3.7587791);
KTA8182;2021-10-11 21:14:00;Rua Rondônia;RUA AMAZONAS;;PAN AMERICANO;KTA8182;Colisão;Não informado;Não informado;Não informado;T;Não informado;Cruzamento;0;2;0;1;1;0;0;0;0;0;0;0;0;(-38.5610943 -3.7563681);
OXU2057;2021-10-11 20:18:00;Avenida Alberto Craveiro;;;DIAS MACEDO;OXU2057;Colisão;Não informado;Não informado;Não informado;Meio de quadra;Não informado;Longo da via;0;1;0;1;1;0;0;0;0;0;0;0;0;(-38.516544 -3.7819418);
TMG5615;2021-10-11 20:15:00;Rua Betel;RUA ACAPULCO;;ITAPERI;TMG5615;Colisão;Não informado;Não informado;Não informado;Meio de quadra;Não informado;Cruzamento;0;1;0;0;0;0;0;0;0;0;1;0;0;(-38.5517475 -3.7907936);
PUH6731;2021-12-01 12:30:00;Rua Ana Bilhar;;;MEIRELES;966103;Colisão Lateral;Luz do Dia;Bom;Seca;Cruz;Semáforo;Longo da via;0;0;1;1;1;0;0;0;0;0;0;0;0;(-38.49469736207809 -3.729835658959118);
GIS7714;2021-10-11 19:34:00;RUA RAIMUNDO DELMIRO;RUA ADOLFO M CARVALHO;;EDSON QUEIROZ;GIS7714;Queda;Não informado;Não informado;Não informado;T;Não informado;Cruzamento;0;1;0;1;0;0;0;0;0;0;0;0;0;(-38.4771015 -3.7746279);
BJN7161;2021-10-11 19:20:00;AV PROF HERIBALDO COSTA;;;JOAO XXIII;BJN7161;Colisão;Não informado;Não informado;Não informado;Meio de quadra;Não informado;Longo da via;0;1;0;1;1;0;0;0;0;0;0;0;0;(-38.58707 -3.7657049);
PVX8485;2021-10-11 18:28:00;Rua N;;;VILA VELHA;PVX8485;Colisão;Não informado;Não informado;Não informado;Meio de quadra;Não informado;Longo da via;0;1;0;2;0;0;0;0;0;0;0;0;0;(-38.6044675 -3.717869799999999);
ZAW2353;2021-12-01 10:30:00;Avenida Santos Dumont;RUA SILVA PAULET;;ALDEOTA;966098;Queda;Luz do Dia;Bom;Seca;Cruz;Não há Controle;Longo da via;0;1;0;1;0;0;0;0;0;0;0;0;0;(-38.5052598 -3.7339893);
LBR3534;2021-10-11 17:27:00;BR 116;;;PEDRAS;LBR3534;Capotamento;Não informado;Não informado;Não informado;Não informado;Não informado;Longo da via;0;1;0;0;0;0;0;0;0;0;1;0;0;(-38.5010583 -3.8815143);
NFA0422;2021-12-01 16:00:00;Avenida Aldir Mentor;;;PRAIA DO FUTURO II;965952;Choque c/ Obstáculo Fixo;Luz do Dia;Bom;Seca;Meio de quadra;Não há Controle;Longo da via;0;0;0;0;1;0;0;0;0;0;0;0;0;(-38.45603600485612 -3.754277369969613);