COD_ACIDENTE;DATA;LOG1;LOG2;NUMERO;BAIRRO;AMC;NATUREZA;ILUMINACAO;TEMPO;SUPERFICIEPISTA;TIPOCRUZAMENTO;CONTROLETRAFEGO;USOSOLO;MORTOS;FERIDOS;ILESOS;MOTOCICLETA;AUTOMOVEL;MICROONIBUS;CAMINHAO;ONIBUS;CICLOMOTOR;BICICLETA;OUTROS;TREM;TRACAOANIMAL;COORDENADAS
KYM8081;2021-10-11 16:05:00;RUA PE MATOS SERRA;AV AGUANAMBI;;FATIMA;KYM8081;Colisão;Não informado;Não informado;Não informado;Cruz;Não informado;Cruzamento;0;1;0;0;1;0;0;0;0;1;0;0;0;(-38.5255315 -3.7440303);
NWE1238;2021-11-30 08:45:00;Avenida João Pessoa;RUA BAR SOBRAL;;MONTESE;967015;Colisão Transversal;Luz do Dia;Bom;Seca;Cruz;Semáforo;Longo da via;0;1;0;1;0;0;0;1;0;0;0;0;0;(-38.5587057 -3.7645096);
VUP8259;2021-10-11 12:55:00;RUA DR VANDA SIDOU;RUA FRANCISCO JOSE A PEREIRA;;CAJAZEIRAS;VUP8259;Colisão;Não informado;Não informado;Não informado;Meio de quadra;Não informado;Cruzamento;0;2;0;1;1;0;0;0;0;0;0;0;0;(-38.5060617 -3.806678999999999);
JJX0927;2021-11-29 22:00:00;AV JOSE BASTOS;RUA TAVARES IRACEMA;;RODOLFO TEOFILO;969381;Colisão Lateral;Via Iluminada;Bom;Seca;Cruz;Pare;Longo da via;0;0;0;0;2;0;0;0;0;0;0;0;0;(-38.55284765187892 -3.752296792432836);
YSE9209;2021-11-29 20:20:00;Rua Professor Dias da Rocha;RUA BENI DE CARVALHO;;DIONISIO TORRES;969361;Colisão Lateral;Luz do Dia;Bom;Não informado;Cruz;Pare;Longo da via;0;1;0;1;1;0;0;0;0;0;0;0;0;(-38.49511042906916 -3.746205150146572);
NJT3102;2021-11-29 13:20:00;Avenida Sargento Hermínio Sampaio;RUA CEL MOZART GONDIM;;VILA ELLERY;969357;Colisão Transversal;Luz do Dia;Bom;Seca;Cruz;Pare;Longo da via;0;0;0;1;1;0;0;0;0;0;0;0;0;(-38.56138246043433 -3.72654352363598);
VSF1621;2021-10-11 11:35:00;Rodovia Estrada do Guarani (BR116);RUA PAULO SETUBAL;;MESSEJANA;VSF1621;Colisão;Não informado;Não informado;Não informado;T;Não informado;Cruzamento;0;1;0;1;1;0;0;0;0;0;0;0;0;(-38.50336164511047 -3.822406904044922);
JRC7665;2021-10-11 11:01:00;Rua General Góis Monteiro;RUA DEMETRIO MENEZES;;BARRA DO CEARA;JRC7665;Colisão;Não informado;Não informado;Não informado;Cruz;Não informado;Cruzamento;0;1;0;2;0;0;0;0;0;0;0;0;0;(-38.5841947 -3.7345113);
FOS3160;2021-10-11 10:57:00;AV BERNARDO MANUEL;;;SERRINHA;FOS3160;Colisão;Não informado;Não informado;Não informado;Meio de quadra;Não informado;Longo da via;0;1;0;1;1;0;0;0;0;0;0;0;0;(-38.5470995 -3.7840506);
LYZ3924;2021-10-11 10:49:00;Rua do Pereiro;RUA JURIBEBA;;JANGURUSSU;LYZ3924;Colisão;Não informado;Não informado;Não informado;Y;Não informado;Cruzamento;0;1;0;1;1;0;0;0;0;0;0;0;0;(-38.52075769665656 -3.842504830163568);
ARV6197;2021-10-11 10:03:00;Avenida Presidente Juscelino Kubitschek;;;PASSARE;ARV6197;Colisão;Não informado;Não informado;Não informado;Meio de quadra;Não informado;Longo da via;0;1;0;1;0;0;1;0;0;0;0;0;0;(-38.5321687 -3.8168436);
VIB9286;2021-10-11 07:45:00;Avenida Maciel Bezerra;;;SIQUEIRA;VIB9286;Atropelamento;Não informado;Não informado;Não informado;Meio de quadra;Não informado;Longo da via;0;1;0;0;1;0;0;0;0;0;0;0;0;(-38.630357 -3.8085294);
ZWD6512;2021-10-11 06:17:00;Avenida Presidente Costa e Silva;AV I CJ JOSE WALTER;;PREFEITO JOSE VALTER;ZWD6512;Queda;Não informado;Não informado;Não informado;Y;Não informado;Cruzamento;0;1;0;1;0;0;0;0;0;0;0;0;0;(-38.5504676 -3.8235316);
SPK2948;2021-10-11 04:34:00;Rua Otacílio Carneiro;;;BARRA DO CEARA;SPK2948;Colisão;Não informado;Não informado;Não informado;Meio de quadra;Não informado;Longo da via;0;1;0;2;0;0;0;0;0;0;0;0;0;(-38.5790846 -3.7153088);
JSR0678;2021-11-29 19:00:00;Avenida Rui Barbosa;;;MEIRELES;969349;Colisão Lateral;Não informado;Bom;Seca;Duplo T;Outros;Longo da via;0;0;0;1;2;0;0;0;0;0;0;0;0;(-38.50626306470912 -3.726238398274675);
MTF9115;2021-10-11 02:14:00;Avenida Carapinima;;;BENFICA;MTF9115;Colisão;Não informado;Não informado;Não informado;Meio de quadra;Não informado;Longo da via;0;1;0;0;0;0;0;0;0;0;1;0;0;(-38.537146 -3.736799899999999);
VJQ0520;2021-10-11 00:48:00;AV JOAO PESSOA;RUA PRO COSTA MENDES;;DAMAS;VJQ0520;Colisão;Não informado;Não informado;Não informado;Cruz;Não informado;Cruzamento;0;2;0;1;1;0;0;0;0;0;0;0;0;(-38.5494485 -3.7523912);
RMQ8037;2021-10-10 23:44:00;Avenida Governador Raul Barbosa;;;AEROLANDIA;RMQ8037;Atropelamento;Não informado;Não informado;Não informado;Meio de quadra;Não informado;Longo da via;0;1;0;1;0;0;0;0;0;0;0;0;0;(-38.5091142 -3.7654787);
LSF0695;2021-10-10 23:16:00;Rua Cônego de Castro;RUA RAIMUNDO NERY;;MANOEL SATIRO;LSF0695;Colisão;Não informado;Não informado;Não informado;Cruz;Não informado;Cruzamento;0;1;0;1;1;0;0;0;0;0;0;0;0;(-38.58503 -3.797556);
RNP1663;2021-11-29 19:30:00;Rua José Bastos;RUA JOSE FACANHA;;RODOLFO TEOFILO;969282;Engavetamento;Via Iluminada;Bom;Seca;T;Semáforo;Longo da via;0;1;0;1;2;0;0;0;0;0;0;0;0;(-38.55488077030004 -3.754346957747332);
CJZ9244;2021-11-30 15:42:00;Rua Desembargador Otacílio Peixoto;RUA ITAREMA;;PASSARE;969244;Colisão Transversal;Luz do Dia;Bom;Seca;Cruz;Pare;Longo da via;0;1;1;1;1;0;0;0;0;0;0;0;0;(-38.53476422426956 -3.800246913290334);
HVA2447;2021-11-29 23:00:00;Avenida Val Paraíso;RUA 18 UI 503;;JANGURUSSU;969019;Colisão Transversal;Via Iluminada;Bom;Não informado;Cruz;Não há Controle;Longo da via;0;0;0;1;1;0;0;0;0;0;0;0;0;(-38.50936368753973 -3.849907110483478);
LTJ1401;2021-10-10 22:00:00;Rodovia Estrada do Guarani (BR116);;;MESSEJANA;LTJ1401;Atropelamento;Não informado;Não informado;Não informado;Meio de quadra;Não informado;Longo da via;0;2;0;1;0;0;0;0;0;0;0;0;0;(-38.5041401 -3.8259496);
HNG7373;2021-11-29 15:45:00;Rua Pinto Madeira;RUA DNA LEOPOLDINA;;CENTRO;968704;Colisão Transversal;Luz do Dia;Bom;Seca;Cruz;Semáforo;Longo da via;0;1;0;1;1;0;0;0;0;0;0;0;0;(-38.5196763 -3.7316618);
XBX5325;2021-11-29 17:00:00;Avenida Coronel Miguel Dias;RUA FIRMINO ROCHA AGUIAR;;GUARARAPES;968673;Colisão Transversal;Luz do Dia;Bom;Seca;Rotatória;Dê Preferência;Longo da via;0;0;0;1;1;0;0;0;0;0;0;0;0;(-38.48759323712576 -3.763598653554903);
XCT7224;2021-11-29 21:55:00;Rua Capitão Melo;RUA EDUARDO BEZERRA;;SAO JOAO DO TAUAPE;968308;Colisão Transversal;Via Iluminada;Bom;Seca;Cruz;Semáforo;Longo da via;0;1;1;1;1;0;0;0;0;0;0;0;0;(-38.5135958 -3.7538029);
MMG1928;2021-11-28 08:50:00;Avenida General Murilo Borges;;;ENGENHEIRO LUCIANO CAVALCANTE;969108;Choque c/ Obstáculo Fixo;Luz do Dia;Bom;Seca;Meio de quadra;Outros;Longo da via;0;1;0;0;1;0;0;0;0;0;0;0;0;(-38.4973312763959 -3.767659950967784);
RIN1186;2021-11-28 08:00:00;Avenida Pontes Vieira;RUA BARBOSA DE FREITAS;;DIONISIO TORRES;968955;Colisão Transversal;Amanhecer;Bom;Seca;Cruz;Semáforo;Longo da via;0;1;1;1;1;0;0;0;0;0;0;0;0;(-38.50213189999999 -3.7514035);
HFW3017;2021-10-10 21:38:00;Avenida Desembargador Moreira;;;MEIRELES;HFW3017;Atropelamento;Não informado;Não informado;Não informado;Meio de quadra;Não informado;Longo da via;0;1;0;0;0;0;0;0;0;0;1;0;0;(-38.5041673 -3.7522385);
CPP1560;2021-11-28 07:30:00;Rua Tenente Benévolo;RUA CARLOS VASCONCELOS;;ALDEOTA;965479;Capotamento;Via Iluminada;Bom;Seca;Cruz;Semáforo;Longo da via;0;0;2;0;2;0;0;0;0;0;0;0;0;(-38.50910619148647 -3.728047736589338);
CXG5129;2021-10-10 21:11:00;Avenida Bernardo Manuel;;;PARQUE DOIS IRMAOS;CXG5129;Colisão;Não informado;Não informado;Não informado;Meio de quadra;Não informado;Longo da via;0;2;0;2;0;0;0;0;0;0;0;0;0;(-38.550906 -3.797679);
HBP1127;2021-10-10 20:48:00;Rua Canuto de Aguiar;RUA CEL LINHARES;;MEIRELES;HBP1127;Colisão;Não informado;Não informado;Não informado;Cruz;Não informado;Cruzamento;0;1;0;1;1;0;0;0;0;0;0;0;0;(-38.4925527 -3.731554);
ZQT5366;2021-11-27 18:15:00;Rua Antónia do Socorro dos Santos;RUA MIGUEL GURGEL;;COACU;969350;Colisão Lateral;Luz do Dia;Bom;Seca;T;Outros;Longo da via;0;0;0;1;1;0;0;0;0;0;0;0;0;(-38.48221870032025 -3.854079311466795);
YDJ0701;2021-10-10 20:45:00;RUA CAP JUSTINO FERREIRA RAMOS;AV PRO JOSE ARTHUR CARVALHO;;CURIO;YDJ0701;Queda;Não informado;Não informado;Não informado;Cruz;Não informado;Cruzamento;0;1;0;1;0;0;0;0;0;0;0;0;0;(-38.4744408 -3.8263026);
BWJ5802;2021-10-10 19:03:00;Avenida José Bastos;;;PARANGABA;BWJ5802;Colisão;Não informado;Não informado;Não informado;Meio de quadra;Não informado;Longo da via;0;1;0;1;1;0;0;0;0;0;0;0;0;(-38.55384 -3.7538698);
MTM5119;2021-10-10 18:43:00;Rodovia Estrada do Guarani (BR116);;;BARROSO;MTM5119;Colisão;Não informado;Não informado;Não informado;Meio de quadra;Não informado;Longo da via;0;1;0;1;1;0;0;0;0;0;0;0;0;(-38.5034701 -3.82242);
NKB5293;2021-10-10 18:05:00;AV JOSE JATAHY;;;JACARECANGA;NKB5293;Queda;Não informado;Não informado;Não informado;Meio de quadra;Não informado;Longo da via;0;1;0;1;0;0;0;0;0;0;0;0;0;(-38.5464996 -3.7237219);
XXC2222;2021-11-27 04:50:00;Rua Maria Tomásia;RUA CEL JUCA;;VARJOTA;969146;Colisão Transversal;Via Iluminada;Bom;Seca;Cruz;Pare;Longo da via;0;0;2;0;2;0;0;0;0;0;0;0;0;(-38.4912151 -3.7374285);
XYR5022;2021-10-10 14:47:00;Avenida Coronel Virgílio Nogueira;;;BOM JARDIM;XYR5022;Queda;Não informado;Não informado;Não informado;Meio de quadra;Não informado;Longo da via;0;1;0;1;0;0;0;0;0;0;0;0;0;(-38.6080957 -3.7858682);
PQG5161;2021-10-10 14:32:00;Rua Rosa Pereira;RUA BERNARDO MANUEL;;PREFEITO JOSE VALTER;PQG5161;Atropelamento;Não informado;Não informado;Não informado;Meio de quadra;Não informado;Longo da via;0;1;0;1;0;0;0;0;0;0;0;0;0;(-38.5625667 -3.8355638);
AFE6048;2021-10-10 14:30:00;Rua Raimundo Bizarria;;;PADRE ANDRADE;AFE6048;Colisão;Não informado;Não informado;Não informado;Meio de quadra;Não informado;Longo da via;0;1;0;1;1;0;0;0;0;0;0;0;0;(-38.5797338 -3.7275059);
OPU5736;2021-10-10 17:58:00;Avenida Presidente Costa e Silva;;;JANGURUSSU;OPU5736;Atropelamento;Não informado;Não informado;Não informado;Meio de quadra;Não informado;Longo da via;0;3;0;0;0;0;0;0;0;0;1;0;0;(-38.5503326 -3.8234508);
TQC6203;2021-11-27 10:00:00;Rua Almirante Rubim;RUA 15 DE NOVEMBRO;;MONTESE;968946;Colisão Transversal;Luz do Dia;Bom;Seca;Cruz;Semáforo;Longo da via;0;0;1;0;1;1;0;0;0;0;0;0;0;(-38.55593756675094 -3.768922798326853);
BHR1126;2021-10-10 17:12:00;Avenida Mem de Sá;;;MESSEJANA;BHR1126;Choque c/ Obstáculo Fixo;Não informado;Não informado;Não informado;Meio de quadra;Não informado;Longo da via;0;1;0;0;1;0;0;0;0;0;0;0;0;(-38.4855467 -3.827515399999999);
FJH3084;2021-10-10 15:55:00;Avenida Governador Raul Barbosa;;;AEROLANDIA;FJH3084;Colisão;Não informado;Não informado;Não informado;Meio de quadra;Não informado;Longo da via;0;1;0;0;1;0;0;0;0;0;0;0;0;(-38.5048506 -3.7600372);
JKT0219;2021-11-27 20:30:00;Avenida Senador Virgílio Távora;RUA ANA BILHAR;;VARJOTA;968307;Atropelamento;Via Iluminada;Bom;Seca;Cruz;Semáforo;Longo da via;0;1;1;0;1;0;0;0;0;0;0;0;0;(-38.4913009 -3.7308604);
DZN7448;2021-11-27 15:00:00;Rua Ari Lôbo;AV CONTORNO SUL;;CONJUNTO ESPERANCA;968003;Colisão Transversal;Não informado;Bom;Seca;Cruz;Pare;Longo da via;0;1;1;1;1;0;0;0;0;0;0;0;0;(-38.59585420037227 -3.812177826587409);
JXQ6833;2021-11-27 13:00:00;Avenida Presidente Costa e Silva;RUA PAU BRASIL;;PREFEITO JOSE VALTER;965331;Colisão Traseira;Luz do Dia;Bom;Seca;T;Semáforo;Longo da via;0;0;1;1;1;0;0;0;0;0;0;0;0;(-38.5483579 -3.8238203);
DMC1033;2021-11-27 06:30:00;Avenida Presidente Costa e Silva;;;PASSARE;965330;Choque c/ Obstáculo Fixo;Não informado;Bom;Seca;Meio de quadra;Outros;Longo da via;0;1;0;0;1;0;0;0;0;0;0;0;0;(-38.5503326 -3.8234508);
EIS6868;2021-10-10 09:18:00;Rua 321;;;JANGURUSSU;EIS6868;Queda;Não informado;Não informado;Não informado;Meio de quadra;Não informado;Longo da via;0;1;0;1;0;0;0;0;0;0;0;0;0;(-38.6146046 -3.7724428);
JNM8741;2021-10-10 08:09:00;Avenida Coronel Carvalho;;;BARRA DO CEARA;JNM8741;Queda;Não informado;Não informado;Não informado;Meio de quadra;Não informado;Longo da via;0;1;0;1;0;0;0;0;0;0;0;0;0;(-38.5900539 -3.710118);
YRQ1981;2021-10-10 06:53:00;Avenida Contôrno;;;EDSON QUEIROZ;YRQ1981;Queda;Não informado;Não informado;Não informado;Meio de quadra;Não informado;Longo da via;0;1;0;1;0;0;0;0;0;0;0;0;0;(-38.4741084 -3.7697689);
HLA1882;2021-10-10 06:51:00;RUA OSIA MONTENEGRO;;;CANINDEZINHO;HLA1882;Queda;Não informado;Não informado;Não informado;Meio de quadra;Não informado;Longo da via;0;1;0;1;0;0;0;0;0;0;0;0;0;(-38.6133101 -3.8137111);
TPS5724;2021-10-10 05:18:00;AV GOV RAUL BARBOSA;;;AEROLANDIA;TPS5724;Queda;Não informado;Não informado;Não informado;Meio de quadra;Não informado;Longo da via;0;1;0;1;0;0;0;0;0;0;0;0;0;(-38.5129508 -3.7779506);
XXW1961;2021-10-10 04:33:00;Rua Cidade Palhano;;;JARDIM GUANABARA;XXW1961;Colisão;Não informado;Não informado;Não informado;Meio de quadra;Não informado;Longo da via;0;1;0;0;0;0;0;0;0;0;1;0;0;(-38.5936538 -3.7178874);
BPJ6117;2021-10-10 02:58:00;Rua Sabiaguaba;;;SABIAGUABA;BPJ6117;Colisão;Não informado;Não informado;Não informado;Meio de quadra;Não informado;Longo da via;0;2;0;2;0;0;0;0;0;0;0;0;0;(-38.4441807 -3.7905001);
CJJ5574;2021-10-10 02:34:00;Avenida Augusto dos Anjos;AV SEN FERNANDES TAVORA;;PARANGABA;CJJ5574;Colisão;Não informado;Não informado;Não informado;Cruz;Não informado;Cruzamento;0;1;0;1;1;0;0;0;0;0;0;0;0;(-38.5704451 -3.7702252);
KFE1255;2021-11-26 21:15:00;Avenida Domingos Olímpio;;;FARIAS BRITO;969283;Colisão Traseira;Via Iluminada;Bom;Seca;Meio de quadra;Não há Controle;Longo da via;0;2;0;1;1;0;0;0;0;0;0;0;0;(-38.54011252605659 -3.733550671652249);
QUG3813;2021-10-10 01:15:00;Rua Padre Valdevino;AV RUI BARBOSA;;ALDEOTA;QUG3813;Colisão;Não informado;Não informado;Não informado;Meio de quadra;Não informado;Cruzamento;0;1;0;1;1;0;0;0;0;0;0;0;0;(-38.5063473 -3.7422013);
BSB0831;2021-10-10 00:20:00;Rua Abelardo Ferreira;;;JARDIM IRACEMA;BSB0831;Colisão;Não informado;Não informado;Não informado;Meio de quadra;Não informado;Longo da via;0;2;0;2;0;0;0;0;0;0;0;0;0;(-38.5794398 -3.7196539);
EHR4294;2021-10-10 00:17:00;Rua Verbena;;;BONSUCESSO;EHR4294;Queda;Não informado;Não informado;Não informado;Meio de quadra;Não informado;Longo da via;0;1;0;1;0;0;0;0;0;0;0;0;0;(-38.5882811 -3.7797056);
HUF6956;2021-10-10 00:01:00;RUA DAS CEREJEIRAS;;;PARQUE SANTA ROSA;HUF6956;Queda;Não informado;Não informado;Não informado;Meio de quadra;Não informado;Longo da via;0;1;0;1;0;0;0;0;0;0;0;0;0;(-54.4755409 -27.8879959);
YSQ0196;2021-11-26 23:40:00;Rua Dona Lúcia Pinheiro;;;QUINTINO CUNHA;969279;Colisão Frontal;Mal Iluminada;Bom;Seca;Meio de quadra;Não há Controle;Longo da via;0;1;0;0;1;0;0;1;0;0;0;0;0;(-38.59723822139685 -3.732201706323918);
TNB2819;2021-10-09 23:58:00;Vila Demetrios;;;BENFICA;TNB2819;Atropelamento;Não informado;Não informado;Não informado;Meio de quadra;Não informado;Longo da via;0;1;0;1;0;0;0;0;0;0;0;0;0;(-38.53502630000001 -3.7384037);
ULZ3710;2021-10-09 22:46:00;Rua Saturno;;;VILA UNIAO;ULZ3710;Atropelamento;Não informado;Não informado;Não informado;Meio de quadra;Não informado;Longo da via;0;1;0;1;0;0;0;0;0;0;0;0;0;(-38.5289035 -3.7641892);
TAI5516;2021-11-26 19:41:00;Avenida Bernardo Manuel;;;SERRINHA;969025;Colisão Lateral;Não informado;Bom;Seca;Não informado;Não informado;Longo da via;0;2;0;1;1;0;0;0;0;0;0;0;0;(-38.54682341183894 -3.783541216452459);
WNN7810;2021-11-26 14:00:00;Rua Escrivão Azevedo;RUA CEZIDIO ALBUQUERQUE;;CIDADE DOS FUNCIONRAIOS;968703;Colisão Transversal;Luz do Dia;Bom;Seca;Cruz;Pare;Longo da via;0;1;0;1;1;0;0;0;0;0;0;0;0;(-38.50541010206864 -3.796050446924976);
UNI8493;2021-10-09 21:46:00;Rua Francisco Leandro;;;CURIO;UNI8493;Colisão;Não informado;Não informado;Não informado;Meio de quadra;Não informado;Longo da via;0;1;0;0;0;0;0;0;0;0;1;0;0;(-38.4791396 -3.8239999);
DBI5948;2021-11-26 21:30:00;Avenida Doutor Silas Munguba;;;CASTELAO;968306;Colisão Lateral;Via Iluminada;Bom;Seca;Meio de quadra;Outros;Longo da via;0;0;2;1;0;0;1;1;0;0;0;0;0;(-38.52871314712642 -3.802875047009005);
YFS4823;2021-10-09 19:04:00;AV CONTORNO NORTE;;;CONJUNTO ESPERANCA;YFS4823;Colisão;Não informado;Não informado;Não informado;Meio de quadra;Não informado;Longo da via;0;2;0;0;0;0;0;0;0;0;1;0;0;(-38.59001775695287 -3.811235777535028);
PCG9379;2021-10-09 18:34:00;Avenida Presidente Juscelino Kubitschek;;;PASSARE;PCG9379;Queda;Não informado;Não informado;Não informado;Meio de quadra;Não informado;Longo da via;0;1;0;1;0;0;0;0;0;0;0;0;0;(-38.5340091 -3.818212);
AKO2999;2021-10-09 18:19:00;Rua Marcos Macêdo;RUA OSVALDO CRUZ (ALDEOTA);;ALDEOTA;AKO2999;Atropelamento;Não informado;Não informado;Não informado;Cruz;Não informado;Cruzamento;0;1;0;0;1;0;0;0;0;0;0;0;0;(-38.4997014 -3.7336492);
GRB5285;2021-11-26 10:00:00;Avenida 20 de Janeiro;RUA PAJE;;BARRA DO CEARA;963954;Colisão Frontal;Luz do Dia;Bom;Seca;T;Não há Controle;Longo da via;0;1;1;1;1;0;0;0;0;0;0;0;0;(-38.5840039 -3.704378);
RTK5964;2021-10-09 17:57:00;Rua General Rabelo;;;CANINDEZINHO;RTK5964;Colisão;Não informado;Não informado;Não informado;Meio de quadra;Não informado;Longo da via;0;1;0;2;0;0;0;0;0;0;0;0;0;(-38.6064045 -3.8067455);
LPE4835;2021-10-09 17:45:00;Avenida Godofredo Maciel;;;MONDUBIM;LPE4835;Colisão;Não informado;Não informado;Não informado;Meio de quadra;Não informado;Longo da via;0;1;0;1;1;0;0;0;0;0;0;0;0;(-38.5749315 -3.8175024);
OJO4130;2021-10-09 17:42:00;Rua Coronel de Queiroz;;;PLANALTO AYRTON SENNA;OJO4130;Colisão;Não informado;Não informado;Não informado;Meio de quadra;Não informado;Longo da via;0;1;0;2;0;0;0;0;0;0;0;0;0;(-38.566723 -3.8344201);
FFI2788;2021-11-26 11:27:00;Avenida Engenheiro Santana Júnior;;;COCO;942563;Engavetamento;Luz do Dia;Bom;Seca;Meio de quadra;Semáforo;Longo da via;0;1;2;0;4;0;0;0;0;0;0;0;0;(-38.4903739 -3.7502498);
DQS3165;2021-10-09 17:20:00;AV 13 DE MAIO;;;FATIMA;DQS3165;Colisão;Não informado;Não informado;Não informado;Meio de quadra;Não informado;Longo da via;0;1;0;0;2;0;0;0;0;0;0;0;0;(-38.5326897 -3.7464148);
PHF6252;2021-10-09 17:14:00;AV CASTELO DE CASTRO;;;JANGURUSSU;PHF6252;Queda;Não informado;Não informado;Não informado;Meio de quadra;Não informado;Longo da via;0;1;0;0;0;0;0;0;0;1;0;0;0;(-38.5216603 -3.8435121);
YMC5291;2021-11-25 10:54:00;Avenida João Pessoa;;;DAMAS;969342;Atropelamento;Luz do Dia;Bom;Seca;Meio de quadra;Semáforo;Longo da via;0;1;0;1;0;0;0;0;0;0;0;0;0;(-38.54585781706275 -3.748474800387519);
NVO8512;2021-10-09 15:25:00;AV PINTO BANDEIRA;RUA RICARDO  CASTRO MACEDO;;ENGENHEIRO LUCIANO CAVALCANTE;NVO8512;Colisão;Não informado;Não informado;Não informado;Cruz;Não informado;Cruzamento;0;1;0;1;1;0;0;0;0;0;0;0;0;(-38.4881487 -3.780269);
LRK9232;2021-11-25 19:50:00;Rua Castro e Silva;RUA VINTE QUATRO DE MAIO;;CENTRO;969219;Colisão Transversal;Via Iluminada;Bom;Seca;Cruz;Semáforo;Longo da via;0;1;0;1;0;0;0;1;0;0;0;0;0;(-38.53049411397314 -3.72284989372994);
IXC0397;2021-10-09 15:15:00;Rua José Bastos;;;COUTO FERNANDES;IXC0397;Colisão;Não informado;Não informado;Não informado;Meio de quadra;Não informado;Longo da via;0;1;0;1;0;0;1;0;0;0;0;0;0;(-38.5591194 -3.759573);
RYE0739;2021-10-09 14:55:00;Avenida Washington Soares;;;MESSEJANA;RYE0739;Queda;Não informado;Não informado;Não informado;Meio de quadra;Não informado;Longo da via;0;1;0;1;0;0;0;0;0;0;0;0;0;(-38.4831324 -3.816787);
MYT9336;2021-10-09 14:05:00;BR-116;RUA NEWTON CRAVEIRO;;CAJAZEIRAS;MYT9336;Colisão;Não informado;Não informado;Não informado;T;Não informado;Cruzamento;0;1;0;1;1;0;0;0;0;0;0;0;0;(-38.5004108 -3.8094894);
JRW7704;2021-10-09 13:00:00;RUA JUVENCIO PORFIRIO SALES;;;MONDUBIM;JRW7704;Colisão;Não informado;Não informado;Não informado;Meio de quadra;Não informado;Longo da via;0;1;0;0;0;0;0;0;0;0;1;0;0;(-38.5907771 -3.8314644);
XFL0138;2021-11-25 23:55:00;Rua Anselmo Nogueira;RUA SOUSA CARVALHO;;BONSUCESSO;969117;Colisão Transversal;Anoitecer;Bom;Seca;Cruz;Pare;Longo da via;0;2;0;1;1;0;0;0;0;0;0;0;0;(-38.58798996236771 -3.78393196536911);
JPF9742;2021-10-09 11:51:00;Avenida Alberto Craveiro;;;BOA VISTA;JPF9742;Colisão;Não informado;Não informado;Não informado;Meio de quadra;Não informado;Longo da via;0;1;0;1;1;0;0;0;0;0;0;0;0;(-38.517057 -3.7913361);
KIT7799;2021-10-09 11:37:00;AV WASHINGTON SOARES;;;COACU;KIT7799;Colisão;Não informado;Não informado;Não informado;Meio de quadra;Não informado;Longo da via;0;1;0;1;1;0;0;0;0;0;0;0;0;(-38.4797152 -3.845296);
XIY4642;2021-10-09 11:08:00;Avenida Waldir Diogo;;;MONDUBIM;XIY4642;Queda;Não informado;Não informado;Não informado;Meio de quadra;Não informado;Longo da via;0;1;0;0;0;0;0;0;0;1;0;0;0;(-38.586656 -3.8009513);
LFR1525;2021-11-25 18:00:00;Avenida Jornalista Tomaz Coelho;AV CASTELO DE CASTRO;;BARROSO;969004;Colisão Transversal;Luz do Dia;Bom;Seca;Cruz;Semáforo;Longo da via;0;0;1;1;1;0;0;0;0;0;0;0;0;(-38.52147112085749 -3.828797328840594);
MCP7928;2021-10-09 10:57:00;RUA FREI CIRILO;AV MIN JOSE AMERICO;;MESSEJANA;MCP7928;Colisão;Não informado;Não informado;Não informado;T;Não informado;Cruzamento;0;1;0;1;1;0;0;0;0;0;0;0;0;(-38.4968631 -3.8184466);
YTN9969;2021-10-09 09:40:00;Avenida Bernardo Manuel;RUA ANTONIO PEREIRA;;PREFEITO JOSE VALTER;YTN9969;Colisão;Não informado;Não informado;Não informado;Cruz;Não informado;Cruzamento;0;1;0;1;1;0;0;0;0;0;0;0;0;(-38.5620793 -3.8341058);
URB5032;2021-10-09 02:26:00;Rua Costa Barros;RUA JOAO CORDEIRO;;CENTRO;URB5032;Capotamento;Não informado;Não informado;Não informado;Cruz;Não informado;Cruzamento;0;3;0;0;0;0;0;0;0;0;1;0;0;(-38.5143081 -3.7294352);
HQI7768;2021-10-09 00:38:00;Avenida Conselheiro Gomes de Freitas;;;SAPIRANGA / COITE;HQI7768;Colisão;Não informado;Não informado;Não informado;Meio de quadra;Não informado;Longo da via;0;1;0;0;2;0;0;0;0;0;0;0;0;(-38.4689735 -3.7947874);
NIW9839;2021-10-08 23:59:00;Rua Dom Lino;;;PARQUELANDIA;NIW9839;Colisão;Não informado;Não informado;Não informado;Meio de quadra;Não informado;Longo da via;0;1;0;0;1;0;0;0;0;0;1;0;0;(-38.55647 -3.7404935);
AVT2467;2021-11-24 14:40:00;Avenida Doutor Silas Munguba;RUA DR JUSTA ARAUJO D45;;ITAPERI;969003;Colisão Transversal;Luz do Dia;Bom;Seca;Cruz;Semáforo;Longo da via;0;1;1;1;1;0;0;0;0;0;0;0;0;(-38.55327144113787 -3.784659935483489);
ARS7253;2021-10-08 22:46:00;Avenida Antônio Sales;AV RUI BARBOSA;;JOAQUIM TVORA;ARS7253;Atropelamento;Não informado;Não informado;Não informado;Cruz;Não informado;Cruzamento;0;1;0;0;1;0;0;0;0;0;0;0;0;(-38.5068247 -3.7440876);
ITN9366;2021-11-25 09:28:00;Avenida Alberto Craveiro;;;CASTELAO;968913;Colisão Lateral;Luz do Dia;Bom;Seca;Meio de quadra;Semáforo;Longo da via;0;2;1;1;1;0;0;0;0;0;0;0;0;(-38.5203607355868 -3.801868756429704);
HMN5864;2021-10-08 21:57:00;Rua Professor Carvalho;;;JOAQUIM TVORA;HMN5864;Atropelamento;Não informado;Não informado;Não informado;Meio de quadra;Não informado;Longo da via;0;1;0;0;1;0;0;0;0;0;0;0;0;(-38.514973 -3.7535775);
WAA4154;2021-10-08 20:59:00;Avenida Sargento Hermínio Sampaio;;;PADRE ANDRADE;WAA4154;Colisão;Não informado;Não informado;Não informado;Meio de quadra;Não informado;Longo da via;0;1;0;1;1;0;0;0;0;0;0;0;0;(-38.58242130000001 -3.7328386);
GMK9409;2021-10-08 20:56:00;RUA PRO OTAVIO LOBO;;;PAPICU;GMK9409;Queda;Não informado;Não informado;Não informado;Meio de quadra;Não informado;Longo da via;0;1;0;1;0;0;0;0;0;0;0;0;0;(-38.47594870980424 -3.74019911333485);
NHT4098;2021-08-10 20:55:00;Rua Cesário Lange;;;MESSEJANA;NHT4098;Queda;Não informado;Não informado;Não informado;Meio de quadra;Não informado;Longo da via;0;1;0;0;0;0;0;0;0;1;0;0;0;(-38.4904333 -3.829993);