COD_ACIDENTE;DATA;LOG1;LOG2;NUMERO;BAIRRO;AMC;NATUREZA;ILUMINACAO;TEMPO;SUPERFICIEPISTA;TIPOCRUZAMENTO;CONTROLETRAFEGO;USOSOLO;MORTOS;FERIDOS;ILESOS;MOTOCICLETA;AUTOMOVEL;MICROONIBUS;CAMINHAO;ONIBUS;CICLOMOTOR;BICICLETA;OUTROS;TREM;TRACAOANIMAL;COORDENADAS
LYP0145;2021-10-08 20:34:00;Rua João XXIII;RUA VIRGILIO NOGUEIRA PAES;;BOM JARDIM;LYP0145;Colisão;Não informado;Não informado;Não informado;Cruz;Não informado;Cruzamento;0;1;0;1;1;0;0;0;0;0;0;0;0;(-38.6076194 -3.7854797);
CUG4854;2021-11-25 10:30:00;Avenida Santos Dumont;RUA MON BRUNO;;ALDEOTA;968603;Atropelamento;Luz do Dia;Bom;Seca;Cruz;Pare;Longo da via;0;1;1;0;0;0;0;0;0;1;1;0;0;(-38.5094866 -3.7325904);
FCW2740;2021-10-08 20:31:00;Rua Coronel Alves Teixeira;AV BAR STUDART;;DIONISIO TORRES;FCW2740;Queda;Não informado;Não informado;Não informado;Cruz;Não informado;Cruzamento;0;1;0;1;0;0;0;0;0;0;0;0;0;(-38.5103286 -3.746404499999999);
TSP1021;2021-10-08 20:26:00;RUA CONEGO DE CASTRO;;;VILA PERY;TSP1021;Colisão;Não informado;Não informado;Não informado;Meio de quadra;Não informado;Longo da via;0;1;0;0;0;0;0;0;0;0;1;0;0;(-38.5768395 -3.7884887);
CPX8715;2021-10-08 20:07:00;Rua Frei Mansueto;RUA MARCOS MACEDO;;ALDEOTA;CPX8715;Colisão;Não informado;Não informado;Não informado;Cruz;Não informado;Cruzamento;0;1;0;0;0;0;0;0;0;0;1;0;0;(-38.4885654 -3.7370563);
AHK3967;2021-11-24 22:00:00;Avenida Visconde do Rio Branco;;;CENTRO;969263;Atropelamento;Não informado;Bom;Seca;Meio de quadra;Não informado;Longo da via;0;2;1;1;0;0;0;0;0;0;0;0;0;(-38.52505997633693 -3.731195334015328);
NRL8235;2021-10-08 19:39:00;Avenida Visconde do Rio Branco;AV SORIANO ALBUQUERQUE;;JOSE BONIFACIO;NRL8235;Colisão;Não informado;Não informado;Não informado;Cruz;Não informado;Cruzamento;0;1;0;1;1;0;0;0;0;0;0;0;0;(-38.5217016 -3.7475503);
BJN7381;2021-11-24 21:19:00;Rua Rio Grande do Sul;RUA MARANHAO;;PAN AMERICANO;969230;Colisão Lateral;Via Iluminada;Bom;Seca;Cruz;Pare;Longo da via;0;1;1;1;1;0;0;0;0;0;0;0;0;(-38.5656775 -3.7557028);
CQJ9264;2021-10-08 19:10:00;Rua Álvaro de Alencar;;;JACARECANGA;CQJ9264;Colisão;Não informado;Não informado;Não informado;Meio de quadra;Não informado;Longo da via;0;2;0;1;1;0;0;0;0;0;0;0;0;(-38.5576166 -3.7134295);
YPF6991;2021-10-08 18:31:00;Avenida Augusto dos Anjos;;;JOQUEI CLUBE;YPF6991;Colisão;Não informado;Não informado;Não informado;Meio de quadra;Não informado;Longo da via;0;1;0;1;1;0;0;0;0;0;0;0;0;(-38.5818471 -3.7836056);
ZPS3798;2021-10-08 18:07:00;AV JOSE JATAHY;;;JACARECANGA;ZPS3798;Colisão;Não informado;Não informado;Não informado;Meio de quadra;Não informado;Longo da via;0;1;0;1;1;0;0;0;0;0;0;0;0;(-38.5460578 -3.7267637);
KTR0449;2021-10-08 17:59:00;BR-116;;;PAUPINA;KTR0449;Colisão;Não informado;Não informado;Não informado;Cruz;Não informado;Longo da via;0;1;0;1;1;0;0;0;0;0;0;0;0;(-38.5005055 -3.8120774);
PJF0179;2021-11-24 22:20:00;Rua Einstein;;;PARQUE SAO JOSE;969001;Capotamento;Anoitecer;Bom;Seca;Meio de quadra;Não há Controle;Longo da via;0;1;0;0;1;0;0;0;0;0;0;0;0;(-38.59152509813258 -3.80141378423968);
JEK6320;2021-11-24 16:30:00;Avenida da Universidade;;;BENFICA;968657;Colisão Traseira;Luz do Dia;Bom;Seca;Meio de quadra;Não há Controle;Longo da via;0;1;1;1;1;0;0;0;0;0;0;0;0;(-38.54210272561478 -3.744267378065142);
TZD2151;2021-11-24 11:00:00;Avenida Jornalista Tomaz Coelho;;;MESSEJANA;968487;Colisão Traseira;Luz do Dia;Bom;Seca;Outros;Outros;Longo da via;0;1;3;1;3;0;0;0;0;0;0;0;0;(-38.49685933240502 -3.832169780594368);
TCW5625;2021-10-08 17:52:00;Avenida General Osório de Paiva;;;PARANGABA;TCW5625;Atropelamento;Não informado;Não informado;Não informado;Meio de quadra;Não informado;Longo da via;0;1;0;0;0;0;0;0;0;0;1;0;0;(-38.571673 -3.779614);
TIB6350;2021-10-08 16:19:00;Rua Luciano Alves;;;JANGURUSSU;TIB6350;Colisão;Não informado;Não informado;Não informado;Meio de quadra;Não informado;Longo da via;0;1;0;2;0;0;0;0;0;0;0;0;0;(-38.5097556 -3.8458677);
SHF2053;2021-10-08 15:13:00;Rua Rosinha Sampaio;;;JARDIM GUANABARA;SHF2053;Colisão;Não informado;Não informado;Não informado;Meio de quadra;Não informado;Longo da via;0;2;0;1;1;0;0;0;0;0;0;0;0;(-38.589941 -3.7264583);
DGV7425;2021-10-08 14:59:00;Rua Eduardo Perdigão;RUA DOM PEDRO II;;PARANGABA;DGV7425;Colisão;Não informado;Não informado;Não informado;Duplo T;Não informado;Cruzamento;0;1;0;1;1;0;0;0;0;0;0;0;0;(-38.5639655 -3.7765172);
XDP5642;2021-10-08 14:19:00;AV AUGUSTO DOS ANJOS;;;PARANGABA;XDP5642;Colisão;Não informado;Não informado;Não informado;Meio de quadra;Não informado;Longo da via;0;1;0;2;0;0;0;0;0;0;0;0;0;(-38.5740464 -3.7744436);
PNQ1139;2021-10-08 14:10:00;Avenida Francisco Sá;;;ALVARO WEYNE;PNQ1139;Colisão;Não informado;Não informado;Não informado;Meio de quadra;Não informado;Longo da via;0;3;0;2;0;0;0;0;0;0;0;0;0;(-38.5775168 -3.7105881);
LUQ8689;2021-10-08 13:47:00;Avenida Mozart Pinheiro de Lucena;;;QUINTINO CUNHA;LUQ8689;Queda;Não informado;Não informado;Não informado;Meio de quadra;Não informado;Longo da via;0;1;0;1;0;0;0;0;0;0;0;0;0;(-38.5957465 -3.719174);
LUQ8689;2021-10-08 13:36:00;Avenida Rui Barbosa;;;MEIRELES;LUQ8689;Colisão;Não informado;Não informado;Não informado;Meio de quadra;Não informado;Longo da via;0;2;0;1;1;0;0;0;0;0;0;0;0;(-38.507126 -3.729009);
RGN0839;2021-10-08 12:42:00;Avenida Humberto Monte;RUA OSCAR LOPES;;PARQUE ARAXA;RGN0839;Queda;Não informado;Não informado;Não informado;Cruz;Não informado;Cruzamento;0;1;0;1;0;0;0;0;0;0;0;0;0;(-38.5613568 -3.7481306);
VNL8562;2021-10-08 12:36:00;Avenida Padre Antônio Tomás;;;COCO;VNL8562;Colisão;Não informado;Não informado;Não informado;Meio de quadra;Não informado;Longo da via;0;1;0;1;1;0;0;0;0;0;0;0;0;(-38.48903720000001 -3.7439898);
MAI4108;2021-10-08 12:04:00;Avenida Washington Soares;;;EDSON QUEIROZ;MAI4108;Colisão;Não informado;Não informado;Não informado;Meio de quadra;Não informado;Longo da via;0;1;0;2;0;0;0;0;0;0;0;0;0;(-38.4872524 -3.756358099999999);
CUP0073;2021-10-08 12:02:00;AV AGUANAMBI;;;FATIMA;CUP0073;Colisão;Não informado;Não informado;Não informado;Meio de quadra;Não informado;Longo da via;0;1;0;1;1;0;0;0;0;0;0;0;0;(-38.5246958 -3.738345899999999);
YFS4727;2021-10-08 11:37:00;Avenida General Murilo Borges;AV ROGACIANO LEITE;;ENGENHEIRO LUCIANO CAVALCANTE;YFS4727;Queda;Não informado;Não informado;Não informado;Cruz;Não informado;Cruzamento;0;1;0;1;0;0;0;0;0;0;0;0;0;(-38.4980672 -3.7672671);
GOE5183;2021-10-08 11:31:00;Rua Desembargador Leite Albuquerque;RUA VICENTE LEITE;;MEIRELES;GOE5183;Colisão;Não informado;Não informado;Não informado;Cruz;Não informado;Cruzamento;0;1;0;1;1;0;0;0;0;0;0;0;0;(-38.4957526 -3.7381881);
ZWY1295;2021-10-08 11:29:00;BR 116;;;MESSEJANA;ZWY1295;Colisão;Não informado;Não informado;Não informado;Meio de quadra;Não informado;Longo da via;0;1;0;1;1;0;0;0;0;0;0;0;0;(-38.5008072 -3.8128871);
RCP0804;2021-10-08 11:16:00;Avenida Bezerra de Menezes;;;PARQUE ARAXA;RCP0804;Queda;Não informado;Não informado;Não informado;Meio de quadra;Não informado;Longo da via;0;1;0;1;0;0;0;0;0;0;0;0;0;(-38.5573008 -3.7344593);
CRG3307;2021-10-08 10:59:00;Avenida Borges de Melo;;;BELA VISTA;CRG3307;Colisão;Não informado;Não informado;Não informado;Meio de quadra;Não informado;Longo da via;0;1;0;1;1;0;0;0;0;0;0;0;0;(-38.529049 -3.7604285);
ZFO0957;2021-10-08 10:44:00;Avenida Jornalista Tomaz Coelho;;;BARROSO;ZFO0957;Queda;Não informado;Não informado;Não informado;Meio de quadra;Não informado;Longo da via;0;1;0;1;0;0;0;0;0;0;0;0;0;(-38.5161479 -3.8279192);
FTY5864;2021-11-24 09:17:00;Avenida Treze de Maio;AV CARAPINIMA;;BENFICA;968219;Colisão Transversal;Não informado;Bom;Seca;Cruz;Semáforo;Longo da via;0;4;0;2;0;0;0;0;0;0;0;0;0;(-38.54030564956263 -3.739984993615253);
PLT1078;2021-10-08 10:40:00;Rua Cônego de Castro;;;PARQUE SANTA ROSA;PLT1078;Atropelamento;Não informado;Não informado;Não informado;Meio de quadra;Não informado;Longo da via;0;1;0;1;0;0;0;0;0;0;0;0;0;(-38.5908896 -3.8037272);
WRN3841;2021-10-08 10:31:00;Rua Raul Uchôa;;;BOM FUTURO;WRN3841;Colisão;Não informado;Não informado;Não informado;Meio de quadra;Não informado;Longo da via;0;1;0;1;1;0;0;0;0;0;0;0;0;(-38.548101 -3.758063899999999);
MPS4927;2021-10-08 10:23:00;Avenida Humberto Monte;;;BELA VISTA;MPS4927;Queda;Não informado;Não informado;Não informado;Meio de quadra;Não informado;Longo da via;0;1;0;1;0;0;0;0;0;0;0;0;0;(-38.556283 -3.7542238);
NOZ5904;2021-10-08 09:19:00;Avenida José Jatahy;;;JACARECANGA;NOZ5904;Queda;Não informado;Não informado;Não informado;Meio de quadra;Não informado;Longo da via;0;1;0;1;0;0;0;0;0;0;0;0;0;(-38.5444085 -3.7356623);
USA7769;2021-11-24 10:00:00;Avenida Governador Raul Barbosa;;;SAO JOAO DO TAUAPE;967557;Colisão Lateral;Luz do Dia;Bom;Seca;Outros;Dê Preferência;Longo da via;0;1;1;1;1;0;0;0;0;0;0;0;0;(-38.50737885263414 -3.761487704820253);
GSR2972;2021-10-08 09:07:00;BR 116;;;PEDRAS;GSR2972;Queda;Não informado;Não informado;Não informado;Meio de quadra;Não informado;Longo da via;0;1;0;1;0;0;0;0;0;0;0;0;0;(-38.5010583 -3.8815143);
SZZ7634;2021-10-08 04:32:00;Avenida Carneiro de Mendonça;AV JOSE BASTOS;;DEMOCRITO ROCHA;SZZ7634;Colisão;Não informado;Não informado;Não informado;Cruz;Não informado;Cruzamento;0;2;0;0;2;0;0;0;0;0;0;0;0;(-38.5687383 -3.7628378);
NVW5578;2021-11-24 10:40:00;Avenida Jornalista Tomaz Coelho;;;JANGURUSSU;965328;Colisão Transversal;Luz do Dia;Bom;Seca;Meio de quadra;Outros;Longo da via;0;1;0;2;0;0;0;0;0;0;0;0;0;(-38.51633742769436 -3.828069396035241);
TQT8948;2021-11-24 12:00:00;Avenida Almirante Henrique Sabóia;;;MUCURIPE;964396;Atropelamento;Luz do Dia;Bom;Seca;Não informado;Semáforo;Longo da via;0;0;1;0;1;0;0;0;0;0;0;0;0;(-38.48058358176041 -3.725060720449176);
CZL2296;2021-11-23 21:05:00;Rua Luís Girão;RUA WALDEMAR ALCANTARA;;CAMBEBA;969330;Colisão Transversal;Mal Iluminada;Bom;Seca;Cruz;Pare;Longo da via;0;1;0;0;2;0;0;0;0;0;0;0;0;(-38.48228945895279 -3.798678593427022);
TMC6487;2021-11-23 17:10:00;Travessa Luís;RUA PERNAMBUCO;;PICI;969010;Colisão Transversal;Luz do Dia;Bom;Seca;T;Pare;Longo da via;0;0;1;1;1;0;0;0;0;0;0;0;0;(-38.57656375548294 -3.753244258463488);
TQP1938;2021-10-08 02:31:00;RUA MOZART PINHEIRO DE LUCENA;;;JARDIM GUANABARA;TQP1938;Queda;Não informado;Não informado;Não informado;Meio de quadra;Não informado;Longo da via;0;1;0;1;0;0;0;0;0;0;0;0;0;(-38.59438468488831 -3.714558324050743);
XSI0774;2021-10-08 01:31:00;Avenida Francisco Sá;RUA TOMAS GONZAGA;;CARLITO PAMPLONA;XSI0774;Colisão;Não informado;Não informado;Não informado;T;Não informado;Cruzamento;0;2;0;1;1;0;0;0;0;0;0;0;0;(-38.5691981 -3.7134106);
ETR1180;2021-11-23 12:05:00;Avenida Rogaciano Leite;RUA DES WALDEMAR ALVES PEREIRA;;ENGENHEIRO LUCIANO CAVALCANTE;968998;Colisão;Luz do Dia;Bom;Seca;Cruz;Semáforo;Longo da via;0;2;0;1;1;0;0;0;0;0;0;0;0;(-38.49794820245366 -3.770432291194677);
XVH4761;2021-11-23 15:20:00;Avenida Duque de Caxias;AV TRISTAO GONCALVES;;CENTRO;968656;Atropelamento;Luz do Dia;Bom;Seca;Cruz;Semáforo;Longo da via;0;2;0;0;1;0;0;0;0;0;0;0;0;(-38.5342362 -3.7304373);
TON0140;2021-11-23 15:40:00;Rua Elizeu Oriá;;;SAPIRANGA / COITE;968624;Colisão Transversal;Luz do Dia;Bom;Seca;Cruz;Semáforo;Longo da via;0;0;1;0;2;0;0;0;0;0;0;0;0;(-38.47668901473995 -3.803897394213654);
KDT2001;2021-11-23 13:52:00;Avenida Jornalista Tomaz Coelho;RUA MUCAMBINHO (MESSEJANA);;MESSEJANA;968488;Colisão Transversal;Luz do Dia;Bom;Seca;T;Semáforo;Longo da via;0;2;1;1;1;0;0;0;0;0;0;0;0;(-38.50719109870683 -3.830515461904429);
CUC9798;2021-10-08 01:10:00;AV JOSE JATAHY;AV FRANCISCO SA;;JACARECANGA;CUC9798;Colisão;Não informado;Não informado;Não informado;Meio de quadra;Não informado;Longo da via;0;1;0;1;1;0;0;0;0;0;0;0;0;(-38.5467873 -3.720876);
GWJ0153;2021-10-07 22:14:00;Via Expressa;;;MUCURIPE;GWJ0153;Colisão;Não informado;Não informado;Não informado;Meio de quadra;Não informado;Longo da via;0;1;0;1;1;0;0;0;0;0;0;0;0;(-38.49085 -3.7457388);
GUW4965;2021-10-07 20:51:00;Rua Dom Henrique;;;VILA PERY;GUW4965;Colisão;Não informado;Não informado;Não informado;Meio de quadra;Não informado;Longo da via;0;1;0;1;1;0;0;0;0;0;0;0;0;(-38.5807604 -3.7885045);
GFJ5515;2021-10-07 20:47:00;BR-116;;;AEROLANDIA;GFJ5515;Atropelamento;Não informado;Não informado;Não informado;Meio de quadra;Não informado;Longo da via;0;3;0;1;0;0;0;0;0;0;0;0;0;(-38.5148808 -3.77703);
IPB4676;2021-11-20 06:30:00;Avenida Eduardo Girão;;;FATIMA;960776;Choque c/ Obstáculo Fixo;Via Iluminada;Bom;Seca;Meio de quadra;Não há Controle;Longo da via;0;1;0;0;1;0;0;0;0;0;0;0;0;(-38.53839591674403 -3.749839799464958);
QMH2848;2021-10-07 20:34:00;Avenida Antônio Sales;;;COCO;QMH2848;Colisão;Não informado;Não informado;Não informado;Meio de quadra;Não informado;Longo da via;0;1;0;1;1;0;0;0;0;0;0;0;0;(-38.4912156 -3.748683999999999);
BPH3146;2021-11-22 07:40:00;Avenida Presidente Juscelino Kubitschek;;;PASSARE;969144;Choque c/ Obstáculo Fixo;Via Iluminada;Bom;Seca;Meio de quadra;Outros;Longo da via;0;0;0;0;1;0;0;0;0;0;0;0;0;(-38.53737129389949 -3.823857008021016);
UTM5510;2021-11-22 10:30:00;Rua Marechal Lott;RUA CON BRAVEZA;;CIDADE DOS FUNCIONRAIOS;969139;Colisão Lateral;Luz do Dia;Bom;Seca;Cruz;Pare;Longo da via;0;1;1;1;1;0;0;0;0;0;0;0;0;(-38.4949047 -3.8007552);
LXE5999;2021-10-07 20:12:00;Rua Coronel Joaquim Franklin;;;ANTONIO BEZERRA;LXE5999;Queda;Não informado;Não informado;Não informado;Meio de quadra;Não informado;Longo da via;0;2;0;1;0;0;0;0;0;0;0;0;0;(-38.5931119 -3.7433409);
SSG8625;2021-11-22 09:40:00;Rua Frei Marcelino;;;RODOLFO TEOFILO;969107;Colisão Traseira;Luz do Dia;Bom;Seca;Meio de quadra;Pare;Longo da via;0;1;1;1;1;0;0;0;0;0;0;0;0;(-38.54836836892309 -3.739203456194833);
PGF8721;2021-10-07 19:50:00;Avenida Doutor Silas Munguba;;;PASSARE;PGF8721;Colisão;Não informado;Não informado;Não informado;Meio de quadra;Não informado;Longo da via;0;1;0;0;0;0;0;0;0;0;1;0;0;(-38.5285702 -3.803575999999999);
MCL4692;2021-10-07 19:18:00;RUA CAIO CID;RUA LUIZA MIRANDA COELHO;;ENGENHEIRO LUCIANO CAVALCANTE;MCL4692;Queda;Não informado;Não informado;Não informado;Cruz;Não informado;Cruzamento;0;1;0;1;0;0;0;0;0;0;0;0;0;(-38.484976 -3.7745619);
EDV6040;2021-10-07 17:27:00;Avenida Washington Soares;;;CAMBEBA;EDV6040;Colisão;Não informado;Não informado;Não informado;Meio de quadra;Não informado;Longo da via;0;1;0;1;1;0;0;0;0;0;0;0;0;(-38.4793866 -3.8049045);
FAM7352;2021-10-07 16:48:00;Avenida Presidente Castelo Branco;;;CRISTO REDENTOR;FAM7352;Colisão;Não informado;Não informado;Não informado;Meio de quadra;Não informado;Longo da via;0;2;0;1;1;0;0;0;0;0;0;0;0;(-38.56866029799571 -3.707991492118085);
CVD0091;2021-10-07 14:46:00;Avenida Lineu Machado;;;JOQUEI CLUBE;CVD0091;Atropelamento;Não informado;Não informado;Não informado;Meio de quadra;Não informado;Longo da via;0;1;0;1;0;0;0;0;0;0;0;0;0;(-38.5734712 -3.7622468);
HPP1719;2021-10-07 11:37:00;Rua Matos Vasconcelos;;;RODOLFO TEOFILO;HPP1719;Queda;Não informado;Não informado;Não informado;Meio de quadra;Não informado;Longo da via;0;1;0;1;0;0;0;0;0;0;0;0;0;(-38.552513 -3.75357);
VJO9681;2021-10-07 11:33:00;Rua Capitão Olavo;;;AEROLANDIA;VJO9681;Colisão;Não informado;Não informado;Não informado;Meio de quadra;Não informado;Longo da via;0;1;0;1;1;0;0;0;0;0;0;0;0;(-38.5162156 -3.763091);
NOK4814;2021-10-07 11:07:00;Wenefrido Melo;;;MONDUBIM;NOK4814;Colisão;Não informado;Não informado;Não informado;Meio de quadra;Não informado;Longo da via;0;2;0;1;0;0;0;0;0;0;1;0;0;(-38.5781886 -3.8086677);
GBH4149;2021-10-07 09:41:00;Rua Barra Nova;;;JARDIM DAS OLIVEIRAS;GBH4149;Queda;Não informado;Não informado;Não informado;Meio de quadra;Não informado;Longo da via;0;1;0;1;0;0;0;0;0;0;0;0;0;(-38.5061157 -3.7858628);
MUU8571;2021-10-07 07:17:00;AV GODOFREDO MACIEL;;;MARAPONGA;MUU8571;Colisão;Não informado;Não informado;Não informado;Meio de quadra;Não informado;Longo da via;0;2;0;1;1;0;0;0;0;0;0;0;0;(-38.5772215 -3.8202057);
JMB1605;2021-10-07 04:08:00;Avenida General Osório de Paiva;;;SIQUEIRA;JMB1605;Queda;Não informado;Não informado;Não informado;Meio de quadra;Não informado;Longo da via;0;1;0;1;0;0;0;0;0;0;0;0;0;(-38.6173997 -3.8201374);
ZVR4611;2021-10-07 00:43:00;Avenida Doutor Silas Munguba;;;SERRINHA;ZVR4611;Atropelamento;Não informado;Não informado;Não informado;Meio de quadra;Não informado;Longo da via;0;2;0;1;0;0;0;0;0;0;0;0;0;(-38.5488657 -3.786939499999999);
SSG8625;2021-11-22 05:26:00;Rua Tibúrcio Cavalcante;AV DOM LUIS;;MEIRELES;968751;Choque c/ Obstáculo Fixo;Via Iluminada;Bom;Seca;T;Semáforo;Longo da via;0;1;0;0;1;0;0;0;0;0;0;0;0;(-38.5013043 -3.7319799);
GNZ5122;2021-11-21 12:09:00;Avenida Doutor Silas Munguba;RUA GOV JOAO CARLOS;;SERRINHA;969143;Colisão Transversal;Luz do Dia;Bom;Não informado;Cruz;Semáforo;Longo da via;0;1;0;1;1;0;0;0;0;0;0;0;0;(-38.55404392859391 -3.783733914570365);
SNO6277;2021-10-06 23:57:00;RUA 116;;;PARQUE DOIS IRMAOS;SNO6277;Colisão;Não informado;Não informado;Não informado;Meio de quadra;Não informado;Longo da via;0;1;0;0;1;0;0;0;0;1;0;0;0;(-38.5495815 -3.8089995);
KIH5860;2021-10-06 22:38:00;Avenida Presidente Castelo Branco;;;BARRA DO CEARA;KIH5860;Queda;Não informado;Não informado;Não informado;Meio de quadra;Não informado;Longo da via;0;1;0;0;0;0;0;0;0;1;0;0;0;(-38.5863509 -3.7004638);
WSW5090;2021-10-06 21:51:00;RUA DEP JOAQUIM NORONHA MOTA;AV MAE MANOEL MAVIGNIER;;SABIAGUABA;WSW5090;Colisão;Não informado;Não informado;Não informado;Cruz;Não informado;Cruzamento;0;2;0;0;2;0;0;0;0;0;0;0;0;(-38.4307346 -3.8001968);
COO1006;2021-11-21 13:00:00;Avenida Presidente Costa e Silva;;;MONDUBIM;969114;Choque c/ Obstáculo Fixo;Luz do Dia;Bom;Seca;Meio de quadra;Não há Controle;Longo da via;0;0;0;0;1;0;0;0;0;0;0;0;0;(-38.56944517228828 -3.814666758037978);
IWW4787;2021-11-21 23:30:00;Avenida Val Paraíso;;;JANGURUSSU;969087;Colisão Traseira;Via Iluminada;Bom;Seca;Meio de quadra;Não há Controle;Longo da via;0;3;0;0;1;0;0;0;0;0;0;0;0;(-38.5073796 -3.8507962);
KAF2672;2021-10-06 21:20:00;Avenida Presidente Costa e Silva;;;PREFEITO JOSE VALTER;KAF2672;Colisão;Não informado;Não informado;Não informado;Meio de quadra;Não informado;Longo da via;0;1;0;1;1;0;0;0;0;0;0;0;0;(-38.5503326 -3.8234508);
NOP0465;2021-11-21 22:00:00;Avenida da Universidade;;;BENFICA;968068;Colisão Traseira;Via Iluminada;Bom;Seca;Meio de quadra;Outros;Longo da via;0;0;2;0;1;0;0;0;0;0;1;0;0;(-38.53873759627595 -3.740559687478821);
JXP8523;2021-10-06 21:18:00;Rua Nogueira Acioli;;;CENTRO;JXP8523;Queda;Não informado;Não informado;Não informado;Meio de quadra;Não informado;Longo da via;0;1;0;0;0;0;0;0;0;1;0;0;0;(-38.5159283 -3.7274902);
TOD8653;2021-11-20 12:40:00;Rua Santa Rosália;;;MESSEJANA;969013;Colisão Frontal;Luz do Dia;Bom;Seca;Meio de quadra;Não informado;Longo da via;0;1;0;1;1;0;0;0;0;0;0;0;0;(-38.50001886312159 -3.833352247263001);
UQX0500;2021-10-06 20:43:00;Avenida Maestro Lisboa;;;LAGOA REDONDA;UQX0500;Colisão;Não informado;Não informado;Não informado;Meio de quadra;Não informado;Longo da via;0;1;0;1;1;0;0;0;0;0;0;0;0;(-38.45991679999999 -3.8071696);
UEF7456;2021-10-06 20:35:00;Rua Edite Braga;RUA ROMEU MARTINS;;MONTESE;UEF7456;Colisão;Não informado;Não informado;Não informado;Cruz;Não informado;Cruzamento;0;1;0;0;1;0;0;0;0;1;0;0;0;(-38.5524765 -3.7664044);
XKV1635;2021-11-20 14:30:00;Avenida Santos Dumont;AV DES MOREIRA;;ALDEOTA;969002;Colisão Lateral;Luz do Dia;Bom;Seca;Cruz;Semáforo;Longo da via;0;0;2;0;2;0;0;0;0;0;0;0;0;(-38.49824860775215 -3.736275361172531);
SIR9277;2021-10-06 20:25:00;Avenida Jornalista Tomaz Coelho;;;MESSEJANA;SIR9277;Colisão;Não informado;Não informado;Não informado;Meio de quadra;Não informado;Longo da via;0;1;0;2;0;0;0;0;0;0;0;0;0;(-38.5107767 -3.8295793);
EPB4522;2021-10-06 20:08:00;Avenida Santos Dumont;;;ALDEOTA;EPB4522;Queda;Não informado;Não informado;Não informado;Meio de quadra;Não informado;Longo da via;0;1;0;0;0;0;0;0;0;1;0;0;0;(-38.4658939 -3.7469831);
QMR9416;2021-11-20 10:30:00;Avenida Coronel Carvalho;RUA GUILHERME MENDES;;JARDIM IRACEMA;968945;Colisão Transversal;Luz do Dia;Bom;Seca;Cruz;Semáforo;Longo da via;0;0;1;0;1;0;0;1;0;0;0;0;0;(-38.5870503 -3.7206467);
HFT5827;2021-10-06 20:02:00;Avenida Presidente Castelo Branco;;;MOURA BRASIL;HFT5827;Choque c/ Obstáculo Fixo;Não informado;Não informado;Não informado;Meio de quadra;Não informado;Longo da via;0;2;0;0;1;0;0;0;0;0;0;0;0;(-38.52172669999999 -3.7232945);
JTV1085;2021-10-06 20:01:00;Rua Graco Cardoso;RUA PRO VIRGILIO DE MORAIS;;AUTRAN NUNES;JTV1085;Atropelamento;Não informado;Não informado;Não informado;Cruz;Não informado;Cruzamento;0;1;0;1;0;0;0;0;0;0;0;0;0;(-38.5978597 -3.7516365);
XTR3121;2021-10-06 19:54:00;Avenida L;;;VILA VELHA;XTR3121;Queda;Não informado;Não informado;Não informado;Meio de quadra;Não informado;Longo da via;0;1;0;1;0;0;0;0;0;0;0;0;0;(-38.5993719 -3.7120134);
MNI3685;2021-10-06 19:40:00;RUA MIGUEL GURGEL;;;MESSEJANA;MNI3685;Atropelamento;Não informado;Não informado;Não informado;Meio de quadra;Não informado;Longo da via;0;1;0;0;1;0;0;0;0;0;0;0;0;(-38.4824514 -3.8402533);
PDQ9738;2021-10-06 18:02:00;RUA ESPIRITO SANTO;RUA MARANHAO;;BELA VISTA;PDQ9738;Colisão;Não informado;Não informado;Não informado;T;Não informado;Cruzamento;0;1;0;0;0;0;0;0;0;0;1;0;0;(-38.5687048 -3.7537801);
IBA9521;2021-11-20 17:00:00;Avenida das Adenanteras;AV DAS GRAVIOLAS;;CIDADE 2000;968645;Colisão Transversal;Luz do Dia;Bom;Seca;T;Pare;Longo da via;0;1;0;2;0;0;0;0;0;0;0;0;0;(-38.4747106 -3.7530785);
SLK5336;2021-10-06 16:20:00;Rua Marechal Deodoro;AV 13 DE MAIO;;BENFICA;SLK5336;Colisão;Não informado;Não informado;Não informado;Cruz;Não informado;Cruzamento;0;1;0;1;1;0;0;0;0;0;0;0;0;(-38.5366052 -3.7431387);
SGE3221;2021-10-06 16:08:00;Avenida Sargento Hermínio Sampaio;AV JOSE JATAHY;;JACARECANGA;SGE3221;Queda;Não informado;Não informado;Não informado;Cruz;Não informado;Cruzamento;0;1;0;1;0;0;0;0;0;0;0;0;0;(-38.5459049 -3.7247097);
QYB3145;2021-10-06 15:44:00;AV ALM HENRIQUE SABOIA;;;DIONISIO TORRES;QYB3145;Colisão;Não informado;Não informado;Não informado;Meio de quadra;Não informado;Longo da via;0;1;0;1;1;0;0;0;0;0;0;0;0;(-38.4971129 -3.7515043);
CCI4914;2021-11-20 09:40:00;Rua Solon Pinheiro;RUA GAL CLARINDO DE QUEIROZ;;CENTRO;968220;Colisão Transversal;Luz do Dia;Bom;Seca;Cruz;Semáforo;Longo da via;0;0;4;0;2;0;0;0;0;0;0;0;0;(-38.5273568 -3.7336372);
UKW6072;2021-10-06 14:32:00;Avenida Governador Raul Barbosa;;;SAO JOAO DO TAUAPE;UKW6072;Queda;Não informado;Não informado;Não informado;Meio de quadra;Não informado;Longo da via;0;1;0;1;0;0;0;0;0;0;0;0;0;(-38.50583 -3.7610279);
PKH9705;2021-10-06 14:12:00;Avenida C;AV I CJ JOSE WALTER;;PREFEITO JOSE VALTER;PKH9705;Colisão;Não informado;Não informado;Não informado;T;Não informado;Cruzamento;0;1;0;1;1;0;0;0;0;0;0;0;0;(-38.5521546 -3.8298579);
OTZ2651;2021-10-06 13:50:00;Rua Aíres da Cunha;RUA EMILIO DE MENESES;;GRANJA PORTUGAL;OTZ2651;Colisão;Não informado;Não informado;Não informado;Cruz;Não informado;Cruzamento;0;1;0;1;1;0;0;0;0;0;0;0;0;(-38.6047246 -3.7787981);
BGE9397;2021-11-20 04:30:00;Avenida General Osório de Paiva;RUA LUIS VIEIRA;;BONSUCESSO;967886;Colisão Transversal;Via Iluminada;Bom;Seca;Cruz;Semáforo;Longo da via;0;2;1;1;1;0;0;0;0;0;0;0;0;(-38.5886105 -3.7910171);