COD_ACIDENTE;DATA;LOG1;LOG2;NUMERO;BAIRRO;AMC;NATUREZA;ILUMINACAO;TEMPO;SUPERFICIEPISTA;TIPOCRUZAMENTO;CONTROLETRAFEGO;USOSOLO;MORTOS;FERIDOS;ILESOS;MOTOCICLETA;AUTOMOVEL;MICROONIBUS;CAMINHAO;ONIBUS;CICLOMOTOR;BICICLETA;OUTROS;TREM;TRACAOANIMAL;COORDENADAS
DRS4991;2021-11-20 11:06:00;Avenida Castelo de Castro;;;JANGURUSSU;965327;Colisão Lateral;Luz do Dia;Bom;Seca;Meio de quadra;Outros;Longo da via;0;1;1;1;1;0;0;0;0;0;0;0;0;(-38.52181449474951 -3.840909825699319);
TPX6352;2021-10-06 13:11:00;RUA 24 DE MAIO;;;CENTRO;TPX6352;Atropelamento;Não informado;Não informado;Não informado;Meio de quadra;Não informado;Longo da via;0;1;0;0;1;0;0;0;0;0;0;0;0;(-46.639827 -23.5438155);
DEC6869;2021-11-19 12:30:00;AV  JUSCELINO KUBITSCHEK;;;CASTELAO;969081;Colisão Lateral;Luz do Dia;Bom;Seca;Rotatória;Dê Preferência;Longo da via;0;1;1;1;1;0;0;0;0;0;0;0;0;(-38.52486146378209 -3.807831546223464);
JTR0665;2021-11-19 20:20:00;Avenida Pontes Vieira;;;DIONISIO TORRES;965641;Colisão Traseira;Luz do Dia;Bom;Seca;Meio de quadra;Semáforo;Longo da via;0;0;0;1;0;0;0;1;0;0;0;0;0;(-38.50382760437974 -3.751568795236619);
YVB7409;2021-10-06 11:18:00;Rua Casemiro de Abreu;;;PARANGABA;YVB7409;Atropelamento;Não informado;Não informado;Não informado;Meio de quadra;Não informado;Longo da via;0;1;0;0;1;0;0;0;0;0;0;0;0;(-38.5630331 -3.7819502);
KWO0229;2021-10-06 10:51:00;BR-116;;;AEROLANDIA;KWO0229;Colisão;Não informado;Não informado;Não informado;Meio de quadra;Não informado;Longo da via;0;1;0;1;1;0;0;0;0;0;0;0;0;(-38.5152306 -3.7760061);
NLV2079;2021-10-06 10:24:00;Avenida Imperador;;;CENTRO;NLV2079;Atropelamento;Não informado;Não informado;Não informado;Meio de quadra;Não informado;Longo da via;0;1;0;0;1;0;0;0;0;0;0;0;0;(-38.5350007 -3.7291837);
WKC0041;2021-11-19 13:30:00;Avenida Monsenhor Tabosa;AV RUI BARBOSA;;MEIRELES;963953;Colisão Transversal;Luz do Dia;Bom;Seca;Cruz;Semáforo;Longo da via;0;1;1;1;1;0;0;0;0;0;0;0;0;(-38.5056957 -3.7244353);
KUR0131;2021-10-06 10:21:00;Avenida Washington Soares;;;MESSEJANA;KUR0131;Colisão;Não informado;Não informado;Não informado;Meio de quadra;Não informado;Longo da via;0;1;0;0;2;0;0;0;0;0;0;0;0;(-38.4817816 -3.8194224);
JVP7394;2021-11-19 12:00:00;Rua Padre Valdevino;;;DIONISIO TORRES;963952;Colisão Traseira;Luz do Dia;Bom;Seca;Meio de quadra;Não há Controle;Longo da via;0;0;0;0;2;0;0;0;0;0;0;0;0;(-38.50133851535222 -3.743940846988229);
MGY4232;2021-11-18 09:35:00;Avenida José Jatahy;AV DUQ CAXIAS;;JACARECANGA;969127;Colisão Transversal;Luz do Dia;Bom;Seca;Cruz;Semáforo;Longo da via;0;1;2;1;1;0;0;0;0;0;0;0;0;(-38.54582026848232 -3.726779058930216);
KUR0131;2021-10-06 10:16:00;Rua Ceará;AV JOSE BASTOS;;DEMOCRITO ROCHA;KUR0131;Colisão;Não informado;Não informado;Não informado;Cruz;Não informado;Cruzamento;0;3;0;0;0;0;0;0;0;0;1;0;0;(-38.5646315 -3.75967);
BJZ4892;2021-10-06 06:26:00;Avenida General Osório de Paiva;;;PARANGABA;BJZ4892;Queda;Não informado;Não informado;Não informado;Meio de quadra;Não informado;Longo da via;0;1;0;1;0;0;0;0;0;0;0;0;0;(-38.5660683 -3.7758538);
LAL3992;2021-10-06 01:23:00;Avenida Engenheiro Leal Lima Verde;;;JOSE DE ALENCAR;LAL3992;Colisão;Não informado;Não informado;Não informado;Meio de quadra;Não informado;Longo da via;0;1;0;1;1;0;0;0;0;0;0;0;0;(-38.4746634 -3.8103059);
QFO3009;2021-10-06 01:07:00;Rua Tenente Eliezer Costa;;;VILA VELHA;QFO3009;Queda;Não informado;Não informado;Não informado;Meio de quadra;Não informado;Longo da via;0;1;0;0;0;0;0;0;0;1;0;0;0;(-38.5919543 -3.7099951);
QVF4331;2021-10-06 00:01:00;Rua General Clarindo de Queiroz;;;CENTRO;QVF4331;Colisão;Não informado;Não informado;Não informado;Meio de quadra;Não informado;Longo da via;0;1;0;1;1;0;0;0;0;0;0;0;0;(-38.53756443171483 -3.730221078873742);
RFW5002;2021-10-05 22:05:00;Rua Getúlio Vargas;;;PARQUE SANTA ROSA;RFW5002;Colisão;Não informado;Não informado;Não informado;Meio de quadra;Não informado;Longo da via;0;1;0;1;1;0;0;0;0;0;0;0;0;(-38.594607 -3.817213);
LJM3373;2021-10-05 21:00:00;Rua Caravela;;;BARRA DO CEARA;LJM3373;Colisão;Não informado;Não informado;Não informado;Meio de quadra;Não informado;Longo da via;0;1;0;0;0;0;0;0;0;0;1;0;0;(-38.578634 -3.697127);
ICA9935;2021-10-05 20:52:00;Rua Almeida Prado;RUA JOSE RANGEL;;PAPICU;ICA9935;Colisão;Não informado;Não informado;Não informado;Cruz;Não informado;Cruzamento;0;1;0;1;1;0;0;0;0;0;0;0;0;(-38.4733212 -3.7379784);
NGH9133;2021-10-05 20:39:00;Avenida Washington Soares;;;EDSON QUEIROZ;NGH9133;Colisão;Não informado;Não informado;Não informado;Meio de quadra;Não informado;Longo da via;0;1;0;1;1;0;0;0;0;0;0;0;0;(-38.4823287 -3.8330008);
PMN8301;2021-10-05 19:37:00;Rua das Acácias;;;BONSUCESSO;PMN8301;Colisão;Não informado;Não informado;Não informado;Meio de quadra;Não informado;Longo da via;0;1;0;1;1;0;0;0;0;0;0;0;0;(-38.5910683 -3.7840528);
HSO8542;2021-11-18 02:56:00;Rua Ana Bilhar;RUA OSVALDO CRUZ (ALDEOTA);;MEIRELES;967888;Colisão Transversal;Via Iluminada;Bom;Seca;Cruz;Semáforo;Longo da via;0;3;1;0;3;0;0;0;0;0;0;0;0;(-38.49830225709315 -3.728663339013329);
DBE6329;2021-10-05 18:46:00;Rua Santa Quitéria;AV DOS EXPEDICIONARIOS;;MONTESE;DBE6329;Colisão;Não informado;Não informado;Não informado;Cruz;Não informado;Cruzamento;0;1;0;1;1;0;0;0;0;0;0;0;0;(-38.5394995 -3.7592647);
FGF7042;2021-11-18 12:40:00;Rua Santa Catarina;RUA RIO GRANDE DO NORTE;;PAN AMERICANO;965326;Colisão Transversal;Luz do Dia;Bom;Seca;Cruz;Pare;Longo da via;0;2;1;2;0;0;0;0;0;0;0;0;0;(-38.56816307379878 -3.758340216313438);
SFO3677;2021-10-05 18:29:00;RUA XX;RUA EMILIA GONCALVES;;QUINTINO CUNHA;SFO3677;Atropelamento;Não informado;Não informado;Não informado;T;Não informado;Cruzamento;0;1;0;0;1;0;0;0;0;0;0;0;0;(-38.5937705 -3.730829);
JMI8531;2021-10-05 18:04:00;Rua 23;;;VILA VELHA;JMI8531;Colisão;Não informado;Não informado;Não informado;Meio de quadra;Não informado;Longo da via;0;1;0;2;0;0;0;0;0;0;0;0;0;(-38.5962261 -3.715289299999999);
OVC1771;2021-11-17 13:35:00;Avenida Treze de Maio;AV CARAPINIMA;;BENFICA;969126;Colisão Traseira;Não informado;Bom;Seca;Cruz;Semáforo;Longo da via;0;1;0;0;1;0;0;0;0;0;1;0;0;(-38.54009643092586 -3.740070641509361);
PQY4698;2021-10-05 16:59:00;Avenida Doutor Silas Munguba;;;PASSARE;PQY4698;Colisão;Não informado;Não informado;Não informado;Meio de quadra;Não informado;Longo da via;0;1;0;1;1;0;0;0;0;0;0;0;0;(-38.5297827 -3.8016075);
YUR0564;2021-11-17 11:30:00;Avenida Borges de Melo;;;AEROLANDIA;969068;Colisão Traseira;Luz do Dia;Bom;Seca;Meio de quadra;Não há Controle;Longo da via;0;0;2;0;3;0;0;0;0;0;0;0;0;(-38.52816605624405 -3.760545600608465);
NXW9831;2021-10-05 16:19:00;Rua Padre Mororó;;;CENTRO;NXW9831;Colisão;Não informado;Não informado;Não informado;Meio de quadra;Não informado;Longo da via;0;1;0;0;0;0;0;0;0;0;1;0;0;(-38.5384801 -3.7287623);
EGV0270;2021-11-17 18:25:00;Rua Pinto Madeira;;;CENTRO;968964;Colisão Lateral;Luz do Dia;Bom;Seca;Meio de quadra;Não há Controle;Longo da via;0;0;2;0;1;0;1;0;0;0;0;0;0;(-38.52345601534602 -3.730558321160379);
MTV6905;2021-10-05 15:35:00;Rua Artur de Carvalho;;;VILA UNIAO;MTV6905;Colisão;Não informado;Não informado;Não informado;Meio de quadra;Não informado;Longo da via;0;1;0;1;1;0;0;0;0;0;0;0;0;(-38.5346892 -3.7609788);
EPT4060;2021-10-05 12:04:00;Rua Tenente Benévolo;AV RUI BARBOSA;;MEIRELES;EPT4060;Colisão;Não informado;Não informado;Não informado;Cruz;Não informado;Longo da via;0;1;0;1;1;0;0;0;0;0;0;0;0;(-38.5109988 -3.727405);
DWN5484;2021-10-05 10:54:00;BR-116;;;CAJAZEIRAS;DWN5484;Colisão;Não informado;Não informado;Não informado;Meio de quadra;Não informado;Longo da via;0;1;0;1;1;0;0;0;0;0;0;0;0;(-38.5005102 -3.8121123);
FVX7205;2021-10-04 22:47:00;Avenida Godofredo Maciel;;;MONDUBIM;FVX7205;Queda;Não informado;Não informado;Não informado;Meio de quadra;Não informado;Longo da via;0;1;0;0;0;0;0;0;0;1;0;0;0;(-38.5749315 -3.8175024);
ZPH5267;2021-10-04 22:36:00;RUA L;AV E CJ JOSE WALTER;;PREFEITO JOSE VALTER;ZPH5267;Colisão;Não informado;Não informado;Não informado;Cruz;Não informado;Cruzamento;0;1;0;2;0;0;0;0;0;0;0;0;0;(-38.5514342 -3.8366502);
FRZ2439;2021-10-04 22:08:00;Rua Cônego de Castro;;;MANOEL SATIRO;FRZ2439;Queda;Não informado;Não informado;Não informado;Meio de quadra;Não informado;Longo da via;0;1;0;1;0;0;0;0;0;0;0;0;0;(-38.5811591 -3.7934865);
MUG0359;2021-10-04 20:34:00;Rua Antônio Arruda;;;JARDIM GUANABARA;MUG0359;Queda;Não informado;Não informado;Não informado;Meio de quadra;Não informado;Longo da via;0;1;0;1;0;0;0;0;0;0;0;0;0;(-38.5934708 -3.7180254);
EBI2823;2021-10-04 20:25:00;AV GOV RAUL BARBOSA;;;AEROLANDIA;EBI2823;Queda;Não informado;Não informado;Não informado;Meio de quadra;Não informado;Longo da via;0;1;0;1;0;0;0;0;0;0;0;0;0;(-38.5105697 -3.7698287);
NTB5264;2021-11-17 11:25:00;Avenida Bezerra de Menezes;;;PARQUE ARAXA;968922;Colisão Lateral;Luz do Dia;Não informado;Seca;Meio de quadra;Semáforo;Longo da via;0;0;0;0;1;0;0;1;0;0;0;0;0;(-38.5524607 -3.733455);
RHK2536;2021-10-04 19:35:00;Avenida Mister Hull;;;ANTONIO BEZERRA;RHK2536;Atropelamento;Não informado;Não informado;Não informado;Meio de quadra;Não informado;Longo da via;0;1;0;0;1;0;0;0;0;0;0;0;0;(-38.59220104600328 -3.739572813007748);
MAC4902;2021-10-04 16:44:00;RUA CONSELHEIRO TRISTAO;RUA JOAQUIM MAGALHAES;;JOSE BONIFACIO;MAC4902;Colisão;Não informado;Não informado;Não informado;Cruz;Não informado;Cruzamento;0;1;0;1;1;0;0;0;0;0;0;0;0;(-38.5271049 -3.740216);
RRB7937;2021-10-04 16:40:00;Rua Padre Pedro de Alencar;;;MESSEJANA;RRB7937;Colisão;Não informado;Não informado;Não informado;Meio de quadra;Não informado;Longo da via;0;1;0;0;0;0;0;0;0;0;1;0;0;(-38.4939851 -3.829757);
INO2135;2021-10-04 16:04:00;RUA ANSELMO NOGUEIRA;;;BONSUCESSO;INO2135;Colisão;Não informado;Não informado;Não informado;Meio de quadra;Não informado;Longo da via;0;1;0;1;1;0;0;0;0;0;0;0;0;(-38.5874325 -3.7819845);
YAR0718;2021-11-17 09:40:00;Avenida Treze de Maio;AV CARAPINIMA;;BENFICA;968912;Colisão Transversal;Luz do Dia;Bom;Seca;Cruz;Semáforo;Longo da via;0;3;0;2;0;0;0;0;0;0;0;0;0;(-38.54033783700913 -3.739963581640403);
DEN8072;2021-10-04 15:25:00;Avenida Governador Parsifal Barroso;;;PRESIDENTE KENNEDY;DEN8072;Colisão;Não informado;Não informado;Não informado;Meio de quadra;Não informado;Longo da via;0;1;0;1;1;0;0;0;0;0;0;0;0;(-38.5691076 -3.7320742);
PZH4346;2021-11-17 23:30:00;Avenida Presidente Costa e Silva;;;MONDUBIM;968879;Colisão Transversal;Anoitecer;Bom;Seca;Outros;Não há Controle;Longo da via;0;0;1;1;1;0;0;0;0;0;0;0;0;(-38.5678574640648 -3.816615077842286);
BFU8198;2021-10-04 15:06:00;Avenida Bernardo Manuel;;;SERRINHA;BFU8198;Colisão;Não informado;Não informado;Não informado;Meio de quadra;Não informado;Longo da via;0;1;0;1;1;0;0;0;0;0;0;0;0;(-38.5488446 -3.7896782);
THR0505;2021-10-04 13:49:00;Avenida A;;;CONJUNTO CEARA I;THR0505;Colisão;Não informado;Não informado;Não informado;Meio de quadra;Não informado;Longo da via;0;1;0;1;1;0;0;0;0;0;0;0;0;(-38.6019082 -3.7671289);
MFV0560;2021-10-04 12:46:00;Rua Maria Alice Ferraz;;;ENGENHEIRO LUCIANO CAVALCANTE;MFV0560;Queda;Não informado;Não informado;Não informado;Meio de quadra;Não informado;Longo da via;0;1;0;0;0;0;0;0;0;1;0;0;0;(-38.491673 -3.7740998);
IPR9093;2021-10-04 11:32:00;Avenida Lineu Machado;;;JOAO XXIII;IPR9093;Colisão;Não informado;Não informado;Não informado;Meio de quadra;Não informado;Longo da via;0;1;0;1;1;0;0;0;0;0;0;0;0;(-38.5801633 -3.7720724);
QFD3776;2021-11-17 16:40:00;Avenida Presidente Costa e Silva;;;MONDUBIM;968821;Colisão Traseira;Luz do Dia;Bom;Seca;Meio de quadra;Não há Controle;Longo da via;0;0;1;0;1;0;0;1;0;0;0;0;0;(-38.53226976097174 -3.82826743663915);
UST4911;2021-10-04 10:24:00;Rua 15 de Novembro;;;MONTESE;UST4911;Colisão;Não informado;Não informado;Não informado;Cruz;Não informado;Longo da via;0;1;0;1;1;0;0;0;0;0;0;0;0;(-38.5553235 -3.7691378);
IIO4587;2021-10-04 10:10:00;Rua Paraná;RUA PERNAMBUCO;;PAN AMERICANO;IIO4587;Colisão;Não informado;Não informado;Não informado;Cruz;Não informado;Cruzamento;0;1;0;0;0;0;0;0;0;0;1;0;0;(-38.5696518 -3.7592242);
VBZ0322;2021-10-04 09:39:00;AV SILAS MUNGUBA;RUA GIRASSOL;;PARQUE DOIS IRMAOS;VBZ0322;Colisão;Não informado;Não informado;Não informado;Cruz;Não informado;Cruzamento;0;1;0;1;1;0;0;0;0;0;0;0;0;(-38.5378284 -3.7912956);
TKU1879;2021-10-14 09:30:00;Rua Rio Grande do Norte;RUA RIO GRANDE DO SUL;;DEMOCRITO ROCHA;TKU1879;Colisão;Não informado;Não informado;Não informado;Cruz;Não informado;Cruzamento;0;1;0;1;1;0;0;0;0;0;0;0;0;(-38.56756 -3.7586142);
PLI6561;2021-10-04 08:19:00;Avenida Dioguinho;;;PRAIA DO FUTURO II;PLI6561;Queda;Não informado;Não informado;Não informado;Meio de quadra;Não informado;Longo da via;0;1;0;1;0;0;0;0;0;0;0;0;0;(-38.4473673 -3.753054);
YLR1528;2021-10-04 04:43:00;Avenida H;AV G CJ CEARA;;CONJUNTO CEARA I;YLR1528;Queda;Não informado;Não informado;Não informado;Cruz;Não informado;Cruzamento;0;2;0;1;0;0;0;0;0;0;0;0;0;(-38.610175 -3.775745699999999);
WQP9328;2021-11-17 17:05:00;Rua Desembargador Praxedes;RUA QUEIROZ RIBEIRO;;MONTESE;968807;Colisão Traseira;Luz do Dia;Bom;Seca;Cruz;Pare;Longo da via;0;1;1;1;1;0;0;0;0;0;0;0;0;(-38.5452745 -3.7623117);
CAI2758;2021-10-04 01:56:00;Rua Jornalista Antônio Pontes Tavares;;;CAJAZEIRAS;CAI2758;Atropelamento;Não informado;Não informado;Não informado;Meio de quadra;Não informado;Longo da via;0;1;0;0;1;0;0;0;0;0;0;0;0;(-38.5066654 -3.8137854);
OAX4511;2021-10-03 22:36:00;Avenida Padre Antônio Tomás;;;ALDEOTA;OAX4511;Colisão;Não informado;Não informado;Não informado;Meio de quadra;Não informado;Longo da via;0;1;0;0;0;0;0;0;0;0;1;0;0;(-38.4916723 -3.7425496);
FBX0211;2021-11-17 19:00:00;Rua A;AV D CJ JOSE WALTER;;PREFEITO JOSE VALTER;968701;Colisão Transversal;Luz do Dia;Bom;Seca;Não informado;Não informado;Longo da via;0;0;1;1;1;0;0;0;0;0;0;0;0;(-38.55210199167374 -3.832875882077056);
NOF4322;2021-11-17 11:30:00;Avenida Barão de Studart;AV SORIANO ALBUQUERQUE;;JOAQUIM TVORA;968600;Colisão Lateral;Luz do Dia;Bom;Seca;Outros;Semáforo;Longo da via;0;1;0;1;1;0;0;0;0;0;0;0;0;(-38.5115470028629 -3.750091387297606);
JBF9862;2021-10-03 22:10:00;Avenida Presidente Costa e Silva;;;PREFEITO JOSE VALTER;JBF9862;Colisão;Não informado;Não informado;Não informado;Meio de quadra;Não informado;Longo da via;0;1;0;0;0;0;0;0;0;0;1;0;0;(-38.5381468 -3.8263575);
KMU3351;2021-10-03 21:45:00;Rua Humaitá;;;GENIBAU;KMU3351;Queda;Não informado;Não informado;Não informado;Meio de quadra;Não informado;Longo da via;0;1;0;1;0;0;0;0;0;0;0;0;0;(-38.6005469 -3.7602691);
SEO6093;2021-10-03 21:31:00;Avenida General Osório de Paiva;;;SIQUEIRA;SEO6093;Queda;Não informado;Não informado;Não informado;Meio de quadra;Não informado;Longo da via;0;1;0;1;0;0;0;0;0;0;0;0;0;(-38.6201752 -3.8237046);
NBU0046;2021-11-17 23:40:00;Rua Nossa Senhora das Graças;AV PASTEUR;;CRISTO REDENTOR;968400;Colisão Lateral;Não informado;Bom;Seca;Cruz;Semáforo;Longo da via;0;0;0;0;2;0;0;0;0;0;0;0;0;(-38.55804040853175 -3.708797899366261);
QCJ7190;2021-10-03 21:14:00;Rua Juiz Francisco Augusto Oliveira;;;GUARARAPES;QCJ7190;Colisão;Não informado;Não informado;Não informado;Meio de quadra;Não informado;Longo da via;0;1;0;1;1;0;0;0;0;0;0;0;0;(-38.4866599 -3.7605334);
UYL2784;2021-10-03 18:49:00;Rua Sergipe;RUA RIO GRANDE DO SUL;;DEMOCRITO ROCHA;UYL2784;Atropelamento;Não informado;Não informado;Não informado;Cruz;Não informado;Cruzamento;0;2;0;1;0;0;0;0;0;0;0;0;0;(-38.5694175 -3.7614433);
YMC3331;2021-11-17 20:30:00;Avenida Audízio Pinheiro;;;HENRIQUE JORGE;968192;Colisão Transversal;Não informado;Bom;Seca;Meio de quadra;Pare;Longo da via;0;1;1;1;1;0;0;0;0;0;0;0;0;(-38.59068825877223 -3.762017637991846);
ODZ5547;2021-10-03 17:35:00;Avenida Doutor Raul Barbosa;;;AEROLANDIA;ODZ5547;Queda;Não informado;Não informado;Não informado;Meio de quadra;Não informado;Longo da via;0;1;0;1;0;0;0;0;0;0;0;0;0;(-38.5133303 -3.7769972);
FMO0736;2021-10-03 17:33:00;Avenida Historiador Raimundo Girão;;;PRAIA DE IRACEMA;FMO0736;Colisão;Não informado;Não informado;Não informado;Meio de quadra;Não informado;Longo da via;0;1;0;0;0;0;0;0;0;1;0;0;0;(-38.5066348 -3.7231433);
KAK5019;2021-10-03 17:24:00;Avenida Domingos Olímpio;AV DA UNIVERSIDADE;;BENFICA;KAK5019;Queda;Não informado;Não informado;Não informado;Cruz;Não informado;Cruzamento;0;1;0;0;0;0;0;0;0;1;0;0;0;(-38.5342671 -3.7356143);
AGT1646;2021-11-16 16:30:00;Rua Doutor José Lourenço;RUA BARBARA DE ALENCAR;;ALDEOTA;969159;Colisão Lateral;Luz do Dia;Bom;Seca;Cruz;Pare;Longo da via;0;1;1;1;2;0;0;0;0;0;0;0;0;(-38.5093926 -3.7395575);
NSX3155;2021-10-03 17:19:00;Avenida Nila Gomes de Soárez;;;CIDADE 2000;NSX3155;Atropelamento;Não informado;Não informado;Não informado;Meio de quadra;Não informado;Longo da via;0;1;0;1;0;0;0;0;0;0;0;0;0;(-38.4683254 -3.7524186);
ABK1459;2021-11-16 19:50:00;Avenida Presidente Castelo Branco;;;CENTRO;969135;Colisão Lateral;Luz do Dia;Bom;Seca;Duplo T;Outros;Longo da via;0;0;0;0;2;0;0;0;0;0;0;0;0;(-38.52693566893031 -3.721460847332356);
UYH1861;2021-11-16 10:50:00;Avenida Domingos Olímpio;;;CENTRO;969082;Colisão Traseira;Luz do Dia;Bom;Seca;Duplo T;Não há Controle;Longo da via;0;2;2;1;2;0;0;0;0;0;0;0;0;(-38.52817134231289 -3.737479789010558);
XWA9307;2021-11-16 09:15:00;Avenida Aguanambi;;;JOSE BONIFACIO;968911;Colisão Traseira;Luz do Dia;Bom;Seca;Cruz;Semáforo;Longo da via;0;1;1;1;1;0;0;0;0;0;0;0;0;(-38.52588071892453 -3.742725722074963);
RYD4048;2021-10-03 17:14:00;Avenida Leste Oeste;;;CRISTO REDENTOR;RYD4048;Queda;Não informado;Não informado;Não informado;Meio de quadra;Não informado;Longo da via;0;1;0;1;0;0;0;0;0;0;0;0;0;(-38.5645486 -3.7095397);
VKK9695;2021-10-03 16:30:00;AV CESAR CALS;;;PRAIA DO FUTURO II;VKK9695;Colisão;Não informado;Não informado;Não informado;Meio de quadra;Não informado;Longo da via;0;1;0;1;1;0;0;0;0;0;0;0;0;(-38.44709840000001 -3.7492867);
QWP9338;2021-11-16 15:00:00;Rua João Areas;RUA JOAO AMORA;;MANOEL SATIRO;968644;Colisão Transversal;Luz do Dia;Bom;Seca;Cruz;Pare;Longo da via;0;1;0;1;1;0;0;0;0;0;0;0;0;(-38.57625261384191 -3.800273676403199);
PLS4225;2021-10-03 16:06:00;Rua Cuiabá;;;HENRIQUE JORGE;PLS4225;Colisão;Não informado;Não informado;Não informado;Meio de quadra;Não informado;Longo da via;0;1;0;1;1;0;0;0;0;0;0;0;0;(-38.5894252 -3.7634564);
THP6399;2021-10-03 15:49:00;Avenida I;;;CONJUNTO CEARA I;THP6399;Colisão;Não informado;Não informado;Não informado;Meio de quadra;Não informado;Longo da via;0;1;0;1;1;0;0;0;0;0;0;0;0;(-38.598068 -3.7731549);
VKT7052;2021-10-03 14:51:00;AV ALDENI PONTE;;;JANGURUSSU;VKT7052;Colisão;Não informado;Não informado;Não informado;Meio de quadra;Não informado;Longo da via;0;1;0;1;1;0;0;0;0;0;0;0;0;(-38.5125626 -3.8485282);
NQM9299;2021-10-03 14:22:00;AV SEN FERNANDES TAVORA;;;PARANGABA;NQM9299;Colisão;Não informado;Não informado;Não informado;Meio de quadra;Não informado;Longo da via;0;2;0;1;1;0;0;0;0;0;0;0;0;(-38.57019577341918 -3.769380547632115);
IBD9348;2021-10-03 13:20:00;Avenida Engenheiro Santana Júnior;;;PAPICU;IBD9348;Capotamento;Não informado;Não informado;Não informado;Meio de quadra;Não informado;Longo da via;0;1;0;0;0;0;0;0;0;0;1;0;0;(-38.4838087 -3.7383164);
WWV4821;2021-10-03 09:58:00;Avenida Quarto Anel Viario;;;ANCURI;WWV4821;Queda;Não informado;Não informado;Não informado;Meio de quadra;Não informado;Longo da via;0;1;0;1;0;0;0;0;0;0;0;0;0;(-38.5779401 -3.8450854);
SKP3421;2021-10-03 06:14:00;Rua Sargento João Pinheiro;;;GRANJA LISBOA;SKP3421;Colisão;Não informado;Não informado;Não informado;Meio de quadra;Não informado;Longo da via;0;2;0;2;0;0;0;0;0;0;0;0;0;(-38.6241008 -3.7871506);
PBG1306;2021-11-15 14:50:00;Avenida Godofredo Maciel;RUA MIRTYL MEYER;;MARAPONGA;969235;Colisão Traseira;Via Iluminada;Bom;Seca;Cruz;Semáforo;Longo da via;0;0;1;1;1;0;0;0;0;0;0;0;0;(-38.5739909 -3.8092088);
RFC9725;2021-10-03 05:39:00;Rua Professor Heribaldo Costa;;;HENRIQUE JORGE;RFC9725;Queda;Não informado;Não informado;Não informado;Meio de quadra;Não informado;Longo da via;0;2;0;1;0;0;0;0;0;0;0;0;0;(-38.5859281 -3.7638671);
CTZ1089;2021-10-03 05:31:00;Rua Riachuelo;;;PAPICU;CTZ1089;Atropelamento;Não informado;Não informado;Não informado;Meio de quadra;Não informado;Longo da via;0;1;0;0;0;0;0;0;0;0;1;0;0;(-38.4756544 -3.7390107);
YMM6655;2021-10-03 05:06:00;Avenida Senador Fernandes Távora;;;HENRIQUE JORGE;YMM6655;Atropelamento;Não informado;Não informado;Não informado;Meio de quadra;Não informado;Longo da via;0;1;0;0;1;0;0;0;0;0;0;0;0;(-38.5897983 -3.7582397);
AHI5552;2021-11-15 21:10:00;Rua Bady Miguel;AV FRE CIRILO;;MESSEJANA;969218;Colisão Lateral;Via Iluminada;Bom;Seca;Meio de quadra;Semáforo;Longo da via;0;0;1;1;2;0;0;0;0;0;0;0;0;(-38.4928573763116 -3.827716134303723);
KRN2467;2021-10-03 04:48:00;Rua Marcílio Dias;;;PIRAMBU;KRN2467;Queda;Não informado;Não informado;Não informado;Meio de quadra;Não informado;Longo da via;0;1;0;0;0;0;0;0;0;1;0;0;0;(-38.550019 -3.711896399999999);
SDF6818;2021-10-03 03:36:00;Rua Pôrto Velho;;;JOAO XXIII;SDF6818;Colisão;Não informado;Não informado;Não informado;Meio de quadra;Não informado;Longo da via;0;1;0;0;0;0;0;0;0;0;1;0;0;(-38.5833196 -3.7679158);
OBL3062;2021-10-03 03:04:00;Rua Caio Prado;;;PARANGABA;OBL3062;Colisão;Não informado;Não informado;Não informado;Meio de quadra;Não informado;Longo da via;0;1;0;0;0;0;0;0;0;0;1;0;0;(-38.563677 -3.7726769);
KDN1617;2021-10-03 02:52:00;Avenida General Osório de Paiva;;;VILA PERY;KDN1617;Atropelamento;Não informado;Não informado;Não informado;Meio de quadra;Não informado;Longo da via;0;1;0;0;1;0;0;0;0;0;0;0;0;(-38.5802171 -3.7846357);
HXP0123;2021-10-03 02:47:00;Rua André Chaves;;;MONTESE;HXP0123;Colisão;Não informado;Não informado;Não informado;Meio de quadra;Não informado;Longo da via;0;1;0;1;1;0;0;0;0;0;0;0;0;(-38.538086 -3.757512);
UQH3204;2021-10-03 00:15:00;Rua Miguel Gonçalves;;;BOA VISTA;UQH3204;Atropelamento;Não informado;Não informado;Não informado;Meio de quadra;Não informado;Longo da via;0;1;0;0;1;0;0;0;0;0;0;0;0;(-38.559732 -3.754732999999999);
BNP5437;2021-10-03 00:02:00;Rua São Francisco;;;BOM JARDIM;BNP5437;Colisão;Não informado;Não informado;Não informado;Meio de quadra;Não informado;Longo da via;0;1;0;1;1;0;0;0;0;0;0;0;0;(-38.6031987 -3.798065599999999);
EYC4256;2021-10-02 23:14:00;Rua Ubirajara Negreiros;;;JANGURUSSU;EYC4256;Colisão;Não informado;Não informado;Não informado;Meio de quadra;Não informado;Longo da via;0;2;0;2;0;0;0;0;0;0;0;0;0;(-38.5075029 -3.8485855);
GUE0594;2021-10-02 22:39:00;Avenida Mister Hull;;;ANTONIO BEZERRA;GUE0594;Colisão;Não informado;Não informado;Não informado;Meio de quadra;Não informado;Longo da via;0;3;0;2;0;0;0;0;0;0;0;0;0;(-38.5967384 -3.740791);
WEQ3562;2021-10-02 21:56:00;Avenida Dos Jangadeiros;RUA JUVENCIO VASCONCELOS;;MUCURIPE;WEQ3562;Atropelamento;Não informado;Não informado;Não informado;T;Não informado;Cruzamento;0;1;0;0;1;0;0;0;0;0;0;0;0;(-38.4782701 -3.7252494);
HJX4630;2021-10-02 21:24:00;Rua Coronel Matos Dourado;;;ANTONIO BEZERRA;HJX4630;Colisão;Não informado;Não informado;Não informado;Meio de quadra;Não informado;Longo da via;0;1;0;2;0;0;0;0;0;0;0;0;0;(-38.5854247 -3.7463165);
KQY1988;2021-10-02 21:09:00;TERMINAL DO SIQUEIRA;;;SIQUEIRA;KQY1988;Atropelamento;Não informado;Não informado;Não informado;Meio de quadra;Não informado;Longo da via;0;1;0;0;0;0;0;0;0;0;1;0;0;(-38.58701 -3.789454999999999);