COD_ACIDENTE;DATA;LOG1;LOG2;NUMERO;BAIRRO;AMC;NATUREZA;ILUMINACAO;TEMPO;SUPERFICIEPISTA;TIPOCRUZAMENTO;CONTROLETRAFEGO;USOSOLO;MORTOS;FERIDOS;ILESOS;MOTOCICLETA;AUTOMOVEL;MICROONIBUS;CAMINHAO;ONIBUS;CICLOMOTOR;BICICLETA;OUTROS;TREM;TRACAOANIMAL;COORDENADAS
FIW9318;2021-10-02 20:42:00;Avenida Presidente Costa e Silva;;;MONDUBIM;FIW9318;Colisão;Não informado;Não informado;Não informado;Meio de quadra;Não informado;Longo da via;0;1;0;0;1;0;0;0;0;1;0;0;0;(-38.5655761 -3.8180935);
KEL7524;2021-10-02 20:42:00;Rua 24 de Maio;RUA METON DE ALENCAR;;CENTRO;KEL7524;Colisão;Não informado;Não informado;Não informado;Cruz;Não informado;Cruzamento;0;2;0;2;0;0;0;0;0;0;0;0;0;(-38.5338568 -3.7326284);
SBB5038;2021-10-02 19:06:00;Avenida Carlos Amora;;;PARANGABA;SBB5038;Colisão;Não informado;Não informado;Não informado;Meio de quadra;Não informado;Longo da via;0;1;0;1;1;0;0;0;0;0;0;0;0;(-38.5636639 -3.7752689);
OYA1197;2021-10-02 19:06:00;RUA MONTE FLOR;;;PLANALTO AYRTON SENNA;OYA1197;Colisão;Não informado;Não informado;Não informado;Meio de quadra;Não informado;Longo da via;0;1;0;1;1;0;0;0;0;0;0;0;0;(-38.5825401 -3.8358507);
CXY0055;2021-11-15 17:40:00;Rua Oscar Leitão;;;PAUPINA;969128;Capotamento;Luz do Dia;Bom;Seca;Meio de quadra;Outros;Longo da via;0;0;2;0;3;0;0;0;0;0;0;0;0;(-38.48940268734717 -3.836692148527656);
MUX1917;2021-10-02 19:05:00;Rua Valdemar Holanda;RUA BUENO;;JOAO XXIII;MUX1917;Colisão;Não informado;Não informado;Não informado;Cruz;Não informado;Cruzamento;0;1;0;1;1;0;0;0;0;0;0;0;0;(-38.5925691 -3.7711893);
XYG0116;2021-11-15 20:35:00;Rua Pedro Veríssimo;AV PRS JUSCELINO KUBITSCHEK (PASSARÉ);;PASSARE;968820;Colisão Lateral;Luz do Dia;Bom;Seca;Rotatória;Não há Controle;Longo da via;0;1;1;1;1;0;0;0;0;0;0;0;0;(-38.52494195046088 -3.80781548849669);
VXY2602;2021-11-15 11:10:00;Avenida A;RUA 113 CJ CEARA;;CONJUNTO CEARA II;968599;Colisão Lateral;Luz do Dia;Bom;Seca;T;Não informado;Longo da via;0;1;0;1;1;0;0;0;0;0;0;0;0;(-38.6056133 -3.7740854);
GQY9001;2021-10-02 15:33:00;Rua Teodomiro de Castro;;;ALVARO WEYNE;GQY9001;Colisão;Não informado;Não informado;Não informado;Meio de quadra;Não informado;Longo da via;0;3;0;2;0;0;0;0;0;0;0;0;0;(-38.5756242 -3.717527);
RSG7128;2021-10-02 15:29:00;Rua Matadouro;;;PARQUE DOIS IRMAOS;RSG7128;Queda;Não informado;Não informado;Não informado;Meio de quadra;Não informado;Longo da via;0;1;0;1;0;0;0;0;0;0;0;0;0;(-38.5443729 -3.8045333);
KXL1613;2021-10-02 15:24:00;Avenida Carneiro de Mendonça;RUA RIO GRANDE DO SUL;;JOQUEI CLUBE;KXL1613;Colisão;Não informado;Não informado;Não informado;Cruz;Não informado;Cruzamento;0;1;0;2;0;0;0;0;0;0;0;0;0;(-38.5699794 -3.7623676);
GXH4440;2021-10-21 15:21:00;AV AGUANAMBI;;;CENTRO;GXH4440;Colisão;Não informado;Não informado;Não informado;Meio de quadra;Não informado;Longo da via;0;2;0;2;0;0;0;0;0;0;0;0;0;(-38.5243624 -3.7378419);
ULI7670;2021-10-02 14:48:00;Rua Anselmo Nogueira;;;BONSUCESSO;ULI7670;Colisão;Não informado;Não informado;Não informado;Meio de quadra;Não informado;Longo da via;0;1;0;2;0;0;0;0;0;0;0;0;0;(-38.5883257 -3.7845668);
ZAW1776;2021-10-02 14:22:00;Rua Coronel Matos Dourado;;;HENRIQUE JORGE;ZAW1776;Colisão;Não informado;Não informado;Não informado;Meio de quadra;Não informado;Longo da via;0;1;0;0;0;0;0;0;0;0;1;0;0;(-38.5853943 -3.7594324);
HFK7717;2021-10-02 12:51:00;Avenida Radialista João Ramos;;;PLANALTO AYRTON SENNA;HFK7717;Colisão;Não informado;Bom;Não informado;Meio de quadra;Não informado;Longo da via;0;1;0;1;1;0;0;0;0;0;0;0;0;(-38.57302 -3.8422859);
VXY2602;2021-11-15 10:25:00;Avenida Desembargador Moreira;RUA ISAC AMARAL;;SAO JOAO DO TAUAPE;968333;Choque c/ Obstáculo Fixo;Luz do Dia;Bom;Seca;Cruz;Semáforo;Longo da via;0;0;0;0;1;0;0;0;0;0;0;0;0;(-38.5036899 -3.7530138);
DVL1072;2021-11-15 04:00:00;Avenida Engenheiro Santana Júnior;RUA ISRAEL BEZERRA;;COCO;968319;Colisão Traseira;Via Iluminada;Bom;Seca;Meio de quadra;Não há Controle;Longo da via;0;0;1;1;1;0;0;0;0;0;0;0;0;(-38.49034145440334 -3.751038855719666);
ZTY1539;2021-10-02 12:18:00;Avenida Presidente Costa e Silva;;;PREFEITO JOSE VALTER;ZTY1539;Colisão;Não informado;Não informado;Não informado;Meio de quadra;Não informado;Longo da via;0;1;0;1;1;0;0;0;0;0;0;0;0;(-38.5530221 -3.8225299);
DJZ5767;2021-10-02 11:07:00;Avenida Carapinima;;;BENFICA;DJZ5767;Colisão;Não informado;Não informado;Não informado;Meio de quadra;Não informado;Longo da via;0;1;0;2;0;0;0;0;0;0;0;0;0;(-38.5412697 -3.7414248);
VAK0995;2021-10-02 10:39:00;AV RUI BARBOSA;AV BEIRA MAR;;ALDEOTA;VAK0995;Queda;Não informado;Não informado;Não informado;T;Não informado;Cruzamento;0;1;0;0;0;0;0;0;0;1;0;0;0;(-38.50175171628759 -3.728823930879146);
GIX4890;2021-11-15 09:00:00;Rua Coronel Francisco Pereira;RUA TEN JURANDIR ALENCAR;;MESSEJANA;967910;Colisão Transversal;Luz do Dia;Bom;Seca;Cruz;Semáforo;Longo da via;0;2;1;0;1;0;0;0;0;1;0;0;0;(-38.49297002252202 -3.831965970310276);
OFZ2432;2021-10-02 09:45:00;Avenida Presidente Costa e Silva;;;MONDUBIM;OFZ2432;Queda;Não informado;Não informado;Não informado;Meio de quadra;Não informado;Longo da via;0;1;0;1;0;0;0;0;0;0;0;0;0;(-38.5647962 -3.8178905);
WOS9088;2021-10-02 05:33:00;Rua Tereza Hinko;;;MUCURIPE;WOS9088;Queda;Não informado;Não informado;Não informado;Meio de quadra;Não informado;Longo da via;0;1;0;0;0;0;0;0;0;1;0;0;0;(-38.484361 -3.7237487);
WDY5495;2021-11-15 16:18:00;Rua Antônio Arruda;RUA PEDRO SAMPAIO;;QUINTINO CUNHA;966774;Colisão Transversal;Luz do Dia;Bom;Seca;Cruz;Pare;Longo da via;0;1;1;1;1;0;0;0;0;0;0;0;0;(-38.59517827877437 -3.724300582106698);
LWS2230;2021-10-02 05:19:00;Rua Cecil Salgado;;;JARDIM GUANABARA;LWS2230;Colisão;Não informado;Não informado;Não informado;Meio de quadra;Não informado;Longo da via;0;1;0;1;1;0;0;0;0;0;0;0;0;(-38.5927321 -3.7233379);
PBY6168;2021-10-02 03:43:00;Avenida Alberto Craveiro;;;BOA VISTA;PBY6168;Colisão;Não informado;Não informado;Não informado;Meio de quadra;Não informado;Longo da via;0;2;0;1;1;0;0;0;0;0;0;0;0;(-38.5195505 -3.8011925);
LSJ0010;2021-10-02 03:01:00;Avenida Washington Soares;;;MESSEJANA;LSJ0010;Colisão;Não informado;Não informado;Não informado;Meio de quadra;Não informado;Longo da via;0;1;0;0;0;0;0;0;0;0;1;0;0;(-38.4814652 -3.7748192);
FTU9765;2021-10-02 00:56:00;RUA 27 DE JULHO;;;PLANALTO AYRTON SENNA;FTU9765;Atropelamento;Não informado;Não informado;Não informado;Não informado;Não informado;Longo da via;0;2;0;1;0;0;0;0;0;0;0;0;0;(-38.5700684 -3.8362527);
FNK0141;2021-10-02 00:06:00;Avenida Sabino Monte;RUA CARVALHO JUNIOR;;SAO JOAO DO TAUAPE;FNK0141;Colisão;Não informado;Não informado;Não informado;Cruz;Não informado;Cruzamento;0;2;0;1;1;0;0;0;0;0;0;0;0;(-38.511536 -3.758612);
KIL1327;2021-11-15 01:00:00;Avenida General Osório de Paiva;RUA 1 UI 308;;SIQUEIRA;969229;Choque c/ Obstáculo Fixo;Mal Iluminada;Bom;Seca;Cruz;Não há Controle;Longo da via;0;0;0;0;1;0;0;0;0;0;0;0;0;(-38.6088489 -3.8118586);
TDH4993;2021-10-01 23:47:00;Rua Boa Vista;;;JOAO XXIII;TDH4993;Colisão;Não informado;Não informado;Não informado;Meio de quadra;Não informado;Longo da via;0;1;0;0;0;0;0;0;0;0;1;0;0;(-38.586882 -3.768793);
GFJ1024;2021-11-14 11:30:00;AV ALMIRANTE HENRIQUE SABOIA;RUA ANDRADE FURTADO;;COCO;969106;Choque c/ Obstáculo Fixo;Luz do Dia;Bom;Seca;Meio de quadra;Outros;Longo da via;0;0;0;0;1;0;0;0;0;0;0;0;0;(-38.48891452108406 -3.742795310771888);
TPS4128;2021-10-01 23:08:00;Avenida Gurgel do Amaral;;;MESSEJANA;TPS4128;Colisão;Não informado;Não informado;Não informado;Meio de quadra;Não informado;Longo da via;0;1;0;1;1;0;0;0;0;0;0;0;0;(-38.4865994 -3.8352942);
JKB2480;2021-10-01 21:54:00;Rua Goiás;;;BELA VISTA;JKB2480;Queda;Não informado;Não informado;Não informado;Meio de quadra;Não informado;Longo da via;0;1;0;1;0;0;0;0;0;0;0;0;0;(-38.5628398 -3.753662);
DGO5130;2021-10-01 21:17:00;BR 116;;;PEDRAS;DGO5130;Colisão;Não informado;Não informado;Não informado;Meio de quadra;Não informado;Longo da via;0;1;0;0;0;0;0;0;0;0;1;0;0;(-38.5019170666443 -3.892572080098292);
UJN6779;2021-10-01 20:55:00;Rua Bill Cartaxo;;;SAPIRANGA / COITE;UJN6779;Colisão;Não informado;Não informado;Não informado;Meio de quadra;Não informado;Longo da via;0;1;0;1;1;0;0;0;0;0;0;0;0;(-38.4744991 -3.7919642);
COI9765;2021-10-01 20:51:00;Avenida José Jatahy;;;BENFICA;COI9765;Atropelamento;Não informado;Não informado;Não informado;Meio de quadra;Não informado;Longo da via;0;1;0;1;0;0;0;0;0;0;0;0;0;(-38.5436634 -3.7395366);
LQP7532;2021-10-01 20:27:00;Rodovia Estrada do Guarani (BR116);;;MESSEJANA;LQP7532;Atropelamento;Não informado;Não informado;Não informado;Meio de quadra;Não informado;Longo da via;0;1;0;1;0;0;0;0;0;0;0;0;0;(-38.5041401 -3.8259496);
HFI7702;2021-10-01 19:56:00;Rua Tupi;;;JOAO XXIII;HFI7702;Colisão;Não informado;Não informado;Não informado;Meio de quadra;Não informado;Longo da via;0;1;0;1;1;0;0;0;0;0;0;0;0;(-38.580202 -3.762842999999999);
FME3678;2021-10-01 19:45:00;Rodovia Estrada do Guarani (BR116);;;BARROSO;FME3678;Colisão;Não informado;Não informado;Não informado;Meio de quadra;Não informado;Longo da via;0;1;0;0;1;0;0;0;0;1;0;0;0;(-38.5034701 -3.82242);
IRG9833;2021-10-01 19:19:00;Rua Professor Dias da Rocha;RUA ANA BILHAR;;VARJOTA;IRG9833;Colisão;Não informado;Não informado;Não informado;Cruz;Não informado;Cruzamento;0;1;0;1;1;0;0;0;0;0;0;0;0;(-38.4903049 -3.7311977);
FNN8430;2021-10-01 17:48:00;Avenida Ministro José Américo;;;CAMBEBA;FNN8430;Colisão;Não informado;Não informado;Não informado;Meio de quadra;Não informado;Longo da via;0;1;0;1;1;0;0;0;0;0;0;0;0;(-38.49515239999999 -3.8111082);
DEO5762;2021-10-01 17:09:00;Rua Gregório França;;;CAJAZEIRAS;DEO5762;Atropelamento;Não informado;Não informado;Não informado;Meio de quadra;Não informado;Longo da via;0;1;0;1;0;0;0;0;0;0;0;0;0;(-38.5033247 -3.8049967);
BZF4163;2021-10-01 16:53:00;Avenida Treze de Maio;;;BENFICA;BZF4163;Colisão;Não informado;Não informado;Não informado;Meio de quadra;Não informado;Longo da via;0;1;0;1;1;0;0;0;0;0;0;0;0;(-38.5361436 -3.7433744);
TZQ3237;2021-10-01 14:11:00;RUA ERICO MOTA;RUA GAL BERNARDO FIGUEIREDO;;PARQUELANDIA;TZQ3237;Colisão;Não informado;Não informado;Não informado;Cruz;Não informado;Cruzamento;0;1;0;1;1;0;0;0;0;0;0;0;0;(-38.56122048718887 -3.740039401612238);
ADC5583;2021-11-14 19:00:00;Avenida Imperador;RUA METON DE ALENCAR;;CENTRO;968944;Colisão Transversal;Luz do Dia;Bom;Seca;Cruz;Semáforo;Longo da via;0;2;1;0;1;0;0;1;0;0;0;0;0;(-38.5358268 -3.7319841);
CHZ9303;2021-10-01 14:06:00;Rua Vital Brasil;;;GRANJA PORTUGAL;CHZ9303;Colisão;Não informado;Não informado;Não informado;Meio de quadra;Não informado;Longo da via;0;1;0;1;1;0;0;0;0;0;0;0;0;(-38.5981696 -3.7781263);
GYY8624;2021-10-01 12:23:00;Rua Edite Braga;;;JARDIM AMERICA;GYY8624;Colisão;Não informado;Não informado;Não informado;Meio de quadra;Não informado;Longo da via;0;1;0;0;0;0;0;0;0;0;1;0;0;(-38.5407158 -3.7524496);
SUL2999;2021-10-01 12:11:00;Rua Barbosa de Freitas;AV DOM LUIS;;ALDEOTA;SUL2999;Queda;Não informado;Não informado;Não informado;Meio de quadra;Não informado;Longo da via;0;1;0;1;0;0;0;0;0;0;0;0;0;(-38.4964042 -3.7335805);
SUL2999;2021-10-01 12:11:00;Rua Lins do Rêgo;;;VILA PERY;SUL2999;Queda;Não informado;Não informado;Não informado;Meio de quadra;Não informado;Longo da via;0;1;0;1;0;0;0;0;0;0;0;0;0;(-38.574804 -3.7847614);
RUE7150;2021-10-01 12:09:00;Avenida Oliveira Paiva;;;CIDADE DOS FUNCIONRAIOS;RUE7150;Colisão;Não informado;Não informado;Não informado;Meio de quadra;Não informado;Longo da via;0;1;0;1;1;0;0;0;0;0;0;0;0;(-38.49671438818345 -3.795681114087007);
PCV3175;2021-10-01 11:55:00;Avenida Washington Soares;;;MESSEJANA;PCV3175;Queda;Não informado;Não informado;Não informado;Meio de quadra;Não informado;Longo da via;0;1;0;1;0;0;0;0;0;0;0;0;0;(-38.4817816 -3.8194224);
ATC3258;2021-11-14 07:30:00;Rua Germano Franck;;;PARANGABA;968907;Choque c/ Obstáculo Fixo;Amanhecer;Bom;Seca;Não informado;Semáforo;Longo da via;0;0;0;0;2;0;0;0;0;0;0;0;0;(-38.55757371753414 -3.773483385796373);
UHR3828;2021-10-01 11:26:00;AV GOV RAUL BARBOSA ;;;AEROLANDIA;UHR3828;Colisão;Não informado;Não informado;Não informado;Meio de quadra;Não informado;Longo da via;0;1;0;2;0;0;0;0;0;0;0;0;0;(-38.512539 -3.7729647);
ESG5476;2021-11-14 16:50:00;Avenida Presidente Costa e Silva;;;MONDUBIM;968819;Colisão Traseira;Luz do Dia;Bom;Seca;Meio de quadra;Não há Controle;Longo da via;0;1;2;2;2;0;0;0;0;0;0;0;0;(-38.5443664889113 -3.824445780144681);
RER4797;2021-10-01 11:17:00;Rua Dom Jerônimo;;;FARIAS BRITO;RER4797;Queda;Não informado;Não informado;Não informado;Meio de quadra;Não informado;Longo da via;0;1;0;1;0;0;0;0;0;0;0;0;0;(-38.5438534 -3.7320883);
LJB7900;2021-10-01 10:55:00;Avenida Washington Luiz;;;JARDIM GUANABARA;LJB7900;Queda;Não informado;Não informado;Não informado;Meio de quadra;Não informado;Longo da via;0;1;0;0;0;0;0;0;0;1;0;0;0;(-38.5919375 -3.7167793);
MZZ2509;2021-10-01 10:39:00;Rua Alagoas;RUA ESTADO DO RIO;;PICI;MZZ2509;Colisão;Não informado;Não informado;Não informado;Cruz;Não informado;Cruzamento;0;1;0;0;0;0;0;0;0;0;1;0;0;(-38.57132379999999 -3.7591812);
QMF0633;2021-10-01 10:35:00;Rua Barão do Rio Branco;;;CENTRO;QMF0633;Colisão;Não informado;Não informado;Não informado;Meio de quadra;Não informado;Longo da via;0;1;0;2;0;0;0;0;0;0;0;0;0;(-38.5314558 -3.7368074);
GNY4260;2021-10-01 10:34:00;Avenida Jovita Feitosa;;;PARQUELANDIA;GNY4260;Colisão;Não informado;Não informado;Não informado;Não informado;Não informado;Longo da via;0;1;0;1;1;0;0;0;0;0;0;0;0;(-38.5478801 -3.738177);
TPQ9217;2021-11-14 23:00:00;Rua Mato Grosso;;;PAN AMERICANO;968593;Colisão Lateral;Via Iluminada;Bom;Seca;Meio de quadra;Não há Controle;Longo da via;0;1;0;1;1;0;0;0;0;0;0;0;0;(-38.56285230299881 -3.755310480253375);
UEJ2003;2021-10-01 10:31:00;Avenida Imperador;RUA PEDRO PEREIRA;;CENTRO;UEJ2003;Queda;Não informado;Não informado;Não informado;Meio de quadra;Não informado;Cruzamento;0;1;0;1;0;0;0;0;0;0;0;0;0;(-38.5346521 -3.7277026);
GOV7624;2021-10-01 10:28:00;Avenida Dionísio Leonel Alencar;;;PEDRAS;GOV7624;Colisão;Não informado;Não informado;Não informado;Meio de quadra;Não informado;Longo da via;0;1;0;0;0;0;0;0;0;0;1;0;0;(-38.5224506 -3.8679694);
NKW9327;2021-11-15 00:00:00;Avenida F;AV D CJ ESPERANCA;;CONJUNTO ESPERANCA;968198;Colisão Lateral;Não informado;Bom;Seca;Cruz;Não informado;Longo da via;0;0;1;1;1;0;0;0;0;0;0;0;0;(-38.58734623009293 -3.816309984098798);
THW6066;2021-10-01 10:26:00;Avenida Mister Hull;;;ANTONIO BEZERRA;THW6066;Colisão;Não informado;Não informado;Não informado;Meio de quadra;Não informado;Longo da via;0;1;0;1;1;0;0;0;0;0;0;0;0;(-38.5918137 -3.7395231);
ABH5958;2021-10-01 10:25:00;Rua Miguel de Aragão;;;MONDUBIM;ABH5958;Colisão;Não informado;Não informado;Não informado;Meio de quadra;Não informado;Longo da via;0;1;0;1;1;0;0;0;0;0;0;0;0;(-38.5877687 -3.8327635);
XVP3683;2021-10-01 10:17:00;TERMINAL ANTONIO BEZERRA;;;ANTONIO BEZERRA;XVP3683;Atropelamento;Não informado;Não informado;Não informado;Outros;Não informado;Longo da via;0;1;0;1;0;0;0;0;0;0;0;0;0;(-38.58072103636319 -3.736789250585684);
SMO8140;2021-10-01 09:54:00;Rua Paulino Rocha;;;BOA VISTA;SMO8140;Colisão;Não informado;Não informado;Não informado;Meio de quadra;Não informado;Longo da via;0;1;0;1;1;0;0;0;0;0;0;0;0;(-38.6258942 -3.7887356);
SWX1361;2021-11-13 19:30:00;Avenida José Jatahy;RUA AZEVEDO BOLAO;;PARQUE ARAXA;969217;Colisão Transversal;Luz do Dia;Bom;Não informado;Cruz;Semáforo;Longo da via;0;0;2;0;2;0;0;0;0;0;0;0;0;(-38.54448989234177 -3.733652379271563);
JIY9206;2021-10-01 02:14:00;BR-116;;;CAJAZEIRAS;JIY9206;Choque c/ Obstáculo Fixo;Não informado;Não informado;Não informado;Meio de quadra;Não informado;Longo da via;0;2;0;0;1;0;0;0;0;0;0;0;0;(-38.5054894 -3.7996206);
TUN4416;2021-10-01 01:52:00;Rua Barra Nova;;;JARDIM DAS OLIVEIRAS;TUN4416;Colisão;Não informado;Não informado;Não informado;Meio de quadra;Não informado;Longo da via;0;1;0;1;1;0;0;0;0;0;0;0;0;(-38.5059483 -3.7861836);
IIN0359;2021-10-01 01:06:00;RUA CURITIBA;RUA PRO HERIBALDO COSTA;;HENRIQUE JORGE;IIN0359;Colisão;Não informado;Não informado;Não informado;Cruz;Não informado;Cruzamento;0;1;0;0;0;0;0;0;0;0;1;0;0;(-38.5896306 -3.7569024);
ZCO7817;2021-10-01 00:28:00;Avenida Bezerra de Menezes;;;PARQUELANDIA;ZCO7817;Atropelamento;Não informado;Não informado;Não informado;Meio de quadra;Não informado;Longo da via;0;1;0;0;0;0;0;1;0;0;0;0;0;(-38.557422 -3.7339424);
FYJ0102;2021-10-01 00:19:00;Rodovia Anel Viario De Fortaleza;;;PEDRAS;FYJ0102;Colisão;Não informado;Não informado;Não informado;Meio de quadra;Não informado;Longo da via;0;1;0;1;0;0;1;0;0;0;0;0;0;(-38.50110979999999 -3.8711449);
IHZ7613;2021-11-13 11:12:00;Avenida Domingos Olímpio;;;BENFICA;969216;Queda;Luz do Dia;Bom;Molhada;Cruz;Semáforo;Longo da via;0;2;0;1;0;0;0;0;0;0;0;0;0;(-38.53232876417476 -3.736243243074223);
VJZ0034;2021-10-01 00:08:00;Avenida Santos Dumont;;;PAPICU;VJZ0034;Queda;Não informado;Não informado;Não informado;Meio de quadra;Não informado;Longo da via;0;1;0;0;0;0;0;0;0;1;0;0;0;(-38.4738404 -3.7444869);
ECM3678;2021-09-30 22:57:00;Rua Vitória;;;HENRIQUE JORGE;ECM3678;Colisão;Não informado;Não informado;Não informado;Meio de quadra;Não informado;Longo da via;0;1;0;1;1;0;0;0;0;0;0;0;0;(-38.5880126 -3.763927);
GAW5820;2021-09-30 22:43:00;RUA PAULA MARIA DE ARAGAO;;;MESSEJANA;GAW5820;Colisão;Não informado;Não informado;Não informado;Meio de quadra;Não informado;Longo da via;0;2;0;2;0;0;0;0;0;0;0;0;0;(-38.4844834 -3.8350447);
THC1272;2021-09-30 22:38:00;Rua B;;;MESSEJANA;THC1272;Atropelamento;Não informado;Não informado;Não informado;Meio de quadra;Não informado;Longo da via;0;1;0;0;0;0;1;0;0;0;0;0;0;(-38.4778151 -3.8355044);
JWS2566;2021-09-30 22:20:00;AV GOV RAUL BARBOSA;;;AEROLANDIA;JWS2566;Colisão;Não informado;Não informado;Não informado;Meio de quadra;Não informado;Longo da via;0;2;0;1;1;0;0;0;0;0;0;0;0;(-38.512539 -3.7729647);
WVT4065;2021-09-30 21:41:00;Avenida Deputado Paulino Rocha;;;CAJAZEIRAS;WVT4065;Colisão;Não informado;Não informado;Não informado;Meio de quadra;Não informado;Longo da via;0;1;0;1;1;0;0;0;0;0;0;0;0;(-38.5076405 -3.8010378);
ANF2963;2021-09-30 21:34:00;AV AGUANAMBI;;;FATIMA;ANF2963;Queda;Não informado;Não informado;Não informado;Meio de quadra;Não informado;Longo da via;0;1;0;0;0;0;0;0;0;1;0;0;0;(-38.523825 -3.7489718);
PFI2065;2021-11-13 19:23:00;Avenida Oliveira Paiva;RUA CHICO LEMOS;;CIDADE DOS FUNCIONRAIOS;969136;Colisão Lateral;Não informado;Bom;Seca;Cruz;Semáforo;Longo da via;0;0;0;1;2;0;0;0;0;0;0;0;0;(-38.49720624467825 -3.795939964903732);
TNX0411;2021-09-30 21:30:00;AV JOSE BASTOS;;;RODOLFO TEOFILO;TNX0411;Colisão;Não informado;Não informado;Não informado;Meio de quadra;Não informado;Longo da via;0;1;0;1;1;0;0;0;0;0;0;0;0;(-38.5538192 -3.7537702);
MLU2163;2021-09-30 21:21:00;Rua Bom Jesus;;;BOM JARDIM;MLU2163;Colisão;Não informado;Não informado;Não informado;Meio de quadra;Não informado;Longo da via;0;1;0;2;0;0;0;0;0;0;0;0;0;(-38.6195591 -3.7886329);
YRD3436;2021-09-30 20:57:00;Rua Miguel de Aragão;;;PARQUE PRESIDENTE VARGAS;YRD3436;Atropelamento;Não informado;Não informado;Não informado;Meio de quadra;Não informado;Longo da via;0;1;0;0;1;0;0;0;0;0;0;0;0;(-38.5889099 -3.8318234);
QXJ7789;2021-09-30 20:39:00;Rua General Bernardo Figueiredo;RUA GAL PIRAGIBE;;PARQUELANDIA;QXJ7789;Colisão;Não informado;Não informado;Não informado;Cruz;Não informado;Cruzamento;0;1;0;1;1;0;0;0;0;0;0;0;0;(-38.5573563 -3.7407764);
SVB9728;2021-11-13 09:57:00;Avenida Engenheiro Santana Júnior;RUA PRO SILAS RIBEIRO;;PAPICU;969094;Colisão Transversal;Luz do Dia;Bom;Molhada;Cruz;Semáforo;Longo da via;0;0;2;0;2;0;0;0;0;0;0;0;0;(-38.48298147873094 -3.737222844543871);
HLY3661;2021-09-30 20:13:00;Avenida Pasteur;;;ALVARO WEYNE;HLY3661;Atropelamento;Não informado;Não informado;Não informado;Meio de quadra;Não informado;Longo da via;0;1;0;0;0;0;0;0;0;0;1;0;0;(-38.5585825 -3.7110355);
YZS7501;2021-09-30 20:08:00;CE-402;RUA ARAUJO TORREAO;;CAMBEBA;YZS7501;Colisão;Não informado;Não informado;Não informado;Cruz;Não informado;Cruzamento;0;1;0;1;1;0;0;0;0;0;0;0;0;(-38.4973205 -3.8119664);
CVD0523;2021-09-30 19:46:00;Avenida Viena Weyne;;;CAMBEBA;CVD0523;Queda;Não informado;Não informado;Não informado;Meio de quadra;Não informado;Longo da via;0;1;0;1;0;0;0;0;0;0;0;0;0;(-38.483663 -3.801978);
GDA2945;2021-11-13 13:00:00;Rua Vereadora Zelia Correia De Sousa;AV BENJAMIM BRASIL;;PARQUE DOIS IRMAOS;968334;Choque c/ Obstáculo Fixo;Luz do Dia;Bom;Seca;Cruz;Pare;Longo da via;0;0;0;1;0;0;0;0;0;0;0;0;0;(-38.55612531692501 -3.809025169741691);
KWB4042;2021-11-13 16:20:00;Avenida Treze de Maio;;;FATIMA;968098;Colisão Traseira;Luz do Dia;Bom;Seca;Meio de quadra;Semáforo;Longo da via;0;0;2;0;2;0;0;0;0;0;0;0;0;(-38.52304294483628 -3.753913372272702);
ZAB8261;2021-09-30 18:16:00;Rodovia Estrada do Guarani (BR116);;;MESSEJANA;ZAB8261;Colisão;Não informado;Não informado;Não informado;Meio de quadra;Não informado;Longo da via;0;1;0;1;1;0;0;0;0;0;0;0;0;(-38.5041401 -3.8259496);
YXP1648;2021-11-13 21:30:00;Rua Tereza Hinko;;;MEIRELES;968067;Choque;Via Iluminada;Bom;Seca;Meio de quadra;Outros;Longo da via;0;0;2;0;2;0;0;0;0;0;0;0;0;(-38.48436012548517 -3.724198873405436);
VUK7422;2021-09-30 18:14:00;Rua Carlos Gondin;RUA PDE TEODORO (QUNTINO CUNHA);;JARDIM GUANABARA;VUK7422;Colisão;Não informado;Não informado;Não informado;Cruz;Não informado;Cruzamento;0;2;0;1;1;0;0;0;0;0;0;0;0;(-38.5937841 -3.7199193);
VKX3701;2021-11-13 13:00:00;Rua José Torres;;;GRANJA PORTUGAL;966679;Colisão Lateral;Luz do Dia;Bom;Seca;Meio de quadra;Não há Controle;Longo da via;0;1;1;0;0;0;0;1;0;1;0;0;0;(-38.60716238302302 -3.779676539596977);
ESQ9957;2021-09-30 17:10:00;Avenida L;;;VILA VELHA;ESQ9957;Queda;Não informado;Não informado;Não informado;Meio de quadra;Não informado;Longo da via;0;1;0;0;0;0;0;0;0;1;0;0;0;(-38.6000262 -3.7134732);
OAE9318;2021-09-30 14:13:00;AV CASTELO DE CASTRO ;AV PRS COSTA E SILVA;;JANGURUSSU;OAE9318;Colisão;Não informado;Não informado;Não informado;Cruz;Não informado;Cruzamento;0;1;0;1;1;0;0;0;0;0;0;0;0;(-38.5216652 -3.8434492);
PDD2071;2021-09-30 11:17:00;Rua Monsenhor Salazar;;;SAO JOAO DO TAUAPE;PDD2071;Colisão;Não informado;Não informado;Não informado;Meio de quadra;Não informado;Longo da via;0;1;0;1;1;0;0;0;0;0;0;0;0;(-38.511482 -3.7558317);
OCF4325;2021-09-30 11:14:00;Avenida Alberto Craveiro;;;DIAS MACEDO;OCF4325;Colisão;Não informado;Não informado;Não informado;Meio de quadra;Não informado;Longo da via;0;1;0;1;1;0;0;0;0;0;0;0;0;(-38.5169862 -3.788271);
HMX2165;2021-09-30 10:14:00;Avenida Val Paraíso;;;CONJUNTO PALMEIRAS;HMX2165;Colisão;Não informado;Não informado;Não informado;Meio de quadra;Não informado;Longo da via;0;1;0;1;1;0;0;0;0;0;0;0;0;(-38.51464244213547 -3.847643079293997);
MKK5340;2021-09-30 09:55:00;AV SGT HERMINIO;;;MONTE CASTELO;MKK5340;Colisão;Não informado;Não informado;Não informado;Meio de quadra;Não informado;Longo da via;0;1;0;2;0;0;0;0;0;0;0;0;0;(-38.5626024 -3.7269341);