COD_ACIDENTE;DATA;LOG1;LOG2;NUMERO;BAIRRO;AMC;NATUREZA;ILUMINACAO;TEMPO;SUPERFICIEPISTA;TIPOCRUZAMENTO;CONTROLETRAFEGO;USOSOLO;MORTOS;FERIDOS;ILESOS;MOTOCICLETA;AUTOMOVEL;MICROONIBUS;CAMINHAO;ONIBUS;CICLOMOTOR;BICICLETA;OUTROS;TREM;TRACAOANIMAL;COORDENADAS
CLS4024;2021-09-30 01:05:00;Avenida General Osório de Paiva;;;CANINDEZINHO;CLS4024;Colisão;Não informado;Não informado;Não informado;Meio de quadra;Não informado;Longo da via;0;2;0;2;0;0;0;0;0;0;0;0;0;(-38.6049949 -3.807488);
HKK1348;2021-11-12 10:20:00;AV BEZERRA DE MENEZES;RUA JUSTINIANO DE SERPA;;FARIAS BRITO;969129;Colisão Traseira;Luz do Dia;Bom;Seca;Cruz;Semáforo;Longo da via;0;0;2;0;2;0;0;0;0;0;0;0;0;(-38.54274109182948 -3.731559341153652);
FNL1520;2021-09-29 23:38:00;Rua Professor Lino Encarnação;;;AMADEU FURTADO;FNL1520;Colisão;Não informado;Não informado;Não informado;Meio de quadra;Não informado;Longo da via;0;1;0;0;2;0;0;0;0;0;0;0;0;(-38.5604079 -3.7430173);
PWI4716;2021-09-29 22:18:00;Rua Melo de Oliveira;;;JOQUEI CLUBE;PWI4716;Colisão;Não informado;Não informado;Não informado;Meio de quadra;Não informado;Longo da via;0;2;0;2;0;0;0;0;0;0;0;0;0;(-38.5775467 -3.771371);
KMN0773;2021-11-12 11:15:00;Rua Rocha Lima;RUA JOAO CORDEIRO;;CENTRO;969083;Colisão Transversal;Luz do Dia;Nublado;Seca;Cruz;Pare;Longo da via;0;0;2;0;1;0;1;0;0;0;0;0;0;(-38.51710990342148 -3.738052560779948);
VJG7871;2021-09-29 21:52:00;Rua Miguel Afonso Silva;;;SIQUEIRA;VJG7871;Atropelamento;Não informado;Não informado;Não informado;Meio de quadra;Não informado;Longo da via;0;1;0;0;1;0;0;0;0;0;0;0;0;(-38.6168964 -3.813995499999999);
XHQ9169;2021-11-12 13:00:00;Avenida Borges de Melo;;;AEROLANDIA;969079;Colisão Traseira;Luz do Dia;Bom;Seca;Outros;Semáforo;Longo da via;0;0;2;0;2;0;0;0;0;0;0;0;0;(-38.51865486402431 -3.761455587647982);
VZE7177;2021-09-29 21:34:00;Avenida Sebastião de Abreu;;;COCO;VZE7177;Colisão;Não informado;Não informado;Não informado;Meio de quadra;Não informado;Longo da via;0;1;0;0;0;0;0;0;0;0;1;0;0;(-38.4832888 -3.7559611);
XQD9952;2021-09-29 20:26:00;Avenida Presidente Costa e Silva;;;MONDUBIM;XQD9952;Colisão;Não informado;Não informado;Não informado;Meio de quadra;Não informado;Longo da via;0;1;0;0;0;0;0;0;0;0;1;0;0;(-38.5646163 -3.8183923);
IOO0027;2021-09-29 20:14:00;Avenida General Osório de Paiva;;;SIQUEIRA;IOO0027;Colisão;Não informado;Não informado;Não informado;Meio de quadra;Não informado;Longo da via;0;1;0;2;0;0;0;0;0;0;0;0;0;(-38.589238 -3.7911778);
BIR3825;2021-09-29 19:54:00;Rua Costa Barros;AV DOM MANUEL;;CENTRO;BIR3825;Queda;Não informado;Não informado;Não informado;Cruz;Não informado;Cruzamento;0;2;0;0;0;0;0;0;0;1;0;0;0;(-38.5208267 -3.7273725);
IGJ4281;2021-09-29 17:19:00;Rua Clarindo Pereira;RUA EVILASIO A MIRANDA;;EDSON QUEIROZ;IGJ4281;Colisão;Não informado;Não informado;Não informado;Cruz;Não informado;Cruzamento;0;2;0;1;1;0;0;0;0;0;0;0;0;(-38.4679022 -3.787063899999999);
DNP5356;2021-09-29 16:15:00;Avenida Senador Fernandes Távora;RUA TUPI D35;;HENRIQUE JORGE;DNP5356;Colisão;Não informado;Não informado;Não informado;Cruz;Não informado;Cruzamento;0;1;0;1;0;0;0;0;0;0;1;0;0;(-38.58040700000001 -3.7630855);
XHQ9169;2021-11-12 17:00:00;Avenida Presidente Costa e Silva;RUA GASTAO JUSTA;;MONDUBIM;968965;Colisão Traseira;Não informado;Bom;Seca;Duplo T;Semáforo;Longo da via;0;0;2;1;1;0;0;0;0;0;0;0;0;(-38.57146218689926 -3.812750549086406);
TIH9053;2021-11-12 18:00:00;Rua Coronel Matos Dourado;;;ANTONIO BEZERRA;968818;Engavetamento;Luz do Dia;Bom;Seca;Meio de quadra;Não há Controle;Longo da via;0;0;4;0;4;0;0;0;0;0;0;0;0;(-38.58532384801437 -3.739562107015355);
PGC4486;2021-09-29 15:49:00;RUA MIGUEL GURGEL;;;MESSEJANA;PGC4486;Atropelamento;Não informado;Não informado;Não informado;Meio de quadra;Não informado;Longo da via;0;1;0;0;0;0;0;0;0;0;1;0;0;(-38.4824514 -3.8402533);
ELY2948;2021-09-29 15:37:00;Avenida D;;;PREFEITO JOSE VALTER;ELY2948;Queda;Não informado;Não informado;Não informado;Meio de quadra;Não informado;Longo da via;0;1;0;1;0;0;0;0;0;0;0;0;0;(-38.55659 -3.8313192);
OHJ9820;2021-09-29 15:12:00;Avenida Jovita Feitosa;;;PARQUELANDIA;OHJ9820;Colisão;Não informado;Não informado;Não informado;Meio de quadra;Não informado;Longo da via;0;1;0;1;1;0;0;0;0;0;0;0;0;(-38.5621143 -3.7408158);
YLA6492;2021-11-13 01:00:00;Avenida José Jatahy;;;FARIAS BRITO;968797;Colisão Lateral;Via Iluminada;Bom;Seca;Duplo T;Semáforo;Longo da via;0;3;0;1;1;0;0;0;0;0;0;0;0;(-38.54398028130834 -3.735729353341271);
WDC1508;2021-09-29 15:03:00;Avenida Audízio Pinheiro;;;HENRIQUE JORGE;WDC1508;Queda;Não informado;Não informado;Não informado;Meio de quadra;Não informado;Longo da via;0;1;0;1;0;0;0;0;0;0;0;0;0;(-38.591124 -3.7625462);
KPG3451;2021-11-12 18:00:00;Rua Bartolomeu de Gusmão;;;FATIMA;968626;Colisão Lateral;Luz do Dia;Bom;Seca;Meio de quadra;Não há Controle;Longo da via;0;1;2;0;3;0;0;0;0;0;0;0;0;(-38.52816060784694 -3.759121736628874);
FRN7341;2021-11-12 07:00:00;Rua Major Facundo;TR PARA;;CENTRO;967505;Colisão Traseira;Via Iluminada;Bom;Seca;Outros;Outros;Longo da via;0;0;1;0;2;0;0;0;0;0;0;0;0;(-38.52752225359573 -3.726629172841189);
HGF9974;2021-11-11 20:30:00;Avenida Tristão Gonçalves;RUA SAO PAULO;;CENTRO;969169;Colisão Lateral;Via Iluminada;Bom;Seca;Cruz;Semáforo;Longo da via;0;1;1;1;1;0;0;0;0;0;0;0;0;(-38.53244677456864 -3.724546824176851);
VJM4798;2021-09-29 14:38:00;Rua Camélia;;;BARRA DO CEARA;VJM4798;Queda;Não informado;Não informado;Não informado;Meio de quadra;Não informado;Longo da via;0;1;0;1;0;0;0;0;0;0;0;0;0;(-38.5667143 -3.7081366);
DIB4027;2021-09-29 13:32:00;Avenida Pontes Vieira;;;JOAQUIM TVORA;DIB4027;Atropelamento;Não informado;Não informado;Não informado;Meio de quadra;Não informado;Longo da via;0;1;0;1;0;0;0;0;0;0;0;0;0;(-38.5179155 -3.7530837);
YKR2576;2021-09-29 12:45:00;Avenida C;;;MONDUBIM;YKR2576;Colisão;Não informado;Não informado;Não informado;Meio de quadra;Não informado;Longo da via;0;1;0;1;1;0;0;0;0;0;0;0;0;(-38.5910398 -3.828305899999999);
LYX5048;2021-09-29 06:48:00;AV LESTE OESTE;;;JACARECANGA;LYX5048;Colisão;Não informado;Não informado;Não informado;Meio de quadra;Não informado;Longo da via;0;1;0;0;1;0;1;0;0;0;0;0;0;(-38.5454338 -3.7149803);
HMM0251;2021-09-29 01:39:00;Avenida Desembargador Gonzaga;;;CIDADE DOS FUNCIONRAIOS;HMM0251;Atropelamento;Não informado;Não informado;Não informado;Meio de quadra;Não informado;Longo da via;0;1;0;1;0;0;0;0;0;0;0;0;0;(-38.5018489 -3.7939465);
OLF9760;2021-09-29 00:20:00;Avenida Presidente Castelo Branco;;;PIRAMBU;OLF9760;Atropelamento;Não informado;Não informado;Não informado;Meio de quadra;Não informado;Longo da via;0;1;0;1;0;0;0;0;0;0;0;0;0;(-38.5550034 -3.711766599999999);
HGF9974;2021-11-11 12:30:00;Avenida Pontes Vieira;RUA SABINO MONTE;;SAO JOAO DO TAUAPE;969112;Colisão Lateral;Luz do Dia;Bom;Seca;Duplo T;Semáforo;Longo da via;0;2;1;1;1;0;0;0;0;0;0;0;0;(-38.51264674491866 -3.752660790803477);
AIC0119;2021-09-28 23:49:00;Rua Tereza Cristina;;;CENTRO;AIC0119;Queda;Não informado;Não informado;Não informado;Meio de quadra;Não informado;Longo da via;0;1;0;0;0;0;0;0;0;1;0;0;0;(-38.53639709999999 -3.7251406);
SNY6573;2021-09-28 23:11:00;Rua Santa Inês;;;PIRAMBU;SNY6573;Atropelamento;Não informado;Não informado;Não informado;Meio de quadra;Não informado;Longo da via;0;1;0;0;0;0;0;0;0;1;0;0;0;(-38.5528292 -3.7099764);
HVC8798;2021-09-28 22:50:00;Avenida Val Paraíso;;;CONJUNTO PALMEIRAS;HVC8798;Atropelamento;Não informado;Não informado;Não informado;Meio de quadra;Não informado;Longo da via;0;1;0;0;1;0;0;0;0;0;0;0;0;(-38.522075 -3.846354);
NJJ2627;2021-09-28 22:37:00;Avenida Sargento Hermínio Sampaio;;;VILA ELLERY;NJJ2627;Colisão;Não informado;Não informado;Não informado;Meio de quadra;Não informado;Longo da via;0;1;0;1;1;0;0;0;0;0;0;0;0;(-38.5614169 -3.726648);
AOC6402;2021-09-28 22:01:00;Avenida Sargento Hermínio Sampaio;;;MONTE CASTELO;AOC6402;Atropelamento;Não informado;Não informado;Não informado;Meio de quadra;Não informado;Longo da via;0;1;0;1;0;0;0;0;0;0;0;0;0;(-38.5498165 -3.7245734);
VLN0126;2021-09-28 21:36:00;Rua Francisco Machado;;;CANINDEZINHO;VLN0126;Colisão;Não informado;Não informado;Não informado;Meio de quadra;Não informado;Longo da via;0;1;0;0;0;0;0;0;0;0;1;0;0;(-38.6094969 -3.8044723);
MOP7508;2021-09-28 21:06:00;Rua Antônio Augusto;;;ALDEOTA;MOP7508;Queda;Não informado;Não informado;Não informado;Meio de quadra;Não informado;Longo da via;0;1;0;0;0;0;0;0;0;1;0;0;0;(-38.513461 -3.7300799);
IDU5679;2021-09-28 20:11:00;Avenida Castelo de Castro;;;JANGURUSSU;IDU5679;Colisão;Não informado;Não informado;Não informado;Meio de quadra;Não informado;Longo da via;0;1;0;0;1;0;0;0;0;1;0;0;0;(-38.5217031 -3.8333565);
ZGM0203;2021-09-28 20:08:00;Rua Princesa Isabel;AV DUQ CAXIAS;;CENTRO;ZGM0203;Colisão;Não informado;Não informado;Não informado;Cruz;Não informado;Cruzamento;0;1;0;1;1;0;0;0;0;0;0;0;0;(-38.5364004 -3.7296588);
LPT2184;2021-11-11 20:00:00;Rua Professor Otávio Lobo;RUA LAURO NOGUEIRA;;PAPICU;968954;Colisão Lateral;Não informado;Bom;Seca;Não informado;Não informado;Longo da via;0;1;1;1;1;0;0;0;0;0;0;0;0;(-38.4765817301326 -3.740830766202909);
DII6947;2021-09-28 20:01:00;Avenida Bezerra de Menezes;;;FARIAS BRITO;DII6947;Colisão;Não informado;Não informado;Não informado;Meio de quadra;Não informado;Longo da via;0;1;0;0;0;0;0;0;0;0;1;0;0;(-38.5503414 -3.7324488);
CHG1070;2021-09-28 18:52:00;Avenida Emília Gonçalves;;;QUINTINO CUNHA;CHG1070;Queda;Não informado;Não informado;Não informado;Meio de quadra;Não informado;Longo da via;0;1;0;1;0;0;0;0;0;0;0;0;0;(-38.5940964 -3.7307571);
MBR1486;2021-09-28 18:31:00;Rua Professor Dias da Rocha;;;MEIRELES;MBR1486;Atropelamento;Não informado;Não informado;Não informado;Meio de quadra;Não informado;Longo da via;0;1;0;0;1;0;0;0;0;0;0;0;0;(-38.490441 -3.732085);
VQL1786;2021-11-11 14:20:00;Avenida Desembargador Moreira;RUA ISAC AMARAL;;SAO JOAO DO TAUAPE;968933;Colisão Transversal;Luz do Dia;Bom;Seca;Cruz;Semáforo;Longo da via;0;0;0;0;2;0;0;0;0;0;0;0;0;(-38.5036899 -3.7530138);
BNB9083;2021-09-28 17:11:00;Avenida Mister Hull;;;ANTONIO BEZERRA;BNB9083;Colisão;Não informado;Não informado;Não informado;Meio de quadra;Não informado;Longo da via;0;1;0;1;1;0;0;0;0;0;0;0;0;(-38.5918137 -3.7395231);
GUO4998;2021-11-10 03:30:00;Via Ferrea;AV PDE ANTONIO TOMAS;;VARJOTA;969148;Colisão Traseira;Via Iluminada;Bom;Seca;Outros;Não há Controle;Longo da via;0;0;2;0;2;0;0;0;0;0;0;0;0;(-38.48950997711523 -3.743496550409316);
EIL2285;2021-09-28 17:05:00;Avenida Ministro José Américo;AV WASHINGTON SOARES;;JOSE DE ALENCAR;EIL2285;Colisão;Não informado;Não informado;Não informado;T;Não informado;Longo da via;0;1;0;0;0;0;0;0;0;0;1;0;0;(-38.47948570000001 -3.8125392);
OOR7715;2021-09-28 16:52:00;Avenida Ministro José Américo;;;CAMBEBA;OOR7715;Colisão;Não informado;Não informado;Não informado;Meio de quadra;Não informado;Longo da via;0;1;0;1;1;0;0;0;0;0;0;0;0;(-38.4863826 -3.8091057);
GHA1888;2021-09-28 16:46:00;Rua Padre Guerra;RUA DOM LINO;;PARQUELANDIA;GHA1888;Colisão;Não informado;Não informado;Não informado;Cruz;Não informado;Cruzamento;0;1;0;0;2;0;0;0;0;0;0;0;0;(-38.5566469 -3.7387074);
DGA2225;2021-09-28 16:09:00;Rua Queirós Ribeiro;RUA VASCO DA GAMA;;MONTESE;DGA2225;Atropelamento;Não informado;Não informado;Não informado;Meio de quadra;Não informado;Cruzamento;0;1;0;0;1;0;0;0;0;0;0;0;0;(-38.5465893 -3.7638111);
IIQ8630;2021-09-28 16:01:00;Rua Monte Líbano;;;MONDUBIM;IIQ8630;Colisão;Não informado;Não informado;Não informado;Meio de quadra;Não informado;Longo da via;0;1;0;0;0;0;0;0;0;0;1;0;0;(-38.5604258 -3.8230322);
NOA9696;2021-09-28 15:47:00;Rua Coronel Mozart Gondim;;;VILA ELLERY;NOA9696;Colisão;Não informado;Não informado;Não informado;Meio de quadra;Não informado;Longo da via;0;1;0;1;1;0;0;0;0;0;0;0;0;(-38.5605205 -3.7288235);
IED7374;2021-09-28 15:17:00;Rua João Cordeiro;RUA ROCHA LIMA;;ALDEOTA;IED7374;Atropelamento de Animal;Não informado;Não informado;Não informado;Cruz;Não informado;Cruzamento;0;1;0;1;0;0;0;0;0;0;0;0;0;(-38.51728749999999 -3.7379927);
FIZ9377;2021-09-28 14:37:00;Rua Acapulco;RUA JOSE PEDRA;;ITAPERI;FIZ9377;Colisão;Não informado;Não informado;Não informado;Meio de quadra;Não informado;Cruzamento;0;1;0;1;1;0;0;0;0;0;0;0;0;(-38.5485416 -3.791813099999999);
QDP8281;2021-09-28 12:25:00;AV LESTE OESTE;;;MOURA BRASIL;QDP8281;Colisão;Não informado;Não informado;Não informado;Meio de quadra;Não informado;Longo da via;0;1;0;1;1;0;0;0;0;0;0;0;0;(-38.5350909 -3.7184096);
TRG6415;2021-09-28 12:20:00;Rua Martins de Carvalho;RUA A CJ PALMARES (G. LISBOA);;GRANJA LISBOA;TRG6415;Colisão;Não informado;Não informado;Não informado;Cruz;Não informado;Cruzamento;0;1;0;0;2;0;0;0;0;0;0;0;0;(-38.6275359 -3.7885627);
XXW8026;2021-09-28 11:05:00;AV ALBERTO CRAVEIRO;;;BOA VISTA;XXW8026;Colisão;Não informado;Não informado;Não informado;Meio de quadra;Não informado;Longo da via;0;1;0;1;1;0;0;0;0;0;0;0;0;(-38.5200995 -3.8012212);
VKI5623;2021-09-28 10:59:00;Rua General Clarindo de Queiroz;;;CENTRO;VKI5623;Atropelamento;Não informado;Não informado;Não informado;Meio de quadra;Não informado;Longo da via;0;1;0;1;0;0;0;0;0;0;0;0;0;(-38.5311756 -3.732448299999999);
RYW9191;2021-09-28 09:57:00;Avenida Godofredo Maciel;AV WENEFRIDO MELO;;MONDUBIM;RYW9191;Colisão;Não informado;Não informado;Não informado;Cruz;Não informado;Cruzamento;0;2;0;2;0;0;0;0;0;0;0;0;0;(-38.5749315 -3.8175024);
KBA9509;2021-09-28 09:53:00;BR 116;;;PEDRAS;KBA9509;Colisão;Não informado;Não informado;Não informado;Meio de quadra;Não informado;Longo da via;0;1;0;1;1;0;0;0;0;0;0;0;0;(-38.5010583 -3.8815143);
FRL9281;2021-09-28 09:28:00;AV JOAO PESSOA;RUA PRO COSTA MENDES;;DAMAS;FRL9281;Atropelamento;Não informado;Não informado;Não informado;Cruz;Não informado;Cruzamento;0;1;0;1;0;0;0;0;0;0;0;0;0;(-38.5494485 -3.7523912);
TKO5480;2021-09-28 01:36:00;Avenida Odilon Guimarães;;;LAGOA REDONDA;TKO5480;Atropelamento;Não informado;Não informado;Não informado;Meio de quadra;Não informado;Longo da via;0;1;0;1;0;0;0;0;0;0;0;0;0;(-38.4734415 -3.8179181);
VVV0715;2021-09-27 23:05:00;Rua Espírito Santo;;;PAN AMERICANO;VVV0715;Colisão;Não informado;Não informado;Não informado;Meio de quadra;Não informado;Longo da via;0;1;0;0;0;0;0;0;0;0;1;0;0;(-38.5690829 -3.7547015);
SKU9966;2021-09-27 22:10:00;Rua Nossa Senhora das Graças;;;PIRAMBU;SKU9966;Queda;Não informado;Não informado;Não informado;Meio de quadra;Não informado;Longo da via;0;1;0;0;0;0;0;0;0;1;0;0;0;(-38.556111 -3.7093003);
THL3195;2021-09-27 20:25:00;Rua Romeu Martins;RUA JOAO FIRMINO;;MONTESE;THL3195;Colisão;Não informado;Não informado;Não informado;Cruz;Não informado;Cruzamento;0;1;0;1;1;0;0;0;0;0;0;0;0;(-38.5540384 -3.7653281);
FEP2314;2021-09-27 20:16:00;Avenida Francisco Sá;;;BARRA DO CEARA;FEP2314;Colisão;Não informado;Não informado;Não informado;Meio de quadra;Não informado;Longo da via;0;3;0;1;1;0;0;0;0;0;0;0;0;(-38.58071100000001 -3.7095065);
GEY0820;2021-09-27 19:15:00;Travessa Boa Vista;RUA DR SEIXAS;;BONSUCESSO;GEY0820;Queda;Não informado;Não informado;Não informado;Meio de quadra;Não informado;Cruzamento;0;1;0;1;0;0;0;0;0;0;0;0;0;(-38.5941328 -3.774282);
IAC3944;2021-09-27 16:50:00;Avenida Tenente Lisboa;;;ALVARO WEYNE;IAC3944;Queda;Não informado;Não informado;Não informado;Meio de quadra;Não informado;Longo da via;0;1;0;1;0;0;0;0;0;0;0;0;0;(-38.5658643 -3.7203959);
SOC1789;2021-09-27 16:17:00;RUA VICENTE LEITE;;;ALDEOTA;SOC1789;Colisão;Não informado;Não informado;Não informado;Meio de quadra;Não informado;Longo da via;0;1;0;0;0;0;0;0;0;0;1;0;0;(-38.4943266 -3.733301);
DRZ6828;2021-09-27 14:21:00;Avenida Senador Fernandes Távora;;;GENIBAU;DRZ6828;Colisão;Não informado;Não informado;Não informado;Meio de quadra;Não informado;Longo da via;0;1;0;1;1;0;0;0;0;0;0;0;0;(-38.5989521 -3.7549981);
HWO6988;2021-09-27 13:58:00;Rua Betel;;;SERRINHA;HWO6988;Queda;Não informado;Não informado;Não informado;Meio de quadra;Não informado;Longo da via;0;1;0;1;0;0;0;0;0;0;0;0;0;(-38.5517475 -3.7907936);
BJU0668;2021-09-27 13:39:00;Avenida Bernardo Manuel;;;ITAPERI;BJU0668;Colisão;Não informado;Não informado;Não informado;Meio de quadra;Não informado;Longo da via;0;1;0;1;0;0;1;0;0;0;0;0;0;(-38.5482911 -3.7882912);
BYU9909;2021-09-27 12:20:00;Avenida Monte Pascoal;;;CANINDEZINHO;BYU9909;Colisão;Não informado;Não informado;Não informado;Meio de quadra;Não informado;Longo da via;0;1;0;1;1;0;0;0;0;0;0;0;0;(-38.5959618 -3.8064145);
TQH0284;2021-09-27 10:57:00;Rua Professor Paulo Lopes;RUA FRANCISCO BENTO;;AUTRAN NUNES;TQH0284;Colisão;Não informado;Não informado;Não informado;Cruz;Não informado;Cruzamento;0;1;0;1;1;0;0;0;0;0;0;0;0;(-38.5923858 -3.7529261);
GIH2366;2021-09-27 09:09:00;Avenida Francisco Sá;;;BARRA DO CEARA;GIH2366;Atropelamento;Não informado;Não informado;Não informado;Meio de quadra;Não informado;Longo da via;0;1;0;1;0;0;0;0;0;0;0;0;0;(-38.5804246 -3.7095289);
RDB3420;2021-09-27 03:10:00;Rua Pernambuco;RUA RIO GRANDE DO SUL;;DEMOCRITO ROCHA;RDB3420;Atropelamento;Não informado;Não informado;Não informado;Cruz;Não informado;Cruzamento;0;1;0;0;1;0;0;0;0;0;0;0;0;(-44.8996344 -20.1443298);
MIK7811;2021-09-27 03:05:00;Avenida Bezerra de Menezes;;;FARIAS BRITO;MIK7811;Queda;Não informado;Não informado;Não informado;Meio de quadra;Não informado;Longo da via;0;1;0;0;0;0;0;0;0;1;0;0;0;(-38.5507148 -3.7328768);
YKO9977;2021-09-27 01:35:00;RUA MIGUEL GURGEL;;;MESSEJANA;YKO9977;Queda;Não informado;Não informado;Não informado;Meio de quadra;Não informado;Longo da via;0;1;0;1;0;0;0;0;0;0;0;0;0;(-38.4824514 -3.8402533);
ODJ8871;2021-09-27 01:32:00;RUA TAVARES COUTINHO;;;VARJOTA;ODJ8871;Queda;Não informado;Não informado;Não informado;Meio de quadra;Não informado;Longo da via;0;1;0;1;0;0;0;0;0;0;0;0;0;(-38.4866233 -3.7325791);
SOH7289;2021-09-27 00:53:00;Avenida Francisca Maria da Conceição;;;PLANALTO AYRTON SENNA;SOH7289;Colisão;Não informado;Não informado;Não informado;Meio de quadra;Não informado;Longo da via;0;1;0;2;0;0;0;0;0;0;0;0;0;(-38.5740523 -3.8358901);
WTL3775;2021-09-27 00:51:00;Avenida Engenheiro Santana Júnior;;;PAPICU;WTL3775;Colisão;Não informado;Não informado;Não informado;Meio de quadra;Não informado;Longo da via;0;1;0;2;0;0;0;0;0;0;0;0;0;(-38.48987899999999 -3.7470104);
OYF0654;2021-09-27 00:13:00;Rua Boa Esperança;;;GENIBAU;OYF0654;Colisão;Não informado;Não informado;Não informado;Meio de quadra;Não informado;Longo da via;0;1;0;1;1;0;0;0;0;0;0;0;0;(-38.6043955 -3.7527733);
IWP3631;2021-09-26 23:24:00;Rua Ari Maia;;;GRANJA LISBOA;IWP3631;Queda;Não informado;Não informado;Não informado;Meio de quadra;Não informado;Longo da via;0;1;0;1;0;0;0;0;0;0;0;0;0;(-38.62024510000001 -3.778970299999999);
VIE9886;2021-09-26 22:25:00;Rua Cristal;;;VILA ELLERY;VIE9886;Queda;Não informado;Não informado;Não informado;Meio de quadra;Não informado;Longo da via;0;1;0;0;0;0;0;0;0;1;0;0;0;(-38.55602167938692 -3.719479359278496);
URY6622;2021-11-10 21:48:00;Rua Verde 1;RUA VALPARAISO;;JANGURUSSU;969138;Colisão Frontal;Via Iluminada;Bom;Seca;Cruz;Pare;Longo da via;0;0;0;1;1;0;0;0;0;0;0;0;0;(-38.51955070189612 -3.84648697594019);
EFF0927;2021-09-26 22:08:00;Avenida General Osório de Paiva;;;SIQUEIRA;EFF0927;Queda;Não informado;Não informado;Não informado;Meio de quadra;Não informado;Longo da via;0;1;0;0;0;0;0;0;0;1;0;0;0;(-38.5871425 -3.789159);
TKJ3126;2021-09-26 21:09:00;Avenida Bernardo Manuel;;;MARAPONGA;TKJ3126;Colisão;Não informado;Não informado;Não informado;Meio de quadra;Não informado;Longo da via;0;1;0;1;1;0;0;0;0;0;0;0;0;(-38.55257110000001 -3.8025483);
BCE5727;2021-09-26 21:08:00;Avenida Sargento Hermínio Sampaio;RUA BANVAR BEZERRA;;PADRE ANDRADE;BCE5727;Colisão;Não informado;Não informado;Não informado;Cruz;Não informado;Cruzamento;0;1;0;0;0;0;0;0;0;0;1;0;0;(-38.5804411 -3.7319412);
VQV0386;2021-11-10 16:05:00;Rua Francisca Clotilde;;;RODOLFO TEOFILO;969137;Colisão Frontal;Luz do Dia;Bom;Seca;Duplo T;Outros;Longo da via;0;0;0;1;1;0;0;0;0;0;0;0;0;(-38.55163530349105 -3.741312535033487);
RQX7669;2021-09-26 19:37:00;Avenida Leste Oeste;;;CRISTO REDENTOR;RQX7669;Queda;Não informado;Não informado;Não informado;Meio de quadra;Não informado;Longo da via;0;1;0;1;0;0;0;0;0;0;0;0;0;(-38.5645486 -3.7095397);
SNF9429;2021-09-26 19:30:00;Rodovia Estrada do Guarani (BR116);;;MESSEJANA;SNF9429;Atropelamento;Não informado;Não informado;Não informado;Meio de quadra;Não informado;Longo da via;0;1;0;0;1;0;0;0;0;0;0;0;0;(-38.5041401 -3.8259496);
LHD1491;2021-09-26 18:27:00;Rua Napoleão Quezado;;;PARANGABA;LHD1491;Queda;Não informado;Não informado;Não informado;Meio de quadra;Não informado;Longo da via;0;1;0;0;0;0;0;0;0;1;0;0;0;(-38.5662558 -3.7781421);
PJU5368;2021-09-26 17:55:00;Avenida Frei Cirilo;;;MESSEJANA;PJU5368;Colisão;Não informado;Não informado;Não informado;Meio de quadra;Não informado;Longo da via;0;1;0;0;0;0;0;0;0;0;1;0;0;(-38.4962639 -3.8203628);
RTM2595;2021-11-11 01:00:00;Rua Vinícios de Morais;RUA BULGARIA;;MANOEL SATIRO;968847;Colisão Transversal;Via Iluminada;Bom;Seca;Cruz;Não informado;Longo da via;0;1;1;1;1;0;0;0;0;0;0;0;0;(-38.57935324253699 -3.79562758757565);
BUS6320;2021-09-26 15:21:00;Avenida Desembargador Gonzaga;;;CIDADE DOS FUNCIONRAIOS;BUS6320;Queda;Não informado;Não informado;Não informado;Meio de quadra;Não informado;Longo da via;0;1;0;1;0;0;0;0;0;0;0;0;0;(-38.5038901 -3.7875278);
URW4733;2021-09-26 11:04:00;Rua Florêncio de Alencar;;;BARRA DO CEARA;URW4733;Queda;Não informado;Não informado;Não informado;Meio de quadra;Não informado;Longo da via;0;1;0;1;0;0;0;0;0;0;0;0;0;(-38.5881309 -3.7100682);
SON1892;2021-11-10 11:00:00;Avenida Francisco Sá;;;JACARECANGA;967696;Colisão Transversal;Luz do Dia;Bom;Seca;T;Não informado;Longo da via;0;2;0;1;1;0;0;0;0;0;0;0;0;(-38.55064825104274 -3.719638029043213);
YHK2218;2021-11-10 13:00:00;Avenida da Abolição;;;MEIRELES;925296;Colisão Lateral;Luz do Dia;Bom;Seca;Meio de quadra;Não informado;Longo da via;0;0;2;0;1;0;0;1;0;0;0;0;0;(-38.50182131109829 -3.725381905467001);
JTH6505;2021-09-26 07:44:00;Avenida Júlio Ventura;;;ALDEOTA;JTH6505;Colisão;Não informado;Não informado;Não informado;Meio de quadra;Não informado;Longo da via;0;1;0;0;0;0;0;0;0;0;1;0;0;(-38.5094832 -3.7384666);
DHL3542;2021-09-26 07:39:00;Avenida Lauro Viêira Chaves;;;VILA UNIAO;DHL3542;Colisão;Não informado;Não informado;Não informado;Meio de quadra;Não informado;Longo da via;0;1;0;0;0;0;0;0;0;0;1;0;0;(-38.5371218 -3.771894999999999);
PQU2659;2021-09-26 06:52:00;Avenida César Cals;;;VICENTE PINZON;PQU2659;Colisão;Não informado;Não informado;Não informado;Meio de quadra;Não informado;Longo da via;0;1;0;1;1;0;0;0;0;0;0;0;0;(-38.4617308 -3.725916);
NDM1603;2021-09-26 05:37:00;Rua Anel Viário;;;PEDRAS;NDM1603;Capotamento;Não informado;Não informado;Não informado;Meio de quadra;Não informado;Longo da via;0;1;0;0;0;0;0;0;0;0;1;0;0;(-61.4646575 -11.419276);
XXT0676;2021-09-26 04:08:00;AV DIOGUINHO;;;PRAIA DO FUTURO I;XXT0676;Colisão;Não informado;Não informado;Não informado;Meio de quadra;Não informado;Longo da via;0;2;0;1;1;0;0;0;0;0;0;0;0;(-38.44709840000001 -3.7492867);
EXE0798;2021-09-26 03:53:00;Avenida Pessoa Anta;;;CENTRO;EXE0798;Queda;Não informado;Não informado;Não informado;Meio de quadra;Não informado;Longo da via;0;1;0;1;0;0;0;0;0;0;0;0;0;(-38.5198807 -3.7208728);