COD_ACIDENTE;DATA;LOG1;LOG2;NUMERO;BAIRRO;AMC;NATUREZA;ILUMINACAO;TEMPO;SUPERFICIEPISTA;TIPOCRUZAMENTO;CONTROLETRAFEGO;USOSOLO;MORTOS;FERIDOS;ILESOS;MOTOCICLETA;AUTOMOVEL;MICROONIBUS;CAMINHAO;ONIBUS;CICLOMOTOR;BICICLETA;OUTROS;TREM;TRACAOANIMAL;COORDENADAS
SXI0990;2021-09-26 03:17:00;Rua Xavier de Oliveira;;;PARQUELANDIA;SXI0990;Colisão;Não informado;Não informado;Não informado;Meio de quadra;Não informado;Longo da via;0;1;0;0;0;0;0;0;0;0;1;0;0;(-38.5606916 -3.7473621);
FXV9455;2021-09-26 02:43:00;Rua Ari Maia;;;GRANJA LISBOA;FXV9455;Colisão;Não informado;Não informado;Não informado;Meio de quadra;Não informado;Longo da via;0;1;0;1;1;0;0;0;0;0;0;0;0;(-38.6224023 -3.7867616);
RID8175;2021-11-09 11:00:00;Avenida Oliveira Paiva;;;CIDADE DOS FUNCIONRAIOS;969195;Colisão Traseira;Luz do Dia;Bom;Seca;Meio de quadra;Semáforo;Longo da via;0;0;0;1;1;0;0;0;0;0;0;0;0;(-38.49759414711044 -3.796087915464923);
EXT2717;2021-09-26 00:47:00;Avenida Godofredo Maciel;;;MONDUBIM;EXT2717;Queda;Não informado;Não informado;Não informado;Meio de quadra;Não informado;Longo da via;0;2;0;1;0;0;0;0;0;0;0;0;0;(-38.5749315 -3.8175024);
ZUA3196;2021-11-10 00:30:00;Avenida Presidente Costa e Silva;AV I CJ JOSE WALTER;;PREFEITO JOSE VALTER;968914;Colisão Traseira;Via Iluminada;Bom;Seca;Meio de quadra;Semáforo;Longo da via;0;1;1;1;0;0;0;1;0;0;0;0;0;(-38.5504676 -3.8235316);
SOI0537;2021-09-26 00:42:00;Avenida Alberto Craveiro;;;DIAS MACEDO;SOI0537;Colisão;Não informado;Não informado;Não informado;Meio de quadra;Não informado;Longo da via;0;1;0;1;1;0;0;0;0;0;0;0;0;(-38.516544 -3.7819418);
AJO2882;2021-09-26 00:28:00;Rua 612;;;CONJUNTO CEARA I;AJO2882;Queda;Não informado;Não informado;Não informado;Meio de quadra;Não informado;Longo da via;0;1;0;0;0;0;0;0;0;1;0;0;0;(-38.603209 -3.764686);
RZW8481;2021-09-25 23:14:00;Rua Uruguaiana;;;PICI;RZW8481;Colisão;Não informado;Não informado;Não informado;Meio de quadra;Não informado;Longo da via;0;1;0;2;0;0;0;0;0;0;0;0;0;(-38.5689666 -3.7531883);
VVL2784;2021-11-09 10:30:00;Rua Wenefrido Melo;;;MONDUBIM;965325;Colisão Lateral;Luz do Dia;Bom;Seca;Meio de quadra;Outros;Longo da via;0;2;1;1;0;0;1;0;0;0;0;0;0;(-38.5771836 -3.8093876);
XWK2380;2021-09-25 22:45:00;Rua Nova Conquista;;;BOM JARDIM;XWK2380;Atropelamento;Não informado;Não informado;Não informado;Meio de quadra;Não informado;Longo da via;0;1;0;1;0;0;0;0;0;0;0;0;0;(-38.60499069999999 -3.7942291);
LRH0718;2021-09-25 22:27:00;Avenida Bernardo Manuel;;;ITAPERI;LRH0718;Colisão;Não informado;Não informado;Não informado;Meio de quadra;Não informado;Longo da via;0;2;0;2;0;0;0;0;0;0;0;0;0;(-38.5568806 -3.8172822);
HCT9358;2021-11-09 14:36:00;Avenida João Pessoa;RUA DELMIRO FARIAS;;DAMAS;968335;Colisão Transversal;Luz do Dia;Bom;Seca;Cruz;Pare;Longo da via;0;1;1;1;0;0;0;1;0;0;0;0;0;(-38.54753729999999 -3.7502715);
WMO7293;2021-09-25 22:11:00;Avenida Presidente Juscelino Kubitschek;;;PASSARE;WMO7293;Colisão;Não informado;Não informado;Não informado;Meio de quadra;Não informado;Longo da via;0;1;0;2;0;0;0;0;0;0;0;0;0;(-38.5297813 -3.8142981);
DQL4075;2021-09-25 22:09:00;Avenida Lineu Machado;;;JOAO XXIII;DQL4075;Não informado;Não informado;Não informado;Não informado;Não informado;Não informado;Longo da via;0;0;0;0;0;0;0;0;0;0;0;0;0;(-38.581227 -3.7739011);
SGC8009;2021-09-25 21:20:00;Rua General Bernardo Figueiredo;RUA TIRADENTES;;RODOLFO TEOFILO;SGC8009;Colisão;Não informado;Não informado;Não informado;Y;Não informado;Cruzamento;0;1;0;1;1;0;0;0;0;0;0;0;0;(-38.5517712 -3.7396286);
MLE1924;2021-09-25 21:17:00;RUA 701;;;CONJUNTO CEARA I;MLE1924;Queda;Não informado;Não informado;Não informado;Meio de quadra;Não informado;Longo da via;0;1;0;1;0;0;0;0;0;0;0;0;0;(-38.5977548 -3.7711861);
EHB2064;2021-09-25 19:26:00;Avenida Doutor Silas Munguba;;;PASSARE;EHB2064;Colisão;Não informado;Não informado;Não informado;Meio de quadra;Não informado;Longo da via;0;1;0;1;1;0;0;0;0;0;0;0;0;(-38.5312779 -3.7985808);
HIU6773;2021-09-25 18:56:00;Rua Francisco Glicério;;;MARAPONGA;HIU6773;Colisão;Não informado;Não informado;Não informado;Meio de quadra;Não informado;Longo da via;0;1;0;0;1;0;0;0;0;1;0;0;0;(-38.5715641 -3.7952522);
CJD4151;2021-09-25 18:44:00;Rua Oliveira Filho;;;PRAIA DO FUTURO II;CJD4151;Colisão;Não informado;Não informado;Não informado;Meio de quadra;Não informado;Longo da via;0;1;0;0;1;0;0;0;0;1;0;0;0;(-38.4646906 -3.7259793);
OUP9230;2021-09-25 18:20:00;Avenida Doutor Valmir Pontes;AV WASHINGTON SOARES;;EDSON QUEIROZ;OUP9230;Colisão;Não informado;Não informado;Não informado;Cruz;Não informado;Cruzamento;0;1;0;1;1;0;0;0;0;0;0;0;0;(-38.4776052 -3.7710502);
OVS5776;2021-09-25 18:02:00;Avenida Dioguinho;;;PRAIA DO FUTURO I;OVS5776;Colisão;Não informado;Não informado;Não informado;Meio de quadra;Não informado;Longo da via;0;1;0;1;1;0;0;0;0;0;0;0;0;(-38.4559303 -3.736721);
WDJ6090;2021-09-25 17:19:00;Rua Antônio Costa Mendes;;;VILA PERY;WDJ6090;Colisão;Não informado;Não informado;Não informado;Meio de quadra;Não informado;Longo da via;0;1;0;1;1;0;0;0;0;0;0;0;0;(-38.58320030000001 -3.789138099999999);
ZFP4891;2021-09-25 16:43:00;RUA APOCALIPSE;;;PLANALTO AYRTON SENNA;ZFP4891;Queda;Não informado;Não informado;Não informado;Meio de quadra;Não informado;Longo da via;0;1;0;1;0;0;0;0;0;0;0;0;0;(-38.5711991 -3.8335298);
NIH1239;2021-11-09 19:40:00;Rua Oscar França;RUA ZACARIAS FLORINDO;;BOM JARDIM;964570;Colisão Transversal;Não informado;Bom;Seca;Cruz;Pare;Longo da via;0;2;0;0;2;0;0;1;0;0;0;0;0;(-38.6069845 -3.7895299);
URQ1752;2021-09-25 16:22:00;AV DOMINGOS OLIMPIO;;;BENFICA;URQ1752;Colisão;Não informado;Não informado;Não informado;Meio de quadra;Não informado;Longo da via;0;1;0;0;0;0;0;0;0;0;1;0;0;(-38.5340054 -3.7355919);
OIQ0337;2021-09-25 15:37:00;Avenida Monsenhor Tabosa;RUA CARLOS VASCONCELOS;;MEIRELES;OIQ0337;Colisão;Não informado;Não informado;Não informado;Cruz;Não informado;Cruzamento;0;1;0;1;1;0;0;0;0;0;0;0;0;(-38.5079822 -3.7243065);
FOP2705;2021-09-25 15:32:00;Avenida Senador Fernandes Távora;;;AUTRAN NUNES;FOP2705;Atropelamento;Não informado;Não informado;Não informado;Meio de quadra;Não informado;Longo da via;0;1;0;1;0;0;0;0;0;0;0;0;0;(-38.5937402 -3.7561086);
TBW0988;2021-09-25 14:49:00;Avenida Conselheiro Gomes de Freitas;;;SAPIRANGA / COITE;TBW0988;Colisão;Não informado;Não informado;Não informado;Meio de quadra;Não informado;Longo da via;0;3;0;2;0;0;0;0;0;0;0;0;0;(-38.4715021 -3.7949496);
ZUM3336;2021-09-25 14:12:00;Rua Cacilda Becker;;;JOAO XXIII;ZUM3336;Queda;Não informado;Não informado;Não informado;Meio de quadra;Não informado;Longo da via;0;1;0;0;0;0;0;0;0;1;0;0;0;(-38.590376 -3.768951);
XMG1950;2021-09-25 12:38:00;Rua Paraguaçú;;;SERRINHA;XMG1950;Colisão;Não informado;Não informado;Não informado;Meio de quadra;Não informado;Longo da via;0;2;0;0;0;0;0;0;0;0;1;0;0;(-38.5387873 -3.7852232);
ENE6279;2021-11-09 17:00:00;Avenida Domingos Olímpio;RUA FLORIANO PEIXOTO;;JOSE BONIFACIO;964569;Colisão Traseira;Luz do Dia;Bom;Seca;Cruz;Semáforo;Longo da via;0;0;0;0;2;0;0;0;0;0;0;0;0;(-38.53022590738093 -3.737056901202469);
FGK0438;2021-09-25 11:42:00;Avenida Francisco Sá;;;CARLITO PAMPLONA;FGK0438;Colisão;Não informado;Não informado;Não informado;Meio de quadra;Não informado;Longo da via;0;1;0;1;1;0;0;0;0;0;0;0;0;(-38.5644687 -3.7153128);
IXK8465;2021-11-08 09:50:00;Avenida Dom Manuel;AV HERACLITO GRACA;;CENTRO;969124;Colisão Traseira;Amanhecer;Nublado;Seca;Cruz;Semáforo;Longo da via;0;0;2;0;1;0;1;0;0;0;0;0;0;(-38.5230644111878 -3.734364332276861);
LQG2383;2021-09-25 11:15:00;Rua Santa Rosália;;;MESSEJANA;LQG2383;Colisão;Não informado;Não informado;Não informado;Meio de quadra;Não informado;Longo da via;0;1;0;1;1;0;0;0;0;0;0;0;0;(-38.50039719999999 -3.8333928);
LQG2383;2021-09-25 10:19:00;BR-116;;;CAJAZEIRAS;LQG2383;Colisão;Não informado;Não informado;Não informado;Meio de quadra;Não informado;Longo da via;0;1;0;0;2;0;0;0;0;0;0;0;0;(-38.5054894 -3.7996206);
VME6457;2021-09-25 09:32:00;Avenida Sargento Hermínio Sampaio;;;MONTE CASTELO;VME6457;Colisão;Não informado;Não informado;Não informado;Meio de quadra;Não informado;Longo da via;0;1;0;1;1;0;0;0;0;0;0;0;0;(-38.5628051 -3.726919099999999);
WTZ5948;2021-09-25 04:13:00;Rua Nossa Senhora Aparecida;RUA HUMAITA D73;;GENIBAU;WTZ5948;Queda;Não informado;Não informado;Não informado;Cruz;Não informado;Cruzamento;0;1;0;1;0;0;0;0;0;0;0;0;0;(-38.60003826346432 -3.758281334617473);
ZEB7276;2021-11-08 18:00:00;Avenida Rui Barbosa;;;MEIRELES;969022;Colisão Lateral;Luz do Dia;Bom;Seca;Não informado;Não há Controle;Longo da via;0;1;0;1;2;0;0;0;0;0;0;0;0;(-38.5075242 -3.7300886);
PEC4053;2021-09-25 04:05:00;Avenida D;;;CONJUNTO CEARA I;PEC4053;Colisão;Não informado;Não informado;Não informado;Meio de quadra;Não informado;Longo da via;0;3;0;0;0;0;0;0;0;0;1;0;0;(-38.6024774 -3.7633473);
EPY8730;2021-09-25 03:49:00;Avenida Presidente Castelo Branco;;;CENTRO;EPY8730;Queda;Não informado;Não informado;Não informado;Meio de quadra;Não informado;Longo da via;0;1;0;1;0;0;0;0;0;0;0;0;0;(-38.5308038 -3.7199409);
UNS2222;2021-09-25 03:21:00;Avenida Beira Mar;;;PRAIA DE IRACEMA;UNS2222;Atropelamento;Não informado;Não informado;Não informado;Meio de quadra;Não informado;Longo da via;0;1;0;1;0;0;0;0;0;0;0;0;0;(-38.4989122 -3.725464799999999);
MFX0106;2021-11-08 17:00:00;Avenida Sargento Hermínio Sampaio;;;MONTE CASTELO;968817;Colisão Transversal;Luz do Dia;Bom;Seca;Meio de quadra;Não há Controle;Longo da via;0;0;1;1;1;0;0;0;0;0;0;0;0;(-38.55434969033473 -3.725269490724084);
JGV2079;2021-09-25 01:11:00;Avenida Senador Fernandes Távora;;;HENRIQUE JORGE;JGV2079;Atropelamento;Não informado;Não informado;Não informado;Meio de quadra;Não informado;Longo da via;0;1;0;1;0;0;0;0;0;0;0;0;0;(-38.58235680000001 -3.7618252);
KDD1462;2021-09-24 23:42:00;Rua Teodoro de Castro;;;GRANJA LISBOA;KDD1462;Queda;Não informado;Não informado;Não informado;Meio de quadra;Não informado;Longo da via;0;1;0;1;0;0;0;0;0;0;0;0;0;(-38.6123175 -3.7775224);
IFO4132;2021-09-24 23:34:00;Avenida Odilon Guimarães;;;LAGOA REDONDA;IFO4132;Colisão;Não informado;Não informado;Não informado;Meio de quadra;Não informado;Longo da via;0;1;0;1;1;0;0;0;0;0;0;0;0;(-38.4736777 -3.8179931);
FNY9503;2021-11-08 11:20:00;Rua 1;RUA 9 UI 512;;JARDIM CEARENSE;968803;Colisão Lateral;Luz do Dia;Bom;Seca;Cruz;Pare;Longo da via;0;1;1;0;1;0;0;1;0;0;0;0;0;(-38.5651281 -3.802015899999999);
AOQ2850;2021-09-24 23:24:00;AV LEONARDO MOTA;;;ALDEOTA;AOQ2850;Colisão;Não informado;Não informado;Não informado;Meio de quadra;Não informado;Longo da via;0;1;0;0;0;0;0;0;0;0;1;0;0;(-38.5009232 -3.7512132);
IGY1250;2021-09-24 23:10:00;Rua Senador Robert Kennedy;AV FRANCISCO SA;;BARRA DO CEARA;IGY1250;Colisão;Não informado;Não informado;Não informado;Cruz;Não informado;Cruzamento;0;1;0;1;1;0;0;0;0;0;0;0;0;(-38.5814712 -3.709109);
FLF1642;2021-11-08 07:00:00;Avenida Oliveira Paiva;;;CIDADE DOS FUNCIONRAIOS;964765;Choque c/ Obstáculo Fixo;Via Iluminada;Bom;Seca;Meio de quadra;Não há Controle;Longo da via;0;0;1;0;1;0;0;0;0;0;0;0;0;(-38.49581316431239 -3.795472360673936);
IEE1083;2021-09-24 22:27:00;Avenida Waldir Diogo;;;MONDUBIM;IEE1083;Colisão;Não informado;Não informado;Não informado;Meio de quadra;Não informado;Longo da via;0;3;0;2;0;0;0;0;0;0;0;0;0;(-38.5839928 -3.8053363);
SUM6057;2021-11-07 04:30:00;Rua General Onofre;;;MARAPONGA;969183;Choque c/ Obstáculo Fixo;Via Iluminada;Bom;Seca;Meio de quadra;Não há Controle;Longo da via;0;0;0;0;1;0;0;0;0;0;0;0;0;(-38.5700872 -3.8081809);
OSB5257;2021-11-07 13:40:00;Avenida Prefeito Evandro Ayres de Moura;;;MONDUBIM;969182;Colisão Lateral;Via Iluminada;Bom;Seca;Não informado;Não informado;Longo da via;0;0;0;1;1;0;0;0;0;0;0;0;0;(-38.56555597085872 -3.818954126274461);
JAW8285;2021-11-07 16:15:00;Avenida Aguanambi;RUA GUILHERME MOREIRA;;JOSE BONIFACIO;969175;Colisão Transversal;Não informado;Bom;Seca;Cruz;Outros;Longo da via;0;0;2;0;2;0;0;0;0;0;0;0;0;(-38.523836 -3.7498724);
QIE9711;2021-09-24 21:38:00;BR 116;;;CAJAZEIRAS;QIE9711;Colisão;Não informado;Não informado;Não informado;Meio de quadra;Não informado;Longo da via;0;1;0;2;0;0;0;0;0;0;0;0;0;(-38.5004915 -3.8112766);
TDO5848;2021-09-24 20:35:00;Avenida Ministro José Américo;;;CAMBEBA;TDO5848;Colisão;Não informado;Não informado;Não informado;Meio de quadra;Não informado;Longo da via;0;1;0;1;1;0;0;0;0;0;0;0;0;(-38.4937641 -3.8100296);
HKB1070;2021-09-24 20:33:00;Avenida Presidente Juscelino Kubitschek;AV ALBERTO CRAVEIRO;;BOA VISTA;HKB1070;Colisão;Não informado;Não informado;Não informado;Rotatória;Não informado;Longo da via;0;2;0;1;1;0;0;0;0;0;0;0;0;(-38.5286149 -3.8122196);
PKN6798;2021-09-24 20:22:00;RUA ALVES BEZERRA;RUA GAL RABELO;;SIQUEIRA;PKN6798;Colisão;Não informado;Não informado;Não informado;Meio de quadra;Não informado;Cruzamento;0;2;0;1;1;0;0;0;0;0;0;0;0;(-38.6079362 -3.8084964);
BRT3609;2021-09-24 19:53:00;BR-116;;;AEROLANDIA;BRT3609;Colisão;Não informado;Não informado;Não informado;Meio de quadra;Não informado;Longo da via;0;1;0;1;1;0;0;0;0;0;0;0;0;(-38.5152306 -3.7760061);
REA9658;2021-09-24 19:40:00;Avenida Radialista João Ramos;;;PLANALTO AYRTON SENNA;REA9658;Colisão;Não informado;Não informado;Não informado;Meio de quadra;Não informado;Longo da via;0;1;0;0;0;0;0;0;0;0;1;0;0;(-38.5735286 -3.8418099);
EAN5433;2021-09-24 19:34:00;Rua Torres Câmara;RUA JOAQUIM NABUCO;;ALDEOTA;EAN5433;Atropelamento;Não informado;Não informado;Não informado;Cruz;Não informado;Cruzamento;0;1;0;0;1;0;0;0;0;0;0;0;0;(-38.5019177 -3.7372801);
DZI1080;2021-09-24 19:30:00;Avenida Beira Mar;;;PRAIA DE IRACEMA;DZI1080;Colisão;Não informado;Não informado;Não informado;Meio de quadra;Não informado;Longo da via;0;1;0;1;1;0;0;0;0;0;0;0;0;(-38.5113149 -3.7202329);
DVS6989;2021-09-24 19:12:00;Rua Pré - 9;;;JARDIM AMERICA;DVS6989;Atropelamento;Não informado;Não informado;Não informado;Meio de quadra;Não informado;Longo da via;0;1;0;0;1;0;0;0;0;0;0;0;0;(-38.5385924 -3.754773999999999);
XWF3624;2021-09-24 17:51:00;RUA TEN JURANDIR ALENCAR;;;MESSEJANA;XWF3624;Queda;Não informado;Não informado;Não informado;Meio de quadra;Não informado;Longo da via;0;1;0;0;0;0;0;0;0;1;0;0;0;(-38.4981415 -3.8324252);
UXL3349;2021-11-07 14:00:00;Avenida Aguanambi;;;JOSE BONIFACIO;968937;Colisão Lateral;Luz do Dia;Bom;Seca;Meio de quadra;Não há Controle;Longo da via;0;0;0;2;0;0;0;0;0;0;0;0;0;(-38.5243683992865 -3.738240334153893);
CSP7368;2021-09-24 17:14:00;Avenida Jornalista Tomaz Coelho;;;JANGURUSSU;CSP7368;Atropelamento;Não informado;Não informado;Não informado;Meio de quadra;Não informado;Longo da via;0;1;0;0;1;0;0;0;0;0;0;0;0;(-38.5117208 -3.8288169);
VXU0119;2021-11-07 08:30:00;Avenida Governador Raul Barbosa;;;SAO JOAO DO TAUAPE;966814;Choque c/ Obstáculo Fixo;Amanhecer;Bom;Seca;Meio de quadra;Não há Controle;Longo da via;0;0;0;0;1;0;0;0;0;0;0;0;0;(-38.50476101335149 -3.760031725154677);
AOP4145;2021-09-24 16:15:00;BR-116;;;MESSEJANA;AOP4145;Queda;Não informado;Não informado;Não informado;Meio de quadra;Não informado;Longo da via;0;1;0;1;0;0;0;0;0;0;0;0;0;(-38.5183814 -3.7636515);
PXZ5312;2021-11-06 07:00:00;Rua Vereador Pedro Paulo;;;PARQUE MANIBURA;969181;Colisão Traseira;Amanhecer;Bom;Seca;Meio de quadra;Gesto;Longo da via;0;0;0;1;1;0;0;0;0;0;0;0;0;(-38.49179521708471 -3.78681707862633);
AOP4145;2021-09-24 13:46:00;Rua José Mendonça;;;GENIBAU;AOP4145;Colisão;Não informado;Não informado;Não informado;Meio de quadra;Não informado;Longo da via;0;1;0;1;1;0;0;0;0;0;0;0;0;(-38.6024765 -3.7591591);
CKM7666;2021-09-24 13:25:00;Avenida Washington Soares;;;MESSEJANA;CKM7666;Colisão;Não informado;Não informado;Não informado;Meio de quadra;Não informado;Longo da via;0;1;0;1;1;0;0;0;0;0;0;0;0;(-38.4822017 -3.828229);
WET2334;2021-11-06 10:35:00;Avenida Almirante Henrique Sabóia;RUA PLINIO CAMARA;;SAO JOAO DO TAUAPE;969033;Colisão Traseira;Não informado;Bom;Seca;T;Pare;Longo da via;0;0;3;0;3;0;0;0;0;0;0;0;0;(-38.49617794215805 -3.751402854614348);
HOV8549;2021-09-24 12:38:00;Avenida Antônio Sales;RUA JOSE VILAR;;DIONISIO TORRES;HOV8549;Colisão;Não informado;Não informado;Não informado;Meio de quadra;Não informado;Cruzamento;0;1;0;1;1;0;0;0;0;0;0;0;0;(-38.5073167 -3.7439379);
GCG2402;2021-09-24 12:34:00;Rua Cláudio Manuel Dias Leite;;;GUARARAPES;GCG2402;Colisão;Não informado;Não informado;Não informado;Meio de quadra;Não informado;Longo da via;0;1;0;1;1;0;0;0;0;0;0;0;0;(-38.49022799999999 -3.760283799999999);
ANS1929;2021-09-24 12:04:00;Avenida Bernardo Manuel;;;ITAPERI;ANS1929;Colisão;Não informado;Não informado;Não informado;Meio de quadra;Não informado;Longo da via;0;1;0;1;1;0;0;0;0;0;0;0;0;(-38.5494007 -3.7928009);
STJ2830;2021-11-06 10:30:00;Rua Cônego de Castro;;;PARQUE SAO JOSE;969000;Colisão Transversal;Luz do Dia;Bom;Seca;Duplo T;Não informado;Longo da via;0;1;0;1;0;0;1;0;0;1;0;0;0;(-38.5891808863936 -3.801911577329354);
EGA4146;2021-09-24 12:02:00;Avenida Santos Dumont;RUA JOAQUIM NABUCO;;ALDEOTA;EGA4146;Colisão;Não informado;Não informado;Não informado;Cruz;Não informado;Cruzamento;0;1;0;1;1;0;0;0;0;0;0;0;0;(-38.4884421 -3.7395255);
GYN7024;2021-09-24 11:44:00;Avenida Sargento Hermínio Sampaio;;;PRESIDENTE KENNEDY;GYN7024;Queda;Não informado;Não informado;Não informado;Meio de quadra;Não informado;Longo da via;0;1;0;1;0;0;0;0;0;0;0;0;0;(-38.5724459 -3.7285811);
GHQ8804;2021-11-06 13:00:00;Avenida Luciano Carneiro;RUA VICENTE SPINDOLA;;VILA UNIAO;968996;Atropelamento;Luz do Dia;Bom;Seca;T;Pare;Longo da via;0;1;0;1;0;0;1;0;0;0;0;0;0;(-38.53801875300019 -3.769433239387595);
IMU7440;2021-09-24 11:28:00;Avenida Coronel Miguel Dias;;;GUARARAPES;IMU7440;Queda;Não informado;Não informado;Não informado;Meio de quadra;Não informado;Longo da via;0;1;0;1;0;0;0;0;0;0;0;0;0;(-38.4884212 -3.7601554);
ACN6480;2021-09-24 10:35:00;Rua Coronel Matos Dourado;;;ANTONIO BEZERRA;ACN6480;Queda;Não informado;Não informado;Não informado;Meio de quadra;Não informado;Longo da via;0;2;0;1;0;0;0;0;0;0;0;0;0;(-38.58522560304373 -3.741330517719089);
OKY6328;2021-09-24 10:34:00;Avenida Humberto Monte;AV JOSE BASTOS;;RODOLFO TEOFILO;OKY6328;Queda;Não informado;Não informado;Não informado;T;Não informado;Cruzamento;0;1;0;1;0;0;0;0;0;0;0;0;0;(-38.5554949 -3.754928099999999);
SSB5108;2021-09-24 10:25:00;AV SEN CARLOS JEREISSATI;;;DIAS MACEDO;SSB5108;Queda;Não informado;Não informado;Não informado;Meio de quadra;Não informado;Longo da via;0;2;0;1;0;0;0;0;0;0;0;0;0;(-38.5165844 -3.783083);
FYS2785;2021-11-06 12:00:00;Rua César Rosas;;;ITAOCA;968833;Atropelamento;Luz do Dia;Bom;Seca;Meio de quadra;Semáforo;Longo da via;0;1;1;0;0;0;0;1;0;0;0;0;0;(-38.55551377514624 -3.769383140401106);
LGK1652;2021-11-06 22:00:00;Rua VI;AV A VENEZA TROPICAL;;PARQUE DOIS IRMAOS;968822;Colisão Transversal;Via Iluminada;Bom;Seca;Cruz;Outros;Longo da via;0;0;0;1;0;0;0;0;0;1;0;0;0;(-38.53961899772121 -3.79495315324827);
OQH0732;2021-11-06 13:05:00;Rua Catolé;;;JANGURUSSU;968356;Colisão Lateral;Luz do Dia;Bom;Seca;Meio de quadra;Não há Controle;Longo da via;0;0;1;1;1;0;0;0;0;0;0;0;0;(-38.52202370400315 -3.853113139622288);
HWU4747;2021-09-24 10:22:00;AV ALBERTO CRAVEIRO;;;BOA VISTA;HWU4747;Queda;Não informado;Não informado;Não informado;Meio de quadra;Não informado;Longo da via;0;1;0;1;0;0;0;0;0;0;0;0;0;(-38.5200995 -3.8012212);
DXK6036;2021-11-05 11:30:00;Avenida Duque de Caxias;RUA ASSUNCAO;;CENTRO;969179;Engavetamento;Luz do Dia;Bom;Seca;Cruz;Semáforo;Longo da via;0;0;0;2;1;0;0;0;0;0;0;0;0;(-38.5279453 -3.7323739);
HYS5639;2021-09-24 10:06:00;AV CEL CARVALHO;;;ANTONIO BEZERRA;HYS5639;Colisão;Não informado;Não informado;Não informado;Meio de quadra;Não informado;Longo da via;0;1;0;2;0;0;0;0;0;0;0;0;0;(-38.5853656 -3.738055999999999);
ZON8877;2021-09-24 08:11:00;Rua Urucutuba;;;BOM JARDIM;ZON8877;Atropelamento;Não informado;Não informado;Não informado;Meio de quadra;Não informado;Longo da via;0;1;0;0;1;0;0;0;0;0;0;0;0;(-38.6088752 -3.7978012);
MBM7849;2021-09-24 00:59:00;Avenida Humberto Monte;;;PARQUELANDIA;MBM7849;Queda;Não informado;Não informado;Não informado;Meio de quadra;Não informado;Longo da via;0;2;0;1;0;0;0;0;0;0;0;0;0;(-38.5629547 -3.7459538);
LKZ4031;2021-11-05 18:40:00;Avenida Governador Raul Barbosa;;;AEROLANDIA;969039;Colisão Lateral;Não informado;Bom;Seca;Cruz;Semáforo;Longo da via;0;1;1;0;0;0;0;1;0;1;0;0;0;(-38.51305441207036 -3.77593495930871);
REM3664;2021-09-23 23:08:00;Avenida Radialista João Ramos;;;PREFEITO JOSE VALTER;REM3664;Colisão;Não informado;Não informado;Não informado;Meio de quadra;Não informado;Longo da via;0;1;0;0;0;0;0;0;0;0;1;0;0;(-38.56686810000001 -3.8442038);
PXN0402;2021-09-23 22:55:00;AV ROGACIANO LEITE;;;SALINAS;PXN0402;Queda;Não informado;Não informado;Não informado;Meio de quadra;Não informado;Longo da via;0;1;0;0;0;0;0;0;0;1;0;0;0;(-38.4915170973639 -3.769372852962788);
JOJ6277;2021-09-23 20:48:00;Rua Paula Ney;;;ALDEOTA;JOJ6277;Atropelamento;Não informado;Não informado;Não informado;Meio de quadra;Não informado;Longo da via;0;1;0;1;0;0;0;0;0;0;0;0;0;(-38.4923632 -3.7416902);
KUE1514;2021-09-23 20:26:00;Avenida Governador Raul Barbosa;;;SAO JOAO DO TAUAPE;KUE1514;Colisão;Não informado;Não informado;Não informado;Meio de quadra;Não informado;Longo da via;0;2;0;0;0;0;0;0;0;0;1;0;0;(-38.50721170000001 -3.761226299999999);
TGG0569;2021-11-05 15:46:00;Avenida Antônio Sales;RUA NUNES VALENTE;;DIONISIO TORRES;969026;Colisão Transversal;Não informado;Bom;Seca;Cruz;Pare;Longo da via;0;2;0;0;2;0;0;0;0;0;0;0;0;(-38.50624158709783 -3.744251319162567);
NJD0619;2021-09-23 20:11:00;Avenida Contorno Sul;;;MONDUBIM;NJD0619;Colisão;Não informado;Não informado;Não informado;Meio de quadra;Não informado;Longo da via;0;1;0;2;0;0;0;0;0;0;0;0;0;(-38.5907849 -3.8145212);
UNI5981;2021-11-05 17:41:00;Avenida Governador Raul Barbosa;;;SAO JOAO DO TAUAPE;968834;Queda;Luz do Dia;Bom;Seca;Y;Não há Controle;Longo da via;0;1;0;1;0;0;0;0;0;0;0;0;0;(-38.50462153543319 -3.756868172721857);
PSR1146;2021-09-23 14:21:00;Rua Fé;;;CARLITO PAMPLONA;PSR1146;Colisão;Não informado;Não informado;Não informado;Meio de quadra;Não informado;Longo da via;0;1;0;0;0;0;0;0;0;0;1;0;0;(-38.5578134 -3.7152834);
ORZ4741;2021-11-05 21:40:00;BR-116;AV EDUARDO GIRAO;;FATIMA;968342;Colisão Lateral;Via Iluminada;Bom;Seca;Rotatória;Não há Controle;Longo da via;0;0;2;0;2;0;0;0;0;0;0;0;0;(-38.52370277106888 -3.755251598352952);
XEE1821;2021-09-23 14:14:00;Avenida Duque de Caxias;;;CENTRO;XEE1821;Colisão;Não informado;Não informado;Não informado;Meio de quadra;Não informado;Longo da via;0;1;0;1;1;0;0;0;0;0;0;0;0;(-46.6464322 -23.5392428);
GJU9858;2021-09-23 13:46:00;Avenida Pompílio Gomes;;;BARROSO;GJU9858;Queda;Não informado;Não informado;Não informado;Meio de quadra;Não informado;Longo da via;0;1;0;1;0;0;0;0;0;0;0;0;0;(-38.5208856 -3.814133099999999);
MFB6134;2021-09-23 11:05:00;Avenida Bezerra de Menezes;;;PARQUELANDIA;MFB6134;Colisão;Não informado;Não informado;Não informado;Meio de quadra;Não informado;Longo da via;0;1;0;1;1;0;0;0;0;0;0;0;0;(-38.556584 -3.7339243);