COD_ACIDENTE;DATA;LOG1;LOG2;NUMERO;BAIRRO;AMC;NATUREZA;ILUMINACAO;TEMPO;SUPERFICIEPISTA;TIPOCRUZAMENTO;CONTROLETRAFEGO;USOSOLO;MORTOS;FERIDOS;ILESOS;MOTOCICLETA;AUTOMOVEL;MICROONIBUS;CAMINHAO;ONIBUS;CICLOMOTOR;BICICLETA;OUTROS;TREM;TRACAOANIMAL;COORDENADAS
OYW1250;2021-09-23 10:57:00;Rua Aristóteles Bezerra;;;CARLITO PAMPLONA;OYW1250;Atropelamento;Não informado;Não informado;Não informado;Meio de quadra;Não informado;Longo da via;0;1;0;1;0;0;0;0;0;0;0;0;0;(-38.5563302 -3.7199297);
SQK3195;2021-11-05 13:10:00;Avenida Presidente Costa e Silva;;;PREFEITO JOSE VALTER;965324;Colisão Frontal;Luz do Dia;Bom;Seca;Meio de quadra;Não há Controle;Longo da via;0;0;0;1;1;0;0;0;0;0;0;0;0;(-38.55309443082506 -3.822625937728524);
LPQ9427;2021-09-23 10:50:00;RUA MUNDICA PAULA;RUA ALM RUBIM;;MONTESE;LPQ9427;Colisão;Não informado;Não informado;Não informado;Cruz;Não informado;Cruzamento;0;1;0;1;1;0;0;0;0;0;0;0;0;(-38.5533462 -3.7646665);
CHP2552;2021-09-23 09:41:00;Rua Padre Mororó;;;CENTRO;CHP2552;Colisão;Não informado;Não informado;Não informado;Meio de quadra;Não informado;Longo da via;0;1;0;0;0;0;0;0;0;0;1;0;0;(-38.5358281 -3.7202776);
FVI4152;2021-09-22 23:55:00;Rua Doutor Pergentino Maia;;;MESSEJANA;FVI4152;Colisão;Não informado;Não informado;Não informado;Meio de quadra;Não informado;Longo da via;0;1;0;0;0;0;0;0;0;0;1;0;0;(-38.4851116 -3.8318457);
RSG1225;2021-09-22 22:46:00;Avenida Borges de Melo;;;FATIMA;RSG1225;Atropelamento;Não informado;Não informado;Não informado;Meio de quadra;Não informado;Longo da via;0;1;0;0;1;0;0;0;0;0;0;0;0;(-38.5283938 -3.7602384);
SEJ4492;2021-09-22 22:06:00;Avenida Mister Hull;;;ANTONIO BEZERRA;SEJ4492;Atropelamento;Não informado;Não informado;Não informado;Meio de quadra;Não informado;Longo da via;0;1;0;0;0;0;0;0;0;0;1;0;0;(-38.5918137 -3.7395231);
ELV7121;2021-09-22 21:53:00;Avenida Leste Oeste;;;PIRAMBU;ELV7121;Atropelamento;Não informado;Não informado;Não informado;Meio de quadra;Não informado;Longo da via;0;1;0;1;0;0;0;0;0;0;0;0;0;(-38.5523643 -3.7125347);
PVJ0629;2021-09-22 21:48:00;Avenida Edilson Brasil Soares;;;EDSON QUEIROZ;PVJ0629;Colisão;Não informado;Não informado;Não informado;Meio de quadra;Não informado;Longo da via;0;1;0;1;1;0;0;0;0;0;0;0;0;(-38.4794276 -3.7895121);
PVJ0629;2021-09-22 21:10:00;Rua Adriano Martins;RUA MON DANTAS;;JACARECANGA;PVJ0629;Atropelamento;Não informado;Não informado;Não informado;T;Não informado;Cruzamento;0;1;0;0;0;0;0;1;0;0;0;0;0;(-38.5440701 -3.7195719);
TBN9571;2021-09-22 20:57:00;Avenida Oliveira Paiva;;;CIDADE DOS FUNCIONRAIOS;TBN9571;Queda;Não informado;Não informado;Não informado;Meio de quadra;Não informado;Longo da via;0;1;0;1;0;0;0;0;0;0;0;0;0;(-38.50164839988737 -3.797759863770103);
NHR3997;2021-09-22 20:57:00;Avenida Godofredo Maciel;;;MARAPONGA;NHR3997;Colisão;Não informado;Não informado;Não informado;Meio de quadra;Não informado;Longo da via;0;1;0;1;1;0;0;0;0;0;0;0;0;(-38.5700693 -3.7966838);
RIX6661;2021-09-22 19:53:00;Avenida Coletora A;;;MONDUBIM;RIX6661;Queda;Não informado;Não informado;Não informado;Meio de quadra;Não informado;Longo da via;0;1;0;1;0;0;0;0;0;0;0;0;0;(-38.58070920000001 -3.8164338);
EAM3272;2021-11-04 19:30:00;Avenida Carneiro de Mendonça;RUA ERNESTO PEDRO SANTOS;;DEMOCRITO ROCHA;968932;Colisão Transversal;Luz do Dia;Bom;Seca;Cruz;Pare;Longo da via;0;1;1;1;1;0;0;0;0;0;0;0;0;(-38.57480421862809 -3.760128076825337);
LND9695;2021-09-22 19:22:00;Avenida Aguanambi;;;FATIMA;LND9695;Colisão;Não informado;Não informado;Não informado;Meio de quadra;Não informado;Longo da via;0;1;0;1;1;0;0;0;0;0;0;0;0;(-38.52378 -3.750954);
ICA9810;2021-09-22 17:34:00;Rua Emílio de Menezes;;;BONSUCESSO;ICA9810;Colisão;Não informado;Não informado;Não informado;Meio de quadra;Não informado;Longo da via;0;1;0;1;1;0;0;0;0;0;0;0;0;(-38.5821528 -3.7831762);
BTT2581;2021-09-22 17:18:00;Avenida Lineu Machado;;;JOAO XXIII;BTT2581;Queda;Não informado;Não informado;Não informado;Meio de quadra;Não informado;Longo da via;0;1;0;1;0;0;0;0;0;0;0;0;0;(-38.58005103685446 -3.772498890405671);
ALM9703;2021-09-22 15:34:00;Rua Pedro Firmeza;RUA SABINA AUGUSTA;;CIDADE DOS FUNCIONRAIOS;ALM9703;Colisão;Não informado;Não informado;Não informado;Cruz;Não informado;Cruzamento;0;1;0;1;1;0;0;0;0;0;0;0;0;(-38.4913715 -3.7979022);
OMB1264;2021-11-05 01:30:00;Avenida A;;;CONJUNTO CEARA I;968796;Colisão Lateral;Não informado;Bom;Seca;T;Pare;Longo da via;0;1;0;1;1;0;0;0;0;0;0;0;0;(-38.60416904831843 -3.768992384935094);
FQX7572;2021-11-04 09:40:00;Avenida Bezerra de Menezes;RUA JOSE PONTES;;PRESIDENTE KENNEDY;967695;Colisão Transversal;Amanhecer;Bom;Não informado;Não informado;Semáforo;Longo da via;0;0;1;1;0;0;0;1;0;0;0;0;0;(-38.56801822935126 -3.736393127522962);
UUX5571;2021-09-22 15:32:00;Avenida Ministro José Américo;;;CAMBEBA;UUX5571;Colisão;Não informado;Não informado;Não informado;Meio de quadra;Não informado;Longo da via;0;1;0;1;1;0;0;0;0;0;0;0;0;(-38.4962641 -3.8112701);
XDO6545;2021-09-22 15:04:00;AV BR DE STUDART ;RUA PDE VALDEVINO;;ALDEOTA;XDO6545;Colisão;Não informado;Não informado;Não informado;Cruz;Não informado;Cruzamento;0;1;0;1;1;0;0;0;0;0;0;0;0;(-38.5088357 -3.7416713);
ZZF5278;2021-11-04 11:50:00;Avenida Almirante Henrique Sabóia;RUA PLINIO CAMARA;;DIONISIO TORRES;925295;Colisão Traseira;Luz do Dia;Bom;Seca;T;Pare;Longo da via;0;0;3;0;3;0;0;0;0;0;0;0;0;(-38.49623695568254 -3.751392148766671);
UNY3510;2021-09-22 14:52:00;Rua Dom Bosco;;;MESSEJANA;UNY3510;Colisão;Não informado;Não informado;Não informado;Meio de quadra;Não informado;Longo da via;0;1;0;1;1;0;0;0;0;0;0;0;0;(-38.4910595 -3.8187214);
NXT7162;2021-09-22 14:09:00;Avenida Treze de Maio;;;FATIMA;NXT7162;Colisão;Não informado;Não informado;Não informado;Meio de quadra;Não informado;Longo da via;0;1;0;1;1;0;0;0;0;0;0;0;0;(-38.5258431 -3.7525173);
FBV3738;2021-11-03 07:00:00;Avenida Historiador Raimundo Girão;;;MEIRELES;969158;Choque c/ Obstáculo Fixo;Via Iluminada;Bom;Seca;Meio de quadra;Não há Controle;Longo da via;0;0;1;0;1;0;0;0;0;0;0;0;0;(-38.50883260593236 -3.721961279005105);
UEQ4316;2021-09-22 13:35:00;Rua Barão de Sobral;;;PARANGABA;UEQ4316;Colisão;Não informado;Não informado;Não informado;Meio de quadra;Não informado;Longo da via;0;1;0;1;1;0;0;0;0;0;0;0;0;(-38.55798770000001 -3.7647215);
RTV1703;2021-09-22 11:30:00;Avenida Oliveira Paiva;;;CIDADE DOS FUNCIONRAIOS;RTV1703;Atropelamento;Não informado;Não informado;Não informado;Meio de quadra;Não informado;Longo da via;0;1;0;0;1;0;0;0;0;0;0;0;0;(-38.4901664 -3.7955137);
ALI4183;2021-09-22 10:03:00;Avenida João Pessoa;;;PARANGABA;ALI4183;Colisão;Não informado;Não informado;Não informado;Meio de quadra;Não informado;Longo da via;0;1;0;1;1;0;0;0;0;0;0;0;0;(-38.5613965 -3.7713024);
AII2086;2021-09-22 09:36:00;Rua Júlio Braga;;;PARANGABA;AII2086;Colisão;Não informado;Não informado;Não informado;Meio de quadra;Não informado;Longo da via;0;1;0;1;1;0;0;0;0;0;0;0;0;(-38.5812757 -3.7756048);
AHW7716;2021-09-22 09:34:00;Rua Osório Correia;;;PARQUE PRESIDENTE VARGAS;AHW7716;Colisão;Não informado;Não informado;Não informado;Meio de quadra;Não informado;Longo da via;0;2;0;2;0;0;0;0;0;0;0;0;0;(-38.5932856 -3.8263089);
QEO5667;2021-09-22 03:21:00;Rua Frei Mansueto;RUA MARIA TOMASIA;;VARJOTA;QEO5667;Colisão;Não informado;Não informado;Não informado;Cruz;Não informado;Cruzamento;0;1;0;2;0;0;0;0;0;0;0;0;0;(-38.48850729999999 -3.7381748);
HDR1483;2021-11-03 18:30:00;Rua Carlos Ribeiro;;;FATIMA;969016;Engavetamento;Luz do Dia;Bom;Seca;Meio de quadra;Não informado;Longo da via;0;0;1;0;3;0;1;0;0;0;0;0;0;(-38.52639035013169 -3.746531680378768);
YQG8214;2021-09-22 02:58:00;Rua Alice;;;CIDADE DOS FUNCIONRAIOS;YQG8214;Colisão;Não informado;Não informado;Não informado;Meio de quadra;Não informado;Longo da via;0;1;0;1;1;0;0;0;0;0;0;0;0;(-38.5018028 -3.7907669);
OLT9645;2021-09-22 01:05:00;Rua Banvarth Bezerra;;;PADRE ANDRADE;OLT9645;Colisão;Não informado;Não informado;Não informado;Meio de quadra;Não informado;Longo da via;0;1;0;0;0;0;0;0;0;0;1;0;0;(-38.5804046 -3.7317318);
ICH7968;2021-09-22 00:07:00;Rua Sargento Barbosa;;;GRANJA LISBOA;ICH7968;Queda;Não informado;Não informado;Não informado;Meio de quadra;Não informado;Longo da via;0;1;0;1;0;0;0;0;0;0;0;0;0;(-38.6184242 -3.7779315);
QRH3704;2021-09-21 22:18:00;Rua Gabriel Fiúsa;RUA MON AGOSTINHO;;VILA PERY;QRH3704;Colisão;Não informado;Não informado;Não informado;Cruz;Não informado;Cruzamento;0;1;0;1;1;0;0;0;0;0;0;0;0;(-38.580442 -3.7866346);
PNN9354;2021-11-03 09:30:00;Avenida Desembargador Moreira;RUA MARCOS MACEDO;;ALDEOTA;968887;Colisão Traseira;Luz do Dia;Bom;Seca;Cruz;Semáforo;Longo da via;0;0;1;0;2;0;0;0;0;0;0;0;0;(-38.4977688 -3.7342472);
ZTI0063;2021-11-03 20:30:00;Avenida da Abolição;RUA JOAQUIM NABUCO;;MEIRELES;968066;Atropelamento;Via Iluminada;Bom;Seca;Cruz;Semáforo;Longo da via;0;1;1;0;1;0;0;0;0;0;0;0;0;(-38.49838808332465 -3.726479286726603);
YYW6586;2021-09-21 21:46:00;AV ALBERTO CRAVEIRO;;;BOA VISTA;YYW6586;Colisão;Não informado;Não informado;Não informado;Meio de quadra;Não informado;Longo da via;0;1;0;1;1;0;0;0;0;0;0;0;0;(-38.5200995 -3.8012212);
XZO6335;2021-09-21 21:35:00;Avenida Waldir Diogo;;;MONDUBIM;XZO6335;Queda;Não informado;Não informado;Não informado;Meio de quadra;Não informado;Longo da via;0;1;0;0;0;0;0;0;0;1;0;0;0;(-38.5879523 -3.8023309);
AWC3087;2021-11-03 07:20:00;Avenida dos Paroaras;RUA PDE CICERO;;PASSARE;967507;Choque c/ Obstáculo Fixo;Via Iluminada;Bom;Seca;T;Não há Controle;Longo da via;0;0;0;0;1;0;0;0;0;0;0;0;0;(-38.54100838597875 -3.809335618636583);
HKP0449;2021-09-22 00:07:00;AV WASHINGTON SOARES;;;SAPIRANGA / COITE;HKP0449;Colisão;Não informado;Não informado;Não informado;Meio de quadra;Não informado;Longo da via;0;1;0;1;1;0;0;0;0;0;0;0;0;(-38.4798948 -3.7977666);
ETG8560;2021-09-21 20:48:00;Avenida Governador Raul Barbosa;;;AEROLANDIA;ETG8560;Colisão;Não informado;Não informado;Não informado;Meio de quadra;Não informado;Longo da via;0;1;0;1;1;0;0;0;0;0;0;0;0;(-38.5048994 -3.7592696);
UEI7999;2021-09-21 20:17:00;Avenida Presidente Costa e Silva;;;PREFEITO JOSE VALTER;UEI7999;Colisão;Não informado;Não informado;Não informado;Meio de quadra;Não informado;Longo da via;0;2;0;1;1;0;0;0;0;0;0;0;0;(-38.5503326 -3.8234508);
DTB0567;2021-09-21 19:54:00;Avenida Engenheiro Santana Júnior;;;PAPICU;DTB0567;Colisão;Não informado;Não informado;Não informado;Meio de quadra;Não informado;Longo da via;0;1;0;0;0;0;0;0;0;0;1;0;0;(-38.4803281 -3.7327651);
RSX6839;2021-09-21 19:35:00;Rua Euclídes Onófre de Souza;;;SAPIRANGA / COITE;RSX6839;Atropelamento;Não informado;Não informado;Não informado;Meio de quadra;Não informado;Longo da via;0;1;0;0;1;0;0;0;0;0;0;0;0;(-38.4667976 -3.7972178);
FHG8709;2021-09-21 16:04:00;AV PAU BRASIL;;;PREFEITO JOSE VALTER;FHG8709;Colisão;Não informado;Não informado;Não informado;Meio de quadra;Não informado;Longo da via;0;1;0;1;1;0;0;0;0;0;0;0;0;(-38.5479816 -3.8280771);
BBC0601;2021-09-21 15:43:00;Avenida Professor Gomes de Matos;;;MONTESE;BBC0601;Colisão;Não informado;Não informado;Não informado;Meio de quadra;Não informado;Longo da via;0;1;0;1;1;0;0;0;0;0;0;0;0;(-38.5468772 -3.7626136);
NWP7485;2021-09-21 14:33:00;AV L;;;CONJUNTO CEARA II;NWP7485;Queda;Não informado;Não informado;Não informado;Meio de quadra;Não informado;Longo da via;0;1;0;1;0;0;0;0;0;0;0;0;0;(-38.60663078620322 -3.770793689225742);
ZIH5869;2021-09-21 13:51:00;Rua Princesa Isabel;RUA SAO PAULO;;CENTRO;ZIH5869;Colisão;Não informado;Não informado;Não informado;Cruz;Não informado;Cruzamento;0;1;0;2;0;0;0;0;0;0;0;0;0;(-38.53462529999999 -3.723705399999999);
KDB4986;2021-09-21 12:53:00;Avenida Mister Hull;;;PADRE ANDRADE;KDB4986;Queda;Não informado;Não informado;Não informado;Meio de quadra;Não informado;Longo da via;0;1;0;1;0;0;0;0;0;0;0;0;0;(-38.5794952 -3.737987);
SYX0907;2021-09-21 13:11:00;Rua Benjamim Brasil;;;MARAPONGA;SYX0907;Colisão;Não informado;Não informado;Não informado;Meio de quadra;Não informado;Longo da via;0;1;0;1;1;0;0;0;0;0;0;0;0;(-38.5703341 -3.8039324);
ODI0512;2021-09-21 12:44:00;AV LESTE OESTE;;;BARRA DO CEARA;ODI0512;Capotamento;Não informado;Não informado;Não informado;Meio de quadra;Não informado;Longo da via;0;1;0;0;0;0;0;0;0;0;1;0;0;(-38.5789978 -3.7041306);
HYB0264;2021-11-02 06:00:00;Avenida Senador Fernandes Távora;;;PARANGABA;968978;Capotamento;Via Iluminada;Bom;Seca;Outros;Não há Controle;Longo da via;0;1;0;0;1;0;0;0;0;0;0;0;0;(-38.5723258535105 -3.768060994486304);
PAI6278;2021-11-02 08:30:00;Rua Gomes Brasil;;;PARANGABA;968977;Choque c/ Obstáculo Fixo;Luz do Dia;Bom;Seca;Meio de quadra;Não há Controle;Longo da via;0;2;0;0;1;0;0;0;0;0;0;0;0;(-38.568247 -3.7729331);
PWM6405;2021-11-02 07:15:00;Avenida Humberto Monte;;;;968081;Queda;Não informado;Bom;Seca;Outros;Não há Controle;Longo da via;0;0;0;1;0;0;0;0;0;0;0;0;0;(-38.56898387620386 -3.738700274199279);
YCK3551;2021-11-01 12:50:00;Rua Sandra Gentil;RUA EUCLIDES O DE SOUSA;;SAPIRANGA / COITE;969057;Colisão Transversal;Luz do Dia;Bom;Seca;Cruz;Pare;Longo da via;0;0;1;0;2;0;0;0;0;0;0;0;0;(-38.46870675953873 -3.797361844855921);
HDP2544;2021-11-01 10:45:00;Avenida Presidente Castelo Branco;AV FILOMENO GOMES;;JACARECANGA;969032;Colisão Traseira;Luz do Dia;Bom;Seca;Cruz;Semáforo;Longo da via;0;0;0;2;0;0;0;0;0;0;0;0;0;(-38.54209737057988 -3.71554288459264);
PZS9167;2021-09-21 10:44:00;Rua Aluísio Azevedo;RUA RIBEIRO JUNIOR;;JOQUEI CLUBE;PZS9167;Colisão;Não informado;Não informado;Não informado;Cruz;Não informado;Cruzamento;0;1;0;0;0;0;0;0;0;0;1;0;0;(-38.5758604 -3.7720052);
TGB3981;2021-11-01 19:30:00;Rua Professor Edgard de Arruda;RUA PRO EDGAR DE ARRUDA;;HENRIQUE JORGE;968918;Colisão Traseira;Não informado;Bom;Seca;Cruz;Pare;Longo da via;0;0;0;1;0;0;1;0;0;0;0;0;0;(-38.58494297316138 -3.758372333600475);
XZC2674;2021-09-21 10:13:00;Avenida Francisco Sá;;;;XZC2674;Queda;Não informado;Não informado;Não informado;Meio de quadra;Não informado;Longo da via;0;1;0;0;0;0;0;0;0;1;0;0;0;(-38.5669596 -3.714145);
ICV2200;2021-09-21 09:22:00;Rua Leonardo Mota;;;MEIRELES;ICV2200;Colisão;Não informado;Não informado;Não informado;Meio de quadra;Não informado;Longo da via;0;1;0;0;1;0;0;0;0;1;0;0;0;(-38.4954633 -3.7347837);
XZQ7113;2021-09-21 00:36:00;Rua Raul Uchôa;RUA AQUIRAZ;;MONTESE;XZQ7113;Queda;Não informado;Não informado;Não informado;Cruz;Não informado;Cruzamento;0;1;0;1;0;0;0;0;0;0;0;0;0;(-38.5470227 -3.7591872);
ZBI2677;2021-09-20 23:47:00;Rua B;;;PASSARE;ZBI2677;Atropelamento;Não informado;Não informado;Não informado;Meio de quadra;Não informado;Longo da via;0;1;0;0;1;0;0;0;0;0;0;0;0;(-38.5385837 -3.800769);
KFQ9036;2021-11-01 13:40:00;Rua Floriano Peixoto;;;CENTRO;968476;Colisão Lateral;Luz do Dia;Bom;Seca;Meio de quadra;Outros;Longo da via;0;0;3;1;2;0;0;0;0;0;0;0;0;(-38.52803722365189 -3.730205019714013);
AIW2310;2021-09-20 23:33:00;RUA PDE PEDRO DE ALENCAR;;;MESSEJANA;AIW2310;Queda;Não informado;Não informado;Não informado;Meio de quadra;Não informado;Longo da via;0;1;0;1;0;0;0;0;0;0;0;0;0;(-38.4948099 -3.8485488);
PHK3885;2021-09-20 23:02:00;Avenida Jornalista Tomaz Coelho;;;MESSEJANA;PHK3885;Queda;Não informado;Não informado;Não informado;Meio de quadra;Não informado;Longo da via;0;1;0;1;0;0;0;0;0;0;0;0;0;(-38.5107767 -3.8295793);
BYE0342;2021-09-20 22:45:00;Avenida General Osório de Paiva;;;PARANGABA;BYE0342;Queda;Não informado;Não informado;Não informado;Meio de quadra;Não informado;Longo da via;0;2;0;1;0;0;0;0;0;0;0;0;0;(-38.5711297 -3.7785352);
AXU3370;2021-11-01 15:40:00;Rua Zacarias Gondim;RUA DOM CARLOTO TAVORA;;MONTESE;967057;Colisão Transversal;Luz do Dia;Nublado;Seca;Cruz;Pare;Longo da via;0;0;0;1;1;0;0;0;0;0;0;0;0;(-38.5587697 -3.7689549);
LLY5055;2021-09-20 21:56:00;Rua Nereu Ramos;;;VILA PERY;LLY5055;Colisão;Não informado;Não informado;Não informado;Meio de quadra;Não informado;Longo da via;0;1;0;1;1;0;0;0;0;0;0;0;0;(-38.5750911 -3.783698599999999);
XOO3491;2021-09-20 21:40:00;Avenida Oliveira Paiva;;;CAJAZEIRAS;XOO3491;Atropelamento;Não informado;Não informado;Não informado;Meio de quadra;Não informado;Longo da via;0;1;0;1;0;0;0;0;0;0;0;0;0;(-38.492164 -3.795765);
RWO5810;2021-11-02 01:30:00;Rua Frei Mansueto;RUA ANA BILHAR;;VARJOTA;962872;Colisão Transversal;Via Iluminada;Bom;Seca;Cruz;Semáforo;Longo da via;0;1;2;1;2;0;0;0;0;0;0;0;0;(-38.48876432324367 -3.731607518557714);
AJW3725;2021-09-20 21:08:00;AV LESTE OESTE;;;BARRA DO CEARA;AJW3725;Colisão;Não informado;Não informado;Não informado;Meio de quadra;Não informado;Longo da via;0;1;0;0;0;0;0;0;0;0;1;0;0;(-38.5783717 -3.7044151);
XRU2337;2021-10-01 10:40:00;Rua Cônego Lima Sucupira;RUA DR JUSTA ARAUJO D45;;SERRINHA;968494;Colisão Lateral;Luz do Dia;Bom;Seca;Não informado;Semáforo;Longo da via;0;1;1;1;1;0;0;0;0;0;0;0;0;(-38.5508491 -3.7781707);
WZH6039;2021-09-20 21:04:00;Rua Oliveira Viana;;;VICENTE PINZON;WZH6039;Queda;Não informado;Não informado;Não informado;Meio de quadra;Não informado;Longo da via;0;1;0;1;0;0;0;0;0;0;0;0;0;(-38.4786084 -3.7311063);
FFQ7747;2021-09-20 20:43:00;Rua Pedro Dantas;;;DIAS MACEDO;FFQ7747;Colisão;Não informado;Não informado;Não informado;Meio de quadra;Não informado;Longo da via;0;1;0;1;1;0;0;0;0;0;0;0;0;(-38.5183794 -3.7866343);
KZL5076;2021-09-20 20:16:00;Rua Juvenal Galeno;;;BENFICA;KZL5076;Colisão;Não informado;Não informado;Não informado;Meio de quadra;Não informado;Longo da via;0;1;0;1;1;0;0;0;0;0;0;0;0;(-38.5398665 -3.738348299999999);
KZL5076;2021-09-20 19:47:00;Rua Bento Albuquerque;;;PAPICU;KZL5076;Colisão;Não informado;Não informado;Não informado;Meio de quadra;Não informado;Longo da via;0;2;0;1;1;0;0;0;0;0;0;0;0;(-38.4842745 -3.7433519);
KZL5076;2021-09-20 18:46:00;RUA PEDRO DE QUEIROZ;;;PARQUELANDIA;KZL5076;Atropelamento;Não informado;Não informado;Não informado;Meio de quadra;Não informado;Longo da via;0;2;0;0;1;0;0;0;0;0;0;0;0;(-38.5598248 -3.7402842);
POQ9096;2021-09-20 18:29:00;Rua Newton Craveiro;RD BR 116;;PARQUE IRACEMA;POQ9096;Colisão;Não informado;Não informado;Não informado;T;Não informado;Cruzamento;0;1;0;1;1;0;0;0;0;0;0;0;0;(-38.499232 -3.8092914);
XBS1765;2021-09-20 17:54:00;Rua Francisco Jose Albuquerque Pereira;;;CAJAZEIRAS;XBS1765;Colisão;Não informado;Não informado;Não informado;Meio de quadra;Não informado;Longo da via;0;1;0;1;1;0;0;0;0;0;0;0;0;(-38.5053243 -3.8119067);
UBL0554;2021-09-20 17:01:00;Avenida Ministro José Américo;;;CAMBEBA;UBL0554;Colisão;Não informado;Não informado;Não informado;Meio de quadra;Não informado;Longo da via;0;1;0;0;0;0;0;0;0;0;1;0;0;(-38.4955454 -3.8107795);
FEY4634;2021-09-20 16:57:00;Rua Costa Freire;;;VILA PERY;FEY4634;Queda;Não informado;Não informado;Não informado;Meio de quadra;Não informado;Longo da via;0;1;0;1;0;0;0;0;0;0;0;0;0;(-38.579561 -3.7868927);
BKM9938;2021-09-20 16:49:00;Rua Brigadeiro Torres;;;JOAO XXIII;BKM9938;Colisão;Não informado;Não informado;Não informado;Meio de quadra;Não informado;Longo da via;0;1;0;1;1;0;0;0;0;0;0;0;0;(-38.5811722 -3.7678791);
TMG7807;2021-09-20 15:29:00;Rua Chile;RUA MARIO DE ANDRADE;;BELA VISTA;TMG7807;Colisão;Não informado;Não informado;Não informado;Meio de quadra;Não informado;Cruzamento;0;2;0;2;0;0;0;0;0;0;0;0;0;(-38.56581329999999 -3.7466524);
VYC0196;2021-09-20 11:39:00;Rua Costa Barros;;;CENTRO;VYC0196;Colisão;Não informado;Não informado;Não informado;Meio de quadra;Não informado;Longo da via;0;1;0;0;0;0;0;0;0;0;1;0;0;(-38.5216533 -3.7271526);
ZUZ5019;2021-09-20 11:05:00;Rua Ceará;AV JOSE BASTOS;;DEMOCRITO ROCHA;ZUZ5019;Colisão;Não informado;Não informado;Não informado;Cruz;Não informado;Cruzamento;0;1;0;2;0;0;0;0;0;0;0;0;0;(-38.56412364286077 -3.759999607928758);
WLH4082;2021-09-20 10:39:00;RUA JOSE HENRIQUE;RUA JOSE BAIMA;;GUAJERU;WLH4082;Colisão;Não informado;Não informado;Não informado;Cruz;Não informado;Cruzamento;0;1;0;1;1;0;0;0;0;0;0;0;0;(-38.4814425 -3.8304025);
NPY4450;2021-09-20 10:31:00;RUA JORGE AMADO;RUA DOM HELDER CAMARA (LAGOA REDONDA);;CURIO;NPY4450;Colisão;Não informado;Não informado;Não informado;Cruz;Não informado;Cruzamento;0;1;0;1;1;0;0;0;0;0;0;0;0;(-38.4684359 -3.8296179);
KXA9726;2021-09-20 09:38:00;Avenida Frei Cirilo;;;MESSEJANA;KXA9726;Queda;Não informado;Não informado;Não informado;Meio de quadra;Não informado;Longo da via;0;2;0;1;0;0;0;0;0;0;0;0;0;(-38.4979833 -3.8161503);
XXC4050;2021-09-20 08:25:00;AV PRE COSTA E SILVA;;;MONDUBIM;XXC4050;Choque c/ Obstáculo Fixo;Não informado;Não informado;Não informado;Meio de quadra;Não informado;Longo da via;0;1;0;0;1;0;0;0;0;0;0;0;0;(-38.561481 -3.8199441);
AQI4324;2021-09-20 04:29:00;Avenida Carlos Amora;;;PARANGABA;AQI4324;Choque c/ Obstáculo Fixo;Não informado;Não informado;Não informado;Meio de quadra;Não informado;Longo da via;0;1;0;0;1;0;0;0;0;0;0;0;0;(-38.5635371 -3.7753417);
LPZ5646;2021-09-20 03:16:00;AV AGUANAMBI;;;FATIMA;LPZ5646;Colisão;Não informado;Não informado;Não informado;Meio de quadra;Não informado;Longo da via;0;1;0;0;0;0;0;0;0;0;1;0;0;(-38.523825 -3.7489718);
UQV4339;2021-09-20 02:26:00;RUA JULIO SILVA;;;PRAIA DO FUTURO II;UQV4339;Queda;Não informado;Não informado;Não informado;Meio de quadra;Não informado;Longo da via;0;1;0;1;0;0;0;0;0;0;0;0;0;(-38.44709840000001 -3.7492867);
LWN3073;2021-09-20 02:25:00;AV AUGUSTO DOS ANJOS;RUA CARLOS CHAGAS;;BONSUCESSO;LWN3073;Colisão;Não informado;Não informado;Não informado;T;Não informado;Cruzamento;0;2;0;2;0;0;0;0;0;0;0;0;0;(-38.5803804 -3.7815736);
IMJ9413;2021-09-20 00:15:00;Rua José Roberto Sáles;;;BARRA DO CEARA;IMJ9413;Queda;Não informado;Não informado;Não informado;Meio de quadra;Não informado;Longo da via;0;1;0;1;0;0;0;0;0;0;0;0;0;(-38.58525960000001 -3.6945607);
AHO8427;2021-09-19 21:45:00;Avenida Francisca Maria da Conceição;;;PLANALTO AYRTON SENNA;AHO8427;Colisão;Não informado;Não informado;Não informado;Meio de quadra;Não informado;Longo da via;0;1;0;2;0;0;0;0;0;0;0;0;0;(-38.5719841 -3.837304);
BGH2926;2021-09-19 21:22:00;Avenida Godofredo Maciel;;;MONDUBIM;BGH2926;Colisão;Não informado;Não informado;Não informado;Meio de quadra;Não informado;Longo da via;0;2;0;1;1;0;0;0;0;0;0;0;0;(-38.5792294 -3.8241033);
CZV5296;2021-09-19 20:51:00;Rua Cônego de Castro;;;PARQUE SAO JOSE;CZV5296;Colisão;Não informado;Não informado;Não informado;Meio de quadra;Não informado;Longo da via;0;1;0;1;1;0;0;0;0;0;0;0;0;(-38.5838929 -3.7965401);
UYV2027;2021-09-19 19:52:00;Rua Costa Freire;;;VILA PERY;UYV2027;Queda;Não informado;Não informado;Não informado;Meio de quadra;Não informado;Longo da via;0;1;0;1;0;0;0;0;0;0;0;0;0;(-38.5834873 -3.791044);
SWV6519;2021-09-19 18:15:00;Rua Santa Esmeralda;;;DIONISIO TORRES;SWV6519;Colisão;Não informado;Não informado;Não informado;Meio de quadra;Não informado;Longo da via;0;1;0;0;0;0;0;0;0;0;1;0;0;(-38.4975573 -3.7521691);
MQY6950;2021-09-19 18:14:00;Rua Coronel Abelardo Rodrigues;;;VILA VELHA;MQY6950;Atropelamento;Não informado;Não informado;Não informado;Meio de quadra;Não informado;Longo da via;0;1;0;0;1;0;0;0;0;0;0;0;0;(-38.5898632 -3.712205);
RJI9913;2021-09-19 16:43:00;Avenida A;;;CONJUNTO CEARA I;RJI9913;Queda;Não informado;Não informado;Não informado;Meio de quadra;Não informado;Longo da via;0;1;0;0;0;0;0;0;0;1;0;0;0;(-38.60429389999999 -3.768734);