COD_ACIDENTE;DATA;LOG1;LOG2;NUMERO;BAIRRO;AMC;NATUREZA;ILUMINACAO;TEMPO;SUPERFICIEPISTA;TIPOCRUZAMENTO;CONTROLETRAFEGO;USOSOLO;MORTOS;FERIDOS;ILESOS;MOTOCICLETA;AUTOMOVEL;MICROONIBUS;CAMINHAO;ONIBUS;CICLOMOTOR;BICICLETA;OUTROS;TREM;TRACAOANIMAL;COORDENADAS
RVE0476;2021-09-19 15:29:00;Avenida Gonçalves Dias;;;RODOLFO TEOFILO;RVE0476;Queda;Não informado;Não informado;Não informado;Meio de quadra;Não informado;Longo da via;0;1;0;0;0;0;0;0;0;1;0;0;0;(-38.5547294 -3.7432784);
UJJ5985;2021-09-19 14:48:00;RUA MIGUEL GURGEL;;;MESSEJANA;UJJ5985;Atropelamento;Não informado;Não informado;Não informado;Meio de quadra;Não informado;Longo da via;0;1;0;0;1;0;0;0;0;0;0;0;0;(-38.4824514 -3.8402533);
RLR5829;2021-09-19 14:02:00;Rua Dom Henrique;;;VILA PERY;RLR5829;Colisão;Não informado;Não informado;Não informado;Meio de quadra;Não informado;Longo da via;0;1;0;1;1;0;0;0;0;0;0;0;0;(-38.57968169999999 -3.789551);
OMJ4727;2021-09-19 13:08:00;RUA OSVALDO CRUZ;RUA GAL TERTULIANO POTYGUARA;;ALDEOTA;OMJ4727;Colisão;Não informado;Não informado;Não informado;Cruz;Não informado;Cruzamento;0;1;0;1;1;0;0;0;0;0;0;0;0;(-38.501928 -3.7405939);
KAE2889;2021-09-19 11:43:00;AV SEN CARLOS JEREISSATI;;;DIAS MACEDO;KAE2889;Queda;Não informado;Não informado;Não informado;Meio de quadra;Não informado;Longo da via;0;1;0;1;0;0;0;0;0;0;0;0;0;(-38.5242645 -3.7832708);
TND0904;2021-09-19 10:46:00;RUA PROF COSTA MENDES;;;RODOLFO TEOFILO;TND0904;Colisão;Não informado;Não informado;Não informado;Meio de quadra;Não informado;Longo da via;0;1;0;1;1;0;0;0;0;0;0;0;0;(-38.551306 -3.7506949);
MNJ5287;2021-09-19 09:20:00;AV N;;;PREFEITO JOSE VALTER;MNJ5287;Queda;Não informado;Não informado;Não informado;Meio de quadra;Não informado;Longo da via;0;1;0;1;0;0;0;0;0;0;0;0;0;(-38.5502856 -3.8333439);
HHR9186;2021-09-19 09:19:00;RUA 16;;;BARROSO;HHR9186;Queda;Não informado;Não informado;Não informado;Meio de quadra;Não informado;Longo da via;0;1;0;1;0;0;0;0;0;0;0;0;0;(-38.5184574 -3.8240968);
FEH3659;2021-09-19 08:38:00;Avenida General Osório de Paiva;;;SIQUEIRA;FEH3659;Colisão;Não informado;Não informado;Não informado;Meio de quadra;Não informado;Longo da via;0;1;0;0;0;0;0;0;0;0;1;0;0;(-38.5949496 -3.7975027);
VJC8367;2021-09-19 05:05:00;Rua João Paulino Barros Leal;;;SAO JOAO DO TAUAPE;VJC8367;Colisão;Não informado;Não informado;Não informado;Meio de quadra;Não informado;Longo da via;0;1;0;0;2;0;0;0;0;0;0;0;0;(-38.5185655 -3.7569116);
HZZ2565;2021-09-19 04:02:00;Rua Álvaro Garrido;;;BARRA DO CEARA;HZZ2565;Queda;Não informado;Não informado;Não informado;Meio de quadra;Não informado;Longo da via;0;1;0;1;0;0;0;0;0;0;0;0;0;(-38.5816707 -3.7128971);
TYF0607;2021-09-19 02:59:00;Rua B;;;PARQUE DOIS IRMAOS;TYF0607;Atropelamento;Não informado;Não informado;Não informado;Meio de quadra;Não informado;Longo da via;0;1;0;1;0;0;0;0;0;0;0;0;0;(-38.5500962 -3.803362099999999);
JBS9208;2021-09-19 02:38:00;AV J;;;CONJUNTO CEARA I;JBS9208;Queda;Não informado;Não informado;Não informado;Meio de quadra;Não informado;Longo da via;0;1;0;1;0;0;0;0;0;0;0;0;0;(-38.6045837 -3.7705838);
NUW2600;2021-09-19 02:14:00;AV DR SILAS MUNGUBA;;;SERRINHA;NUW2600;Queda;Não informado;Não informado;Não informado;Meio de quadra;Não informado;Longo da via;0;1;0;1;0;0;0;0;0;0;0;0;0;(-38.5379575 -3.7914078);
CIM7292;2021-09-19 01:54:00;Rua Antônio Arruda;;;JARDIM GUANABARA;CIM7292;Colisão;Não informado;Não informado;Não informado;Meio de quadra;Não informado;Longo da via;0;1;0;1;1;0;0;0;0;0;0;0;0;(-38.5924755 -3.7146417);
NFV8006;2021-09-19 01:03:00;Rua Tenente Jurandir Alencar;;;MESSEJANA;NFV8006;Colisão;Não informado;Não informado;Não informado;Meio de quadra;Não informado;Longo da via;0;2;0;2;0;0;0;0;0;0;0;0;0;(-38.4952939 -3.8316644);
BSI1044;2021-09-19 00:52:00;RUA TAB JOAQUIM COELHO;;;SAPIRANGA / COITE;BSI1044;Colisão;Não informado;Não informado;Não informado;Meio de quadra;Não informado;Longo da via;0;2;0;0;0;0;0;0;0;0;1;0;0;(-38.4747535 -3.7965283);
XKF9756;2021-09-19 00:23:00;Rua República do Líbano;RUA BARBOSA DE FREITAS;;MEIRELES;XKF9756;Colisão;Não informado;Não informado;Não informado;Cruz;Não informado;Cruzamento;0;1;0;1;1;0;0;0;0;0;0;0;0;(-38.4941699 -3.7323587);
NWT9612;2021-09-19 00:12:00;RUA BR DE AQUIRAZ;;;MESSEJANA;NWT9612;Colisão;Não informado;Não informado;Não informado;Meio de quadra;Não informado;Longo da via;0;1;0;2;0;0;0;0;0;0;0;0;0;(-38.4858113 -3.8420974);
TSJ0306;2021-09-18 23:02:00;Rua Santa Elisa;;;BARRA DO CEARA;TSJ0306;Colisão;Não informado;Não informado;Não informado;Meio de quadra;Não informado;Longo da via;0;1;0;1;1;0;0;0;0;0;0;0;0;(-38.56390469999999 -3.7050009);
XZU5997;2021-09-18 23:00:00;Rua 743;;;CONJUNTO CEARA II;XZU5997;Queda;Não informado;Não informado;Não informado;Meio de quadra;Não informado;Longo da via;0;1;0;1;0;0;0;0;0;0;0;0;0;(-38.6037507 -3.7742595);
BNL3081;2021-09-18 22:54:00;Avenida Presidente Castelo Branco;;;BARRA DO CEARA;BNL3081;Colisão;Não informado;Não informado;Não informado;Meio de quadra;Não informado;Longo da via;0;2;0;2;0;0;0;0;0;0;0;0;0;(-38.5756317 -3.7055125);
TPP6451;2021-09-18 22:11:00;Rua Doutor Manoel Moreira;;;MONDUBIM;TPP6451;Colisão;Não informado;Não informado;Não informado;Meio de quadra;Não informado;Longo da via;0;1;0;1;0;0;1;0;0;0;0;0;0;(-38.5696318 -3.8097789);
KLV1754;2021-09-18 22:00:00;Rua 8;;;MONDUBIM;KLV1754;Colisão;Não informado;Não informado;Não informado;Meio de quadra;Não informado;Longo da via;0;1;0;1;0;0;1;0;0;0;0;0;0;(-38.5811255 -3.8169914);
SYV9578;2021-09-18 21:38:00;RUA NATAL;RUA PORTO VELHO;;HENRIQUE JORGE;SYV9578;Atropelamento;Não informado;Não informado;Não informado;Meio de quadra;Não informado;Longo da via;0;1;0;0;1;0;0;0;0;0;0;0;0;(-38.5916853 -3.7640352);
IID8226;2021-09-18 21:19:00;Rua Crisanto Moreira da Rocha;;;CAMBEBA;IID8226;Colisão;Não informado;Não informado;Não informado;Meio de quadra;Não informado;Longo da via;0;1;0;1;1;0;0;0;0;0;0;0;0;(-38.481471 -3.8014113);
ZZC3648;2021-09-18 21:16:00;Avenida Bernardo Manuel;;;ITAPERI;ZZC3648;Colisão;Não informado;Não informado;Não informado;Meio de quadra;Não informado;Longo da via;0;1;0;2;0;0;0;0;0;0;0;0;0;(-38.5482911 -3.7882912);
CBJ8401;2021-09-18 21:10:00;Rua das Oiticicas;;;PASSARE;CBJ8401;Colisão;Não informado;Não informado;Não informado;Meio de quadra;Não informado;Longo da via;0;1;0;0;0;0;0;0;0;0;1;0;0;(-38.537146 -3.8099035);
UCF9498;2021-09-18 21:02:00;Avenida Godofredo Maciel;;;MONDUBIM;UCF9498;Colisão;Não informado;Não informado;Não informado;Meio de quadra;Não informado;Longo da via;0;2;0;2;0;0;0;0;0;0;0;0;0;(-38.574357 -3.8163394);
SVY7441;2021-09-18 19:47:00;Rua Cônego Lima Sucupira;;;ITAOCA;SVY7441;Colisão;Não informado;Não informado;Não informado;Meio de quadra;Não informado;Longo da via;0;2;0;1;1;0;0;0;0;0;0;0;0;(-38.5568856 -3.7764231);
XDA7839;2021-09-18 19:06:00;Avenida Presidente Juscelino Kubitschek;;;PASSARE;XDA7839;Colisão;Não informado;Não informado;Não informado;Meio de quadra;Não informado;Longo da via;0;1;0;1;1;0;0;0;0;0;0;0;0;(-38.5351085 -3.8214132);
TWO6235;2021-09-18 18:46:00;RUA DR ANTONIO CARNEIRO;RUA OLIVEIRA FILHO;;VICENTE PINZON;TWO6235;Colisão;Não informado;Não informado;Não informado;Cruz;Não informado;Cruzamento;0;1;0;1;1;0;0;0;0;0;0;0;0;(-38.4655436 -3.7231855);
VAY1852;2021-09-18 17:11:00;Rua Manuel Dias Branco;;;CAIS DO PORTO;VAY1852;Colisão;Não informado;Não informado;Não informado;Meio de quadra;Não informado;Longo da via;0;1;0;1;1;0;0;0;0;0;0;0;0;(-38.4773022 -3.7219844);
LVZ3986;2021-09-18 16:39:00;RUA URUCUTUBA;;;BOM JARDIM;LVZ3986;Colisão;Não informado;Não informado;Não informado;Meio de quadra;Não informado;Longo da via;0;1;0;1;1;0;0;0;0;0;0;0;0;(-38.6161435 -3.7989169);
SJM2905;2021-09-18 15:45:00;Avenida Dom Manuel;;;CENTRO;SJM2905;Queda;Não informado;Não informado;Não informado;Meio de quadra;Não informado;Longo da via;0;1;0;0;0;0;0;0;0;1;0;0;0;(-38.5203919 -3.7266173);
CZZ2469;2021-09-18 13:08:00;RUA JULIO ABREU;RUA 8 DE SETEMBRO;;VARJOTA;CZZ2469;Colisão;Não informado;Não informado;Não informado;Cruz;Não informado;Cruzamento;0;2;0;1;1;0;0;0;0;0;0;0;0;(-38.4870201 -3.7358973);
XXH9851;2021-09-18 12:55:00;RUA FREI MANSUETO;;;MEIRELES;XXH9851;Queda;Não informado;Não informado;Não informado;Meio de quadra;Não informado;Longo da via;0;1;0;0;0;0;0;0;0;1;0;0;0;(-38.4897165 -3.7254422);
JIK5859;2021-09-18 12:01:00;Avenida Lauro Viêira Chaves;;;VILA UNIAO;JIK5859;Queda;Não informado;Não informado;Não informado;Meio de quadra;Não informado;Longo da via;0;1;0;0;0;0;0;0;0;1;0;0;0;(-38.5370229 -3.771881);
HGW1963;2021-09-18 10:02:00;Rua Coronel Fabriciano;;;GRANJA PORTUGAL;HGW1963;Colisão;Não informado;Não informado;Não informado;Meio de quadra;Não informado;Longo da via;0;1;0;1;1;0;0;0;0;0;0;0;0;(-38.6006901 -3.7846639);
IRK9019;2021-09-18 08:51:00;AV JOSE BASTOS;;;DAMAS;IRK9019;Colisão;Não informado;Não informado;Não informado;Meio de quadra;Não informado;Longo da via;0;1;0;1;1;0;0;0;0;0;0;0;0;(-38.5538192 -3.7537702);
ZSU3874;2021-09-18 04:25:00;Rodovia Br116;;;CAJAZEIRAS;ZSU3874;Queda;Não informado;Não informado;Não informado;Meio de quadra;Não informado;Longo da via;0;1;0;1;0;0;0;0;0;0;0;0;0;(-38.50927612706982 -3.7907478794175);
SJU7604;2021-09-18 03:55:00;Rua Inglaterra;;;ITAPERI;SJU7604;Colisão;Não informado;Não informado;Não informado;Meio de quadra;Não informado;Longo da via;0;1;0;0;2;0;0;0;0;0;0;0;0;(-38.55985829999999 -3.783373);
LJN6971;2021-09-18 01:10:00;BR 116;;;FATIMA;LJN6971;Atropelamento;Não informado;Não informado;Não informado;Meio de quadra;Não informado;Longo da via;0;2;0;1;0;0;0;0;0;0;0;0;0;(-38.5212359 -3.7571068);
QPH3833;2021-09-18 00:28:00;AV VIRGILIO NOGUEIRA;;;BOM JARDIM;QPH3833;Atropelamento;Não informado;Não informado;Não informado;Meio de quadra;Não informado;Longo da via;0;1;0;1;0;0;0;0;0;0;0;0;0;(-38.6103012 -3.7937524);
IGW0269;2021-09-18 00:19:00;Avenida Bezerra de Menezes;;;FARIAS BRITO;IGW0269;Colisão;Não informado;Não informado;Não informado;Meio de quadra;Não informado;Longo da via;0;1;0;0;0;0;0;0;0;0;1;0;0;(-38.5475348 -3.7319719);
QKK9105;2021-09-17 23:27:00;Rua XVII;;;QUINTINO CUNHA;QKK9105;Queda;Não informado;Não informado;Não informado;Meio de quadra;Não informado;Longo da via;0;1;0;1;0;0;0;0;0;0;0;0;0;(-38.5965665 -3.7311442);
YTA1082;2021-09-17 22:17:00;Rua Padre Pedro de Alencar;;;MESSEJANA;YTA1082;Colisão;Não informado;Não informado;Não informado;Meio de quadra;Não informado;Longo da via;0;1;0;1;1;0;0;0;0;0;0;0;0;(-38.49395430000001 -3.833219);
TUT3164;2021-09-17 21:43:00;Avenida Humberto Monte;;;AMADEU FURTADO;TUT3164;Colisão;Não informado;Não informado;Não informado;Meio de quadra;Não informado;Longo da via;0;1;0;0;0;0;0;0;0;0;1;0;0;(-38.5647558 -3.7442825);
MEZ1486;2021-09-17 21:10:00;Rua João Vítor;;;GRANJA LISBOA;MEZ1486;Colisão;Não informado;Não informado;Não informado;Meio de quadra;Não informado;Longo da via;0;1;0;2;0;0;0;0;0;0;0;0;0;(-38.6243892 -3.7941441);
MEZ1486;2021-09-17 20:03:00;Rua Sabiaguaba;;;SABIAGUABA;MEZ1486;Colisão;Não informado;Não informado;Não informado;Meio de quadra;Não informado;Longo da via;0;2;0;1;1;0;0;0;0;0;0;0;0;(-38.4423847 -3.7886707);
WDR5934;2021-09-17 19:47:00;Avenida Washington Soares;;;EDSON QUEIROZ;WDR5934;Atropelamento;Não informado;Não informado;Não informado;Meio de quadra;Não informado;Longo da via;0;1;0;1;0;0;0;0;0;0;0;0;0;(-38.481665 -3.7762191);
HFI6663;2021-09-17 19:43:00;Rua Bento Lousada;;;JOQUEI CLUBE;HFI6663;Colisão;Não informado;Não informado;Não informado;Meio de quadra;Não informado;Longo da via;0;1;0;1;1;0;0;0;0;0;0;0;0;(-38.5704158 -3.7654371);
EOI6216;2021-09-17 19:35:00;Avenida Washington Soares;;;JOSE DE ALENCAR;EOI6216;Colisão;Não informado;Não informado;Não informado;Meio de quadra;Não informado;Longo da via;0;1;0;1;1;0;0;0;0;0;0;0;0;(-38.4817816 -3.8194224);
FTS2618;2021-09-17 18:16:00;Avenida Sargento Hermínio Sampaio;;;PRESIDENTE KENNEDY;FTS2618;Atropelamento;Não informado;Não informado;Não informado;Meio de quadra;Não informado;Longo da via;0;1;0;1;0;0;0;0;0;0;0;0;0;(-38.5706208 -3.7279938);
XJW1452;2021-09-17 18:01:00;Rua Solon Onofre;;;PAPICU;XJW1452;Colisão;Não informado;Não informado;Não informado;Meio de quadra;Não informado;Longo da via;0;1;0;2;0;0;0;0;0;0;0;0;0;(-38.47423939999999 -3.7378719);
XUC2300;2021-09-17 15:46:00;RUA MON AMARILIO RODRIGUES;AV CASTELO DE CASTRO;;JANGURUSSU;XUC2300;Colisão;Não informado;Não informado;Não informado;Cruz;Não informado;Cruzamento;0;2;0;1;1;0;0;0;0;0;0;0;0;(-38.5216603 -3.8435121);
OUV2506;2021-09-17 15:29:00;AV AUGUSTO DOS ANJOS;;;BONSUCESSO;OUV2506;Colisão;Não informado;Não informado;Não informado;Meio de quadra;Não informado;Longo da via;0;1;0;1;1;0;0;0;0;0;0;0;0;(-38.582739 -3.7839159);
PTO2419;2021-09-17 14:57:00;AV GOV RAUL BARBOSA;;;AEROLANDIA;PTO2419;Colisão;Não informado;Não informado;Não informado;Meio de quadra;Não informado;Longo da via;0;1;0;1;1;0;0;0;0;0;0;0;0;(-38.5114324 -3.7714119);
EJC1608;2021-09-17 14:06:00;BR-116;;;CAJAZEIRAS;EJC1608;Colisão;Não informado;Não informado;Não informado;Meio de quadra;Não informado;Longo da via;0;1;0;1;1;0;0;0;0;0;0;0;0;(-38.5054894 -3.7996206);
KVY9182;2021-09-17 12:44:00;AV FRANCISCO SA;RUA FRANCISCO CALACA;;ALVARO WEYNE;KVY9182;Colisão;Não informado;Não informado;Não informado;Cruz;Não informado;Cruzamento;0;1;0;1;1;0;0;0;0;0;0;0;0;(-38.57279839153219 -3.711774682493095);
XIF5716;2021-09-17 12:17:00;Rua Anário Braga;;;ANTONIO BEZERRA;XIF5716;Queda;Não informado;Não informado;Não informado;Meio de quadra;Não informado;Longo da via;0;2;0;1;0;0;0;0;0;0;0;0;0;(-38.5913667 -3.7373473);
LJU5017;2021-09-17 12:10:00;AV DIOGUINHO;;;PRAIA DO FUTURO II;LJU5017;Queda;Não informado;Não informado;Não informado;Meio de quadra;Não informado;Longo da via;0;1;0;1;0;0;0;0;0;0;0;0;0;(-38.44709840000001 -3.7492867);
EZE9333;2021-09-17 11:57:00;Avenida Edilson Brasil Soares;;;SAPIRANGA / COITE;EZE9333;Colisão;Não informado;Não informado;Não informado;Meio de quadra;Não informado;Longo da via;0;2;0;1;1;0;0;0;0;0;0;0;0;(-38.4764496 -3.7892713);
IIF9579;2021-09-17 11:51:00;Rua Araripe Macêdo;;;JOAO XXIII;IIF9579;Queda;Não informado;Não informado;Não informado;Meio de quadra;Não informado;Longo da via;0;1;0;0;0;0;0;0;0;1;0;0;0;(-38.5767007 -3.772559);
PTQ4043;2021-09-17 11:28:00;Avenida Heróis do Acre;;;PASSARE;PTQ4043;Colisão;Não informado;Não informado;Não informado;Meio de quadra;Não informado;Longo da via;0;1;0;1;1;0;0;0;0;0;0;0;0;(-38.5308163 -3.802951);
SEW2342;2021-09-17 11:17:00;RUA GAL ONOFRE;;;MARAPONGA;SEW2342;Colisão;Não informado;Não informado;Não informado;Meio de quadra;Não informado;Longo da via;0;1;0;1;1;0;0;0;0;0;0;0;0;(-38.5714503 -3.8075813);
RPY2882;2021-09-17 11:05:00;Rua Teodoro de Castro;;;GRANJA PORTUGAL;RPY2882;Colisão;Não informado;Não informado;Não informado;Meio de quadra;Não informado;Longo da via;0;1;0;0;1;0;0;0;0;1;0;0;0;(-38.6119618 -3.7779355);
MMX9120;2021-09-17 09:46:00;Avenida Presidente Castelo Branco;;;BARRA DO CEARA;MMX9120;Colisão;Não informado;Não informado;Não informado;Meio de quadra;Não informado;Longo da via;0;1;0;0;1;0;0;1;0;0;0;0;0;(-38.5768032 -3.7049714);
XYV7359;2021-09-17 09:14:00;Rua Carnaubal;;;JARDIM IRACEMA;XYV7359;Não informado;Não informado;Não informado;Não informado;Meio de quadra;Não informado;Longo da via;0;1;0;1;0;0;0;0;0;0;0;0;0;(-38.5844095 -3.7223581);
YQT5644;2021-09-17 03:10:00;Avenida Rui Barbosa;;;JOAQUIM TVORA;YQT5644;Colisão;Não informado;Não informado;Não informado;Meio de quadra;Não informado;Longo da via;0;1;0;1;1;0;0;0;0;0;0;0;0;(-38.5122313 -3.7450596);
ILQ7678;2021-09-17 02:57:00;RUA OSMAR CARIOCA;;;BONSUCESSO;ILQ7678;Queda;Não informado;Não informado;Não informado;Meio de quadra;Não informado;Longo da via;0;1;0;1;0;0;0;0;0;0;0;0;0;(-38.5882642 -3.7852208);
UEB7076;2021-09-17 01:37:00;RUA MIGUEL GURGEL;;;MESSEJANA;UEB7076;Queda;Não informado;Não informado;Não informado;Meio de quadra;Não informado;Longo da via;0;1;0;0;0;0;0;0;0;1;0;0;0;(-38.4824514 -3.8402533);
UVC9299;2021-09-16 22:03:00;AV LESTE OESTE;;;BARRA DO CEARA;UVC9299;Colisão;Não informado;Não informado;Não informado;Meio de quadra;Não informado;Longo da via;0;1;0;0;0;0;0;0;0;0;1;0;0;(-38.5783717 -3.7044151);
GUN4700;2021-09-16 21:19:00;Avenida Washington Soares;;;CAMBEBA;GUN4700;Colisão;Não informado;Não informado;Não informado;Meio de quadra;Não informado;Longo da via;0;1;0;1;1;0;0;0;0;0;0;0;0;(-38.4795378 -3.7983912);
NOF9107;2021-09-16 21:06:00;Avenida da Abolição;;;MUCURIPE;NOF9107;Atropelamento;Não informado;Não informado;Não informado;Meio de quadra;Não informado;Longo da via;0;1;0;0;1;0;0;0;0;0;0;0;0;(-38.4838843 -3.7251901);
XSO1810;2021-09-16 20:27:00;Avenida Val Paraíso;;;CONJUNTO PALMEIRAS;XSO1810;Colisão;Não informado;Não informado;Não informado;Meio de quadra;Não informado;Longo da via;0;1;0;0;0;0;0;0;0;0;1;0;0;(-38.522075 -3.846354);
QUP0841;2021-09-16 20:06:00;AV SEN CARLOS JEREISSATI;;;SERRINHA;QUP0841;Queda;Não informado;Não informado;Não informado;Meio de quadra;Não informado;Longo da via;0;1;0;1;0;0;0;0;0;0;0;0;0;(-38.5416215 -3.7803066);
RKQ0406;2021-09-16 19:24:00;EST BARAO DE AQUIRAZ;RUA JOSE HIPOLITO;;MESSEJANA;RKQ0406;Queda;Não informado;Não informado;Não informado;Meio de quadra;Não informado;Longo da via;0;1;0;1;0;0;0;0;0;0;0;0;0;(-38.4920274 -3.8330246);
YMN6071;2021-09-16 17:13:00;Rua Conselheiro Lafayette;AV CEL CARVALHO;;JARDIM GUANABARA;YMN6071;Colisão;Não informado;Não informado;Não informado;Cruz;Não informado;Cruzamento;0;1;0;2;0;0;0;0;0;0;0;0;0;(-38.58405 -3.7179045);
LNK0762;2021-09-16 16:27:00;Avenida Bernardo Manuel;;;SERRINHA;LNK0762;Colisão;Não informado;Não informado;Não informado;Meio de quadra;Não informado;Longo da via;0;1;0;1;1;0;0;0;0;0;0;0;0;(-38.5460486 -3.7807623);
CIR6504;2021-09-16 15:26:00;Rua Cônego de Castro;RUA EUCLIDES PAULINO BARROSO;;CANINDEZINHO;CIR6504;Colisão;Não informado;Não informado;Não informado;T;Não informado;Cruzamento;0;1;0;1;1;0;0;0;0;0;0;0;0;(-38.6046066 -3.8224959);
CIR6504;2021-09-16 14:52:00;Avenida José Bastos;;;DEMOCRITO ROCHA;CIR6504;Colisão;Não informado;Não informado;Não informado;Meio de quadra;Não informado;Longo da via;0;1;0;1;1;0;0;0;0;0;0;0;0;(-38.5638862 -3.7593503);
PHC2334;2021-09-16 14:41:00;Avenida Senador Fernandes Távora;;;AUTRAN NUNES;PHC2334;Queda;Não informado;Não informado;Não informado;Meio de quadra;Não informado;Longo da via;0;1;0;1;0;0;0;0;0;0;0;0;0;(-38.5923777 -3.7568899);
NMR5236;2021-09-16 13:55:00;AV INDEPENDENCIA;;;QUINTINO CUNHA;NMR5236;Colisão;Não informado;Não informado;Não informado;Meio de quadra;Não informado;Longo da via;0;1;0;0;0;0;0;0;0;0;1;0;0;(-38.5893404 -3.7275812);
ZNC9203;2021-09-16 13:13:00;AV VAL PARAISO;RUA CATOLE;;CONJUNTO PALMEIRAS;ZNC9203;Colisão;Não informado;Não informado;Não informado;Cruz;Não informado;Cruzamento;0;1;0;2;0;0;0;0;0;0;0;0;0;(-38.5202766 -3.8463892);
QUB4156;2021-09-16 12:33:00;Avenida Barão de Studart;RUA PEREIRA FILGUEIRAS;;ALDEOTA;QUB4156;Atropelamento;Não informado;Não informado;Não informado;Cruz;Não informado;Cruzamento;0;1;0;0;1;0;0;0;0;0;0;0;0;(-38.5054076 -3.7308008);
SWL1362;2021-09-16 11:34:00;Rua Cônego de Castro;;;VILA PERY;SWL1362;Queda;Não informado;Não informado;Não informado;Meio de quadra;Não informado;Longo da via;0;1;0;1;0;0;0;0;0;0;0;0;0;(-38.5735327 -3.7848917);
TBG0058;2021-09-16 10:56:00;Rua Marcos Macêdo;RUA JOAQUIM NABUCO;;MEIRELES;TBG0058;Colisão;Não informado;Não informado;Não informado;Cruz;Não informado;Cruzamento;0;1;0;1;1;0;0;0;0;0;0;0;0;(-38.5006556 -3.7333379);
IPJ5706;2021-09-16 10:26:00;Avenida Senador Fernandes Távora;;;HENRIQUE JORGE;IPJ5706;Colisão;Não informado;Não informado;Não informado;Meio de quadra;Não informado;Longo da via;0;2;0;0;0;0;0;0;0;0;1;0;0;(-38.5862448 -3.7602312);
AMH9487;2021-09-16 07:37:00;Rodovia Anel Viario De Fortaleza;;;ANCURI;AMH9487;Colisão;Não informado;Não informado;Não informado;Meio de quadra;Não informado;Longo da via;0;1;0;1;1;0;0;0;0;0;0;0;0;(-38.5082531 -3.8687273);
CWP8953;2021-09-16 00:43:00;RUA CLARINDO DE QUEIROZ;RUA JAIME BENEVOLO;;CENTRO;CWP8953;Colisão;Não informado;Não informado;Não informado;Cruz;Não informado;Cruzamento;0;1;0;1;1;0;0;0;0;0;0;0;0;(-38.5260187 -3.7340478);
GGJ8213;2021-09-15 21:31:00;Rua General Cordeiro Neto;;;MONDUBIM;GGJ8213;Queda;Não informado;Não informado;Não informado;Meio de quadra;Não informado;Longo da via;0;1;0;1;0;0;0;0;0;0;0;0;0;(-38.57130069999999 -3.8087216);
TID1936;2021-09-15 20:51:00;Rua Ismael Pordeus;;;VICENTE PINZON;TID1936;Colisão;Não informado;Não informado;Não informado;Meio de quadra;Não informado;Longo da via;0;1;0;1;1;0;0;0;0;0;0;0;0;(-38.4713442 -3.723784);
VDW1464;2021-09-15 20:46:00;AV SGT HERMINIO;;;JACARECANGA;VDW1464;Colisão;Não informado;Não informado;Não informado;Meio de quadra;Não informado;Longo da via;0;1;0;0;0;0;0;0;0;0;1;0;0;(-38.5456599 -3.7244164);
MUM0502;2021-09-15 20:39:00;Avenida Monsenhor Tabosa;;;PRAIA DE IRACEMA;MUM0502;Atropelamento;Não informado;Não informado;Não informado;Meio de quadra;Não informado;Longo da via;0;1;0;1;0;0;0;0;0;0;0;0;0;(-38.5161461 -3.7237711);
WEQ8405;2021-09-15 20:32:00;Avenida Luiz Vieira;;;SIQUEIRA;WEQ8405;Queda;Não informado;Não informado;Não informado;Meio de quadra;Não informado;Longo da via;0;1;0;1;0;0;0;0;0;0;0;0;0;(-38.5889782 -3.7895352);
DBD8049;2021-09-15 20:25:00;Avenida Mister Hull;;;ANTONIO BEZERRA;DBD8049;Atropelamento de Animal;Não informado;Não informado;Não informado;Meio de quadra;Não informado;Longo da via;0;1;0;1;0;0;0;0;0;0;0;0;0;(-38.590591 -3.7389127);
ZXD5975;2021-09-15 20:18:00;Rua São Francisco;;;GRANJA PORTUGAL;ZXD5975;Queda;Não informado;Não informado;Não informado;Meio de quadra;Não informado;Longo da via;0;1;0;1;0;0;0;0;0;0;0;0;0;(-38.5914056 -3.7838255);
SAV6101;2021-09-15 20:09:00;Avenida Aguanambi;;;FATIMA;SAV6101;Colisão;Não informado;Não informado;Não informado;Meio de quadra;Não informado;Longo da via;0;1;0;1;1;0;0;0;0;0;0;0;0;(-38.5253227 -3.7443718);
DVZ0215;2021-09-15 20:08:00;Avenida Presidente Arthur Bernardes;;;SAPIRANGA / COITE;DVZ0215;Colisão;Não informado;Não informado;Não informado;Meio de quadra;Não informado;Longo da via;0;1;0;0;0;0;0;0;0;0;1;0;0;(-38.47066700000001 -3.805947);
JQN3716;2021-09-15 20:03:00;Avenida Bezerra de Menezes;;;FARIAS BRITO;JQN3716;Atropelamento;Não informado;Não informado;Não informado;Meio de quadra;Não informado;Longo da via;0;1;0;0;0;0;0;0;0;0;1;0;0;(-38.5449317 -3.7319316);
HFX1378;2021-09-15 19:55:00;Rua Tenente Moacir Matos;RUA EDITE BRAGA;;MONTESE;HFX1378;Colisão;Não informado;Não informado;Não informado;Cruz;Não informado;Cruzamento;0;1;0;1;1;0;0;0;0;0;0;0;0;(-38.5528906 -3.766925);
WOP4790;2021-09-15 18:40:00;Rua Raimundo Cunha;;;VILA VELHA;WOP4790;Colisão;Não informado;Não informado;Não informado;Meio de quadra;Não informado;Longo da via;0;1;0;0;0;0;0;0;0;0;1;0;0;(-38.6065279 -3.7199637);
CCT8883;2021-09-15 16:17:00;RUA 107;;;PARQUE DOIS IRMAOS;CCT8883;Colisão;Não informado;Não informado;Não informado;Meio de quadra;Não informado;Longo da via;0;1;0;1;1;0;0;0;0;0;0;0;0;(-38.54618240000001 -3.8011442);
XUO1584;2021-09-15 15:10:00;Rua Jornalista Antônio Pontes Tavares;;;CAJAZEIRAS;XUO1584;Colisão;Não informado;Não informado;Não informado;Meio de quadra;Não informado;Longo da via;0;1;0;1;1;0;0;0;0;0;0;0;0;(-38.5066654 -3.8137854);