COD_ACIDENTE;DATA;LOG1;LOG2;NUMERO;BAIRRO;AMC;NATUREZA;ILUMINACAO;TEMPO;SUPERFICIEPISTA;TIPOCRUZAMENTO;CONTROLETRAFEGO;USOSOLO;MORTOS;FERIDOS;ILESOS;MOTOCICLETA;AUTOMOVEL;MICROONIBUS;CAMINHAO;ONIBUS;CICLOMOTOR;BICICLETA;OUTROS;TREM;TRACAOANIMAL;COORDENADAS
VDE4018;2021-09-15 13:53:00;Avenida Godofredo Maciel;;;PARANGABA;VDE4018;Colisão;Não informado;Não informado;Não informado;Meio de quadra;Não informado;Longo da via;0;1;0;1;1;0;0;0;0;0;0;0;0;(-38.5646737 -3.7800543);
QCR0519;2021-09-15 13:46:00;Rua General Sampaio;;;CENTRO;QCR0519;Colisão;Não informado;Não informado;Não informado;Meio de quadra;Não informado;Longo da via;0;1;0;1;1;0;0;0;0;0;0;0;0;(-38.5318851 -3.7308612);
LEF6839;2021-09-15 12:19:00;Avenida José Bastos;;;DEMOCRITO ROCHA;LEF6839;Atropelamento;Não informado;Não informado;Não informado;Meio de quadra;Não informado;Longo da via;0;1;0;0;1;0;0;0;0;0;0;0;0;(-38.5647604 -3.7605623);
TRK6886;2021-09-15 12:18:00;Avenida Pintor Antônio Bandeira;;;VICENTE PINZON;TRK6886;Colisão;Não informado;Não informado;Não informado;Meio de quadra;Não informado;Longo da via;0;2;0;2;0;0;0;0;0;0;0;0;0;(-38.4620732 -3.727969599999999);
BKQ0237;2021-09-15 11:58:00;Avenida Castelo de Castro;;;JANGURUSSU;BKQ0237;Colisão;Não informado;Não informado;Não informado;Meio de quadra;Não informado;Longo da via;0;1;0;1;1;0;0;0;0;0;0;0;0;(-38.5212641 -3.8324617);
LIL1884;2021-09-15 11:49:00;Rua Taquatiara;;;MESSEJANA;LIL1884;Colisão;Não informado;Não informado;Não informado;Meio de quadra;Não informado;Longo da via;0;1;0;0;0;0;0;0;0;0;1;0;0;(-38.5022408 -3.8303423);
SQZ7790;2021-09-15 03:00:00;RUA SAO FIDELIS;;;CONJUNTO ESPERANCA;SQZ7790;Colisão;Não informado;Não informado;Não informado;Meio de quadra;Não informado;Longo da via;0;2;0;1;1;0;0;0;0;0;0;0;0;(-38.5906824 -3.8170209);
YQT2456;2021-09-14 23:50:00;Avenida Borges de Melo;;;FATIMA;YQT2456;Queda;Não informado;Não informado;Não informado;Meio de quadra;Não informado;Longo da via;0;1;0;0;0;0;0;0;0;1;0;0;0;(-38.5333503 -3.7579277);
OFT6567;2021-09-14 21:30:00;Rua Vicente Leite;AV PDE ANTONIO TOMAS;;ALDEOTA;OFT6567;Colisão;Não informado;Não informado;Não informado;Cruz;Não informado;Cruzamento;0;1;0;1;1;0;0;0;0;0;0;0;0;(-38.4966953 -3.7411016);
NWT7818;2021-09-14 21:10:00;Rua Nossa Senhora das Graças;;;PIRAMBU;NWT7818;Atropelamento;Não informado;Não informado;Não informado;Meio de quadra;Não informado;Longo da via;0;1;0;1;0;0;0;0;0;0;0;0;0;(-38.5517523 -3.7105787);
MWL8318;2021-09-14 21:02:00;Avenida da Abolição;;;MEIRELES;MWL8318;Colisão;Não informado;Não informado;Não informado;Meio de quadra;Não informado;Longo da via;0;1;0;1;1;0;0;0;0;0;0;0;0;(-38.5000384 -3.7261643);
GFF1508;2021-09-14 20:56:00;AV ALBERTO CRAVEIRO;;;CASTELAO;GFF1508;Colisão;Não informado;Não informado;Não informado;Meio de quadra;Não informado;Longo da via;0;1;0;0;0;0;0;0;0;0;1;0;0;(-38.5172568 -3.7900893);
LUM1464;2021-09-14 19:18:00;Avenida Washington Soares;;;COACU;LUM1464;Colisão;Não informado;Não informado;Não informado;Meio de quadra;Não informado;Longo da via;0;2;0;1;1;0;0;0;0;0;0;0;0;(-38.4775877 -3.8468228);
WWI0716;2021-09-14 19:13:00;Avenida Humberto Monte;AV JOVITA FEITOSA;;PARQUELANDIA;WWI0716;Colisão;Não informado;Não informado;Não informado;Cruz;Não informado;Cruzamento;0;1;0;0;1;0;0;0;0;1;0;0;0;(-38.5665031 -3.7419566);
UDG5999;2021-09-14 19:08:00;RUA CANDIDO MAIA;;;ANTONIO BEZERRA;UDG5999;Queda;Não informado;Não informado;Não informado;Meio de quadra;Não informado;Longo da via;0;1;0;1;0;0;0;0;0;0;0;0;0;(-38.5901092 -3.7371858);
ZSJ9235;2021-09-14 18:47:00;Rua Pedro Pereira;RUA EDGAR BORGES;;CENTRO;ZSJ9235;Atropelamento;Não informado;Não informado;Não informado;Cruz;Não informado;Cruzamento;0;4;0;0;1;0;0;0;0;0;0;0;0;(-38.5262957 -3.730425);
AXB5191;2021-09-14 18:20:00;Rua Amadeu Furtado;;;PARQUELANDIA;AXB5191;Colisão;Não informado;Não informado;Não informado;Meio de quadra;Não informado;Longo da via;0;1;0;2;0;0;0;0;0;0;0;0;0;(-38.5633612 -3.7384865);
IGG0302;2021-09-14 16:39:00;Avenida G;AV C CJ CEARA;;CONJUNTO CEARA II;IGG0302;Queda;Não informado;Não informado;Não informado;Meio de quadra;Não informado;Longo da via;0;1;0;1;0;0;0;0;0;0;0;0;0;(-38.6138052 -3.7698035);
CTN5323;2021-09-14 14:55:00;Rua Delmiro Gouvêia;RUA JULIO ABREU;;VARJOTA;CTN5323;Colisão;Não informado;Não informado;Não informado;Cruz;Não informado;Cruzamento;0;1;0;0;1;0;0;0;0;1;0;0;0;(-38.4880793 -3.7359429);
PBP3042;2021-09-14 13:06:00;Rua Germano Franck;;;PARANGABA;PBP3042;Colisão;Não informado;Não informado;Não informado;Meio de quadra;Não informado;Longo da via;0;1;0;1;1;0;0;0;0;0;0;0;0;(-38.5631636 -3.7783859);
SGM9123;2021-09-14 11:41:00;Avenida Borges de Melo;;;FATIMA;SGM9123;Colisão;Não informado;Não informado;Não informado;Meio de quadra;Não informado;Longo da via;0;1;0;0;0;0;0;0;0;0;1;0;0;(-38.5326371 -3.7580193);
DPI8650;2021-09-14 11:36:00;Rua Carlos Vasconcelos;;;ALDEOTA;DPI8650;Colisão;Não informado;Não informado;Não informado;Meio de quadra;Não informado;Longo da via;0;1;0;1;1;0;0;0;0;0;0;0;0;(-38.5120697 -3.7362577);
ONK0579;2021-09-14 11:21:00;Rua Olavo Bilac;;;VILA ELLERY;ONK0579;Atropelamento;Não informado;Não informado;Não informado;Meio de quadra;Não informado;Longo da via;0;1;0;0;1;0;0;0;0;0;0;0;0;(-38.5650754 -3.726351);
CGS8635;2021-09-14 10:32:00;Rua Padre Paulino;RUA FRANCISCO NOGUEIRA;;CAJAZEIRAS;CGS8635;Colisão;Não informado;Não informado;Não informado;Cruz;Não informado;Cruzamento;0;1;0;1;1;0;0;0;0;0;0;0;0;(-38.5081338 -3.7976633);
CMF6300;2021-09-14 10:03:00;BR 116;;;AEROLANDIA;CMF6300;Colisão;Não informado;Não informado;Não informado;Meio de quadra;Não informado;Longo da via;0;1;0;1;1;0;0;0;0;0;0;0;0;(-38.5134018 -3.7820304);
NJQ8772;2021-09-14 09:51:00;Rua Castro Alencar;;;JARDIM DAS OLIVEIRAS;NJQ8772;Atropelamento;Não informado;Não informado;Não informado;Meio de quadra;Não informado;Longo da via;0;1;0;0;1;0;0;0;0;0;0;0;0;(-38.5045984 -3.7825674);
NJQ8772;2021-09-14 09:43:00;Rodovia 4º Anel Viário;;;PEDRAS;NJQ8772;Colisão;Não informado;Não informado;Não informado;Meio de quadra;Não informado;Longo da via;0;2;0;0;0;0;0;0;0;0;1;0;0;(-38.5072052 -3.8695408);
HLV0610;2021-09-14 08:31:00;Avenida Senador Virgílio Távora;;;ALDEOTA;HLV0610;Colisão;Não informado;Não informado;Não informado;Meio de quadra;Não informado;Longo da via;0;1;0;0;2;0;0;0;0;0;0;0;0;(-38.4952169 -3.742225);
SVJ2796;2021-09-14 01:29:00;Avenida Bernardo Manuel;;;PARQUE DOIS IRMAOS;SVJ2796;Queda;Não informado;Não informado;Não informado;Meio de quadra;Não informado;Longo da via;0;1;0;1;0;0;0;0;0;0;0;0;0;(-38.5540171 -3.8074526);
KOI0229;2021-09-14 01:24:00;Rua Júlio Silva;;;PRAIA DO FUTURO I;KOI0229;Atropelamento;Não informado;Não informado;Não informado;Meio de quadra;Não informado;Longo da via;0;1;0;0;0;0;0;0;0;0;1;0;0;(-38.4542732 -3.744987999999999);
VSV1605;2021-09-14 00:54:00;Avenida Godofredo Maciel;;;MONDUBIM;VSV1605;Queda;Não informado;Não informado;Não informado;Meio de quadra;Não informado;Longo da via;0;1;0;1;0;0;0;0;0;0;0;0;0;(-38.5762543 -3.8186088);
YLL2616;2021-09-14 00:28:00;Rua Coronel Mozart Gondim;AV SGT HERMINIO SAMPAIO;;VILA ELLERY;YLL2616;Colisão;Não informado;Não informado;Não informado;Cruz;Não informado;Cruzamento;0;1;0;1;1;0;0;0;0;0;0;0;0;(-38.5613276 -3.7264869);
BMG6266;2021-09-13 23:47:00;Avenida L;;;VILA VELHA;BMG6266;Queda;Não informado;Não informado;Não informado;Meio de quadra;Não informado;Longo da via;0;1;0;0;0;0;0;0;0;1;0;0;0;(-38.6000262 -3.7134732);
RAA3330;2021-09-13 23:31:00;Rua Joaquim Correia;;;PLANALTO AYRTON SENNA;RAA3330;Colisão;Não informado;Não informado;Não informado;Meio de quadra;Não informado;Longo da via;0;1;0;2;0;0;0;0;0;0;0;0;0;(-38.5696058 -3.8354969);
QXZ8458;2021-09-13 23:24:00;Rua Monsenhor Sabino Feijão;RUA OSCAR FRANCA;;BOM JARDIM;QXZ8458;Colisão;Não informado;Não informado;Não informado;Cruz;Não informado;Cruzamento;0;1;0;2;0;0;0;0;0;0;0;0;0;(-38.59636227327483 -3.792792601342718);
EYK0238;2021-09-13 23:20:00;RUA PROF MANOEL LOURENÇO;;;JOQUEI CLUBE;EYK0238;Colisão;Não informado;Não informado;Não informado;Meio de quadra;Não informado;Longo da via;0;1;0;1;1;0;0;0;0;0;0;0;0;(-38.5731715 -3.7638465);
ZVF2678;2021-09-13 21:53:00;Avenida Rogaciano Leite;;;JARDIM DAS OLIVEIRAS;ZVF2678;Atropelamento;Não informado;Não informado;Não informado;Meio de quadra;Não informado;Longo da via;0;1;0;0;1;0;0;0;0;0;0;0;0;(-38.5023928 -3.7835495);
FND1309;2021-09-13 21:39:00;Rua General Rabelo;;;CANINDEZINHO;FND1309;Colisão;Não informado;Não informado;Não informado;Meio de quadra;Não informado;Longo da via;0;1;0;0;0;0;0;0;0;0;1;0;0;(-38.6063071 -3.806416599999999);
UOS1680;2021-09-13 19:59:00;Avenida Beira Mar;;;PRAIA DE IRACEMA;UOS1680;Atropelamento;Não informado;Não informado;Não informado;Meio de quadra;Não informado;Longo da via;0;1;0;0;1;0;0;0;0;0;0;0;0;(-38.5119907 -3.720142);
YBY3020;2021-09-13 19:41:00;Rua Nogueira Acioli;RUA TEN BENEVOLO;;CENTRO;YBY3020;Colisão;Não informado;Não informado;Não informado;Cruz;Não informado;Cruzamento;0;1;0;1;1;0;0;0;0;0;0;0;0;(-38.5155758 -3.7258402);
XBQ2508;2021-09-13 18:48:00;Rua Nereu Ramos;;;PARANGABA;XBQ2508;Colisão;Não informado;Não informado;Não informado;Meio de quadra;Não informado;Longo da via;0;1;0;0;1;0;0;0;0;1;0;0;0;(-38.5733882 -3.7843902);
PAT0783;2021-09-13 16:19:00;Avenida Pontes Vieira;;;DIONISIO TORRES;PAT0783;Colisão;Não informado;Não informado;Não informado;Meio de quadra;Não informado;Longo da via;0;1;0;1;1;0;0;0;0;0;0;0;0;(-38.5150868 -3.753068099999999);
JOS0778;2021-09-13 15:56:00;Rua D (Conjunto Res Marcos Freire);RUA B 1 UI 706;;MONDUBIM;JOS0778;Colisão;Não informado;Não informado;Não informado;T;Não informado;Cruzamento;0;1;0;1;1;0;0;0;0;0;0;0;0;(-38.563396 -3.8227956);
RRP4097;2021-09-13 14:54:00;Avenida Senador Fernandes Távora;;;HENRIQUE JORGE;RRP4097;Colisão;Não informado;Não informado;Não informado;Meio de quadra;Não informado;Longo da via;0;1;0;0;0;0;0;0;0;0;1;0;0;(-38.583381 -3.7614321);
FBE5600;2021-09-13 10:54:00;AV URUCUTUBA;;;BOM JARDIM;FBE5600;Colisão;Não informado;Não informado;Não informado;Meio de quadra;Não informado;Longo da via;0;1;0;1;1;0;0;0;0;0;0;0;0;(-38.616057 -3.7987702);
FPP1588;2021-09-13 10:22:00;Rua Zacarias Gondim;RUA ELVIRA PINHO;;MONTESE;FPP1588;Colisão;Não informado;Não informado;Não informado;Cruz;Não informado;Cruzamento;0;1;0;1;1;0;0;0;0;0;0;0;0;(-38.5577625 -3.7661199);
ZGQ9583;2021-09-13 10:02:00;Rua Barão de Canindé;;;ITAOCA;ZGQ9583;Colisão;Não informado;Não informado;Não informado;Meio de quadra;Não informado;Longo da via;0;1;0;1;1;0;0;0;0;0;0;0;0;(-38.5574769 -3.770363);
UZS3468;2021-09-13 10:02:00;Rua Gustavo Barroso;;;BOM JARDIM;UZS3468;Colisão;Não informado;Não informado;Não informado;Meio de quadra;Não informado;Longo da via;0;1;0;1;1;0;0;0;0;0;0;0;0;(-38.6002473 -3.7857015);
DQM7036;2021-09-13 07:15:00;Avenida João de Araújo Lima;;;PREFEITO JOSE VALTER;DQM7036;Choque c/ Obstáculo Fixo;Não informado;Não informado;Não informado;Meio de quadra;Não informado;Longo da via;0;1;0;0;1;0;0;0;0;0;0;0;0;(-38.5587569 -3.824788);
DQM7036;2021-09-13 03:11:00;Avenida Aguanambi;AV DOM MANUEL;;CENTRO;DQM7036;Colisão;Não informado;Não informado;Não informado;Meio de quadra;Não informado;Longo da via;0;1;0;1;1;0;0;0;0;0;0;0;0;(-38.5246114 -3.7385692);
WEI3195;2021-09-13 00:33:00;AV C;;;JANGURUSSU;WEI3195;Queda;Não informado;Não informado;Não informado;Meio de quadra;Não informado;Longo da via;0;1;0;1;0;0;0;0;0;0;0;0;0;(-38.5132961 -3.8505759);
HFD9873;2021-09-13 00:14:00;BR-116;;;AEROLANDIA;HFD9873;Capotamento;Não informado;Não informado;Não informado;Meio de quadra;Não informado;Longo da via;0;1;0;0;0;0;0;0;0;0;1;0;0;(-38.5142329 -3.7800079);
HTW1191;2021-09-12 23:34:00;Rua Senador Robert Kennedy;;;BARRA DO CEARA;HTW1191;Colisão;Não informado;Não informado;Não informado;Meio de quadra;Não informado;Longo da via;0;1;0;0;0;0;0;0;0;0;1;0;0;(-38.5785123 -3.7029831);
VBM7922;2021-09-12 23:18:00;Rua Paraná;RUA MARANHAO;;DEMOCRITO ROCHA;VBM7922;Colisão;Não informado;Não informado;Não informado;Cruz;Não informado;Cruzamento;0;2;0;1;1;0;0;0;0;0;0;0;0;(-38.5668711 -3.7549259);
WFM1863;2021-09-12 23:04:00;Rua Professor Heribaldo Costa;;;JOAO XXIII;WFM1863;Atropelamento;Não informado;Não informado;Não informado;Meio de quadra;Não informado;Longo da via;0;1;0;0;1;0;0;0;0;0;0;0;0;(-38.5876588 -3.7668415);
WFM1863;2021-09-12 22:48:00;Rua Alagoas;RUA ESTADO DO RIO;;PAN AMERICANO;WFM1863;Colisão;Não informado;Não informado;Não informado;Cruz;Não informado;Cruzamento;0;1;0;1;1;0;0;0;0;0;0;0;0;(-38.57147126430309 -3.758941662500132);
TGT5704;2021-09-12 22:29:00;Rua Baraúna;RUA DO MANGUE;;JARDIM DAS OLIVEIRAS;TGT5704;Atropelamento;Não informado;Não informado;Não informado;T;Não informado;Cruzamento;0;1;0;1;0;0;0;0;0;0;0;0;0;(-38.50702465959336 -3.780265341892375);
ZCD9333;2021-09-12 22:01:00;Rua Afonso Lopes;;;SERRINHA;ZCD9333;Colisão;Não informado;Não informado;Não informado;Meio de quadra;Não informado;Longo da via;0;1;0;1;1;0;0;0;0;0;0;0;0;(-38.54789299999999 -3.7915257);
NHJ6178;2021-09-12 21:55:00;AV BERNARDO MANUEL;;;SERRINHA;NHJ6178;Colisão;Não informado;Não informado;Não informado;Meio de quadra;Não informado;Longo da via;0;1;0;1;1;0;0;0;0;0;0;0;0;(-38.5479782 -3.7875025);
NIY2523;2021-09-12 21:39:00;Avenida Carapinima;AV 13 DE MAIO;;BENFICA;NIY2523;Atropelamento;Não informado;Não informado;Não informado;Cruz;Não informado;Cruzamento;0;1;0;0;1;0;0;0;0;0;0;0;0;(-38.5402272 -3.7399305);
ULM5215;2021-09-12 21:08:00;Avenida General Osório de Paiva;;;CANINDEZINHO;ULM5215;Colisão;Não informado;Não informado;Não informado;Meio de quadra;Não informado;Longo da via;0;1;0;0;0;0;0;0;0;0;1;0;0;(-38.602855 -3.8052848);
VSC8442;2021-09-12 21:02:00;Avenida Rogaciano Leite;RUA PINDORAMA;;ENGENHEIRO LUCIANO CAVALCANTE;VSC8442;Colisão;Não informado;Não informado;Não informado;Cruz;Não informado;Cruzamento;0;1;0;1;1;0;0;0;0;0;0;0;0;(-38.4989787 -3.773341);
CXB9837;2021-09-12 20:48:00;Rua 25 de Maio;RUA COSME JERONIMO;;MONDUBIM;CXB9837;Colisão;Não informado;Não informado;Não informado;Meio de quadra;Não informado;Cruzamento;0;1;0;1;1;0;0;0;0;0;0;0;0;(-38.586592 -3.8229113);
SOP0357;2021-09-12 20:40:00;Rua Padre Guerra;;;PARQUELANDIA;SOP0357;Queda;Não informado;Não informado;Não informado;Meio de quadra;Não informado;Longo da via;0;1;0;1;0;0;0;0;0;0;0;0;0;(-38.54544500000001 -3.736482);
OHW8331;2021-09-12 18:52:00;Rua Pôrto das Rosas;;;GENIBAU;OHW8331;Queda;Não informado;Não informado;Não informado;Meio de quadra;Não informado;Longo da via;0;1;0;0;0;0;0;0;0;1;0;0;0;(-38.6019082 -3.7567548);
UHP1225;2021-09-12 18:36:00;Rua Frei José Maria;;;PRESIDENTE KENNEDY;UHP1225;Colisão;Não informado;Não informado;Não informado;Meio de quadra;Não informado;Longo da via;0;1;0;1;1;0;0;0;0;0;0;0;0;(-40.9940564 -3.7214794);
TSR4842;2021-09-12 17:46:00;Rua José Dantas Pereira;;;PARQUE PRESIDENTE VARGAS;TSR4842;Queda;Não informado;Não informado;Não informado;Meio de quadra;Não informado;Longo da via;0;1;0;0;0;0;0;0;0;1;0;0;0;(-38.607706 -3.8224972);
HAI2319;2021-09-12 16:28:00;AV ROGACIANO LEITE;;;JARDIM DAS OLIVEIRAS;HAI2319;Colisão;Não informado;Não informado;Não informado;Meio de quadra;Não informado;Longo da via;0;1;0;2;0;0;0;0;0;0;0;0;0;(-38.5018898 -3.7808587);
TVS2236;2021-09-12 15:26:00;Avenida Professor José Arthur de Carvalho;;;LAGOA REDONDA;TVS2236;Colisão;Não informado;Não informado;Não informado;Meio de quadra;Não informado;Longo da via;0;1;0;2;0;0;0;0;0;0;0;0;0;(-38.45843869999999 -3.8247593);
RXW7176;2021-09-12 14:33:00;Avenida Doutor Theberge;;;ALVARO WEYNE;RXW7176;Colisão;Não informado;Não informado;Não informado;Meio de quadra;Não informado;Longo da via;0;1;0;1;1;0;0;0;0;0;0;0;0;(-38.5656721 -3.7167503);
RXW7176;2021-09-12 13:37:00;Avenida Mister Hull;;;ANTONIO BEZERRA;RXW7176;Colisão;Não informado;Não informado;Não informado;Meio de quadra;Não informado;Longo da via;0;1;0;1;1;0;0;0;0;0;0;0;0;(-38.5918137 -3.7395231);
KNB6791;2021-09-12 13:08:00;Rua José Baíma;;;GUAJERU;KNB6791;Colisão;Não informado;Não informado;Não informado;Meio de quadra;Não informado;Longo da via;0;1;0;0;1;0;0;0;0;1;0;0;0;(-38.4818435 -3.8337814);
NSS5823;2021-09-12 12:13:00;Rua José Dantas Pereira;;;CANINDEZINHO;NSS5823;Queda;Não informado;Não informado;Não informado;Meio de quadra;Não informado;Longo da via;0;1;0;1;0;0;0;0;0;0;0;0;0;(-38.607706 -3.8224972);
CZU6067;2021-09-12 10:10:00;Avenida Mister Hull;;;ANTONIO BEZERRA;CZU6067;Colisão;Não informado;Não informado;Não informado;Meio de quadra;Não informado;Longo da via;0;1;0;0;2;0;0;0;0;0;0;0;0;(-38.5723639 -3.736513);
BHK3012;2021-09-12 04:19:00;Avenida José Jatahy;;;;BHK3012;Capotamento;Não informado;Não informado;Não informado;Meio de quadra;Não informado;Longo da via;0;1;0;0;0;0;0;0;0;0;1;0;0;(-38.5447551 -3.731955);
RKI1298;2021-09-12 04:17:00;Rua Dona Leda;;;JACARECANGA;RKI1298;Colisão;Não informado;Não informado;Não informado;Meio de quadra;Não informado;Longo da via;0;1;0;0;0;0;0;0;0;0;1;0;0;(-38.5445998 -3.718676);
KUE8597;2021-09-12 03:12:00;Avenida Presidente Costa e Silva;;;PREFEITO JOSE VALTER;KUE8597;Colisão;Não informado;Não informado;Não informado;Meio de quadra;Não informado;Longo da via;0;1;0;1;1;0;0;0;0;0;0;0;0;(-38.5443558 -3.8244455);
VVH5223;2021-09-12 02:53:00;Rua Batista de Oliveira;;;COCO;VVH5223;Queda;Não informado;Não informado;Não informado;Meio de quadra;Não informado;Longo da via;0;1;0;1;0;0;0;0;0;0;0;0;0;(-38.4824051 -3.7470803);
HKV4777;2021-09-12 01:10:00;Avenida General Osório de Paiva;;;CANINDEZINHO;HKV4777;Colisão;Não informado;Não informado;Não informado;Meio de quadra;Não informado;Longo da via;0;2;0;1;1;0;0;0;0;0;0;0;0;(-38.6079669 -3.8110923);
NMG4487;2021-09-12 00:28:00;Rua Capitão Vasconcelos;;;AEROLANDIA;NMG4487;Atropelamento;Não informado;Não informado;Não informado;Meio de quadra;Não informado;Longo da via;0;1;0;0;1;0;0;0;0;0;0;0;0;(-38.5162973 -3.7704583);
HQY0608;2021-09-11 23:23:00;Avenida Humberto Monte;;;PRESIDENTE KENNEDY;HQY0608;Colisão;Não informado;Não informado;Não informado;Meio de quadra;Não informado;Longo da via;0;1;0;1;1;0;0;0;0;0;0;0;0;(-38.5690078 -3.7391565);
IGH7584;2021-09-11 23:20:00;AV BEZERRA DE MENEZES;;;ANTONIO BEZERRA;IGH7584;Colisão;Não informado;Não informado;Não informado;Meio de quadra;Não informado;Longo da via;0;1;0;1;1;0;0;0;0;0;0;0;0;(-38.56453770665384 -3.734878641014166);
ATA1188;2021-09-11 21:29:00;Rua Tebas;;;SIQUEIRA;ATA1188;Queda;Não informado;Não informado;Não informado;Meio de quadra;Não informado;Longo da via;0;1;0;0;0;0;0;0;0;1;0;0;0;(-38.6225138 -3.8168147);
FCH8154;2021-09-11 21:21:00;Rua Sargento João Pinheiro;;;BOM JARDIM;FCH8154;Colisão;Não informado;Não informado;Não informado;Meio de quadra;Não informado;Longo da via;0;1;0;0;0;0;0;0;0;0;1;0;0;(-38.6231858 -3.7841572);
AVH5983;2021-09-11 20:13:00;Avenida Deputado Paulino Rocha;;;PASSARE;AVH5983;Colisão;Não informado;Não informado;Não informado;Meio de quadra;Não informado;Longo da via;0;2;0;1;1;0;0;0;0;0;0;0;0;(-38.5195682 -3.8100305);
IJN3860;2021-09-11 19:10:00;Rua Pedro Dantas;;;DIAS MACEDO;IJN3860;Colisão;Não informado;Não informado;Não informado;Meio de quadra;Não informado;Longo da via;0;1;0;1;1;0;0;0;0;0;0;0;0;(-38.5181242 -3.7863866);
PNX8765;2021-09-11 18:28:00;Rua Eduardo Perdigão;;;PARANGABA;PNX8765;Colisão;Não informado;Não informado;Não informado;Meio de quadra;Não informado;Longo da via;0;1;0;1;1;0;0;0;0;0;0;0;0;(-38.5647129 -3.7757865);
CWV9032;2021-09-11 17:42:00;Avenida Senador Carlos Jereissati;;;DE LOURDES;CWV9032;Queda;Não informado;Não informado;Não informado;Meio de quadra;Não informado;Longo da via;0;1;0;1;0;0;0;0;0;0;0;0;0;(-38.4593725 -3.7465015);
CUL9205;2021-09-11 17:26:00;AV BENJAMIM BRASIL;;;JARDIM CEARENSE;CUL9205;Colisão;Não informado;Não informado;Não informado;Meio de quadra;Não informado;Longo da via;0;2;0;1;1;0;0;0;0;0;0;0;0;(-38.5569787 -3.808876);
OWO3539;2021-09-11 16:58:00;Rua Francisco Calaça;RUA COELHO NETO;;ALVARO WEYNE;OWO3539;Colisão;Não informado;Não informado;Não informado;Meio de quadra;Não informado;Cruzamento;0;1;0;2;0;0;0;0;0;0;0;0;0;(-38.5739986 -3.7167606);
OWO3539;2021-09-11 15:32:00;Rua Araújo Torreão;;;JARDIM IRACEMA;OWO3539;Colisão;Não informado;Não informado;Não informado;Meio de quadra;Não informado;Longo da via;0;1;0;1;1;0;0;0;0;0;0;0;0;(-38.4965411 -3.8133269);
XZN0790;2021-09-11 15:02:00;Rua Engenheiro Luís Montenegro;;;SIQUEIRA;XZN0790;Queda;Não informado;Não informado;Não informado;Meio de quadra;Não informado;Longo da via;0;1;0;1;0;0;0;0;0;0;0;0;0;(-38.6181373 -3.8139737);
KNN1843;2021-09-11 13:13:00;Avenida Godofredo Maciel;;;MARAPONGA;KNN1843;Colisão;Não informado;Não informado;Não informado;Meio de quadra;Não informado;Longo da via;0;1;0;1;1;0;0;0;0;0;0;0;0;(-38.56630730000001 -3.7841563);
WBQ5462;2021-09-11 12:16:00;Rua Jorge Acurcio;;;VILA UNIAO;WBQ5462;Queda;Não informado;Não informado;Não informado;Meio de quadra;Não informado;Longo da via;0;1;0;1;0;0;0;0;0;0;0;0;0;(-38.5318872 -3.7659018);
FQC9959;2021-09-11 12:09:00;Rua Eduardo Perdigão;;;PARANGABA;FQC9959;Colisão;Não informado;Não informado;Não informado;Meio de quadra;Não informado;Longo da via;0;1;0;1;1;0;0;0;0;0;0;0;0;(-38.5639655 -3.7765172);
VXX2072;2021-09-11 11:51:00;AV PDE ANTONIO TOMAS;;;COCO;VXX2072;Queda;Não informado;Não informado;Não informado;Meio de quadra;Não informado;Longo da via;0;1;0;0;0;0;0;0;0;1;0;0;0;(-38.4895101 -3.743335);
NQS3381;2021-09-11 11:34:00;Rua Cacilda Becker;;;JOAO XXIII;NQS3381;Queda;Não informado;Não informado;Não informado;Meio de quadra;Não informado;Longo da via;0;1;0;1;0;0;0;0;0;0;0;0;0;(-38.5887681 -3.7720525);
FTP9100;2021-09-11 02:01:00;Rua Guilherme Perdigão;;;PARANGABA;FTP9100;Atropelamento;Não informado;Não informado;Não informado;Meio de quadra;Não informado;Longo da via;0;1;0;1;0;0;0;0;0;0;0;0;0;(-38.57350601961258 -3.775046398529645);
VHT5336;2021-09-11 01:24:00;Rua Pedro Pereira;;;CENTRO;VHT5336;Colisão;Não informado;Não informado;Não informado;Meio de quadra;Não informado;Longo da via;0;1;0;1;1;0;0;0;0;0;0;0;0;(-38.5326851 -3.7283471);
CVG4444;2021-09-11 01:22:00;Avenida José Bastos;;;RODOLFO TEOFILO;CVG4444;Queda;Não informado;Não informado;Não informado;Meio de quadra;Não informado;Longo da via;0;1;0;1;0;0;0;0;0;0;0;0;0;(-38.5444701 -3.7435434);
WRO7762;2021-09-11 00:37:00;Rua Nereu Ramos;;;MARAPONGA;WRO7762;Colisão;Não informado;Não informado;Não informado;Meio de quadra;Não informado;Longo da via;0;1;0;0;0;0;0;0;0;0;1;0;0;(-38.5697391 -3.7859641);
TVJ1802;2021-09-11 00:34:00;RUA CHICO FRANÇA;RUA JOAO IVO;;MESSEJANA;TVJ1802;Colisão;Não informado;Não informado;Não informado;Cruz;Não informado;Cruzamento;0;1;0;2;0;0;0;0;0;0;0;0;0;(-38.497594 -3.8389579);
ZDQ6364;2021-09-10 22:53:00;Rua Professor Glauco Lobo;;;MONDUBIM;ZDQ6364;Colisão;Não informado;Não informado;Não informado;Meio de quadra;Não informado;Longo da via;0;1;0;1;1;0;0;0;0;0;0;0;0;(-38.5819992 -3.8054773);
BKS8653;2021-09-10 21:59:00;Avenida Beira Mar;;;PRAIA DE IRACEMA;BKS8653;Queda;Não informado;Não informado;Não informado;Meio de quadra;Não informado;Longo da via;0;1;0;0;0;0;0;0;0;1;0;0;0;(-38.5119907 -3.720142);