COD_ACIDENTE;DATA;LOG1;LOG2;NUMERO;BAIRRO;AMC;NATUREZA;ILUMINACAO;TEMPO;SUPERFICIEPISTA;TIPOCRUZAMENTO;CONTROLETRAFEGO;USOSOLO;MORTOS;FERIDOS;ILESOS;MOTOCICLETA;AUTOMOVEL;MICROONIBUS;CAMINHAO;ONIBUS;CICLOMOTOR;BICICLETA;OUTROS;TREM;TRACAOANIMAL;COORDENADAS
QLL1097;2021-09-10 21:42:00;Avenida Val Paraíso;;;CONJUNTO PALMEIRAS;QLL1097;Atropelamento;Não informado;Não informado;Não informado;Meio de quadra;Não informado;Longo da via;0;1;0;1;0;0;0;0;0;0;0;0;0;(-38.5070875 -3.8505942);
GYD1080;2021-09-10 20:05:00;Avenida Francisco Sá;RUA CESAR CORREIA;;BARRA DO CEARA;GYD1080;Colisão;Não informado;Não informado;Não informado;Cruz;Não informado;Cruzamento;0;2;0;0;0;0;0;0;0;0;1;0;0;(-38.5733166 -3.711953299999999);
TLI3785;2021-09-10 19:48:00;Avenida Beira Mar;;;MUCURIPE;TLI3785;Queda;Não informado;Não informado;Não informado;Meio de quadra;Não informado;Longo da via;0;1;0;0;0;0;0;0;0;1;0;0;0;(-38.4800222 -3.7221732);
DMD5324;2021-09-10 19:00:00;Avenida Rogaciano Leite;;;JARDIM DAS OLIVEIRAS;DMD5324;Colisão;Não informado;Não informado;Não informado;Meio de quadra;Não informado;Longo da via;0;1;0;1;1;0;0;0;0;0;0;0;0;(-38.5016757 -3.7796046);
NSN7282;2021-09-10 18:41:00;Avenida Antônio Sales;AV SEN VIRGILIO TAVORA;;DIONISIO TORRES;NSN7282;Colisão;Não informado;Não informado;Não informado;Cruz;Não informado;Cruzamento;0;1;0;1;1;0;0;0;0;0;0;0;0;(-38.4964928 -3.7472672);
CPL7605;2021-09-10 18:32:00;Rua Balduíno Freire;RUA DRACON BARRETO;;PADRE ANDRADE;CPL7605;Colisão;Não informado;Não informado;Não informado;Cruz;Não informado;Cruzamento;0;2;0;1;1;0;0;0;0;0;0;0;0;(-38.5791074 -3.734460599999999);
ZFR3254;2021-09-10 17:41:00;Avenida Treze de Maio;;;FATIMA;ZFR3254;Colisão;Não informado;Não informado;Não informado;Meio de quadra;Não informado;Longo da via;0;1;0;1;1;0;0;0;0;0;0;0;0;(-38.5258431 -3.7525173);
BBP9896;2021-09-10 17:33:00;Avenida Washington Soares;;;EDSON QUEIROZ;BBP9896;Queda;Não informado;Não informado;Não informado;Meio de quadra;Não informado;Longo da via;0;1;0;1;0;0;0;0;0;0;0;0;0;(-38.481665 -3.7762191);
FSY4124;2021-09-10 17:16:00;Avenida Bernardo Manuel;;;PARQUE DOIS IRMAOS;FSY4124;Queda;Não informado;Não informado;Não informado;Meio de quadra;Não informado;Longo da via;0;1;0;1;0;0;0;0;0;0;0;0;0;(-38.5526764 -3.8035452);
CEP0245;2021-09-10 16:31:00;RUA ALBERTO MAGNO;RUA AFRODISIO GONDIM;;MONTESE;CEP0245;Colisão;Não informado;Não informado;Não informado;Cruz;Não informado;Cruzamento;0;1;0;1;1;0;0;0;0;0;0;0;0;(-38.5484941 -3.7632253);
XUC6356;2021-09-10 16:23:00;Rua Frei Marcelino;RUA GUSTAVO BRAGA;;RODOLFO TEOFILO;XUC6356;Colisão;Não informado;Não informado;Não informado;Cruz;Não informado;Cruzamento;0;1;0;1;1;0;0;0;0;0;0;0;0;(-38.556144 -3.7478009);
DZD7337;2021-09-10 16:14:00;Rua Ana Brito;;;MONDUBIM;DZD7337;Queda;Não informado;Não informado;Não informado;Meio de quadra;Não informado;Longo da via;0;1;0;1;0;0;0;0;0;0;0;0;0;(-38.591114 -3.826044);
ZDX5154;2021-09-10 15:35:00;Rua Araken Silva;;;DIONISIO TORRES;ZDX5154;Colisão;Não informado;Não informado;Não informado;Meio de quadra;Não informado;Longo da via;0;1;0;2;0;0;0;0;0;0;0;0;0;(-38.4978579 -3.7504556);
CIR0499;2021-09-10 14:43:00;Rua 3;;;PRESIDENTE KENNEDY;CIR0499;Queda;Não informado;Não informado;Não informado;Meio de quadra;Não informado;Longo da via;0;1;0;0;0;0;0;0;0;1;0;0;0;(-38.5680782 -3.7344832);
IMW5080;2021-09-10 14:13:00;Rua Monsenhor Antero;;;CIDADE DOS FUNCIONRAIOS;IMW5080;Colisão;Não informado;Não informado;Não informado;Meio de quadra;Não informado;Longo da via;0;1;0;1;1;0;0;0;0;0;0;0;0;(-38.4935745 -3.7970197);
TRF1862;2021-09-10 13:40:00;AV AUGUSTO DOS ANJOS;;;BONSUCESSO;TRF1862;Colisão;Não informado;Não informado;Não informado;Meio de quadra;Não informado;Longo da via;0;1;0;1;1;0;0;0;0;0;0;0;0;(-38.5836888 -3.7853992);
PHE5187;2021-09-10 11:37:00;Rua Doutor Gilberto Studart;;;COCO;PHE5187;Colisão;Não informado;Não informado;Não informado;Meio de quadra;Não informado;Longo da via;0;1;0;2;0;0;0;0;0;0;0;0;0;(-38.48220999999999 -3.7430653);
UAE1754;2021-09-10 11:30:00;AV JOSE BASTOS;;;RODOLFO TEOFILO;UAE1754;Colisão;Não informado;Não informado;Não informado;Meio de quadra;Não informado;Longo da via;0;1;0;1;1;0;0;0;0;0;0;0;0;(-38.5538192 -3.7537702);
QTZ0982;2021-09-10 10:40:00;Avenida Senador Fernandes Távora;RUA JOSE MENDONCA;;GENIBAU;QTZ0982;Colisão;Não informado;Não informado;Não informado;Meio de quadra;Não informado;Cruzamento;0;1;0;0;1;0;0;0;0;1;0;0;0;(-38.60170189999999 -3.7545021);
EOY9641;2021-09-10 10:35:00;RUA 35;AV B;;JANGURUSSU;EOY9641;Colisão;Não informado;Não informado;Não informado;Cruz;Não informado;Cruzamento;0;1;0;0;1;0;0;0;0;1;0;0;0;(-38.51808490025807 -3.847034837324305);
UPE9354;2021-09-10 10:08:00;AV FRANCISCO SA;;;BARRA DO CEARA;UPE9354;Colisão;Não informado;Não informado;Não informado;Meio de quadra;Não informado;Longo da via;0;1;0;0;1;0;0;0;0;1;0;0;0;(-38.5873985 -3.7055573);
YWD8793;2021-09-10 09:42:00;Avenida Professor Gomes de Matos;;;MONTESE;YWD8793;Colisão;Não informado;Não informado;Não informado;Meio de quadra;Não informado;Longo da via;0;1;0;1;1;0;0;0;0;0;0;0;0;(-38.5469113 -3.7628873);
DLP8760;2021-09-10 05:01:00;Rua Professor Lino Encarnação;;;PARQUELANDIA;DLP8760;Colisão;Não informado;Não informado;Não informado;Meio de quadra;Não informado;Longo da via;0;1;0;1;1;0;0;0;0;0;0;0;0;(-38.5604921 -3.7415431);
WKN7401;2021-09-10 04:22:00;Rua Antonele Bezerra;;;MEIRELES;WKN7401;Choque c/ Obstáculo Fixo;Não informado;Não informado;Não informado;Meio de quadra;Não informado;Longo da via;0;1;0;0;1;0;0;0;0;0;0;0;0;(-38.50455729999999 -3.7252847);
KAJ3357;2021-09-10 02:23:00;Avenida José Bastos;;;RODOLFO TEOFILO;KAJ3357;Colisão;Não informado;Não informado;Não informado;Meio de quadra;Não informado;Longo da via;0;1;0;1;1;0;0;0;0;0;0;0;0;(-38.5467471 -3.7460429);
YBP2299;2021-09-10 01:54:00;Avenida Augusto dos Anjos;;;BONSUCESSO;YBP2299;Colisão;Não informado;Não informado;Não informado;Meio de quadra;Não informado;Longo da via;0;1;0;1;1;0;0;0;0;0;0;0;0;(-38.5808121 -3.7818363);
RFJ6700;2021-09-10 01:16:00;AV ALM BARROSO;;;PRAIA DE IRACEMA;RFJ6700;Atropelamento;Não informado;Não informado;Não informado;Meio de quadra;Não informado;Longo da via;0;1;0;1;0;0;0;0;0;0;0;0;0;(-38.5160936 -3.7202853);
LNL6082;2021-09-09 23:14:00;Rua Cândido Maia;;;ANTONIO BEZERRA;LNL6082;Colisão;Não informado;Não informado;Não informado;Meio de quadra;Não informado;Longo da via;0;1;0;0;0;0;0;0;0;0;1;0;0;(-38.59010354096025 -3.736136182738004);
UJY2168;2021-09-09 22:31:00;RUA FROTA;;;PLANALTO AYRTON SENNA;UJY2168;Colisão;Não informado;Não informado;Não informado;Meio de quadra;Não informado;Longo da via;0;1;0;0;0;0;0;0;0;0;1;0;0;(-38.5695866 -3.8401671);
CGL6975;2021-09-09 21:57:00;Avenida C;;;PARQUE PRESIDENTE VARGAS;CGL6975;Colisão;Não informado;Não informado;Não informado;Meio de quadra;Não informado;Longo da via;0;2;0;1;1;0;0;0;0;0;0;0;0;(-38.5877209 -3.8305836);
TPA4648;2021-09-09 21:32:00;Avenida Washington Soares;;;MESSEJANA;TPA4648;Colisão;Não informado;Não informado;Não informado;Meio de quadra;Não informado;Longo da via;0;2;0;2;0;0;0;0;0;0;0;0;0;(-38.4822017 -3.828229);
ZEA0739;2021-09-09 21:23:00;Avenida Izabel Maia e Silva de Alencar;;;JOSE DE ALENCAR;ZEA0739;Atropelamento;Não informado;Não informado;Não informado;Meio de quadra;Não informado;Longo da via;0;1;0;1;0;0;0;0;0;0;0;0;0;(-38.4747866 -3.817171);
JGG5095;2021-09-09 21:06:00;Rodovia Estrada do Guarani (BR116);;;MESSEJANA;JGG5095;Colisão;Não informado;Não informado;Não informado;Meio de quadra;Não informado;Longo da via;0;2;0;1;1;0;0;0;0;0;0;0;0;(-38.5041401 -3.8259496);
RVW0816;2021-09-09 20:51:00;Rua Júlio Alcídes;;;MARAPONGA;RVW0816;Colisão;Não informado;Não informado;Não informado;Meio de quadra;Não informado;Longo da via;0;1;0;0;0;0;0;0;0;0;1;0;0;(-38.5644753 -3.788546);
OZA4172;2021-09-09 18:44:00;Rua Recanto Verde;;;JANGURUSSU;OZA4172;Colisão;Não informado;Não informado;Não informado;Meio de quadra;Não informado;Longo da via;0;2;0;1;1;0;0;0;0;0;0;0;0;(-38.513834 -3.8437734);
SEL3436;2021-09-09 18:32:00;Avenida Godofredo Maciel;RUA CEL TIBURCIO;;MONDUBIM;SEL3436;Colisão;Não informado;Não informado;Não informado;Y;Não informado;Cruzamento;0;1;0;0;0;0;0;0;0;0;1;0;0;(-38.5746634 -3.8152828);
HWX7974;2021-09-09 17:16:00;Avenida Senador Fernandes Távora;;;HENRIQUE JORGE;HWX7974;Colisão;Não informado;Não informado;Não informado;Meio de quadra;Não informado;Longo da via;0;1;0;0;0;0;0;0;0;0;1;0;0;(-38.5843637 -3.7612054);
UCQ2412;2021-09-09 17:04:00;Rua Carlos Vasconcelos;RUA PEREIRA FILGUEIRAS;;ALDEOTA;UCQ2412;Colisão;Não informado;Não informado;Não informado;Cruz;Não informado;Cruzamento;0;1;0;1;1;0;0;0;0;0;0;0;0;(-38.5096525 -3.7294082);
QNK2950;2021-09-09 16:59:00;Rua Floriano Peixoto;RUA METON DE ALENCAR;;CENTRO;QNK2950;Colisão;Não informado;Não informado;Não informado;Cruz;Não informado;Cruzamento;0;1;0;0;0;0;0;0;0;0;1;0;0;(-38.5293741 -3.7340924);
TNC1014;2021-09-09 16:05:00;Avenida Borges de Melo;;;AEROLANDIA;TNC1014;Queda;Não informado;Não informado;Não informado;Meio de quadra;Não informado;Longo da via;0;1;0;1;0;0;0;0;0;0;0;0;0;(-38.5283938 -3.7602384);
BTI1955;2021-09-09 15:06:00;Avenida Lineu Machado;RUA ARARIPE MACEDO;;JOQUEI CLUBE;BTI1955;Colisão;Não informado;Não informado;Não informado;Cruz;Não informado;Cruzamento;0;1;0;1;1;0;0;0;0;0;0;0;0;(-38.5796042 -3.7712561);
TKM4353;2021-09-09 13:41:00;Avenida Godofredo Maciel;;;MARAPONGA;TKM4353;Atropelamento;Não informado;Não informado;Não informado;Meio de quadra;Não informado;Longo da via;0;1;0;0;1;0;0;0;0;0;0;0;0;(-38.5700693 -3.7966838);
STG5701;2021-09-09 10:52:00;Avenida Carlos Amora;;;PARANGABA;STG5701;Queda;Não informado;Não informado;Não informado;Meio de quadra;Não informado;Longo da via;0;1;0;1;0;0;0;0;0;0;0;0;0;(-38.5635371 -3.7753417);
STG5701;2021-09-09 10:40:00;RUA TEODORICO;RUA CESAR ROSSAS;;MONTESE;STG5701;Colisão;Não informado;Não informado;Não informado;Cruz;Não informado;Cruzamento;0;2;0;1;1;0;0;0;0;0;0;0;0;(-38.5534205 -3.7687742);
RGS8148;2021-09-09 01:40:00;AV CONTORNO SUL;;;CONJUNTO ESPERANCA;RGS8148;Colisão;Não informado;Não informado;Não informado;Meio de quadra;Não informado;Longo da via;0;1;0;1;1;0;0;0;0;0;0;0;0;(-38.58960459730332 -3.815030730205149);
VGK8716;2021-09-08 23:50:00;Avenida Rogaciano Leite;RUA MON CARNEIRO DA CUNHA;;ENGENHEIRO LUCIANO CAVALCANTE;VGK8716;Queda;Não informado;Não informado;Não informado;Meio de quadra;Não informado;Longo da via;0;1;0;1;0;0;0;0;0;0;0;0;0;(-38.49908 -3.7740377);
CRQ8408;2021-09-08 22:58:00;Avenida Areia Branca;;;VICENTE PINZON;CRQ8408;Colisão;Não informado;Não informado;Não informado;Meio de quadra;Não informado;Longo da via;0;3;0;2;0;0;0;0;0;0;0;0;0;(-38.4755913 -3.7275923);
PGJ2919;2021-09-08 22:37:00;Rua Descartes Braga;RUA PAULINO ROCHA D32;;GRANJA LISBOA;PGJ2919;Colisão;Não informado;Não informado;Não informado;Cruz;Não informado;Cruzamento;0;1;0;0;0;0;0;0;0;0;1;0;0;(-38.6264889 -3.7902736);
WPM8579;2021-09-08 22:08:00;Rua Gustavo Sampaio;;;PARQUE ARAXA;WPM8579;Colisão;Não informado;Não informado;Não informado;Meio de quadra;Não informado;Longo da via;0;1;0;2;0;0;0;0;0;0;0;0;0;(-38.551813 -3.734186);
GUP4561;2021-09-08 21:46:00;Avenida Washington Soares;;;GUARARAPES;GUP4561;Colisão;Não informado;Não informado;Não informado;Meio de quadra;Não informado;Longo da via;0;1;0;1;1;0;0;0;0;0;0;0;0;(-38.4846227 -3.7589712);
TIK3377;2021-09-08 21:43:00;Avenida Presidente Juscelino Kubitschek;;;PASSARE;TIK3377;Colisão;Não informado;Não informado;Não informado;Meio de quadra;Não informado;Longo da via;0;1;0;0;0;0;0;0;0;0;1;0;0;(-38.5304367 -3.814024799999999);
SBF0528;2021-09-08 20:30:00;Avenida Frei Cirilo;;;MESSEJANA;SBF0528;Queda;Não informado;Não informado;Não informado;Meio de quadra;Não informado;Longo da via;0;1;0;1;0;0;0;0;0;0;0;0;0;(-38.498936 -3.8135509);
EWF3082;2021-09-08 20:00:00;Avenida Engenheiro Santana Júnior;;;PAPICU;EWF3082;Queda;Não informado;Não informado;Não informado;Meio de quadra;Não informado;Longo da via;0;1;0;1;0;0;0;0;0;0;0;0;0;(-38.4838087 -3.7383164);
YKR7639;2021-09-08 19:38:00;Rua 860;;;CONJUNTO CEARA I;YKR7639;Colisão;Não informado;Não informado;Não informado;Meio de quadra;Não informado;Longo da via;0;1;0;0;1;0;0;0;0;1;0;0;0;(-38.5993337 -3.7689275);
QCP2280;2021-09-08 19:36:00;Avenida Humberto Monte;;;PARQUELANDIA;QCP2280;Queda;Não informado;Não informado;Não informado;Meio de quadra;Não informado;Longo da via;0;1;0;1;0;0;0;0;0;0;0;0;0;(-38.56809259501833 -3.740089460625605);
SZZ3144;2021-09-08 18:29:00;Rua Batista de Oliveira;RUA VILEBALDO AGUIAR;;PAPICU;SZZ3144;Colisão;Não informado;Não informado;Não informado;Cruz;Não informado;Cruzamento;0;2;0;1;1;0;0;0;0;0;0;0;0;(-38.4801328 -3.7430307);
UXP6368;2021-09-08 17:28:00;Rua Agapito dos Santos;RUA PEDRO I;;CENTRO;UXP6368;Colisão;Não informado;Não informado;Não informado;Cruz;Não informado;Cruzamento;0;1;0;1;1;0;0;0;0;0;0;0;0;(-38.5393484 -3.7277834);
ASW8600;2021-09-08 16:57:00;Avenida Rui Barbosa;RUA ROBERIO TAVORA;;ALDEOTA;ASW8600;Colisão;Não informado;Não informado;Não informado;Cruz;Não informado;Cruzamento;0;1;0;0;1;0;0;0;0;1;0;0;0;(-38.5118706 -3.7435616);
JXE8084;2021-09-08 16:44:00;Rua João Ribeiro;;;ALVARO WEYNE;JXE8084;Atropelamento;Não informado;Não informado;Não informado;Meio de quadra;Não informado;Longo da via;0;1;0;1;0;0;0;0;0;0;0;0;0;(-38.5677909 -3.7192626);
SJD9312;2021-09-08 15:38:00;Avenida Doutor Silas Munguba;;;SERRINHA;SJD9312;Colisão;Não informado;Não informado;Não informado;Meio de quadra;Não informado;Longo da via;0;1;0;1;1;0;0;0;0;0;0;0;0;(-38.5541228 -3.7839959);
MUF4131;2021-09-08 13:37:00;AV BENJAMIN BRASIL;;;MARAPONGA;MUF4131;Colisão;Não informado;Não informado;Não informado;Meio de quadra;Não informado;Longo da via;0;1;0;0;0;0;0;0;0;0;1;0;0;(-38.5569787 -3.808876);
IWG2076;2021-09-08 13:26:00;Rua 21 de Abril;;;BELA VISTA;IWG2076;Colisão;Não informado;Não informado;Não informado;Meio de quadra;Não informado;Longo da via;0;1;0;1;1;0;0;0;0;0;0;0;0;(-38.5624582 -3.748232199999999);
LVK7354;2021-09-08 13:18:00;RUA BR DE ARACATI;RUA COSTA BARROS;;ALDEOTA;LVK7354;Colisão;Não informado;Não informado;Não informado;Cruz;Não informado;Cruzamento;0;1;0;1;1;0;0;0;0;0;0;0;0;(-38.511162 -3.7304871);
WJL3989;2021-09-08 13:01:00;Avenida Alberto Craveiro;;;DIAS MACEDO;WJL3989;Queda;Não informado;Não informado;Não informado;Meio de quadra;Não informado;Longo da via;0;1;0;1;0;0;0;0;0;0;0;0;0;(-38.5167287 -3.7823292);
BSU3767;2021-09-08 12:37:00;AV CASTELO DE CASTRO;;;JANGURUSSU;BSU3767;Atropelamento;Não informado;Não informado;Não informado;Meio de quadra;Não informado;Longo da via;0;1;0;1;0;0;0;0;0;0;0;0;0;(-38.5216603 -3.8435121);
APR2963;2021-09-08 12:42:00;AV PROF HERIBALDO COSTA;RUA CHUI;;JOAO XXIII;APR2963;Colisão;Não informado;Não informado;Não informado;Cruz;Não informado;Cruzamento;0;2;0;2;0;0;0;0;0;0;0;0;0;(-38.588562 -3.768949199999999);
PSG7922;2021-09-08 11:38:00;Rodovia Estrada do Guarani (BR116);;;DIAS MACEDO;PSG7922;Colisão;Não informado;Não informado;Não informado;Meio de quadra;Não informado;Longo da via;0;2;0;1;1;0;0;0;0;0;0;0;0;(-38.5034701 -3.82242);
UFV3472;2021-09-08 11:05:00;Avenida I;;;PREFEITO JOSE VALTER;UFV3472;Colisão;Não informado;Não informado;Não informado;Meio de quadra;Não informado;Longo da via;0;1;0;1;1;0;0;0;0;0;0;0;0;(-38.5506428 -3.8245173);
OVQ6800;2021-09-08 10:56:00;Avenida dos Paroaras;;;PASSARE;OVQ6800;Atropelamento;Não informado;Não informado;Não informado;Meio de quadra;Não informado;Longo da via;0;1;0;0;0;0;1;0;0;0;0;0;0;(-38.5321188 -3.8158628);
OVQ6800;2021-09-08 10:00:00;AV MISTER HULL;;;ANTONIO BEZERRA;OVQ6800;Colisão;Não informado;Não informado;Não informado;Meio de quadra;Não informado;Longo da via;0;1;0;1;1;0;0;0;0;0;0;0;0;(-38.5953778 -3.7404093);
OBB1446;2021-09-08 07:58:00;AV DOMINGOS OLIMPIO;;;CENTRO;OBB1446;Queda;Não informado;Não informado;Não informado;Meio de quadra;Não informado;Longo da via;0;1;0;1;0;0;0;0;0;0;0;0;0;(-38.5321101 -3.7362261);
QWS9490;2021-09-08 02:43:00;BR-116;;;CAJAZEIRAS;QWS9490;Colisão;Não informado;Não informado;Não informado;Meio de quadra;Não informado;Longo da via;0;2;0;0;2;0;0;0;0;0;0;0;0;(-38.5054894 -3.7996206);
UZM1586;2021-09-08 02:32:00;Rua Misericórdia;;;JARDIM IRACEMA;UZM1586;Colisão;Não informado;Não informado;Não informado;Meio de quadra;Não informado;Longo da via;0;1;0;0;0;0;0;0;0;0;1;0;0;(-38.5851823 -3.7185758);
OPM1260;2021-09-08 01:46:00;Rua Franklin Távora;;;CENTRO;OPM1260;Atropelamento;Não informado;Não informado;Não informado;Meio de quadra;Não informado;Longo da via;0;1;0;0;0;0;0;0;0;0;1;0;0;(-38.52143969999999 -3.7301421);
EHI6344;2021-09-07 23:46:00;Rua João de França;RUA AFONSO LOPES;;PARQUE DOIS IRMAOS;EHI6344;Colisão;Não informado;Não informado;Não informado;Cruz;Não informado;Cruzamento;0;1;0;0;2;0;0;0;0;0;0;0;0;(-38.5490329 -3.7956654);
HDW7551;2021-09-07 23:06:00;Rua Bruno Valente;;;SERRINHA;HDW7551;Queda;Não informado;Não informado;Não informado;Meio de quadra;Não informado;Longo da via;0;1;0;1;0;0;0;0;0;0;0;0;0;(-38.5390112 -3.7877729);
HPO6085;2021-09-07 22:59:00;RUA JOSE HIPOLITO;;;MESSEJANA;HPO6085;Colisão;Não informado;Não informado;Não informado;Meio de quadra;Não informado;Longo da via;0;3;0;1;1;0;0;0;0;0;0;0;0;(-38.4940363 -3.832741);
SPM3858;2021-09-07 22:21:00;AV RAD JOSE LIMA VERDE;;;BARRA DO CEARA;SPM3858;Queda;Não informado;Não informado;Não informado;Meio de quadra;Não informado;Longo da via;0;1;0;1;0;0;0;0;0;0;0;0;0;(-38.5917664 -3.7028923);
BQS4771;2021-09-07 22:07:00;Avenida Professor Gomes de Matos;;;MONTESE;BQS4771;Colisão;Não informado;Não informado;Não informado;Meio de quadra;Não informado;Longo da via;0;3;0;2;0;0;0;0;0;0;0;0;0;(-38.545665 -3.761066499999999);
QYG1890;2021-09-07 21:56:00;Rua Joaquim Alfredo;;;MONDUBIM;QYG1890;Colisão;Não informado;Não informado;Não informado;Meio de quadra;Não informado;Longo da via;0;1;0;1;1;0;0;0;0;0;0;0;0;(-38.5828825 -3.8078682);
KTL8345;2021-09-07 21:14:00;RUA 4;;;QUINTINO CUNHA;KTL8345;Colisão;Não informado;Não informado;Não informado;Meio de quadra;Não informado;Longo da via;0;1;0;1;1;0;0;0;0;0;0;0;0;(-38.6007265 -3.7264483);
FQX6774;2021-09-07 20:52:00;Avenida Manoel Mavignier;;;SABIAGUABA;FQX6774;Colisão;Não informado;Não informado;Não informado;Meio de quadra;Não informado;Longo da via;0;1;0;1;1;0;0;0;0;0;0;0;0;(-38.43761240000001 -3.8095049);
QUX4717;2021-09-07 20:30:00;Avenida Imperador;;;CENTRO;QUX4717;Colisão;Não informado;Não informado;Não informado;Meio de quadra;Não informado;Longo da via;0;2;0;1;1;0;0;0;0;0;0;0;0;(-38.5364279 -3.7328554);
WWI7970;2021-09-07 20:29:00;Rua Desembargador Lauro Nogueira;;;PAPICU;WWI7970;Colisão;Não informado;Não informado;Não informado;Meio de quadra;Não informado;Longo da via;0;1;0;1;1;0;0;0;0;0;0;0;0;(-38.4753206 -3.740825899999999);
LGX9467;2021-09-07 18:59:00;Avenida José Bastos;;;RODOLFO TEOFILO;LGX9467;Queda;Não informado;Não informado;Não informado;Meio de quadra;Não informado;Longo da via;0;1;0;1;0;0;0;0;0;0;0;0;0;(-38.55335230000001 -3.7526172);
HWZ5702;2021-09-07 18:02:00;Avenida Presidente Costa e Silva;;;MONDUBIM;HWZ5702;Colisão;Não informado;Não informado;Não informado;Meio de quadra;Não informado;Longo da via;0;1;0;1;1;0;0;0;0;0;0;0;0;(-38.5647962 -3.8178905);
ZBC4930;2021-09-07 13:17:00;Avenida General Osório de Paiva;;;PARANGABA;ZBC4930;Queda;Não informado;Não informado;Não informado;Meio de quadra;Não informado;Longo da via;0;1;0;1;0;0;0;0;0;0;0;0;0;(-38.5684262 -3.7767287);
OKR7703;2021-09-07 12:06:00;Rua Professor Heribaldo Costa;TR RIO DE JANEIRO;;HENRIQUE JORGE;OKR7703;Colisão;Não informado;Não informado;Não informado;Cruz;Não informado;Cruzamento;0;1;0;0;0;0;0;0;0;0;1;0;0;(-38.58877858952438 -3.769624016970774);
RBW0971;2021-09-07 11:09:00;RUA DO TRILHO;;;MOURA BRASIL;RBW0971;Atropelamento;Não informado;Não informado;Não informado;Meio de quadra;Não informado;Longo da via;0;1;0;1;0;0;0;0;0;0;0;0;0;(-38.5316593 -3.7200281);
CHL1608;2021-09-07 09:47:00;Avenida Recreio;;;LAGOA REDONDA;CHL1608;Colisão;Não informado;Não informado;Não informado;Meio de quadra;Não informado;Longo da via;0;1;0;0;0;0;0;0;0;0;1;0;0;(-38.4490998 -3.8081111);
RSN9070;2021-09-07 08:47:00;AV GOV RAUL BARBOSA;;;AEROLANDIA;RSN9070;Queda;Não informado;Não informado;Não informado;Meio de quadra;Não informado;Longo da via;0;1;0;1;0;0;0;0;0;0;0;0;0;(-38.512539 -3.7729647);
NYT8410;2021-09-07 04:56:00;Avenida Historiador Raimundo Girão;;;MEIRELES;NYT8410;Colisão;Não informado;Não informado;Não informado;Meio de quadra;Não informado;Longo da via;0;1;0;0;2;0;0;0;0;0;0;0;0;(-38.502102 -3.7251249);
VHG2998;2021-09-07 04:39:00;Rua Ildefonso Albano;AV MON TABOSA;;MEIRELES;VHG2998;Colisão;Não informado;Não informado;Não informado;Cruz;Não informado;Cruzamento;0;2;0;0;2;0;0;0;0;0;0;0;0;(-38.5103341 -3.7241574);
BFQ7294;2021-09-07 02:30:00;Rua General Tomé Cordeiro;;;JARDIM IRACEMA;BFQ7294;Colisão;Não informado;Não informado;Não informado;Meio de quadra;Não informado;Longo da via;0;1;0;1;1;0;0;0;0;0;0;0;0;(-38.585617 -3.7163633);
VDJ6483;2021-09-07 01:20:00;Rua Zuca Accioly;;;CIDADE 2000;VDJ6483;Colisão;Não informado;Não informado;Não informado;Meio de quadra;Não informado;Longo da via;0;1;0;1;1;0;0;0;0;0;0;0;0;(-38.46800399356574 -3.754379075181324);
GYZ1865;2021-09-07 01:18:00;AV INDEPENDENCIA;RUA PIERRE LUZ;;JARDIM GUANABARA;GYZ1865;Colisão;Não informado;Não informado;Não informado;Cruz;Não informado;Cruzamento;0;1;0;1;1;0;0;0;0;0;0;0;0;(-38.58837 -3.7235119);
BSQ5934;2021-09-06 22:22:00;Avenida Senador Fernandes Távora;;;HENRIQUE JORGE;BSQ5934;Colisão;Não informado;Não informado;Não informado;Meio de quadra;Não informado;Longo da via;0;2;0;2;0;0;0;0;0;0;0;0;0;(-38.5841692 -3.7608622);
KWN3413;2021-09-06 21:35:00;Avenida da Abolição;AV BEIRA MAR;;MUCURIPE;KWN3413;Atropelamento;Não informado;Não informado;Não informado;Y;Não informado;Cruzamento;0;2;0;1;0;0;0;0;0;0;0;0;0;(-38.4789524 -3.7218);
HND9885;2021-09-06 20:58:00;Rua Raimundo Bizarria;;;JARDIM IRACEMA;HND9885;Queda;Não informado;Não informado;Não informado;Meio de quadra;Não informado;Longo da via;0;1;0;1;0;0;0;0;0;0;0;0;0;(-38.5805053 -3.7290317);
GUY0087;2021-09-06 20:52:00;Rua Castro Alencar;;;JARDIM DAS OLIVEIRAS;GUY0087;Colisão;Não informado;Não informado;Não informado;Meio de quadra;Não informado;Longo da via;0;2;0;0;0;0;0;0;0;0;1;0;0;(-38.5040544 -3.7826674);
IZJ9377;2021-09-06 20:39:00;Avenida Beira Mar;;;MUCURIPE;IZJ9377;Atropelamento;Não informado;Não informado;Não informado;Meio de quadra;Não informado;Longo da via;0;1;0;0;0;0;0;0;0;1;0;0;0;(-38.4848603 -3.7232731);
VTR9693;2021-09-06 20:34:00;AV VISCONDE DO RIO BRANCO;RUA PEDRO PEREIRA;;CENTRO;VTR9693;Atropelamento;Não informado;Não informado;Não informado;Y;Não informado;Cruzamento;0;1;0;0;0;0;0;1;0;0;0;0;0;(-38.5288003 -3.7286986);
AJX1741;2021-09-06 20:31:00;Rua Júlio Silva;;;PRAIA DO FUTURO I;AJX1741;Queda;Não informado;Não informado;Não informado;Meio de quadra;Não informado;Longo da via;0;1;0;1;0;0;0;0;0;0;0;0;0;(-38.4542732 -3.744987999999999);