COD_ACIDENTE;DATA;LOG1;LOG2;NUMERO;BAIRRO;AMC;NATUREZA;ILUMINACAO;TEMPO;SUPERFICIEPISTA;TIPOCRUZAMENTO;CONTROLETRAFEGO;USOSOLO;MORTOS;FERIDOS;ILESOS;MOTOCICLETA;AUTOMOVEL;MICROONIBUS;CAMINHAO;ONIBUS;CICLOMOTOR;BICICLETA;OUTROS;TREM;TRACAOANIMAL;COORDENADAS
VSW3782;2021-09-06 19:55:00;Avenida João Pessoa;;;DAMAS;VSW3782;Colisão;Não informado;Não informado;Não informado;Meio de quadra;Não informado;Longo da via;0;1;0;1;1;0;0;0;0;0;0;0;0;(-38.5526991 -3.7563838);
KZQ8679;2021-09-06 19:17:00;Rua Guanabara;;;PAN AMERICANO;KZQ8679;Colisão;Não informado;Não informado;Não informado;Meio de quadra;Não informado;Longo da via;0;1;0;2;0;0;0;0;0;0;0;0;0;(-38.5692622 -3.7574411);
TYH1899;2021-09-06 19:10:00;Rua Doutor João Moreira;;;CENTRO;TYH1899;Atropelamento;Não informado;Não informado;Não informado;Meio de quadra;Não informado;Longo da via;0;1;0;0;1;0;0;0;0;0;0;0;0;(-38.5256938 -3.7233863);
SPU4503;2021-09-06 19:07:00;Rua Dona Leopoldina;RUA ROCHA LIMA;;CENTRO;SPU4503;Choque c/ Obstáculo Fixo;Não informado;Não informado;Não informado;Cruz;Não informado;Cruzamento;0;1;0;0;1;0;0;0;0;0;0;0;0;(-38.5214149 -3.7366757);
VBC0184;2021-09-06 17:54:00;Rua Joaquim Albano;RUA ALCANTARA BILHAR;;PADRE ANDRADE;VBC0184;Colisão;Não informado;Não informado;Não informado;Cruz;Não informado;Cruzamento;0;1;0;0;0;0;0;0;0;0;1;0;0;(-38.5821396 -3.7356113);
QKT1807;2021-09-06 17:50:00;Rua Florianópolis;;;HENRIQUE JORGE;QKT1807;Colisão;Não informado;Não informado;Não informado;Meio de quadra;Não informado;Longo da via;0;1;0;1;1;0;0;0;0;0;0;0;0;(-38.5852607 -3.7616152);
PXD2274;2021-09-06 17:50:00;Avenida César Cals;;;VICENTE PINZON;PXD2274;Colisão;Não informado;Não informado;Não informado;Meio de quadra;Não informado;Longo da via;0;1;0;1;1;0;0;0;0;0;0;0;0;(-38.463768 -3.7227763);
IHI1045;2021-09-06 17:40:00;Rua José Vilar de Andrade;;;SAPIRANGA / COITE;IHI1045;Queda;Não informado;Não informado;Não informado;Meio de quadra;Não informado;Longo da via;0;1;0;1;0;0;0;0;0;0;0;0;0;(-38.4662218 -3.793102499999999);
NXQ8322;2021-09-06 15:43:00;Avenida do Vaqueiro;;;ANCURI;NXQ8322;Queda;Não informado;Não informado;Não informado;Meio de quadra;Não informado;Longo da via;0;1;0;1;0;0;0;0;0;0;0;0;0;(-38.498377 -3.8653833);
CTO7102;2021-09-06 15:31:00;AV DUQUE DE CAXIAS;;;CENTRO;CTO7102;Colisão;Não informado;Não informado;Não informado;Meio de quadra;Não informado;Longo da via;0;1;0;1;1;0;0;0;0;0;0;0;0;(-38.5332576 -3.7307412);
LXY0831;2021-09-06 13:47:00;Rua Primeiro de Janeiro;;;PARANGABA;LXY0831;Colisão;Não informado;Não informado;Não informado;Meio de quadra;Não informado;Longo da via;0;1;0;2;0;0;0;0;0;0;0;0;0;(-38.5698006 -3.7836906);
TPK0642;2021-09-06 13:44:00;RUA CARNEIRO DE MENDONÇA;;;PARANGABA;TPK0642;Atropelamento;Não informado;Não informado;Não informado;Meio de quadra;Não informado;Longo da via;0;1;0;1;0;0;0;0;0;0;0;0;0;(-38.5636598 -3.7656289);
UZP7892;2021-09-06 13:07:00;Rua dos Trevos;RUA MONTE PASCOAL;;CANINDEZINHO;UZP7892;Colisão;Não informado;Não informado;Não informado;Cruz;Não informado;Cruzamento;0;2;0;1;1;0;0;0;0;0;0;0;0;(-38.599368 -3.805137);
TVA1832;2021-09-06 11:21:00;Avenida Presidente Costa e Silva;;;JANGURUSSU;TVA1832;Colisão;Não informado;Não informado;Não informado;Meio de quadra;Não informado;Longo da via;0;1;0;0;1;0;0;0;0;1;0;0;0;(-38.5299564 -3.8291056);
XRR5298;2021-09-06 10:36:00;Rua Des.Frota;;;PARQUE SAO JOSE;XRR5298;Atropelamento;Não informado;Não informado;Não informado;Meio de quadra;Não informado;Longo da via;0;1;0;0;1;0;0;0;0;0;0;0;0;(-38.5888278 -3.7954283);
IPB0781;2021-09-06 10:23:00;Rua Gabriel Fiúsa;;;VILA PERY;IPB0781;Colisão;Não informado;Não informado;Não informado;Meio de quadra;Não informado;Longo da via;0;2;0;2;0;0;0;0;0;0;0;0;0;(-38.580822 -3.786389799999999);
ALZ6619;2021-09-06 10:23:00;Avenida Alberto Craveiro;;;BOA VISTA;ALZ6619;Colisão;Não informado;Não informado;Não informado;Meio de quadra;Não informado;Longo da via;0;2;0;1;0;0;1;0;0;0;0;0;0;(-38.5168046 -3.7893544);
OCU5132;2021-09-06 10:00:00;Avenida Washington Soares;;;ENGENHEIRO LUCIANO CAVALCANTE;OCU5132;Colisão;Não informado;Não informado;Não informado;Meio de quadra;Não informado;Longo da via;0;1;0;1;1;0;0;0;0;0;0;0;0;(-38.47954379999999 -3.7980878);
CIS1702;2021-09-06 04:46:00;RIO AVENTURA;;;GENIBAU;CIS1702;Colisão;Não informado;Não informado;Não informado;Meio de quadra;Não informado;Longo da via;0;1;0;1;1;0;0;0;0;0;0;0;0;(-38.5992903 -3.7462515);
XPQ5102;2021-09-06 04:07:00;RUA SANTA ELISA;;;PIRAMBU;XPQ5102;Colisão;Não informado;Não informado;Não informado;Meio de quadra;Não informado;Longo da via;0;1;0;1;1;0;0;0;0;0;0;0;0;(-38.5560198 -3.7080032);
IWX3586;2021-09-06 02:19:00;AV GENIBAU;;;GENIBAU;IWX3586;Colisão;Não informado;Não informado;Não informado;Meio de quadra;Não informado;Longo da via;0;1;0;2;0;0;0;0;0;0;0;0;0;(-38.5971473 -3.761202);
SYI7739;2021-09-06 00:17:00;RUA GOMES BRASIL;AV AUGUSTO DOS ANJOS;;PARANGABA;SYI7739;Colisão;Não informado;Não informado;Não informado;Cruz;Não informado;Cruzamento;0;1;0;0;0;0;0;0;0;0;1;0;0;(-38.5704451 -3.7702252);
UBT4491;2021-09-05 23:36:00;RUA ELVIRA PINHO;;;MONTESE;UBT4491;Colisão;Não informado;Não informado;Não informado;Meio de quadra;Não informado;Longo da via;0;1;0;1;1;0;0;0;0;0;0;0;0;(-38.555267 -3.767448599999999);
RAY4484;2021-09-05 23:19:00;Rodovia Estrada do Guarani (BR116);;;MESSEJANA;RAY4484;Queda;Não informado;Não informado;Não informado;Meio de quadra;Não informado;Longo da via;0;1;0;1;0;0;0;0;0;0;0;0;0;(-38.5041401 -3.8259496);
IVP5858;2021-09-05 23:08:00;Avenida Francisco Sá;;;BARRA DO CEARA;IVP5858;Colisão;Não informado;Não informado;Não informado;Meio de quadra;Não informado;Longo da via;0;1;0;0;0;0;0;0;0;0;1;0;0;(-38.5804104 -3.7095351);
CHG6729;2021-09-05 23:08:00;Avenida Senador Fernandes Távora;;;AUTRAN NUNES;CHG6729;Queda;Não informado;Não informado;Não informado;Meio de quadra;Não informado;Longo da via;0;1;0;1;0;0;0;0;0;0;0;0;0;(-38.5937402 -3.7561086);
PZR8254;2021-09-05 22:50:00;Rua Visconde de Barbacena;RUA MAXIMO LINHARES;;CIDADE DOS FUNCIONRAIOS;PZR8254;Colisão;Não informado;Não informado;Não informado;Cruz;Não informado;Cruzamento;0;1;0;1;1;0;0;0;0;0;0;0;0;(-38.4897251 -3.8008721);
CRJ1843;2021-09-05 22:16:00;Avenida da Abolição;;;MUCURIPE;CRJ1843;Atropelamento;Não informado;Não informado;Não informado;Meio de quadra;Não informado;Longo da via;0;1;0;1;0;0;0;0;0;0;0;0;0;(-38.4826002 -3.7248062);
WTB4541;2021-09-05 22:12:00;Avenida Imperador;;;CENTRO;WTB4541;Colisão;Não informado;Não informado;Não informado;Meio de quadra;Não informado;Longo da via;0;1;0;1;1;0;0;0;0;0;0;0;0;(-38.5350007 -3.7291837);
CYW3266;2021-09-05 21:29:00;Avenida João Pessoa;;;PARANGABA;CYW3266;Queda;Não informado;Não informado;Não informado;Meio de quadra;Não informado;Longo da via;0;1;0;1;0;0;0;0;0;0;0;0;0;(-38.56110750000001 -3.770617099999999);
OBA1563;2021-09-05 20:18:00;Rua João Tinoco;RUA ROSALVO QUINDERE;;QUINTINO CUNHA;OBA1563;Colisão;Não informado;Não informado;Não informado;Cruz;Não informado;Cruzamento;0;1;0;1;1;0;0;0;0;0;0;0;0;(-38.5918112 -3.7296721);
HHX1495;2021-09-05 20:14:00;Avenida Beira Mar;;;MEIRELES;HHX1495;Queda;Não informado;Não informado;Não informado;Meio de quadra;Não informado;Longo da via;0;1;0;0;0;0;0;0;0;1;0;0;0;(-38.4966461 -3.725741);
KKD8314;2021-09-05 19:58:00;Rua Desembargador João Firmino;RUA BAR SOBRAL;;MONTESE;KKD8314;Colisão;Não informado;Não informado;Não informado;Cruz;Não informado;Cruzamento;0;1;0;0;0;0;0;0;0;0;1;0;0;(-38.556288 -3.765443);
FJC0347;2021-09-05 17:54:00;RUA 8;;;QUINTINO CUNHA;FJC0347;Queda;Não informado;Não informado;Não informado;Meio de quadra;Não informado;Longo da via;0;1;0;0;0;0;0;0;0;1;0;0;0;(-38.5976227 -3.729982);
SSJ9339;2021-09-05 17:38:00;Avenida Presidente Costa e Silva;;;MONDUBIM;SSJ9339;Colisão;Não informado;Não informado;Não informado;Meio de quadra;Não informado;Longo da via;0;1;0;1;1;0;0;0;0;0;0;0;0;(-38.5647962 -3.8178905);
PPD1450;2021-09-05 17:27:00;AV GAL OSORIO DE PAIVA;;;BOM JARDIM;PPD1450;Queda;Não informado;Não informado;Não informado;Meio de quadra;Não informado;Longo da via;0;1;0;1;0;0;0;0;0;0;0;0;0;(-38.5947114 -3.7967475);
TNH1834;2021-09-05 17:00:00;Rodovia Estrada do Guarani (BR116);;;MESSEJANA;TNH1834;Colisão;Não informado;Não informado;Não informado;Meio de quadra;Não informado;Longo da via;0;1;0;1;1;0;0;0;0;0;0;0;0;(-38.5041401 -3.8259496);
UBM4196;2021-09-05 16:48:00;RUA MIN GENTIL BARREIRA;RUA CEL OLEGARIO MEMORIA;;SAPIRANGA / COITE;UBM4196;Colisão;Não informado;Não informado;Não informado;Cruz;Não informado;Cruzamento;0;1;0;1;1;0;0;0;0;0;0;0;0;(-38.4709536 -3.7911811);
ZCG9154;2021-09-05 16:00:00;Avenida Santos Dumont;;;PAPICU;ZCG9154;Atropelamento;Não informado;Não informado;Não informado;Meio de quadra;Não informado;Longo da via;0;1;0;0;1;0;0;0;0;0;0;0;0;(-38.4794892 -3.7428172);
MMG1088;2021-09-05 14:44:00;AV BORGES DE MELO;;;FATIMA;MMG1088;Queda;Não informado;Não informado;Não informado;Meio de quadra;Não informado;Longo da via;0;1;0;0;0;0;0;0;0;1;0;0;0;(-38.5171412 -3.7615763);
EMU3558;2021-09-05 14:11:00;AV DR ALDYR MENTOR;;;CIDADE 2000;EMU3558;Queda;Não informado;Não informado;Não informado;Meio de quadra;Não informado;Longo da via;0;1;0;1;0;0;0;0;0;0;0;0;0;(-38.4717501 -3.7506005);
KDE4226;2021-09-05 13:53:00;Rua Carnaubal;;;JARDIM GUANABARA;KDE4226;Colisão;Não informado;Não informado;Não informado;Meio de quadra;Não informado;Longo da via;0;1;0;1;1;0;0;0;0;0;0;0;0;(-38.5885305 -3.721948);
PLY6997;2021-09-05 08:29:00;Rua Darcy Vargas;RUA COSTA FREIRE;;PARQUE SAO JOSE;PLY6997;Colisão;Não informado;Não informado;Não informado;Cruz;Não informado;Cruzamento;0;1;0;2;0;0;0;0;0;0;0;0;0;(-38.5876652 -3.7955169);
BVL6953;2021-09-05 04:55:00;Rua Elesbão Veloso;;;AUTRAN NUNES;BVL6953;Colisão;Não informado;Não informado;Não informado;Meio de quadra;Não informado;Longo da via;0;1;0;1;1;0;0;0;0;0;0;0;0;(-38.59234370000001 -3.7515939);
PFG5011;2021-09-05 04:10:00;Avenida D;;;CONJUNTO CEARA II;PFG5011;Colisão;Não informado;Não informado;Não informado;Meio de quadra;Não informado;Longo da via;0;1;0;1;1;0;0;0;0;0;0;0;0;(-38.6017036 -3.7657183);
KLG1826;2021-09-05 03:39:00;Avenida Senador Carlos Jereissati;;;ITAOCA;KLG1826;Queda;Não informado;Não informado;Não informado;Meio de quadra;Não informado;Longo da via;0;1;0;1;0;0;0;0;0;0;0;0;0;(-38.5357467 -3.7820759);
VIO3575;2021-09-05 03:36:00;Rua Francisco Leandro;;;MESSEJANA;VIO3575;Atropelamento;Não informado;Não informado;Não informado;Meio de quadra;Não informado;Longo da via;0;1;0;0;0;0;0;0;0;0;1;0;0;(-38.4799473 -3.8235034);
ZHL7481;2021-09-05 01:32:00;Avenida F;;;CONJUNTO CEARA I;ZHL7481;Queda;Não informado;Não informado;Não informado;Meio de quadra;Não informado;Longo da via;0;2;0;1;0;0;0;0;0;0;0;0;0;(-38.6078921 -3.7635622);
FCC0768;2021-09-04 22:51:00;Avenida Alberto Craveiro;;;DIAS MACEDO;FCC0768;Colisão;Não informado;Não informado;Não informado;Meio de quadra;Não informado;Longo da via;0;1;0;0;2;0;0;0;0;0;0;0;0;(-38.5169862 -3.788271);
ASB0196;2021-09-04 22:31:00;Avenida Coronel Miguel Dias;;;GUARARAPES;ASB0196;Colisão;Não informado;Não informado;Não informado;Meio de quadra;Não informado;Longo da via;0;1;0;1;1;0;0;0;0;0;0;0;0;(-38.4875809 -3.7653693);
UHE3626;2021-09-04 22:24:00;Avenida Américo Barreira;RUA PORFIRIO SAMPAIO;;RODOLFO TEOFILO;UHE3626;Colisão;Não informado;Não informado;Não informado;T;Não informado;Cruzamento;0;1;0;0;0;0;0;0;0;0;1;0;0;(-38.5462424 -3.7458832);
KUU6938;2021-09-04 22:18:00;Avenida Engenheiro Leal Lima Verde;;;SAPIRANGA / COITE;KUU6938;Colisão;Não informado;Não informado;Não informado;Meio de quadra;Não informado;Longo da via;0;1;0;0;0;0;0;0;0;0;1;0;0;(-38.4755833 -3.7966012);
SDX8736;2021-09-04 21:58:00;Avenida Francisco Sá;;;ALVARO WEYNE;SDX8736;Colisão;Não informado;Não informado;Não informado;Meio de quadra;Não informado;Longo da via;0;1;0;1;1;0;0;0;0;0;0;0;0;(-38.573912 -3.712013);
RKI0574;2021-09-04 21:06:00;RUA GUARAREMA;;;BOM JARDIM;RKI0574;Atropelamento;Não informado;Não informado;Não informado;Meio de quadra;Não informado;Longo da via;0;1;0;0;1;0;0;0;0;0;0;0;0;(-38.6202155 -3.7953781);
UUZ1188;2021-09-04 20:28:00;Avenida Godofredo Maciel;AV PRS COSTA E SILVA;;MONDUBIM;UUZ1188;Colisão;Não informado;Não informado;Não informado;Cruz;Não informado;Cruzamento;0;1;0;0;0;0;0;0;0;0;1;0;0;(-38.574716 -3.8118337);
SWQ8217;2021-09-04 20:22:00;Avenida Ministro José Américo;;;CAMBEBA;SWQ8217;Colisão;Não informado;Não informado;Não informado;Meio de quadra;Não informado;Longo da via;0;1;0;1;1;0;0;0;0;0;0;0;0;(-38.4916652 -3.8091872);
RXW2639;2021-09-04 19:28:00;Avenida General Osório de Paiva;;;SIQUEIRA;RXW2639;Queda;Não informado;Não informado;Não informado;Meio de quadra;Não informado;Longo da via;0;1;0;1;0;0;0;0;0;0;0;0;0;(-38.6214824 -3.8243459);
IOL9559;2021-09-04 19:20:00;Avenida Frei Cirilo;;;MESSEJANA;IOL9559;Queda;Não informado;Não informado;Não informado;Meio de quadra;Não informado;Longo da via;0;1;0;1;0;0;0;0;0;0;0;0;0;(-38.4983949 -3.8157858);
ZET9676;2021-09-04 18:42:00;Avenida Pessoa Anta;;;CENTRO;ZET9676;Atropelamento;Não informado;Não informado;Não informado;Meio de quadra;Não informado;Longo da via;0;1;0;0;1;0;0;0;0;0;0;0;0;(-38.52192100000001 -3.7209731);
NCA7721;2021-09-04 17:25:00;Avenida Mister Hull;;;ANTONIO BEZERRA;NCA7721;Colisão;Não informado;Não informado;Não informado;Meio de quadra;Não informado;Longo da via;0;1;0;1;1;0;0;0;0;0;0;0;0;(-38.5918137 -3.7395231);
MLB9717;2021-09-04 17:13:00;Avenida General Osório de Paiva;;;PARANGABA;MLB9717;Queda;Não informado;Não informado;Não informado;Meio de quadra;Não informado;Longo da via;0;1;0;1;0;0;0;0;0;0;0;0;0;(-38.562686 -3.772581);
GPP7611;2021-09-04 17:08:00;Rua Aquiles Beviláqua;RUA ANTONIO AUGUSTO;;JOAQUIM TVORA;GPP7611;Atropelamento;Não informado;Não informado;Não informado;Cruz;Não informado;Cruzamento;0;1;0;0;1;0;0;0;0;0;0;0;0;(-38.5177815 -3.7434183);
RLR5008;2021-09-04 16:59:00;Rua Heráclito Domingues;RUA CEL MOZART GONDIM;;;RLR5008;Colisão;Não informado;Não informado;Não informado;Cruz;Não informado;Cruzamento;0;1;0;1;1;0;0;0;0;0;0;0;0;(-38.5595218 -3.7322653);
NQQ4376;2021-09-04 16:10:00;Rua Américo Rocha Lima;RUA BULGARIA;;MANOEL SATIRO;NQQ4376;Colisão;Não informado;Não informado;Não informado;Cruz;Não informado;Cruzamento;0;2;0;0;0;0;0;0;0;0;1;0;0;(-38.579571 -3.799002499999999);
SVK9459;2021-09-04 10:15:00;BR-116;;;PEDRAS;SVK9459;Colisão;Não informado;Não informado;Não informado;Meio de quadra;Não informado;Longo da via;0;1;0;1;0;0;1;0;0;0;0;0;0;(-38.50072185882508 -3.879334032820577);
UPB0797;2021-09-04 09:31:00;Rua Tulipa;;;FLORESTA;UPB0797;Colisão;Não informado;Não informado;Não informado;Meio de quadra;Não informado;Longo da via;0;1;0;1;1;0;0;0;0;0;0;0;0;(-38.580116 -3.7162466);
WXZ3790;2021-09-04 08:45:00;Avenida General Osório de Paiva;;;VILA PERY;WXZ3790;Colisão;Não informado;Não informado;Não informado;Meio de quadra;Não informado;Longo da via;0;1;0;0;0;0;0;0;0;0;1;0;0;(-38.5887366 -3.790839);
IYB6931;2021-09-04 08:38:00;Rua Abel Rochinha;;;SERRINHA;IYB6931;Queda;Não informado;Não informado;Não informado;Meio de quadra;Não informado;Longo da via;0;1;0;1;0;0;0;0;0;0;0;0;0;(-38.5395669 -3.784674);
LNQ0599;2021-09-04 08:38:00;Rua Desembargador Praxedes;;;VILA UNIAO;LNQ0599;Queda;Não informado;Não informado;Não informado;Meio de quadra;Não informado;Longo da via;0;1;0;0;0;0;0;0;0;1;0;0;0;(-38.5369819 -3.7647388);
QPG9768;2021-09-04 08:32:00;AV GOMES DE MATOS;;;MONTESE;QPG9768;Colisão;Não informado;Não informado;Não informado;Meio de quadra;Não informado;Longo da via;0;1;0;0;0;0;0;0;0;0;1;0;0;(-38.54886725651577 -3.764918882571445);
CLB6611;2021-09-04 08:29:00;Avenida Engenheiro Santana Júnior;;;PAPICU;CLB6611;Colisão;Não informado;Não informado;Não informado;Meio de quadra;Não informado;Longo da via;0;1;0;1;1;0;0;0;0;0;0;0;0;(-38.4835652 -3.7382958);
XBZ3409;2021-09-04 08:22:00;Avenida Senador Fernandes Távora;;;AUTRAN NUNES;XBZ3409;Colisão;Não informado;Não informado;Não informado;Meio de quadra;Não informado;Longo da via;0;1;0;0;0;0;0;0;0;0;1;0;0;(-38.5937402 -3.7561086);
ZQM4873;2021-09-04 07:16:00;Avenida Heróis do Acre;;;PASSARE;ZQM4873;Atropelamento;Não informado;Não informado;Não informado;Meio de quadra;Não informado;Longo da via;0;1;0;1;0;0;0;0;0;0;0;0;0;(-38.5385822 -3.8037573);
CML6171;2021-09-04 06:57:00;Avenida Doutor Silas Munguba;;;PASSARE;CML6171;Colisão;Não informado;Não informado;Não informado;Meio de quadra;Não informado;Longo da via;0;1;0;0;0;0;0;0;0;0;1;0;0;(-38.5305352 -3.799295099999999);
ASS5715;2021-09-04 05:44:00;RUA DOM PERO FERNANDES;;;MARAPONGA;ASS5715;Colisão;Não informado;Não informado;Não informado;Meio de quadra;Não informado;Longo da via;0;1;0;0;0;0;0;0;0;0;1;0;0;(-38.5659001 -3.799094899999999);
UPY5865;2021-09-04 03:26:00;Rua Padre Francisco Pita;AV ROGACIANO LEITE;;JARDIM DAS OLIVEIRAS;UPY5865;Colisão;Não informado;Não informado;Não informado;Cruz;Não informado;Cruzamento;0;1;0;0;0;0;0;0;0;0;1;0;0;(-38.5017919 -3.781132);
RUV7321;2021-09-04 03:18:00;Avenida Mister Hull;;;ANTONIO BEZERRA;RUV7321;Colisão;Não informado;Não informado;Não informado;Meio de quadra;Não informado;Longo da via;0;2;0;1;1;0;0;0;0;0;0;0;0;(-38.5859578 -3.7384873);
HKZ0989;2021-09-04 02:01:00;Avenida Doutor Silas Munguba;;;SERRINHA;HKZ0989;Atropelamento;Não informado;Não informado;Não informado;Meio de quadra;Não informado;Longo da via;0;1;0;0;1;0;0;0;0;0;0;0;0;(-38.5516267 -3.7854228);
TMY5215;2021-09-04 00:56:00;Rua Padre Mororó;RUA PEDRO I;;CENTRO;TMY5215;Colisão;Não informado;Não informado;Não informado;Cruz;Não informado;Cruzamento;0;1;0;1;1;0;0;0;0;0;0;0;0;(-38.5382908 -3.7281205);
UNB4006;2021-09-04 00:10:00;Avenida Coronel Virgílio Nogueira;;;GRANJA PORTUGAL;UNB4006;Atropelamento;Não informado;Não informado;Não informado;Meio de quadra;Não informado;Longo da via;0;1;0;0;1;0;0;0;0;0;0;0;0;(-38.60780099999999 -3.785962);
IRO1744;2021-09-03 23:31:00;Rua Tenente Jurandir Alencar;;;MESSEJANA;IRO1744;Queda;Não informado;Não informado;Não informado;Meio de quadra;Não informado;Longo da via;0;1;0;1;0;0;0;0;0;0;0;0;0;(-38.4952939 -3.8316644);
TXO4218;2021-09-03 23:07:00;Avenida General Osório de Paiva;RUA IGUAPE;;PARANGABA;TXO4218;Colisão;Não informado;Não informado;Não informado;T;Não informado;Cruzamento;0;1;0;1;1;0;0;0;0;0;0;0;0;(-38.5686484 -3.7769465);
VQA2755;2021-09-03 22:57:00;RUA SAO FIDELIS;;;PARQUE PRESIDENTE VARGAS;VQA2755;Colisão;Não informado;Não informado;Não informado;Meio de quadra;Não informado;Longo da via;0;1;0;0;0;0;0;0;0;0;1;0;0;(-38.5977047 -3.8248091);
GJB8842;2021-09-03 22:45:00;Rua Francisco Matias;;;SABIAGUABA;GJB8842;Atropelamento de Animal;Não informado;Não informado;Não informado;Meio de quadra;Não informado;Longo da via;0;2;0;1;0;0;0;0;0;0;0;0;0;(-38.4515593 -3.8040494);
VSF5928;2021-09-03 22:21:00;RUA JOSE PEDRA;;;ITAPERI;VSF5928;Colisão;Não informado;Não informado;Não informado;Meio de quadra;Não informado;Longo da via;0;1;0;2;0;0;0;0;0;0;0;0;0;(-38.5483108 -3.790503);
DPP0404;2021-09-03 21:54:00;Rua Antônio conselheiro;;;CAJAZEIRAS;DPP0404;Queda;Não informado;Não informado;Não informado;Meio de quadra;Não informado;Longo da via;0;1;0;0;0;0;0;0;0;1;0;0;0;(-38.5059181 -3.8132693);
VWA3446;2021-09-03 21:21:00;Avenida Rogaciano Leite;RUA MURILO BORGES;;ENGENHEIRO LUCIANO CAVALCANTE;VWA3446;Colisão;Não informado;Não informado;Não informado;Cruz;Não informado;Longo da via;0;1;0;1;1;0;0;0;0;0;0;0;0;(-38.49694059999999 -3.7677995);
NCG9470;2021-09-03 21:04:00;Avenida César Cals;;;VICENTE PINZON;NCG9470;Colisão;Não informado;Não informado;Não informado;Meio de quadra;Não informado;Longo da via;0;1;0;1;1;0;0;0;0;0;0;0;0;(-38.4593028 -3.7311146);
PHO8065;2021-09-03 20:58:00;Rua José Meneleu;;;ITAPERI;PHO8065;Colisão;Não informado;Não informado;Não informado;Meio de quadra;Não informado;Longo da via;0;1;0;1;1;0;0;0;0;0;0;0;0;(-38.5601251 -3.7834002);
LBL0462;2021-09-03 20:24:00;Rua Vicente Linhares;;;ALDEOTA;LBL0462;Colisão;Não informado;Não informado;Não informado;Meio de quadra;Não informado;Longo da via;0;1;0;1;1;0;0;0;0;0;0;0;0;(-38.4942623 -3.7439334);
QWV1721;2021-09-03 20:06:00;Rua Londrina;;;GRANJA PORTUGAL;QWV1721;Queda;Não informado;Não informado;Não informado;Meio de quadra;Não informado;Longo da via;0;1;0;1;0;0;0;0;0;0;0;0;0;(-38.6038839 -3.7806071);
YAY5072;2021-09-03 20:02:00;Avenida Godofredo Maciel;;;MARAPONGA;YAY5072;Queda;Não informado;Não informado;Não informado;Meio de quadra;Não informado;Longo da via;0;1;0;1;0;0;0;0;0;0;0;0;0;(-38.5661298 -3.7858362);
PVW3444;2021-09-03 15:42:00;BR 116;;;CIDADE DOS FUNCIONRAIOS;PVW3444;Queda;Não informado;Não informado;Não informado;Meio de quadra;Não informado;Longo da via;0;1;0;0;0;0;0;0;0;1;0;0;0;(-38.5005331 -3.8117044);
ECF0934;2021-09-03 15:35:00;Avenida Mister Hull;;;ANTONIO BEZERRA;ECF0934;Colisão;Não informado;Não informado;Não informado;Meio de quadra;Não informado;Longo da via;0;1;0;0;0;0;0;0;0;0;1;0;0;(-38.5918137 -3.7395231);
NHT9196;2021-09-03 14:09:00;Rua Ari Maia;;;BOM JARDIM;NHT9196;Atropelamento;Não informado;Não informado;Não informado;Meio de quadra;Não informado;Longo da via;0;1;0;0;1;0;0;0;0;0;0;0;0;(-38.6233886 -3.790293);
MYX6631;2021-09-03 14:08:00;Avenida Presidente Costa e Silva;;;PREFEITO JOSE VALTER;MYX6631;Colisão;Não informado;Não informado;Não informado;Meio de quadra;Não informado;Longo da via;0;1;0;0;0;0;0;0;0;0;1;0;0;(-38.5443558 -3.8244455);
JCN3684;2021-09-03 12:00:00;Avenida Presidente Juscelino Kubitschek;;;PASSARE;JCN3684;Colisão;Não informado;Não informado;Não informado;Meio de quadra;Não informado;Longo da via;0;1;0;2;0;0;0;0;0;0;0;0;0;(-38.5280564 -3.8121796);
OZL4623;2021-09-03 11:55:00;Avenida Godofredo Maciel;;;MONDUBIM;OZL4623;Atropelamento;Não informado;Não informado;Não informado;Meio de quadra;Não informado;Longo da via;0;2;0;1;0;0;0;0;0;0;0;0;0;(-38.5757156 -3.8185267);
JXB6435;2021-09-03 11:22:00;Avenida Heráclito Graça;;;CENTRO;JXB6435;Colisão;Não informado;Não informado;Não informado;Meio de quadra;Não informado;Longo da via;0;1;0;2;0;0;0;0;0;0;0;0;0;(-38.5161335 -3.736396499999999);
IMO7589;2021-09-03 11:11:00;Rodovia Estrada do Guarani (BR116);;;MESSEJANA;IMO7589;Queda;Não informado;Não informado;Não informado;Meio de quadra;Não informado;Longo da via;0;1;0;0;0;0;0;0;0;1;0;0;0;(-38.5041401 -3.8259496);
UEQ6263;2021-09-03 10:47:00;Rua Coronel Dionísio Alencar;RUA MANUEL CASTELO BRANCO;;MESSEJANA;UEQ6263;Colisão;Não informado;Não informado;Não informado;Cruz;Não informado;Cruzamento;0;1;0;1;1;0;0;0;0;0;0;0;0;(-38.4882905 -3.83304);
EDN1053;2021-09-03 10:01:00;Rua Doutor Hugo Rocha;;;ALVARO WEYNE;EDN1053;Colisão;Não informado;Não informado;Não informado;Meio de quadra;Não informado;Longo da via;0;1;0;1;1;0;0;0;0;0;0;0;0;(-38.57061059999999 -3.7166049);
CLH1820;2021-09-03 07:18:00;Avenida Jovita Feitosa;;;PARQUE ARAXA;CLH1820;Colisão;Não informado;Não informado;Não informado;Meio de quadra;Não informado;Longo da via;0;1;0;0;2;0;0;0;0;0;0;0;0;(-38.5510081 -3.738713);