COD_ACIDENTE;DATA;LOG1;LOG2;NUMERO;BAIRRO;AMC;NATUREZA;ILUMINACAO;TEMPO;SUPERFICIEPISTA;TIPOCRUZAMENTO;CONTROLETRAFEGO;USOSOLO;MORTOS;FERIDOS;ILESOS;MOTOCICLETA;AUTOMOVEL;MICROONIBUS;CAMINHAO;ONIBUS;CICLOMOTOR;BICICLETA;OUTROS;TREM;TRACAOANIMAL;COORDENADAS
AQE9677;2021-09-03 04:51:00;Avenida José Bastos;;;RODOLFO TEOFILO;AQE9677;Atropelamento;Não informado;Não informado;Não informado;Meio de quadra;Não informado;Longo da via;0;1;0;0;0;0;0;0;0;0;1;0;0;(-38.5461264 -3.7454755);
AII5913;2021-09-03 04:42:00;Avenida Presidente Costa e Silva;;;JANGURUSSU;AII5913;Choque c/ Obstáculo Fixo;Não informado;Não informado;Não informado;Meio de quadra;Não informado;Longo da via;0;1;0;0;1;0;0;0;0;0;0;0;0;(-38.55130279999999 -3.8230893);
AHJ4107;2021-09-03 03:21:00;RUA VITAL BRASIL;RUA ANSELMO NOGUEIRA;;BONSUCESSO;AHJ4107;Colisão;Não informado;Não informado;Não informado;Cruz;Não informado;Cruzamento;0;1;0;1;1;0;0;0;0;0;0;0;0;(-38.5874325 -3.7819845);
QMC4324;2021-09-03 00:49:00;Avenida Antônio Justa;;;MEIRELES;QMC4324;Atropelamento;Não informado;Não informado;Não informado;Meio de quadra;Não informado;Longo da via;0;1;0;0;0;0;0;1;0;0;0;0;0;(-38.4912648 -3.7288189);
RSW0194;2021-09-02 22:57:00;Rua Sargento João Pinheiro;;;GRANJA LISBOA;RSW0194;Queda;Não informado;Não informado;Não informado;Meio de quadra;Não informado;Longo da via;0;2;0;1;0;0;0;0;0;0;0;0;0;(-38.6244047 -3.7885264);
FBM0846;2021-09-02 22:08:00;Avenida General Osório de Paiva;;;CANINDEZINHO;FBM0846;Atropelamento;Não informado;Não informado;Não informado;Meio de quadra;Não informado;Longo da via;0;1;0;1;0;0;0;0;0;0;0;0;0;(-38.6214824 -3.8243459);
WNR2552;2021-09-02 21:42:00;Avenida José Bastos;;;RODOLFO TEOFILO;WNR2552;Colisão;Não informado;Não informado;Não informado;Meio de quadra;Não informado;Longo da via;0;1;0;1;1;0;0;0;0;0;0;0;0;(-38.5451689 -3.7444701);
KDQ0632;2021-09-02 20:08:00;Avenida Francisco Sá;;;CARLITO PAMPLONA;KDQ0632;Colisão;Não informado;Não informado;Não informado;Meio de quadra;Não informado;Longo da via;0;1;0;1;1;0;0;0;0;0;0;0;0;(-38.55458 -3.7183483);
GJC1913;2021-09-02 19:24:00;Avenida Engenheiro Leal Lima Verde;;;SAPIRANGA / COITE;GJC1913;Colisão;Não informado;Não informado;Não informado;Meio de quadra;Não informado;Longo da via;0;1;0;2;0;0;0;0;0;0;0;0;0;(-38.4743408 -3.8138668);
XUS1421;2021-09-02 19:10:00;Estrada Barão de Aquiraz;;;MESSEJANA;XUS1421;Colisão;Não informado;Não informado;Não informado;Meio de quadra;Não informado;Longo da via;0;1;0;1;1;0;0;0;0;0;0;0;0;(-38.4831443 -3.8424894);
YFL9815;2021-09-02 19:08:00;Rua Francisca Bezerra Lima;;;BARROSO;YFL9815;Colisão;Não informado;Não informado;Não informado;Meio de quadra;Não informado;Longo da via;0;1;0;0;0;0;0;0;0;0;1;0;0;(-38.5067523 -3.8181314);
CLP5174;2021-09-02 19:07:00;Avenida Deputado Paulino Rocha;;;CAJAZEIRAS;CLP5174;Colisão;Não informado;Não informado;Não informado;Meio de quadra;Não informado;Longo da via;0;1;0;0;1;0;1;0;0;0;0;0;0;(-38.5081187 -3.8041469);
STT9988;2021-09-02 18:52:00;Rua Eusébio de Souza;;;FATIMA;STT9988;Colisão;Não informado;Não informado;Não informado;Meio de quadra;Não informado;Longo da via;0;1;0;0;0;0;0;0;0;0;1;0;0;(-38.5293697 -3.7485165);
ZLI0228;2021-09-02 18:16:00;RUA BR DE AQUIRAZ;AV WASHINGTON SOARES;;MESSEJANA;ZLI0228;Colisão;Não informado;Não informado;Não informado;Y;Não informado;Cruzamento;0;1;0;1;1;0;0;0;0;0;0;0;0;(-38.4798656 -3.845172899999999);
VQE3405;2021-09-02 18:01:00;Avenida Washington Soares;;;PAUPINA;VQE3405;Colisão;Não informado;Não informado;Não informado;Meio de quadra;Não informado;Longo da via;0;1;0;1;1;0;0;0;0;0;0;0;0;(-38.48134530000001 -3.8376824);
BIO9927;2021-09-02 15:19:00;Rua Engenheiro Serraine;;;ANTONIO BEZERRA;BIO9927;Colisão;Não informado;Não informado;Não informado;Meio de quadra;Não informado;Longo da via;0;1;0;1;1;0;0;0;0;0;0;0;0;(-38.58545795635392 -3.736580483047897);
UFA3849;2021-09-02 13:01:00;Avenida Américo Barreira;;;DEMOCRITO ROCHA;UFA3849;Colisão;Não informado;Não informado;Não informado;Meio de quadra;Não informado;Longo da via;0;2;0;2;0;0;0;0;0;0;0;0;0;(-38.5676869 -3.7652334);
UQB2322;2021-09-02 12:42:00;Rua Plácido de Carvalho;RUA AMARO CAVALCANTI;;MONTE CASTELO;UQB2322;Queda;Não informado;Não informado;Não informado;T;Não informado;Cruzamento;0;1;0;1;0;0;0;0;0;0;0;0;0;(-38.555812 -3.723605);
MHO1134;2021-09-02 10:54:00;Avenida Washington Soares;;;GUARARAPES;MHO1134;Atropelamento;Não informado;Não informado;Não informado;Meio de quadra;Não informado;Longo da via;0;1;0;1;0;0;0;0;0;0;0;0;0;(-38.4853414 -3.7582826);
XKW8090;2021-09-02 10:14:00;Avenida Mozart Pinheiro de Lucena;;;QUINTINO CUNHA;XKW8090;Colisão;Não informado;Não informado;Não informado;Meio de quadra;Não informado;Longo da via;0;2;0;0;1;0;0;0;0;1;0;0;0;(-38.598303 -3.727429);
CYV7437;2021-09-02 10:12:00;Rua Guarani;;;JOAO XXIII;CYV7437;Queda;Não informado;Não informado;Não informado;Meio de quadra;Não informado;Longo da via;0;1;0;0;0;0;0;0;0;1;0;0;0;(-38.5838122 -3.7707043);
PNU1239;2021-09-02 07:31:00;Rua Ana Bilhar;;;MEIRELES;PNU1239;Capotamento;Não informado;Não informado;Não informado;Meio de quadra;Não informado;Longo da via;0;1;0;0;0;0;0;0;0;0;1;0;0;(-38.4972542 -3.7287923);
DFD8199;2021-09-02 05:47:00;Rua Cônego Lima Sucupira;;;PARANGABA;DFD8199;Colisão;Não informado;Não informado;Não informado;Meio de quadra;Não informado;Longo da via;0;1;0;1;1;0;0;0;0;0;0;0;0;(-38.55856199999999 -3.7755485);
AII9036;2021-09-02 04:43:00;RUA CONTORNO SUL;;;JANGURUSSU;AII9036;Atropelamento;Não informado;Não informado;Não informado;Meio de quadra;Não informado;Longo da via;0;1;0;0;0;0;0;0;0;0;1;0;0;(-38.5199088 -3.8377883);
ODG8760;2021-09-02 02:47:00;Rua Vicente Pinheiro;;;BOM JARDIM;ODG8760;Colisão;Não informado;Não informado;Não informado;Meio de quadra;Não informado;Longo da via;0;1;0;2;0;0;0;0;0;0;0;0;0;(-38.59422840000001 -3.7912407);
JNN0455;2021-09-02 01:37:00;Rua Padre Rodolfo;;;MONDUBIM;JNN0455;Colisão;Não informado;Não informado;Não informado;Meio de quadra;Não informado;Longo da via;0;2;0;1;1;0;0;0;0;0;0;0;0;(-38.5840193 -3.8062889);
QMW4263;2021-09-02 01:34:00;Rua Cônego de Castro;;;PARQUE SAO JOSE;QMW4263;Colisão;Não informado;Não informado;Não informado;Meio de quadra;Não informado;Longo da via;0;2;0;1;1;0;0;0;0;0;0;0;0;(-38.5898068 -3.8024558);
OTU6297;2021-09-02 01:19:00;Rua Pôrto Feliz;;;PAUPINA;OTU6297;Queda;Não informado;Não informado;Não informado;Meio de quadra;Não informado;Longo da via;0;1;0;0;0;0;0;0;0;1;0;0;0;(-38.4910146 -3.8650116);
MXV0223;2021-09-01 23:50:00;RUA MIGUEL GURGEL;;;MESSEJANA;MXV0223;Queda;Não informado;Não informado;Não informado;Meio de quadra;Não informado;Longo da via;0;1;0;1;0;0;0;0;0;0;0;0;0;(-38.4824514 -3.8402533);
FDK9899;2021-09-01 23:43:00;Rua Oscar França;;;GRANJA LISBOA;FDK9899;Queda;Não informado;Não informado;Não informado;Meio de quadra;Não informado;Longo da via;0;1;0;1;0;0;0;0;0;0;0;0;0;(-38.5989096 -3.7919791);
BRA4769;2021-09-01 21:40:00;Avenida Waldir Diogo;;;MONDUBIM;BRA4769;Colisão;Não informado;Não informado;Não informado;Meio de quadra;Não informado;Longo da via;0;1;0;1;1;0;0;0;0;0;0;0;0;(-38.5823666 -3.8062198);
XWT3864;2021-09-01 21:30:00;Avenida Carlos Amora;;;PARANGABA;XWT3864;Colisão;Não informado;Não informado;Não informado;Não informado;Não informado;Longo da via;0;1;0;2;0;0;0;0;0;0;0;0;0;(-38.5635371 -3.7753417);
IFA0409;2021-09-01 21:30:00;Rua Professora Heloísa Ferreira Lima;RUA MAD ELISA BALDO;;SERRINHA;IFA0409;Colisão;Não informado;Não informado;Não informado;Cruz;Não informado;Cruzamento;0;1;0;2;0;0;0;0;0;0;0;0;0;(-38.5455425 -3.7868438);
VCZ3774;2021-09-01 21:21:00;Rua Doutor Ribamar Lobo;AV SANTOS DUMONT;;CIDADE 2000;VCZ3774;Colisão;Não informado;Não informado;Não informado;Cruz;Não informado;Cruzamento;0;1;0;1;1;0;0;0;0;0;0;0;0;(-38.4678623 -3.7460142);
WYP3815;2021-09-01 20:50:00;Avenida dos Expedicionários;;;VILA UNIAO;WYP3815;Colisão;Não informado;Não informado;Não informado;Meio de quadra;Não informado;Longo da via;0;1;0;0;0;0;0;0;0;0;1;0;0;(-38.5422877 -3.7681923);
KKT2922;2021-09-01 20:01:00;Avenida Leste Oeste;;;CARLITO PAMPLONA;KKT2922;Colisão;Não informado;Não informado;Não informado;Meio de quadra;Não informado;Longo da via;0;1;0;1;1;0;0;0;0;0;0;0;0;(-38.5548753 -3.7119006);
GWE5425;2021-09-01 19:41:00;Rua Osvaldo Cruz;;;DIONISIO TORRES;GWE5425;Colisão;Não informado;Não informado;Não informado;Meio de quadra;Não informado;Longo da via;0;1;0;0;1;0;0;0;0;1;0;0;0;(-38.5053248 -3.7505925);
MPB9031;2021-09-01 19:34:00;AV WASHINGTON SOARES;RUA TAB JOAQUIM COELHO;;SAPIRANGA / COITE;MPB9031;Atropelamento;Não informado;Não informado;Não informado;Cruz;Não informado;Cruzamento;0;1;0;1;0;0;0;0;0;0;0;0;0;(-38.4797506 -3.7969684);
JEJ5949;2021-09-01 16:16:00;Rua Doutor Itamar Espíndola ;;;SAPIRANGA / COITE;JEJ5949;Colisão;Não informado;Não informado;Não informado;Meio de quadra;Não informado;Longo da via;0;1;0;1;0;0;1;0;0;0;0;0;0;(-38.4605667 -3.7947735);
AHV0209;2021-09-01 16:15:00;Rua Cônego Lima Sucupira;;;SERRINHA;AHV0209;Colisão;Não informado;Não informado;Não informado;Não informado;Não informado;Longo da via;0;1;0;0;0;0;0;0;0;0;1;0;0;(-38.5492498 -3.7788306);
IAL2323;2021-09-01 15:40:00;Avenida Beira Mar;;;MEIRELES;IAL2323;Queda;Não informado;Não informado;Não informado;Não informado;Não informado;Longo da via;0;1;0;0;0;0;0;0;0;1;0;0;0;(-38.5027798 -3.7242701);
GYP1681;2021-09-01 15:16:00;Avenida General Osório de Paiva;;;SIQUEIRA;GYP1681;Colisão;Não informado;Não informado;Não informado;Não informado;Não informado;Longo da via;0;1;0;0;0;0;0;0;0;0;1;0;0;(-38.6097455 -3.8118541);
HAI7249;2021-09-01 13:33:00;Rua Professor Heribaldo Costa;;;JOAO XXIII;HAI7249;Colisão;Não informado;Não informado;Não informado;Não informado;Não informado;Longo da via;0;1;0;1;1;0;0;0;0;0;0;0;0;(-38.5889509 -3.769354899999999);
MJB9570;2021-09-01 13:29:00;Rua José Meneleu;RUA INGLATERRA;;ITAPERI;MJB9570;Colisão;Não informado;Não informado;Não informado;Não informado;Não informado;Cruzamento;0;1;0;1;1;0;0;0;0;0;0;0;0;(-38.559995 -3.7833713);
QDY1093;2021-09-01 12:57:00;Avenida Ministro José Américo;;;CAMBEBA;QDY1093;Colisão;Não informado;Não informado;Não informado;Não informado;Não informado;Longo da via;0;1;0;1;1;0;0;0;0;0;0;0;0;(-38.4962641 -3.8112701);
IQO3506;2021-09-01 12:06:00;Rua Paulino Nogueira;;;BENFICA;IQO3506;Queda;Não informado;Não informado;Não informado;Não informado;Não informado;Longo da via;0;1;0;1;0;0;0;0;0;0;0;0;0;(-38.5377444 -3.7439702);
YWK5222;2021-09-01 11:05:00;Avenida Presidente Castelo Branco;;;PIRAMBU;YWK5222;Colisão;Não informado;Não informado;Não informado;Meio de quadra;Não informado;Longo da via;0;1;0;1;1;0;0;0;0;0;0;0;0;(-38.5532976 -3.7123777);
HPJ1365;2021-09-01 10:51:00;Avenida Santos Dumont;RUA SILVA PAULET;;ALDEOTA;HPJ1365;Atropelamento;Não informado;Não informado;Não informado;Cruz;Não informado;Cruzamento;0;1;0;0;1;0;0;0;0;0;0;0;0;(-38.5052598 -3.733989299999999);
XJY3805;2021-09-01 10:13:00;Avenida A;;;CONJUNTO CEARA I;XJY3805;Colisão;Não informado;Não informado;Não informado;Não informado;Não informado;Longo da via;0;1;0;1;1;0;0;0;0;0;0;0;0;(-38.6051034 -3.7715867);
QCF8294;2021-09-01 10:07:00;Avenida Presidente Castelo Branco;;;CENTRO;QCF8294;Colisão;Não informado;Não informado;Não informado;Meio de quadra;Não informado;Longo da via;0;1;0;1;1;0;0;0;0;0;0;0;0;(-38.5225353 -3.7232257);
NWQ7407;2021-09-01 09:57:00;RUA PROF PAULO MARIA DE ARAGAO;RUA GURGEL DO AMARAL;;MESSEJANA;NWQ7407;Colisão;Não informado;Não informado;Não informado;T;Não informado;Cruzamento;0;1;0;1;1;0;0;0;0;0;0;0;0;(-38.4851251 -3.8362054);
PFX0024;2021-09-01 06:27:00;Rua Conegundes Rodrigues;;;PARREAO;PFX0024;Atropelamento;Não informado;Não informado;Não informado;Não informado;Não informado;Longo da via;0;1;0;0;1;0;0;0;0;0;0;0;0;(-38.5429315 -3.7626187);
WED1764;2021-09-01 04:49:00;Avenida Bernardo Manuel;;;ITAPERI;WED1764;Queda;Não informado;Não informado;Não informado;Não informado;Não informado;Longo da via;0;1;0;1;0;0;0;0;0;0;0;0;0;(-38.5519816 -3.8010153);
FZR6334;2021-10-31 10:30:00;Rua Benjamim Brasil;RUA JOAQUIM JERONIMO;;JARDIM CEARENSE;968935;Colisão Transversal;Amanhecer;Chuva;Molhada;T;Não há Controle;Cruzamento;0;1;1;0;2;0;0;0;0;0;0;0;0;(-38.5649709 -3.8054265);
QNG0261;2021-10-31 07:40:00;RUA RIO GRANDE DO SUL;RUA PERNAMBUCO;;DEMOCRITO ROCHA;968633;Colisão Lateral;Via Iluminada;Bom;Seca;Cruz;Pare;Cruzamento;0;2;0;0;2;0;0;0;0;0;0;0;0;(-44.8943549 -20.1460824);
MTO6104;2021-11-01 01:00:00;RUA SILVA PAULET ;RUA JOAO CARVALHO;;ALDEOTA;968412;Colisão Lateral;Via Iluminada;Bom;Seca;Cruz;Pare;Cruzamento;0;1;1;1;1;0;0;0;0;0;0;0;0;(-38.5065309 -3.737982);
ULK7381;2021-10-31 05:10:00;Rua Bento Albuquerque;;;CIDADE 2000;965478;Choque c/ Obstáculo Fixo;Não informado;Nublado;Seca;Meio de quadra;Não há Controle;Longo da via;0;0;0;0;1;0;0;0;0;0;0;0;0;(-38.479366 -3.7448242);
JSE5554;2021-10-31 03:00:00;AV ALBERTO SA;RUA DR ALOISIO MAMEDE;;VARJOTA;959369;Outros;Via Iluminada;Nublado;Molhada;Não informado;Não há Controle;Cruzamento;0;1;1;1;1;0;0;0;0;0;0;0;0;(-38.4839945 -3.7320229);
UJF8813;2021-10-30 17:40:00;Avenida Dioguinho;RUA PRO MOZART SOLON;;PRAIA DO FUTURO I;969120;Engavetamento;Luz do Dia;Bom;Seca;Cruz;Não há Controle;Cruzamento;0;1;1;0;1;0;2;0;0;0;0;0;0;(-38.455251 -3.7381753);
DSY6876;2021-10-30 19:40:00;Rua Monsenhor Antero;;;CIDADE DOS FUNCIONRAIOS;969051;Colisão Transversal;Via Iluminada;Bom;Seca;Meio de quadra;Pare;Longo da via;0;1;0;1;1;0;0;0;0;0;0;0;0;(-38.4934924 -3.7967696);
YRF5614;2021-10-30 22:42:00;Avenida Rui Barbosa;;;DIONISIO TORRES;969049;Queda;Mal Iluminada;Nublado;Seca;Meio de quadra;Outros;Longo da via;0;1;0;1;0;0;0;0;0;0;0;0;0;(-38.5129728 -3.747638);
UMB4010;2021-10-30 04:55:00;Avenida da Abolição;;;MUCURIPE;969035;Colisão Traseira;Via Iluminada;Bom;Seca;Meio de quadra;Outros;Longo da via;0;0;3;0;3;0;0;0;0;0;0;0;0;(-38.4909584 -3.7263464);
SAT9131;2021-10-30 22:15:00;Avenida Deputado Paulino Rocha;RUA SAO CIPRIANO;;CASTELAO;968531;Colisão Lateral;Via Iluminada;Bom;Seca;T;Pare;Cruzamento;0;1;1;1;1;0;0;0;0;0;0;0;0;(-38.520558 -3.8099026);
QSV3925;2021-10-30 10:10:00;Avenida Sargento Hermínio Sampaio;RUA PDE ANCHIETA;;MONTE CASTELO;967201;Colisão Traseira;Luz do Dia;Bom;Seca;Cruz;Semáforo;Cruzamento;0;0;3;0;3;0;0;0;0;0;0;0;0;(-38.5510732 -3.7246597);
RVB5218;2021-10-30 22:00:00;Avenida Santos Dumont;;;ALDEOTA;966855;Colisão Traseira;Via Iluminada;Bom;Seca;Meio de quadra;Semáforo;Longo da via;0;1;0;1;1;0;0;0;0;0;0;0;0;(-38.49908376799998 -3.735956103877398);
DRU6045;2021-10-30 13:15:00;RUA PEDRO I ;RUA ASSUNCAO;;CENTRO;966750;Colisão Transversal;Luz do Dia;Bom;Seca;Cruz;Semáforo;Cruzamento;0;1;1;1;1;0;0;0;0;0;0;0;0;(-38.5276515 -3.731554599999999);
NEX4828;2021-10-30 00:00:00;Avenida Antônio Justa;;;MEIRELES;969100;Colisão Transversal;Via Iluminada;Bom;Seca;Meio de quadra;Não há Controle;Longo da via;0;1;1;1;1;0;0;0;0;0;0;0;0;(-38.4893674 -3.7292742);
RQU1994;2021-10-29 18:13:00;Avenida Dionísio Leonel Alencar;RUA VALPARAISO;;JANGURUSSU;968724;Colisão;Luz do Dia;Bom;Não informado;Meio de quadra;Semáforo;Cruzamento;0;2;1;0;0;0;0;0;1;1;0;0;0;(-38.5049793 -3.8515592);
MIA4286;2021-10-29 10:15:00;RUA ANA NERI;RUA CAP FRANCISCO PEDRO;;RODOLFO TEOFILO;967473;Colisão Transversal;Luz do Dia;Bom;Seca;Cruz;Pare;Cruzamento;0;1;1;0;2;0;0;0;0;0;0;0;0;(-38.5490886 -3.7473944);
HYO9996;2021-10-30 00:00:00;Rua Professor Paulo Lopes;;;DOM LUSTOSA;966493;Colisão Lateral;Via Iluminada;Bom;Seca;T;Outros;Longo da via;0;1;1;1;1;0;0;0;0;0;0;0;0;(-38.5890827 -3.754751);
RPD4643;2021-10-28 12:30:00;RUA CRISANTO MOREIRA DA ROCHA;RUA WALDEMAR ALCANTARA;;CAMBEBA;969085;Colisão Transversal;Luz do Dia;Bom;Seca;Cruz;Pare;Cruzamento;0;1;1;1;1;0;0;0;0;0;0;0;0;(-38.48085 -3.7992336);
HRT8529;2021-10-28 08:50:00;AV LUCIANO CARNEIRO;RUA DOMINGOS JAGUARIBE;;VILA UNIAO;968967;Colisão Lateral;Luz do Dia;Bom;Seca;Cruz;Semáforo;Cruzamento;0;1;2;1;1;0;0;0;0;0;0;0;0;(-38.5367103 -3.7649389);
PGQ5238;2021-10-28 16:13:00;AV OLIVEIRA PAIVA;AV WASHINGTON SOARES;;PARQUE MANIBURA;968835;Engavetamento;Luz do Dia;Bom;Seca;Cruz;Semáforo;Cruzamento;0;0;4;0;4;0;0;0;0;0;0;0;0;(-38.4800159 -3.795685899999999);
RGX1240;2021-10-29 16:10:00;Rua Cristiane Otoni;RUA FRIEZIO BARROSO;;PARQUE DOIS IRMAOS;968754;Colisão Lateral;Luz do Dia;Bom;Seca;Cruz;Pare;Cruzamento;0;1;1;1;1;0;0;0;0;0;0;0;0;(-38.5597945 -3.8136579);
MYG0274;2021-10-28 16:59:00;Avenida João Pessoa;;;DAMAS;968746;Colisão Traseira;Luz do Dia;Bom;Seca;Meio de quadra;Não há Controle;Longo da via;0;1;1;0;0;0;0;1;0;0;1;0;0;(-38.5550759 -3.7587176);
SGE3060;2021-10-28 22:00:00;Rua Veneza;RUA CEL GUILHERME ALENCAR;;MESSEJANA;968530;Colisão Transversal;Via Iluminada;Bom;Seca;Cruz;Pare;Cruzamento;0;2;0;2;0;0;0;0;0;0;0;0;0;(-38.4929538 -3.8363049);
FDF5210;2021-10-28 21:35:00;Avenida Bezerra de Menezes;;;FARIAS BRITO;967976;Colisão;Via Iluminada;Bom;Seca;Meio de quadra;Semáforo;Longo da via;0;2;1;1;2;0;0;0;0;0;0;0;0;(-38.5542354 -3.7335608);
IRG0658;2021-10-28 19:00:00;Avenida Almirante Henrique Sabóia;;;VARJOTA;966894;Colisão Lateral;Luz do Dia;Bom;Seca;Meio de quadra;Outros;Longo da via;0;1;1;1;1;0;0;0;0;0;0;0;0;(-38.4805712 -3.7279084);
XHV5916;2021-10-28 10:00:00;Rua Coronel João de Oliveira;;;MESSEJANA;967408;Colisão Lateral;Luz do Dia;Bom;Seca;Duplo T;Outros;Longo da via;0;1;1;1;0;0;0;0;0;1;0;0;0;(-38.487562689148 -3.822914971782059);
CWS2089;2021-10-28 19:00:00;Avenida Padre Antônio Tomás;;;VARJOTA;966894;Colisão Lateral;Luz do Dia;Bom;Seca;Meio de quadra;Outros;Longo da via;0;0;1;1;1;0;0;0;0;0;0;0;0;(-38.4895892 -3.7435603);
ZNW8585;2021-10-27 12:40:00;Rua Maria Tomásia;RUA BARBOSA DE FREITAS;;ALDEOTA;969056;Colisão Transversal;Luz do Dia;Bom;Seca;Cruz;Pare;Cruzamento;0;1;1;1;1;0;0;0;0;0;0;0;0;(-38.4970451 -3.7355665);
ZWV0452;2021-10-25 10:20:00;Rua Professor Murilo da Silveira;RUA OLIVEIRA FILHO;;VICENTE PINZON;969027;Colisão Transversal;Luz do Dia;Bom;Seca;Cruz;Pare;Longo da via;0;0;0;1;0;0;0;1;0;0;0;0;0;(-38.46514478549779 -3.724536118001321);
JVH7108;2021-10-27 22:30:00;Avenida Jornalista Tomaz Coelho;;;MESSEJANA;968924;Colisão Frontal;Via Iluminada;Bom;Seca;Meio de quadra;Outros;Longo da via;0;1;0;2;0;0;0;0;0;0;0;0;0;(-38.5107767 -3.8295793);
NBP5528;2021-10-25 21:04:00;Rua Leonardo Mota;RUA PEREIRA VALENTE;;MEIRELES;969018;Colisão Transversal;Via Iluminada;Bom;Seca;Cruz;Pare;Longo da via;0;1;1;1;1;0;0;0;0;0;0;0;0;(-38.49516943414883 -3.733074251594396);
VBX8539;2021-10-27 13:10:00;Rua Fiscal Perdigão;;;CIDADE DOS FUNCIONRAIOS;968801;Colisão Frontal;Luz do Dia;Bom;Seca;Meio de quadra;Pare;Longo da via;0;1;1;0;2;0;0;0;0;0;0;0;0;(-38.4963956 -3.799246399999999);
NZJ4156;2021-10-27 20:40:00;Avenida Radialista Jose Lima Verde;RUA ESTEVAO DE CAMPOS;;BARRA DO CEARA;968592;Colisão Transversal;Via Iluminada;Bom;Seca;Y;Pare;Cruzamento;0;2;0;2;0;0;0;0;0;0;0;0;0;(-38.5891095 -3.701127899999999);
NZI3423;2021-10-25 19:53:00;Avenida Oliveira Paiva;;;CIDADE DOS FUNCIONRAIOS;968950;Colisão Traseira;Luz do Dia;Bom;Seca;Meio de quadra;Não há Controle;Longo da via;0;0;0;1;1;0;0;0;0;0;0;0;0;(-38.48333554580308 -3.796029036329991);
MIV4070;2021-10-25 12:15:00;Rua 15 de Novembro;RUA CESAR ROSSAS;;MONTESE;968910;Colisão Transversal;Luz do Dia;Bom;Não informado;Cruz;Semáforo;Longo da via;0;2;1;1;1;0;0;0;0;0;0;0;0;(-38.55492904818568 -3.769297495382486);
NHM0877;2021-10-27 22:30:00;Rua Trajano de Águiar;RUA GEORGE CAVALCANTE;;VILA VELHA;968199;Colisão Lateral;Via Iluminada;Bom;Seca;Cruz;Pare;Cruzamento;0;1;1;1;1;0;0;0;0;0;0;0;0;(-38.5897115 -3.7128942);
MIO0067;2021-10-25 13:00:00;Avenida Domingos Olímpio;RUA BAR RIO BRANCO;;JOSE BONIFACIO;968906;Colisão Lateral;Luz do Dia;Bom;Seca;Cruz;Semáforo;Longo da via;0;1;1;1;1;0;0;0;0;0;0;0;0;(-38.5314758 -3.7365072);
IIZ3748;2021-10-25 20:04:00;Avenida Presidente Juscelino Kubitschek;;;CASTELAO;968816;Colisão Traseira;Luz do Dia;Bom;Seca;Rotatória;Dê Preferência;Longo da via;0;1;2;1;2;0;0;0;0;0;0;0;0;(-38.52578417324012 -3.808227636722434);
ZKH8309;2021-10-27 12:30:00;Avenida dos Expedicionários;;;JARDIM AMERICA;966783;Colisão Traseira;Luz do Dia;Bom;Seca;Meio de quadra;Outros;Longo da via;0;1;1;1;1;0;0;0;0;0;0;0;0;(-38.5370089 -3.7512798);
NTK5302;2021-10-26 10:10:00;Avenida Heráclito Graça;;;CENTRO;969054;Colisão Traseira;Luz do Dia;Chuva;Molhada;Meio de quadra;Semáforo;Longo da via;0;1;1;1;0;0;0;1;0;0;0;0;0;(-38.5182063 -3.7358291);
BBC1655;2021-10-25 15:12:00;Rua Carlos Magno;;;MONDUBIM;968815;Choque c/ Obstáculo Fixo;Luz do Dia;Bom;Seca;Meio de quadra;Não há Controle;Longo da via;0;2;0;0;0;0;0;1;0;0;0;0;0;(-38.57907965721747 -3.815341176931793);
SSN1825;2021-10-26 23:01:00;Rua Deputado Moreira da Rocha;;;MEIRELES;969053;Choque c/ Obstáculo Fixo;Via Iluminada;Bom;Seca;Meio de quadra;Outros;Longo da via;0;0;4;0;3;0;0;0;0;0;1;0;0;(-38.50517550000001 -3.7272441);
BTG4842;2021-10-25 04:13:00;Rua Rio Grande do Sul;RUA PERNAMBUCO;;DEMOCRITO ROCHA;968735;Colisão Transversal;Via Iluminada;Bom;Seca;Cruz;Pare;Longo da via;0;1;0;1;1;0;0;0;0;0;0;0;0;(-38.56833473048417 -3.759855080397483);
OOO1176;2021-10-26 23:45:00;Rua 15 de Novembro;RUA BAR CANINDE;;ITAOCA;968980;Colisão Transversal;Via Iluminada;Nublado;Seca;Cruz;Semáforo;Cruzamento;0;2;1;1;0;0;0;1;0;0;0;0;0;(-38.5567768 -3.7686194);
JMI6840;2021-10-26 16:00:00;RUA FRANCISCO VILELA;RUA JABAQUARA;;BOA VISTA;968642;Colisão Transversal;Luz do Dia;Bom;Seca;Cruz;Pare;Cruzamento;0;2;1;0;1;0;0;0;1;0;0;0;0;(-38.5151535 -3.7980596);
UJZ7884;2021-10-26 20:45:00;Avenida Governador Raul Barbosa;RUA MAJ JOSE ARAUJO AGUIAR;;AEROLANDIA;968619;Colisão Lateral;Via Iluminada;Bom;Seca;Cruz;Semáforo;Cruzamento;0;1;1;1;0;0;1;0;0;0;0;0;0;(-38.5130907 -3.7754166);
EOY9479;2021-10-26 10:00:00;Avenida Waldir Diogo;;;MONDUBIM;968553;Colisão;Luz do Dia;Bom;Seca;Meio de quadra;Semáforo;Longo da via;0;1;1;1;1;0;0;0;0;0;0;0;0;(-38.583761 -3.8053016);
HJM7057;2021-10-25 10:30:00;Rua Dom Manuel de Medeiros;RUA DOM LINO;;PARQUELANDIA;968158;Colisão Transversal;Luz do Dia;Bom;Seca;Cruz;Pare;Longo da via;0;2;0;1;1;0;0;0;0;0;0;0;0;(-38.5568725 -3.737639499999999);
TXC7924;2021-10-26 12:30:00;RUA VITORIA;;;HENRIQUE JORGE;968478;Colisão Lateral;Luz do Dia;Bom;Seca;Meio de quadra;Outros;Longo da via;0;0;2;0;1;0;1;0;0;0;0;0;0;(-38.5890434 -3.7661554);
OYZ8596;2021-10-26 13:50:00;AV JOVITA FEITOSA;;;BENFICA;968475;Colisão Transversal;Luz do Dia;Bom;Seca;Meio de quadra;Pare;Longo da via;0;0;2;0;2;0;0;0;0;0;0;0;0;(-38.54878682011497 -3.737897741811991);
WFC4727;2021-10-25 18:00:00;Avenida da Abolição;RUA OSVALDO CRUZ;;ALDEOTA;963621;Colisão Transversal;Via Iluminada;Bom;Seca;Cruz;Semáforo Intermitente;Longo da via;0;0;2;0;2;0;0;0;0;0;0;0;0;(-38.4975512416185 -3.726650585141181);
CYS0793;2021-10-23 19:30:00;Avenida Godofredo Maciel;RUA DR RODRIGO C SANDOVAL;;MARAPONGA;969017;Colisão Transversal;Luz do Dia;Bom;Seca;T;Não há Controle;Cruzamento;0;1;1;0;2;0;0;0;0;0;0;0;0;(-38.572456 -3.8048837);
EOF3303;2021-10-23 12:40:00;Avenida Rui Barbosa;;;DIONISIO TORRES;968993;Colisão Transversal;Luz do Dia;Bom;Não informado;Meio de quadra;Semáforo;Longo da via;0;2;0;0;2;0;0;0;0;0;0;0;0;(-38.5120472 -3.7441524);