COD_ACIDENTE;DATA;LOG1;LOG2;NUMERO;BAIRRO;AMC;NATUREZA;ILUMINACAO;TEMPO;SUPERFICIEPISTA;TIPOCRUZAMENTO;CONTROLETRAFEGO;USOSOLO;MORTOS;FERIDOS;ILESOS;MOTOCICLETA;AUTOMOVEL;MICROONIBUS;CAMINHAO;ONIBUS;CICLOMOTOR;BICICLETA;OUTROS;TREM;TRACAOANIMAL;COORDENADAS
KXW4536;2021-10-24 10:40:00;Avenida Almirante Maximiniano da Fonseca;AV PINTO BANDEIRA D56;;ENGENHEIRO LUCIANO CAVALCANTE;969034;Colisão Transversal;Luz do Dia;Bom;Seca;T;Pare;Longo da via;0;1;0;1;1;0;0;0;0;0;0;0;0;(-38.4860854 -3.7710243);
ODP6748;2021-10-23 17:30:00;Rua Barão de Sobral;;;MONTESE;968641;Colisão Traseira;Luz do Dia;Bom;Seca;Meio de quadra;Semáforo;Longo da via;0;0;1;0;1;0;0;1;0;0;0;0;0;(-38.5574598 -3.7650754);
NLW2377;2021-10-24 08:52:00;Avenida João Pessoa;RUA DELMIRO FARIAS;;DAMAS;968092;Colisão Transversal;Luz do Dia;Bom;Seca;Cruz;Não há Controle;Longo da via;0;1;1;1;0;0;0;1;0;0;0;0;0;(-38.54753729999999 -3.7502715);
CZI7815;2021-10-25 01:00:00;Avenida Doutor Silas Munguba;;;PARANGABA;967770;Choque c/ Obstáculo Fixo;Via Iluminada;Bom;Seca;Meio de quadra;Não há Controle;Longo da via;0;0;1;0;1;0;0;0;0;0;0;0;0;(-38.56109278279903 -3.778793335404356);
SQR2314;2021-10-23 09:20:00;Avenida Presidente Castelo Branco;;;BARRA DO CEARA;968208;Colisão Transversal;Não informado;Bom;Seca;Meio de quadra;Não informado;Longo da via;0;1;1;2;0;0;0;0;0;0;0;0;0;(-38.5853063 -3.7013379);
CRC7070;2021-10-23 16:30:00;AV LESTE OESTE;;;MOURA BRASIL;967846;Colisão Traseira;Luz do Dia;Bom;Seca;Meio de quadra;Semáforo;Longo da via;0;1;1;1;0;0;0;1;0;0;0;0;0;(-38.53318757196269 -3.71875518241458);
JVH4568;2021-10-22 19:49:00;AV PRE CASTELO BRANCO;RUA BORIS;;CENTRO;968953;Colisão Lateral;Luz do Dia;Bom;Seca;Cruz;Não há Controle;Cruzamento;0;1;1;1;0;0;1;0;0;0;0;0;0;(-38.5210426 -3.7231604);
NCV2741;2021-10-21 22:30:00;Rua Padre Guerra;;;PARQUELANDIA;968854;Colisão Lateral;Via Iluminada;Bom;Seca;Meio de quadra;Outros;Longo da via;0;2;0;2;0;0;0;0;0;0;0;0;0;(-38.5566469 -3.7387074);
IUE7836;2021-10-22 22:00:00;Rua Conde d'Eu;;;CENTRO;968547;Colisão Lateral;Anoitecer;Bom;Seca;Meio de quadra;Outros;Longo da via;0;2;1;1;1;0;0;0;0;0;0;0;0;(-38.5257582 -3.7256026);
BNR7938;2021-10-21 15:30:00;Rua Valdetário Mota;;;PAPICU;968814;Choque c/ Obstáculo Fixo;Luz do Dia;Bom;Seca;Meio de quadra;Semáforo;Longo da via;0;0;0;0;1;0;0;0;0;0;0;0;0;(-38.47844855112564 -3.733374021548594);
NAT8982;2021-10-22 16:12:00;AV DUQUE DE CAXIAS;RUA VINTE E QUATRO DE MAIO;;CENTRO;968526;Colisão Lateral;Luz do Dia;Bom;Seca;Cruz;Semáforo;Cruzamento;0;1;1;1;1;0;0;0;0;0;0;0;0;(-38.5332388 -3.730681);
BNV9485;2021-10-21 10:24:00;Avenida Almirante Henrique Sabóia;;;VARJOTA;968570;Colisão;Luz do Dia;Bom;Seca;Outros;Não há Controle;Longo da via;0;1;0;1;0;0;0;0;0;0;0;0;0;(-38.48486808039481 -3.73565633480499);
SZE0841;2021-10-22 16:30:00;Rua Lineu Jucá;RUA MOREIRA GOMES;;VILA UNIAO;967995;Colisão Transversal;Luz do Dia;Bom;Seca;Cruz;Pare;Cruzamento;0;0;2;0;2;0;0;0;0;0;0;0;0;(-38.5363264 -3.7677007);
THR3482;2021-10-22 00:00:00;Avenida Duque de Caxias;RUA ASSUNCAO;;CENTRO;968189;Colisão Lateral;Via Iluminada;Bom;Seca;Cruz;Semáforo;Longo da via;0;0;2;0;2;0;0;0;0;0;0;0;0;(-38.5279453 -3.7323739);
QOG8705;2021-10-21 04:09:00;Avenida Augusto dos Anjos;RUA PLANALTINA (BONSUCESSO);;BONSUCESSO;968014;Colisão Lateral;Não informado;Bom;Não informado;Cruz;Não informado;Longo da via;0;0;0;1;1;0;0;0;0;0;0;0;0;(-38.58427778227616 -3.786287160585462);
AYO7918;2021-10-19 22:00:00;RUA ALMEIDA PRADO;;;PAPICU;968855;Colisão Lateral;Via Iluminada;Bom;Seca;Meio de quadra;Semáforo;Longo da via;0;1;1;1;1;0;0;0;0;0;0;0;0;(-38.47177887506766 -3.741801580309879);
QMF9207;2021-10-19 13:30:00;Rua Júlio Lima;;;CIDADE DOS FUNCIONRAIOS;968552;Colisão Traseira;Luz do Dia;Bom;Seca;Meio de quadra;Outros;Longo da via;0;0;2;0;2;0;0;0;0;0;0;0;0;(-38.50005 -3.796031);
TLC3631;2021-10-20 09:43:00;Rua Professor Heribaldo Costa;RUA PORTO ALEGRE;;HENRIQUE JORGE;968988;Colisão Transversal;Luz do Dia;Bom;Seca;Cruz;Gesto;Longo da via;0;1;1;1;1;0;0;0;0;0;0;0;0;(-38.58540259999999 -3.7630185);
VXV5553;2021-10-19 18:05:00;Avenida Edilson Brasil Soares;RUA NUBIA BARROCAS;;PARQUE MANIBURA;968551;Colisão Transversal;Luz do Dia;Bom;Seca;Cruz;Outros;Cruzamento;0;1;1;1;1;0;0;0;0;0;0;0;0;(-38.4821945 -3.7896428);
WBO1685;2021-10-20 15:37:00;Rua João Areas;RUA SAO MANUEL;;MANOEL SATIRO;968725;Colisão Transversal;Luz do Dia;Bom;Seca;Cruz;Pare;Longo da via;0;1;0;1;1;0;0;0;0;0;0;0;0;(-38.57612923222722 -3.796569653690932);
CGO5475;2021-10-20 18:15:00;Rua Cônego de Castro;;;MANOEL SATIRO;968543;Choque c/ Obstáculo Fixo;Luz do Dia;Bom;Seca;Meio de quadra;Não há Controle;Longo da via;0;0;1;0;0;0;1;0;0;0;0;0;0;(-38.58449772834152 -3.797013923150005);
DAJ0182;2021-10-20 00:20:00;Rua Padre Valdevino;RUA JOAQUIM NABUCO;;DIONISIO TORRES;968093;Colisão Transversal;Anoitecer;Bom;Seca;Cruz;Semáforo;Cruzamento;0;1;2;0;2;0;0;0;0;0;0;0;0;(-38.512438 -3.740536);
KXH4491;2021-10-20 17:10:00;Rua Joaquim Moreira;;;PARANGABA;966522;Não informado;Luz do Dia;Bom;Seca;Outros;Gesto;Longo da via;0;0;0;1;0;0;0;0;0;0;0;0;0;(-38.56460645573106 -3.773108690545119);
RUY2647;2021-10-21 00:52:00;Rua São Paulo;AV TRISTAO GONCALVES;;CENTRO;959948;Colisão Frontal;Via Iluminada;Bom;Seca;Cruz;Semáforo;Longo da via;0;0;1;1;1;0;0;0;0;0;0;0;0;(-38.5324318 -3.7244243);
NWU5771;2021-10-21 01:35:00;Avenida Augusto dos Anjos;;;PARANGABA;959748;Atropelamento;Via Iluminada;Bom;Seca;Cruz;Semáforo;Longo da via;0;2;0;1;0;0;0;0;0;0;0;0;0;(-38.57058241718165 -3.770603580999938);
XES1416;2021-10-18 18:57:00;Avenida Augusto dos Anjos;;;PARANGABA;968949;Colisão Traseira;Luz do Dia;Bom;Seca;Meio de quadra;Não há Controle;Longo da via;0;0;0;1;1;0;0;0;0;0;0;0;0;(-38.5779167 -3.7787229);
ZYA8001;2021-10-18 16:15:00;Avenida Aguanambi;;;FATIMA;968930;Colisão Traseira;Anoitecer;Bom;Seca;Meio de quadra;Não há Controle;Longo da via;0;1;1;1;1;0;0;0;0;0;0;0;0;(-38.52351339526622 -3.750644662811843);
UCE7805;2021-10-19 20:15:00;Rua Capitão Melo;;;SAO JOAO DO TAUAPE;967764;Colisão Lateral;Via Iluminada;Bom;Seca;Meio de quadra;Pare;Longo da via;0;1;1;0;1;0;1;0;0;0;0;0;0;(-38.512706 -3.7568116);
DMU6938;2021-10-19 11:50:00;Rua Pôrto Velho;RUA PRO HERIBALDO COSTA;;HENRIQUE JORGE;966680;Colisão Frontal;Luz do Dia;Bom;Seca;Cruz;Semáforo;Cruzamento;0;1;1;1;0;0;1;0;0;0;0;0;0;(-38.5879934 -3.7654247);
XRP1187;2021-10-19 16:25:00;Avenida Castelo de Castro;;;JANGURUSSU;959346;Colisão Traseira;Luz do Dia;Bom;Seca;Não informado;Semáforo;Longo da via;0;1;0;0;0;0;1;1;0;0;0;0;0;(-38.5216745 -3.8311676);
KMX5659;2021-10-18 13:00:00;Avenida Frei Cirilo;RUA PAULO SETUBAL;;MESSEJANA;968908;Colisão Frontal;Não informado;Nublado;Seca;Cruz;Semáforo;Longo da via;0;1;0;1;1;0;0;0;0;0;0;0;0;(-38.49607049999999 -3.8204613);
RSB4354;2021-10-18 11:00:00;Rua Gustavo Sampaio;;;PARQUELANDIA;968872;Colisão Transversal;Não informado;Bom;Seca;Meio de quadra;Não informado;Longo da via;0;1;1;1;1;0;0;0;0;0;0;0;0;(-38.55595365249854 -3.735210110284601);
KAW6040;2021-10-18 23:20:00;Rua Padre Perdigão Sampaio;TR VIA FERREA SOBRAL;;ANTONIO BEZERRA;968591;Colisão Transversal;Mal Iluminada;Bom;Seca;Cruz;Cancela;Longo da via;0;2;0;0;1;0;0;0;0;0;0;1;0;(-38.5951695 -3.73625);
JXX0463;2021-10-18 15:14:00;RUA JOAO CARVALHO;AV BAR STUDART;;ALDEOTA;966953;Colisão Lateral;Luz do Dia;Bom;Seca;Cruz;Semáforo;Cruzamento;0;1;1;1;1;0;0;0;0;0;0;0;0;(-38.5075382 -3.7376449);
TJJ8173;2021-10-17 13:20:00;Avenida C;;;PREFEITO JOSE VALTER;968940;Colisão Transversal;Luz do Dia;Bom;Seca;Meio de quadra;Não há Controle;Longo da via;0;1;1;1;1;0;0;0;0;0;0;0;0;(-38.5542342 -3.828978);
RUQ7761;2021-10-17 10:00:00;Avenida Val Paraíso;;;JANGURUSSU;968939;Colisão Traseira;Luz do Dia;Bom;Seca;Meio de quadra;Não há Controle;Longo da via;0;0;2;0;2;0;0;0;0;0;0;0;0;(-38.5099931 -3.849776);
WBH0680;2021-10-17 12:40:00;RUA CANARANA;;;ITAOCA;968871;Choque c/ Obstáculo Fixo;Não informado;Não informado;Seca;Meio de quadra;Não há Controle;Longo da via;0;0;0;0;1;0;0;0;0;0;0;0;0;(-38.5588121 -3.7739047);
TQW0338;2021-10-15 10:10:00;Avenida Presidente Juscelino Kubitschek;;;PASSARE;968905;Colisão Traseira;Luz do Dia;Nublado;Seca;Meio de quadra;Não há Controle;Longo da via;0;0;1;1;1;0;0;0;0;0;0;0;0;(-38.5321687 -3.8168436);
HSU9189;2021-10-18 00:00:00;Avenida Godofredo Maciel;;;MARAPONGA;968763;Colisão Transversal;Via Iluminada;Bom;Seca;Meio de quadra;Outros;Longo da via;0;1;0;1;1;0;0;0;0;0;0;0;0;(-38.5703907 -3.7981377);
MTT6710;2021-10-16 15:00:00;Avenida Bezerra de Menezes;;;MONTE CASTELO;968938;Colisão Traseira;Luz do Dia;Bom;Seca;Meio de quadra;Não há Controle;Longo da via;0;1;1;1;1;0;0;0;0;0;0;0;0;(-38.5502344 -3.7323471);
JTL6883;2021-10-15 13:00:00;Rua Leonardo Mota;AV DOM LUIS;;ALDEOTA;968870;Choque c/ Obstáculo Fixo;Luz do Dia;Bom;Seca;Cruz;Semáforo;Longo da via;0;0;0;0;1;0;0;0;0;0;0;0;0;(-38.49551275877935 -3.734187682336928);
UQL1420;2021-10-16 18:10:00;Rua César Fontenele;RUA PEDRO DE QUEIROZ;;AMADEU FURTADO;968929;Colisão Transversal;Luz do Dia;Bom;Seca;Cruz;Pare;Cruzamento;0;1;1;1;1;0;0;0;0;0;0;0;0;(-38.558514 -3.7461172);
HWZ8547;2021-10-16 17:00:00;Rua Francisca Clotilde;;;RODOLFO TEOFILO;968792;Colisão Transversal;Luz do Dia;Bom;Seca;Meio de quadra;Não há Controle;Longo da via;0;2;0;1;1;0;0;0;0;0;0;0;0;(-38.5527369 -3.7421466);
ZAT1414;2021-10-17 00:30:00;AV ALM HENRIQUE SABOIA;AV ABOLICAO;;MUCURIPE;968775;Colisão Transversal;Via Iluminada;Bom;Seca;Y;Semáforo;Cruzamento;0;1;0;1;0;0;1;0;0;0;0;0;0;(-38.4799849 -3.7227129);
XBB2349;2021-10-15 11:50:00;Avenida A;;;CONJUNTO CEARA I;968634;Colisão Lateral;Luz do Dia;Bom;Seca;Meio de quadra;Não informado;Longo da via;0;1;0;1;1;0;0;0;0;0;0;0;0;(-38.6049629847672 -3.771518910324765);
RBC3223;2021-10-16 23:45:00;Avenida Borges de Melo;;;PARREAO;968749;Colisão Traseira;Via Iluminada;Bom;Seca;Meio de quadra;Semáforo;Longo da via;0;1;1;1;0;0;0;1;0;0;0;0;0;(-38.5344788 -3.756488);
RUQ3957;2021-10-15 19:48:00;Avenida Governador Raul Barbosa;AV GAL MURILO BORGES;;AEROLANDIA;968527;Colisão Traseira;Luz do Dia;Bom;Seca;Rotatória;Dê Preferência;Longo da via;0;0;0;1;1;0;0;0;0;0;0;0;0;(-38.50858584669083 -3.764629829116922);
QRX1151;2021-10-16 23:00:00;RUA PRO MOREIRA DE SOUZA;RUA PEDRO SAMPAIO;;PASSARE;968013;Colisão Frontal;Via Iluminada;Bom;Seca;Não informado;Pare;Cruzamento;0;2;0;0;2;0;0;0;0;0;0;0;0;(-38.5268856 -3.8123054);
NOI9211;2021-10-16 18:00:00;AV L;AV E CJ JOSE WALTER;;PREFEITO JOSE VALTER;967721;Colisão Transversal;Luz do Dia;Bom;Seca;Cruz;Não informado;Cruzamento;0;1;1;1;1;0;0;0;0;0;0;0;0;(-38.5583598 -3.8339535);
QSH5252;2021-10-15 16:45:00;Avenida Gurgel do Amaral;RUA ANTONIO BARROS;;MESSEJANA;968375;Colisão Traseira;Não informado;Bom;Seca;T;Não informado;Longo da via;0;0;0;1;1;0;0;0;0;0;0;0;0;(-38.48954216385798 -3.834010594217987);
CPM9533;2021-10-13 16:30:00;AV ANTONIO SALES;RUA NUNES VALENTE;;ALDEOTA;957910;Colisão Lateral;Luz do Dia;Bom;Seca;Meio de quadra;Semáforo;Cruzamento;0;2;1;2;0;0;0;0;0;0;0;0;0;(-38.5063308 -3.7442374);
NBC9150;2021-10-14 16:57:00;Rua Coronel Matos Dourado;RUA CEL JOAQUIM FRANKLIN;;PADRE ANDRADE;968790;Colisão Transversal;Luz do Dia;Bom;Seca;T;Semáforo Danificado;Cruzamento;0;1;1;1;1;0;0;0;0;0;0;0;0;(-38.5852247 -3.7420014);
KSQ0131;2021-10-15 19:50:00;Rua Cônego de Castro;RUA MAJ MONTENEGRO;;VILA PERY;967722;Colisão Transversal;Luz do Dia;Bom;Seca;Cruz;Dê Preferência;Longo da via;0;0;0;2;0;0;0;0;0;0;0;0;0;(-38.5804705 -3.7926344);
DFI8370;2021-10-12 19:00:00;Rua Nicácio Pinto;AV DIOGUINHO;;PRAIA DO FUTURO I;968895;Colisão Transversal;Luz do Dia;Bom;Seca;Cruz;Não há Controle;Longo da via;0;0;0;0;2;0;0;0;0;0;0;0;0;(-38.45604672079036 -3.736232537041182);
BRA8200;2021-10-12 08:40:00;Rua Augusta Benevides;;;JANGURUSSU;968802;Choque c/ Obstáculo Fixo;Luz do Dia;Bom;Seca;Duplo T;Não há Controle;Longo da via;0;0;0;0;1;0;0;0;0;0;0;0;0;(-38.50252941287075 -3.849901758170987);
GIX7895;2021-10-14 22:45:00;Rua Almírante Rufino;;;MONTESE;968774;Colisão;Via Iluminada;Bom;Seca;Meio de quadra;Não há Controle;Longo da via;0;1;1;1;1;0;0;0;0;0;0;0;0;(-38.5387053 -3.7659188);
TRA6606;2021-10-13 01:30:00;Rua Doutor Suliano;;;JOQUEI CLUBE;967926;Colisão Frontal;Via Iluminada;Bom;Seca;Não informado;Pare;Longo da via;0;1;1;1;1;0;0;0;0;0;0;0;0;(-38.57675150307664 -3.766428382385869);
JVD9518;2021-10-14 09:27:00;Avenida A;;;CONJUNTO CEARA I;965323;Colisão Frontal;Luz do Dia;Bom;Seca;Meio de quadra;Outros;Longo da via;0;1;1;1;1;0;0;0;0;0;0;0;0;(-38.6046627 -3.7701092);
SFO4950;2021-10-13 00:00:00;Avenida dos Expedicionários;RUA JULIO DA SILVEIRA;;PARREAO;966980;Capotamento;Via Iluminada;Bom;Seca;Cruz;Pare;Longo da via;0;0;0;0;1;0;0;0;0;0;0;0;0;(-38.5391262 -3.7583147);
BXI5665;2021-10-14 23:00:00;RUA MARIO DA SILVEIRA;;;JOQUEI CLUBE;964961;Colisão Lateral;Anoitecer;Bom;Seca;Rotatória;Não há Controle;Longo da via;0;2;0;2;0;0;0;0;0;0;0;0;0;(-38.5705371 -3.7662622);
BXI5665;2021-10-14 12:00:00;RUA JULIO CESAR;RUA ANTENOR FROTA WANDERLEY;;BENFICA;952798;Colisão Transversal;Luz do Dia;Bom;Seca;Cruz;Pare;Cruzamento;0;1;1;1;1;0;0;0;0;0;0;0;0;(-38.5398739 -3.7467642);
VJL2552;2021-10-13 23:52:00;Rua Francisca Clotilde;;;RODOLFO TEOFILO;968856;Atropelamento;Não informado;Bom;Seca;Meio de quadra;Não informado;Longo da via;0;1;0;1;0;0;0;0;0;0;0;0;0;(-38.557182 -3.747598);
GDC5727;2021-10-13 15:40:00;RUA ALFREDO MAMEDE;RUA LUIZ DE PONTES;;MONDUBIM;968813;Colisão Transversal;Luz do Dia;Bom;Seca;Duplo T;Pare;Cruzamento;0;2;1;1;1;0;0;0;0;0;0;0;0;(-38.5837297 -3.8111239);
KWA3176;2021-10-13 15:40:00;Rua Pereira Valente;;;ALDEOTA;968615;Colisão Lateral;Luz do Dia;Bom;Seca;Meio de quadra;Não há Controle;Longo da via;0;1;1;1;1;0;0;0;0;0;0;0;0;(-38.49776790000001 -3.7320666);
JMM4903;2021-10-12 23:30:00;Rua Doutor Quixadá Felício;AV J CJ POLAR;;VILA VELHA;966979;Colisão Traseira;Via Iluminada;Não informado;Seca;Cruz;Pare;Longo da via;0;0;0;1;2;0;0;0;0;0;0;0;0;(-38.59615995789069 -3.709868535380846);
RUY0183;2021-10-13 19:24:00;Rua Cesário Lange;;;MESSEJANA;968528;Colisão Lateral;Luz do Dia;Bom;Seca;Meio de quadra;Não há Controle;Longo da via;0;1;1;1;1;0;0;0;0;0;0;0;0;(-38.4906995 -3.8295694);
NRS2416;2021-10-13 13:00:00;Avenida Humberto Monte;;;PARQUELANDIA;968147;Colisão Lateral;Via Iluminada;Bom;Seca;Meio de quadra;Semáforo;Longo da via;0;1;1;1;1;0;0;0;0;0;0;0;0;(-38.5681899 -3.740315);
BQM1818;2021-10-10 18:30:00;Avenida Presidente Costa e Silva;;;MONDUBIM;968812;Colisão;Luz do Dia;Bom;Seca;Meio de quadra;Não há Controle;Longo da via;0;3;0;1;0;0;0;0;0;1;0;0;0;(-38.5340069 -3.827158);
VSW2789;2021-01-12 10:33:00;Avenida Carapinima;;;CENTRO;966906;Colisão;Via Iluminada;Bom;Não informado;Não informado;Não informado;Longo da via;0;0;2;0;2;0;0;0;0;0;0;0;0;(-38.53709772969204 -3.736971253013981);
ZCG2368;2021-10-11 12:12:00;Avenida Pompílio Gomes;RUA MARIA AMALIA;;CASTELAO;968909;Colisão Transversal;Luz do Dia;Bom;Seca;Cruz;Semáforo;Longo da via;0;1;0;1;1;0;0;0;0;0;0;0;0;(-38.5204194 -3.8127478);
UJH8507;2021-10-10 04:00:00;Avenida Américo Barreira;RUA PRO GOMES BRASIL;;PARANGABA;968736;Colisão Transversal;Via Iluminada;Bom;Seca;Cruz;Semáforo;Cruzamento;0;1;1;1;1;0;0;0;0;0;0;0;0;(-38.5658553 -3.7627783);
ZBP3821;2021-10-11 14:18:00;Avenida Doutor Silas Munguba;;;SERRINHA;968789;Colisão Lateral;Luz do Dia;Bom;Seca;Meio de quadra;Semáforo;Longo da via;0;0;2;1;1;0;0;0;0;0;0;0;0;(-38.54547528139437 -3.788617509546318);
IRT4550;2021-10-11 10:00:00;Rua Desembargador Gomes Parente;;;JOQUEI CLUBE;968715;Atropelamento de Animal;Luz do Dia;Bom;Seca;Meio de quadra;Não há Controle;Longo da via;0;1;0;1;0;0;0;0;0;0;0;0;0;(-38.57536748299038 -3.774200659112236);
JIZ4319;2021-10-11 10:40:00;Rua 864;;;CONJUNTO CEARA I;968714;Queda;Luz do Dia;Bom;Seca;Meio de quadra;Não há Controle;Longo da via;0;1;0;1;0;0;0;0;0;0;0;0;0;(-38.59828427962854 -3.769243967241567);
VFF0726;2021-10-11 21:50:00;Rua Escrivão Azevedo;AV DES GONZAGA;;CIDADE DOS FUNCIONRAIOS;968590;Colisão Lateral;Via Iluminada;Bom;Seca;Cruz;Não há Controle;Longo da via;0;1;0;1;1;0;0;0;0;0;0;0;0;(-38.50125269240484 -3.794160959873749);
WRG6279;2021-10-11 22:50:00;Rua Monsenhor Hipólito Brasil;;;HENRIQUE JORGE;967847;Colisão Frontal;Via Iluminada;Bom;Seca;Cruz;Pare;Longo da via;0;1;0;1;0;0;0;0;0;0;0;0;1;(-38.58075169717316 -3.75791390939927);
NTM0655;2021-10-11 15:50:00;Rua Padre Matos Serra;;;JOSE BONIFACIO;967138;Colisão Traseira;Luz do Dia;Bom;Seca;Meio de quadra;Não informado;Longo da via;0;0;1;0;1;0;0;0;0;1;0;0;0;(-38.5281605996367 -3.744353025540561);
PJG6907;2021-10-11 10:00:00;Avenida Presidente Juscelino Kubitschek;;;CASTELAO;965322;Colisão Transversal;Luz do Dia;Bom;Seca;Outros;Outros;Longo da via;0;0;1;1;0;0;1;0;0;0;0;0;0;(-38.52596652380936 -3.808709368164727);
YRH7737;2021-10-11 03:32:00;Rua Demétrio Menezes;RUA BALDUINO FREIRE;;ANTONIO BEZERRA;960774;Colisão Frontal;Via Iluminada;Bom;Seca;Cruz;Semáforo;Longo da via;0;0;1;1;1;0;0;0;0;0;0;0;0;(-38.584212 -3.7352052);
SCH4818;2021-10-09 01:00:00;Avenida Conselheiro Gomes de Freitas;AV ENG LEAL LIMA VERDE (SAPIRANGA/COITE);;SAPIRANGA / COITE;968876;Colisão Traseira;Via Iluminada;Bom;Seca;Cruz;Semáforo;Longo da via;0;1;0;0;2;0;0;0;0;0;0;0;0;(-38.47556785559413 -3.795285017824388);
ILU8093;2021-10-08 22:30:00;Avenida Godofredo Maciel;;;MARAPONGA;968875;Colisão Traseira;Não informado;Bom;Seca;Meio de quadra;Semáforo;Longo da via;0;0;3;0;3;0;0;0;0;0;0;0;0;(-38.572980327054 -3.806605805551835);
SWB1934;2021-10-08 20:32:00;Rua José de Barcelos;RUA DOM MANUEL DE MEDEIROS;;PARQUE ARAXA;96882;Colisão Transversal;Anoitecer;Bom;Seca;Cruz;Pare;Longo da via;0;1;0;1;1;0;0;0;0;0;0;0;0;(-38.5504056 -3.7362812);
PNN3218;2021-10-08 11:00:00;Rua Doutor Alísio Mamede;RUA DR JOSE LINO;;MUCURIPE;968753;Colisão Transversal;Luz do Dia;Bom;Seca;Cruz;Pare;Longo da via;0;1;1;1;1;0;0;0;0;0;0;0;0;(-38.48400071698369 -3.730445907079209);
PNT7428;2021-10-08 04:54:00;Rua Wenefrido Melo;;;MARAPONGA;968737;Choque c/ Obstáculo Fixo;Via Iluminada;Bom;Seca;Cruz;Outros;Longo da via;0;1;0;1;0;0;0;0;0;0;0;0;0;(-38.5770572383101 -3.809753118697965);
FFI5322;2021-10-10 06:00:00;Rua Bia Mendes;;;BONSUCESSO;968595;Capotamento;Não informado;Bom;Seca;Meio de quadra;Não há Controle;Longo da via;0;1;0;0;1;0;0;0;0;0;0;0;0;(-38.5928947 -3.7764212);
URV7580;2021-10-10 13:00:00;RUA ALBERTO MAGNO;RUA PRO COSTA MENDES;;MONTESE;968538;Colisão Transversal;Luz do Dia;Bom;Seca;Cruz;Semáforo;Cruzamento;0;2;1;1;1;0;0;0;0;0;0;0;0;(-38.5435607 -3.7575175);
MUQ1782;2021-10-10 22:05:00;Avenida Humberto Monte;AV JOVITA FEITOSA;;PARQUELANDIA;968065;Colisão Traseira;Via Iluminada;Bom;Seca;Cruz;Semáforo;Cruzamento;0;1;1;1;1;0;0;0;0;0;0;0;0;(-38.5679321 -3.7400837);
HIK7567;2021-10-10 20:30:00;AV DIOGUINHO;RUA FRANCISCO TEIXEIRA DE ALCANTARA;;PRAIA DO FUTURO II;967132;Colisão Transversal;Anoitecer;Bom;Seca;Cruz;Não há Controle;Cruzamento;0;1;1;1;1;0;0;0;0;0;0;0;0;(-38.4470984 -3.7492867);
GVC1016;2021-10-08 09:40:00;Avenida Heráclito Graça;;;CENTRO;968623;Colisão Lateral;Luz do Dia;Bom;Seca;Meio de quadra;Não há Controle;Longo da via;0;0;2;0;2;0;0;0;0;0;0;0;0;(-38.519245 -3.735237);
JGF8988;2021-10-08 19:30:00;Avenida Alberto Craveiro;;;CASTELAO;966592;Colisão;Via Iluminada;Bom;Seca;T;Não informado;Longo da via;0;2;0;1;1;0;0;0;0;0;0;0;0;(-38.51982427830165 -3.800867817294782);
FJD5529;2021-10-08 10:30:00;Avenida João de Araújo Lima;;;PREFEITO JOSE VALTER;965894;Outros;Luz do Dia;Chuva;Molhada;Meio de quadra;Não há Controle;Longo da via;0;0;0;0;1;0;0;1;0;0;0;0;0;(-38.55944052515621 -3.827828535779566);
XTP1552;2021-10-10 13:05:00;AV OLIVEIRA PAIVA;RUA CHICO LEMOS;;CIDADE DOS FUNCIONRAIOS;966749;Colisão Lateral;Luz do Dia;Bom;Seca;Cruz;Semáforo;Cruzamento;0;0;2;0;2;0;0;0;0;0;0;0;0;(-38.49707859999999 -3.7958774);
PAA0437;2021-10-09 13:54:00;Rua São Paulo;;;CENTRO;968885;Colisão Traseira;Luz do Dia;Bom;Seca;Meio de quadra;Não há Controle;Longo da via;0;1;0;1;1;0;0;0;0;0;0;0;0;(-38.5320166 -3.7246927);
GOS2991;2021-10-10 02:59:00;Rua Gaudioso de Carvalho;;;FLORESTA;968795;Colisão Lateral;Via Iluminada;Bom;Seca;Meio de quadra;Não informado;Longo da via;0;1;0;1;1;0;0;0;0;0;0;0;0;(-38.5799808 -3.7204232);
YEU5601;2021-10-09 15:20:00;Avenida Américo Barreira;;;COUTO FERNANDES;968788;Colisão Lateral;Luz do Dia;Bom;Seca;Meio de quadra;Não há Controle;Longo da via;0;1;0;1;1;0;0;0;0;0;0;0;0;(-38.5602951 -3.7574204);
SIX3036;2021-10-09 20:25:00;AV BERNARDO MANUEL;RUA JAPI;;SERRINHA;968589;Colisão Transversal;Anoitecer;Bom;Seca;Cruz;Pare;Cruzamento;0;1;0;1;1;0;0;0;0;0;0;0;0;(-38.5468433 -3.7840998);
UYF8338;2021-10-09 13:00:00;AV DES MOREIRA;RUA EDUARDO GARCIA;;ALDEOTA;968549;Colisão Transversal;Luz do Dia;Bom;Seca;Cruz;Semáforo;Cruzamento;0;2;0;1;0;0;0;1;0;0;0;0;0;(-38.4989533 -3.7382315);
JCL8317;2021-10-09 16:20:00;ESTRADA DO SIQUEIRA;RUA BENTO GONCALVES;;CONJUNTO ESPERANCA;968529;Colisão Lateral;Luz do Dia;Bom;Seca;Cruz;Não há Controle;Cruzamento;0;1;0;1;0;0;0;1;0;0;0;0;0;(-38.5877013 -3.8120378);
UYM9059;2021-10-09 19:31:00;Avenida Eduardo Girão;RUA DAMASCENO GIRAO;;BENFICA;968524;Colisão Transversal;Luz do Dia;Bom;Seca;Cruz;Semáforo;Cruzamento;0;1;0;0;2;0;0;0;0;0;0;0;0;(-38.5392497 -3.7489783);
ROD6711;2021-10-09 23:30:00;Rua Waldery Uchôa;RUA PDE FRANCISCO PINTO;;BENFICA;967123;Colisão;Via Iluminada;Bom;Seca;Não informado;Pare;Cruzamento;0;0;1;0;1;0;0;0;0;1;0;0;0;(-38.5391532 -3.7442932);
VPP2398;2021-10-09 03:10:00;Rua Costa Barros;RUA ANTONIO AUGUSTO;;CENTRO;960775;Capotamento;Via Iluminada;Bom;Seca;Cruz;Pare;Cruzamento;0;1;2;0;3;0;0;0;0;0;0;0;0;(-38.5132816 -3.7298025);
ZVB1949;2021-10-08 05:15:00;Avenida Américo Barreira;AV JOSE BASTOS;;PAN AMERICANO;960795;Colisão Traseira;Via Iluminada;Bom;Seca;Cruz;Semáforo;Longo da via;0;1;1;0;2;0;0;0;0;0;0;0;0;(-38.55945126994362 -3.757135817195985);
JDR1452;2021-10-07 10:30:00;Avenida Professor José Arthur de Carvalho;;;CURIO;968837;Colisão Transversal;Luz do Dia;Bom;Seca;Meio de quadra;Não informado;Longo da via;0;1;1;1;1;0;0;0;0;0;0;0;0;(-38.4652263 -3.8266099);
NFU1827;2021-10-07 21:26:00;Avenida José Bastos;RUA JOAO SORONGO;;RODOLFO TEOFILO;968584;Colisão Transversal;Via Iluminada;Bom;Seca;Cruz;Não informado;Cruzamento;0;1;2;1;1;0;0;0;0;0;0;0;0;(-38.5477154 -3.7471793);
EPT1634;2021-10-06 13:40:00;Rua Emílio de Menezes;RUA AIRES DA CUNHA;;GRANJA PORTUGAL;968297;Colisão Transversal;Luz do Dia;Bom;Seca;Cruz;Pare;Longo da via;0;1;1;1;1;0;0;0;0;0;0;0;0;(-38.604254 -3.7769845);
RGE5783;2021-10-06 19:57:00;Rua Marcelino Lopes;RUA BILL CARTAXO;;SAPIRANGA / COITE;967844;Colisão Lateral;Via Iluminada;Bom;Seca;Cruz;Pare;Longo da via;0;2;0;0;2;0;0;0;0;0;0;0;0;(-38.47414090655808 -3.79271038769044);
HUP1110;2021-10-07 10:30:00;Rua Wenefrido Melo;;;MONDUBIM;968300;Colisão Traseira;Luz do Dia;Bom;Seca;Com via férrea;Não informado;Longo da via;0;2;1;1;1;0;0;0;0;0;0;0;0;(-38.5771836 -3.8093876);
UJA6797;2021-10-06 17:38:00;Avenida Oliveira Paiva;RUA LIDIA BRIGIDO;;PARQUE MANIBURA;967600;Colisão Traseira;Luz do Dia;Bom;Seca;Cruz;Semáforo;Longo da via;0;1;1;1;1;0;0;0;0;0;0;0;0;(-38.4841033 -3.7960404);
ATX4653;2021-10-06 10:17:00;Avenida General Osório de Paiva;RUA CEL JOAO CORREIA;;BOM JARDIM;967541;Colisão Transversal;Não informado;Bom;Seca;T;Pare;Longo da via;0;2;1;1;1;0;0;0;0;0;0;0;0;(-38.59317735342962 -3.795429539454767);