COD_ACIDENTE;DATA;LOG1;LOG2;NUMERO;BAIRRO;AMC;NATUREZA;ILUMINACAO;TEMPO;SUPERFICIEPISTA;TIPOCRUZAMENTO;CONTROLETRAFEGO;USOSOLO;MORTOS;FERIDOS;ILESOS;MOTOCICLETA;AUTOMOVEL;MICROONIBUS;CAMINHAO;ONIBUS;CICLOMOTOR;BICICLETA;OUTROS;TREM;TRACAOANIMAL;COORDENADAS
ZFC9876;2021-10-05 22:00:00;Rua Afrânio Peixoto;RUA CON DE CASTRO;;PARANGABA;968794;Colisão;Via Iluminada;Bom;Não informado;T;Pare;Cruzamento;0;1;1;0;2;0;0;0;0;0;0;0;0;(-38.5706151 -3.7819429);
ZZV9283;2021-10-05 22:00:00;RUA ALUIZIO AZEVEDO;AV LINEU MACHADO;;JOAO XXIII;968767;Colisão Lateral;Não informado;Bom;Seca;Cruz;Semáforo;Cruzamento;0;0;0;1;1;0;0;0;0;0;0;0;0;(-38.5792181 -3.770224);
DZQ2288;2021-10-05 15:50:00;Rua Nunes Valente;RUA JOAO CARVALHO;;ALDEOTA;968758;Colisão Lateral;Luz do Dia;Bom;Seca;Cruz;Pare;Cruzamento;0;0;0;0;1;1;0;0;0;0;0;0;0;(-38.50451959999999 -3.7386088);
QOC9649;2021-10-06 19:30:00;Rua Coronel Matos Dourado;;;PICI;957911;Engavetamento;Luz do Dia;Bom;Seca;Meio de quadra;Semáforo;Longo da via;0;2;1;2;1;0;0;0;0;0;0;0;0;(-38.5849053 -3.744535);
GDJ2279;2021-10-05 20:40:00;Rua Batista de Oliveira;RUA VILEBALDO AGUIAR;;PAPICU;968545;Colisão Lateral;Via Iluminada;Bom;Seca;Cruz;Pare;Cruzamento;0;2;0;1;1;0;0;0;0;0;0;0;0;(-38.4801328 -3.7430307);
UPH4772;2021-10-03 21:15:00;Rua Deputado João Lopes;;;CENTRO;968827;Colisão Lateral;Via Iluminada;Bom;Seca;Meio de quadra;Não há Controle;Longo da via;0;0;2;0;2;0;0;0;0;0;0;0;0;(-38.52223292662775 -3.725863682773897);
TUL6015;2021-10-05 21:00:00;Avenida J;RUA 1040 CJ CEARA;;CONJUNTO CEARA II;967769;Choque c/ Obstáculo Fixo;Anoitecer;Bom;Seca;T;Não há Controle;Cruzamento;0;0;1;0;1;0;0;0;0;0;0;0;0;(-38.6154133 -3.765864);
SGH3771;2021-10-03 16:00:00;Avenida Val Paraíso;;;JANGURUSSU;968768;Colisão Lateral;Luz do Dia;Bom;Seca;Não informado;Não há Controle;Longo da via;0;0;2;1;1;0;0;0;0;0;0;0;0;(-38.5109573645335 -3.849297364791616);
FLJ2505;2021-10-05 16:23:00;Rua Carlos Câmara;RUA JOAO SORONGO;;JARDIM AMERICA;957912;Colisão Transversal;Luz do Dia;Bom;Seca;Cruz;Pare;Cruzamento;0;1;2;1;1;0;0;0;0;0;0;0;0;(-38.5452405 -3.7493897);
KSB5244;2021-10-03 22:51:00;Rua General Clarindo de Queiroz;AV VIS RIO BRANCO;;JOSE BONIFACIO;968720;Colisão;Via Iluminada;Bom;Seca;Não informado;Semáforo Intermitente;Longo da via;0;1;0;0;3;0;0;0;0;0;0;0;0;(-38.52453426407375 -3.734551688234925);
QZZ6000;2021-10-04 22:00:00;Rua Floriano Peixoto;AV DOMINGOS OLIMPIO;;CENTRO;969174;Colisão Traseira;Via Iluminada;Nublado;Seca;Cruz;Semáforo;Cruzamento;0;2;2;1;2;0;0;0;0;0;0;0;0;(-38.5303236 -3.7370173);
ZUV0214;2021-10-03 12:30:00;Avenida Engenheiro Alberto Sá;AV ALM HENRIQUE SABOIA;;PAPICU;968712;Choque c/ Obstáculo Fixo;Luz do Dia;Bom;Seca;Outros;Não há Controle;Longo da via;0;0;2;0;2;0;0;0;0;0;0;0;0;(-38.48261132121964 -3.732662067740307);
NQZ8448;2021-10-03 11:45:00;Rua Professor Luíz Costa;AV DOS JANGADEIROS;;MUCURIPE;968711;Choque c/ Obstáculo Fixo;Luz do Dia;Nublado;Molhada;T;Pare;Longo da via;0;0;1;0;1;0;0;0;0;0;0;0;0;(-38.47857192382634 -3.726163455187287);
VKU6753;2021-10-03 17:05:00;Rua Nelson Coelho;RUA JOSE EUCLIDES F GOMES;;CURIO;968682;Colisão Lateral;Luz do Dia;Bom;Seca;Rotatória;Pare;Longo da via;0;1;1;1;1;0;0;0;0;0;0;0;0;(-38.46305802735337 -3.829867817135844);
PBY4717;2021-10-04 11:35:00;Avenida Lineu Machado;RUA CUIABA;;JOQUEI CLUBE;968294;Colisão Transversal;Luz do Dia;Bom;Seca;Cruz;Pare;Cruzamento;0;0;0;0;0;0;0;0;0;0;0;0;0;(-38.5786786 -3.7691506);
KJZ7434;2021-10-04 09:45:00;Rua Dom Henrique;RUA COSTA FREIRE;;VILA PERY;968571;Colisão;Luz do Dia;Bom;Seca;Cruz;Pare;Cruzamento;0;1;0;1;0;0;0;0;0;0;1;0;0;(-38.5809312 -3.7881789);
UUA7364;2021-10-03 09:33:00;Rua Fernando Farias de Melo;RUA JOAO AMORA;;MANOEL SATIRO;968632;Colisão Transversal;Luz do Dia;Bom;Seca;Cruz;Pare;Longo da via;0;1;1;1;1;0;0;0;0;0;0;0;0;(-38.57846811848821 -3.800327202626422);
DOW3272;2021-10-04 23:30:00;Avenida E;AV L CJ JOSE WALTER;;PREFEITO JOSE VALTER;967848;Colisão Lateral;Via Iluminada;Bom;Seca;Cruz;Pare;Cruzamento;0;1;0;2;0;0;0;0;0;0;0;0;0;(-38.5583598 -3.8339535);
ICV6506;2021-10-04 13:00:00;Avenida Governador Parsifal Barroso;;;ANTONIO BEZERRA;967701;Engavetamento;Luz do Dia;Bom;Seca;Outros;Semáforo;Longo da via;0;1;2;2;1;0;0;0;0;0;0;0;0;(-38.56942129999999 -3.7310711);
NDP6278;2021-10-03 18:38:00;Avenida Presidente Castelo Branco;;;PIRAMBU;968373;Colisão Transversal;Luz do Dia;Bom;Seca;Meio de quadra;Outros;Longo da via;0;1;0;1;1;0;0;0;0;0;0;0;0;(-38.55121687114365 -3.712984078802164);
RKU6401;2021-10-03 15:30:00;Avenida H;RUA TAQUARI;;CONJUNTO CEARA II;968372;Colisão Transversal;Luz do Dia;Bom;Seca;Y;Outros;Longo da via;0;0;0;1;1;0;0;0;0;0;0;0;0;(-38.60519918078506 -3.775137395759652);
MYY3197;2021-10-03 05:18:00;Rua Demétrio Menezes;;;PADRE ANDRADE;968320;Choque c/ Obstáculo Fixo;Via Iluminada;Bom;Seca;Não informado;Não há Controle;Longo da via;0;0;1;0;1;0;1;0;0;0;0;0;0;(-38.5842245 -3.7361245);
CBR5247;2021-10-03 22:13:00;Rua Engenheiro Serraine;;;PADRE ANDRADE;968197;Queda;Via Iluminada;Bom;Seca;Duplo T;Não há Controle;Longo da via;0;2;0;1;0;0;0;0;0;0;0;0;0;(-38.58556524682571 -3.73489963490808);
GXQ5663;2021-10-05 02:30:00;AV AUGUSTO DOS ANJOS;;;PARANGABA;960755;Choque c/ Obstáculo Fixo;Via Iluminada;Bom;Seca;Outros;Outros;Longo da via;0;0;1;0;1;0;0;0;0;0;0;0;0;(-38.5751616 -3.7756368);
DQM3707;2021-10-03 14:36:00;Avenida Senador Fernandes Távora;;;HENRIQUE JORGE;960800;Colisão Traseira;Luz do Dia;Bom;Seca;Não informado;Semáforo;Longo da via;0;1;2;1;2;0;0;0;0;0;0;0;0;(-38.5868083 -3.7598014);
TFC0002;2021-10-04 16:50:00;Rua Coronel Gonçalo;AV GOV RAUL BARBOSA;;AEROLANDIA;957913;Colisão Transversal;Não informado;Bom;Seca;T;Pare;Cruzamento;0;1;0;1;1;0;0;0;0;0;0;0;0;(-38.5128382 -3.7737731);
PYJ9260;2021-08-31 23:25:00;Avenida Francisco Sá;;;CARLITO PAMPLONA;PYJ9260;Atropelamento;Não informado;Não informado;Não informado;Meio de quadra;Não informado;Longo da via;0;1;0;1;0;0;0;0;0;0;0;0;0;(-38.5692879 -3.7126712);
YMC3769;2021-08-31 23:20:00;Avenida L;;;VILA VELHA;YMC3769;Queda;Não informado;Não informado;Não informado;Meio de quadra;Não informado;Longo da via;0;1;0;0;0;0;0;0;0;1;0;0;0;(-38.6000262 -3.7134732);
NCI5429;2021-08-31 22:45:00;AV ALBERTO CRAVEIRO;;;BOA VISTA;NCI5429;Atropelamento;Não informado;Não informado;Não informado;Meio de quadra;Não informado;Longo da via;0;1;0;1;0;0;0;0;0;0;0;0;0;(-38.5172568 -3.7900893);
NCI5429;2021-08-31 22:23:00;RUA XXIX;RUA DEP MATOSO FILHO;;QUINTINO CUNHA;NCI5429;Colisão;Não informado;Não informado;Não informado;Cruz;Não informado;Cruzamento;0;3;0;0;0;0;0;0;0;0;2;0;0;(-38.5940626 -3.733881);
PLS8399;2021-08-31 21:44:00;Avenida Visconde do Rio Branco;;;JOAQUIM TVORA;PLS8399;Colisão;Não informado;Não informado;Não informado;Meio de quadra;Não informado;Longo da via;0;1;0;1;1;0;0;0;0;0;0;0;0;(-38.5222365 -3.745274);
MGV2507;2021-08-31 21:41:00;Rua Coronel Nunes de Melo;;;RODOLFO TEOFILO;MGV2507;Queda;Não informado;Não informado;Não informado;Meio de quadra;Não informado;Longo da via;0;1;0;1;0;0;0;0;0;0;0;0;0;(-38.5524832 -3.7481908);
WNP7474;2021-10-03 17:57:00;Avenida César Cals;RUA ISMAEL PORDEUS;;VICENTE PINZON;960715;Colisão Transversal;Luz do Dia;Bom;Seca;Cruz;Pare;Longo da via;0;1;1;1;1;0;0;0;0;0;0;0;0;(-38.4646221 -3.7206662);
ZZY4513;2021-08-31 18:55:00;Avenida Oliveira Paiva;;;CIDADE DOS FUNCIONRAIOS;ZZY4513;Queda;Não informado;Não informado;Não informado;Meio de quadra;Não informado;Longo da via;0;1;0;1;0;0;0;0;0;0;0;0;0;(-38.4910294 -3.795987);
DUW3553;2021-08-31 18:35:00;RUA COSMONAUTAS;;;BONSUCESSO;DUW3553;Colisão;Não informado;Não informado;Não informado;Meio de quadra;Não informado;Longo da via;0;1;0;1;1;0;0;0;0;0;0;0;0;(-38.5899978 -3.7868135);
LRK7697;2021-08-31 17:32:00;Avenida Alberto Craveiro;;;BELA VISTA;LRK7697;Colisão;Não informado;Não informado;Não informado;Meio de quadra;Não informado;Longo da via;0;1;0;0;0;0;0;0;0;0;1;0;0;(-38.51785 -3.795532);
VAI1366;2021-08-31 16:00:00;Avenida Audízio Pinheiro;;;HENRIQUE JORGE;VAI1366;Colisão;Não informado;Não informado;Não informado;Meio de quadra;Não informado;Longo da via;0;1;0;0;0;0;0;0;0;0;1;0;0;(-38.5891999 -3.7593792);
JCK0019;2021-08-31 15:40:00;Avenida Porto Velho;;;HENRIQUE JORGE;JCK0019;Colisão;Não informado;Não informado;Não informado;Meio de quadra;Não informado;Longo da via;0;1;0;1;1;0;0;0;0;0;0;0;0;(-38.5934969 -3.7625905);
QPM1579;2021-08-31 15:29:00;Rua Joaquim Coelho;AV WASHINGTON SOARES;;SAPIRANGA / COITE;QPM1579;Colisão;Não informado;Não informado;Não informado;Cruz;Não informado;Longo da via;0;1;0;1;1;0;0;0;0;0;0;0;0;(-38.4797506 -3.7969684);
EYI5881;2021-08-31 14:39:00;Avenida Presidente Castelo Branco;;;PIRAMBU;EYI5881;Colisão;Não informado;Não informado;Não informado;Meio de quadra;Não informado;Longo da via;0;1;0;2;0;0;0;0;0;0;0;0;0;(-38.55428363844046 -3.712241913326586);
KDC0905;2021-08-31 13:23:00;Avenida Bernardo Manuel;;;ITAPERI;KDC0905;Colisão;Não informado;Não informado;Não informado;Meio de quadra;Não informado;Longo da via;0;2;0;1;1;0;0;0;0;0;0;0;0;(-38.5549727 -3.8096134);
CTW1235;2021-08-31 11:51:00;BR-116;;;AEROLANDIA;CTW1235;Colisão;Não informado;Não informado;Não informado;Meio de quadra;Não informado;Longo da via;0;2;0;1;1;0;0;0;0;0;0;0;0;(-38.5152306 -3.7760061);
HMX3192;2021-10-02 22:30:00;Avenida Padre Antônio Tomás;RUA MON CATAO;;ALDEOTA;968793;Choque c/ Obstáculo Fixo;Não informado;Bom;Seca;Cruz;Semáforo;Longo da via;0;0;0;1;0;0;0;0;0;0;0;0;0;(-38.49174527087719 -3.742722292824124);
BSB5156;2021-08-31 11:49:00;Avenida Bezerra de Menezes;;;FARIAS BRITO;BSB5156;Colisão;Não informado;Não informado;Não informado;Meio de quadra;Não informado;Longo da via;0;1;0;1;1;0;0;0;0;0;0;0;0;(-38.54395 -3.7316274);
YCY8844;2021-08-31 10:44:00;Avenida Borges de Melo;AV LUCIANO CARNEIRO;;FATIMA;YCY8844;Atropelamento;Não informado;Não informado;Não informado;Cruz;Não informado;Cruzamento;0;1;0;1;0;0;0;0;0;0;0;0;0;(-38.5341213 -3.7563791);
KQK8383;2021-08-31 10:20:00;AV JOSE BASTOS;;;PARANGABA;KQK8383;Atropelamento;Não informado;Não informado;Não informado;Meio de quadra;Não informado;Longo da via;0;1;0;1;0;0;0;0;0;0;0;0;0;(-38.5538192 -3.7537702);
DNG1435;2021-08-31 10:34:00;Avenida João Pessoa;;;DAMAS;DNG1435;Colisão;Não informado;Não informado;Não informado;Meio de quadra;Não informado;Longo da via;0;1;0;1;1;0;0;0;0;0;0;0;0;(-38.5559327 -3.7599371);
VJG6412;2021-10-02 22:42:00;Avenida Barão de Studart;RUA COSTA BARROS;;ALDEOTA;968697;Colisão Transversal;Via Iluminada;Não informado;Seca;Cruz;Semáforo;Longo da via;0;1;1;0;2;0;0;0;0;0;0;0;0;(-38.5058573 -3.732214);
CIM3617;2021-08-31 10:17:00;RUA GILBERTO CAMARA;AV SGT HERMINIO SAMPAIO;;VILA ELLERY;CIM3617;Colisão;Não informado;Não informado;Não informado;Cruz;Não informado;Cruzamento;0;1;0;1;1;0;0;0;0;0;0;0;0;(-38.5620243 -3.7266347);
ITR9171;2021-08-31 10:09:00;AV ALM BARROSO;;;PRAIA DE IRACEMA;ITR9171;Colisão;Não informado;Não informado;Não informado;Meio de quadra;Não informado;Longo da via;0;1;0;1;1;0;0;0;0;0;0;0;0;(-38.5160936 -3.7202853);
RQE9320;2021-08-31 08:54:00;Travessa RIO CLARO;;;PAPICU;RQE9320;Atropelamento;Não informado;Não informado;Não informado;Meio de quadra;Não informado;Longo da via;0;1;0;0;1;0;0;0;0;0;0;0;0;(-38.480649 -3.7347442);
TSI0253;2021-08-31 07:49:00;AV JUSCELINO KUBTISHECK;AV PRS COSTA E SILVA;;PREFEITO JOSE VALTER;TSI0253;Queda;Não informado;Não informado;Não informado;Y;Não informado;Longo da via;0;1;0;1;0;0;0;0;0;0;0;0;0;(-38.5529854 -3.8324922);
RXQ0779;2021-08-31 02:17:00;Rua Maria Júlia;RUA PEDRO MARTINS;;BOM JARDIM;RXQ0779;Colisão;Não informado;Não informado;Não informado;Cruz;Não informado;Cruzamento;0;1;0;1;1;0;0;0;0;0;0;0;0;(-38.6019359 -3.7992341);
JLX4575;2021-08-30 23:42:00;Avenida General Osório de Paiva;;;CANINDEZINHO;JLX4575;Queda;Não informado;Não informado;Não informado;Meio de quadra;Não informado;Longo da via;0;1;0;0;0;0;0;0;0;1;0;0;0;(-38.6044998 -3.8069546);
LJU0398;2021-08-30 22:47:00;Avenida João Pessoa;;;PARANGABA;LJU0398;Colisão;Não informado;Não informado;Não informado;Meio de quadra;Não informado;Longo da via;0;1;0;1;1;0;0;0;0;0;0;0;0;(-38.5593824 -3.7656009);
PCS9333;2021-08-30 22:40:00;Rua João Gentil;;;BOM JARDIM;PCS9333;Queda;Não informado;Não informado;Não informado;Meio de quadra;Não informado;Longo da via;0;1;0;0;0;0;0;0;0;1;0;0;0;(-38.6266429 -3.7909954);
QJV0153;2021-08-30 22:13:00;Rua Urucutuba;;;GRANJA LISBOA;QJV0153;Colisão;Não informado;Não informado;Não informado;Meio de quadra;Não informado;Longo da via;0;1;0;0;0;0;0;0;0;0;1;0;0;(-38.6180255 -3.7989284);
BOX3336;2021-08-30 21:44:00;Avenida Comodoro Estácio Brigido;;;ENGENHEIRO LUCIANO CAVALCANTE;BOX3336;Colisão;Não informado;Não informado;Não informado;Meio de quadra;Não informado;Longo da via;0;1;0;1;1;0;0;0;0;0;0;0;0;(-38.48793149999999 -3.7769581);
GLT5575;2021-10-02 10:00:00;Rua Padre Valdevino;RUA JOSE VILAR;;DIONISIO TORRES;968542;Colisão Lateral;Não informado;Bom;Não informado;Cruz;Não informado;Longo da via;0;1;2;1;1;0;0;0;0;0;0;0;0;(-38.5067795 -3.742309);
BFV0711;2021-08-30 21:27:00;Rua Antônio Divino;;;MONDUBIM;BFV0711;Colisão;Não informado;Não informado;Não informado;Meio de quadra;Não informado;Longo da via;0;2;0;0;0;0;0;0;0;0;2;0;0;(-38.5613154 -3.8048147);
DPA8989;2021-08-30 19:34:00;Rua Paurilo Barroso;;;;DPA8989;Colisão;Não informado;Não informado;Não informado;Meio de quadra;Não informado;Longo da via;0;1;0;1;1;0;0;0;0;0;0;0;0;(-38.5699769 -3.8014143);
OOE1190;2021-08-30 19:10:00;Rua Barbosa de Freitas;;;DIONISIO TORRES;OOE1190;Colisão;Não informado;Não informado;Não informado;Meio de quadra;Não informado;Longo da via;0;1;0;1;1;0;0;0;0;0;0;0;0;(-38.5013961 -3.7483023);
DYP9159;2021-08-30 18:53:00;Rua Francisca Clotilde;;;RODOLFO TEOFILO;DYP9159;Atropelamento;Não informado;Não informado;Não informado;Meio de quadra;Não informado;Longo da via;0;1;0;0;0;0;0;0;0;0;1;0;0;(-38.5589004 -3.749258499999999);
UIC6372;2021-08-30 18:03:00;Rua Wagner Marinho;RUA NOVA FORTALEZA (MONDUBIM);;PLANALTO AYRTON SENNA;UIC6372;Colisão;Não informado;Não informado;Não informado;Não informado;Não informado;Cruzamento;0;2;0;1;1;0;0;0;0;0;0;0;0;(-38.5742919 -3.8340613);
XYP6338;2021-08-30 17:00:00;RUA BR DE AQUIRAZ;;;MESSEJANA;XYP6338;Choque c/ Obstáculo Fixo;Não informado;Não informado;Não informado;Meio de quadra;Não informado;Longo da via;0;1;0;0;1;0;0;0;0;0;0;0;0;(-38.4858113 -3.8420974);
EVW1427;2021-08-30 15:52:00;Avenida Washington Soares;;;GUAJERU;EVW1427;Colisão;Não informado;Não informado;Não informado;Meio de quadra;Não informado;Longo da via;0;2;0;1;1;0;0;0;0;0;0;0;0;(-38.4824417 -3.8323432);
DKI8084;2021-10-02 18:10:00;Rua Tchecoslováquia;RUA PRIMEIRO DE JANEIRO;;PARANGABA;967158;Colisão Transversal;Luz do Dia;Bom;Seca;Cruz;Pare;Longo da via;0;1;1;1;1;0;0;0;0;0;0;0;0;(-38.56975100721755 -3.783905201750295);
OZK9886;2021-10-01 05:30:00;Avenida Aguanambi;;;FATIMA;968733;Colisão Traseira;Via Iluminada;Chuva;Molhada;Meio de quadra;Semáforo;Longo da via;0;0;2;0;2;0;0;0;0;0;0;0;0;(-38.52331652827917 -3.753335257971663);
EKG6169;2021-08-30 11:55:00;Rua Beni Carvalho;;;DIONISIO TORRES;EKG6169;Colisão;Não informado;Não informado;Não informado;Meio de quadra;Não informado;Longo da via;0;1;0;1;1;0;0;0;0;0;0;0;0;(-38.4954933 -3.7459166);
ZHJ1980;2021-08-30 11:13:00;Avenida Coronel Carvalho;;;JARDIM IRACEMA;ZHJ1980;Colisão;Não informado;Não informado;Não informado;Meio de quadra;Não informado;Longo da via;0;1;0;1;1;0;0;0;0;0;0;0;0;(-38.5867215 -3.7222003);
CBE2613;2021-08-30 10:03:00;Avenida General Osório de Paiva;;;CANINDEZINHO;CBE2613;Colisão;Não informado;Não informado;Não informado;Meio de quadra;Não informado;Longo da via;0;3;0;2;0;0;0;0;0;0;0;0;0;(-38.6013409 -3.8042998);
QQB4126;2021-10-01 14:40:00;Rua Rio Grande do Norte;;;DEMOCRITO ROCHA;968723;Colisão Lateral;Luz do Dia;Bom;Seca;Meio de quadra;Semáforo;Longo da via;0;0;0;1;1;0;0;0;0;0;0;0;0;(-38.56664494912624 -3.7592502056548);
WMT1772;2021-08-30 09:48:00;AV ALBERTO CRAVEIRO;;;DIAS MACEDO;WMT1772;Colisão;Não informado;Não informado;Não informado;Meio de quadra;Não informado;Longo da via;0;1;0;0;2;0;0;0;0;0;0;0;0;(-38.51831061554567 -3.797386015373058);
DAN8216;2021-08-30 07:39:00;Avenida Presidente Juscelino Kubitschek;;;CASTELAO;DAN8216;Queda;Não informado;Não informado;Não informado;Meio de quadra;Não informado;Longo da via;0;1;0;1;0;0;0;0;0;0;0;0;0;(-38.5259737 -3.8082443);
YYB8612;2021-08-30 04:16:00;Rua João Ramalho;;;PARQUE SAO JOSE;YYB8612;Queda;Não informado;Não informado;Não informado;Meio de quadra;Não informado;Longo da via;0;1;0;0;0;0;0;0;0;1;0;0;0;(-38.5895147 -3.7985378);
ZUZ3299;2021-08-30 03:39:00;RUA AMAZONAS;;;BELA VISTA;ZUZ3299;Colisão;Não informado;Não informado;Não informado;Meio de quadra;Não informado;Longo da via;0;1;0;0;0;0;0;0;0;0;1;0;0;(-55.73262001284618 -12.54315222812378);
LWL4396;2021-08-29 23:17:00;Rua 3 Corações;;;GRANJA LISBOA;LWL4396;Queda;Não informado;Não informado;Não informado;Meio de quadra;Não informado;Longo da via;0;1;0;1;0;0;0;0;0;0;0;0;0;(-38.6093503 -3.7857172);
CES2993;2021-08-29 22:57:00;Avenida Leste Oeste;;;CRISTO REDENTOR;CES2993;Queda;Não informado;Não informado;Não informado;Meio de quadra;Não informado;Longo da via;0;1;0;1;0;0;0;0;0;0;0;0;0;(-38.5540459 -3.712094);
DMC1090;2021-10-01 10:36:00;Avenida Treze de Maio;;;BENFICA;968635;Queda;Luz do Dia;Chuva;Molhada;Meio de quadra;Semáforo;Longo da via;0;2;1;1;1;0;0;0;0;0;0;0;0;(-38.53552595872799 -3.743999729650433);
JRS7222;2021-08-29 22:03:00;Rua Jockey Club;RUA PDE SA LEITAO;;JOQUEI CLUBE;JRS7222;Queda;Não informado;Não informado;Não informado;Cruz;Não informado;Cruzamento;0;1;0;1;0;0;0;0;0;0;0;0;0;(-38.5811479 -3.7614254);
JUH7034;2021-08-29 21:47:00;Rua Oscar França;RUA MON SABINO FEIJAO;;BOM JARDIM;JUH7034;Colisão;Não informado;Não informado;Não informado;Cruz;Não informado;Longo da via;0;1;0;1;1;0;0;0;0;0;0;0;0;(-38.596468 -3.792942);
HXB5707;2021-08-29 21:46:00;Rua Chile;;;BELA VISTA;HXB5707;Queda;Não informado;Não informado;Não informado;Meio de quadra;Não informado;Longo da via;0;1;0;1;0;0;0;0;0;0;0;0;0;(-38.5685535 -3.7494894);
CGF9098;2021-08-29 21:25:00;Rua Topógrafo Sales;RUA ALCIDES SANTOS;;PARANGABA;CGF9098;Colisão;Não informado;Não informado;Não informado;Cruz;Não informado;Cruzamento;0;1;0;0;0;0;0;0;0;0;1;0;0;(-38.5562198 -3.7786977);
QAO3689;2021-08-29 20:34:00;Avenida General Osório de Paiva;;;SIQUEIRA;QAO3689;Queda;Não informado;Não informado;Não informado;Meio de quadra;Não informado;Longo da via;0;1;0;0;0;0;0;0;0;1;0;0;0;(-38.6089392 -3.8122571);
XZF1696;2021-08-29 19:46:00;Rua Padre Cícero;;;RODOLFO TEOFILO;XZF1696;Colisão;Não informado;Não informado;Não informado;Meio de quadra;Não informado;Longo da via;0;2;0;1;1;0;0;0;0;0;0;0;0;(-38.5459523 -3.7434634);
QDI9888;2021-08-29 19:26:00;AV PRE COSTA E SILVA;RUA POE MARIO LINHARES (J.WALTER);;PREFEITO JOSE VALTER;QDI9888;Colisão;Não informado;Não informado;Não informado;T;Não informado;Cruzamento;0;2;0;0;0;0;0;0;0;0;1;0;0;(-38.5502351500378 -3.823642908966693);
ARD7253;2021-10-02 01:00:00;Rua 27 de Julho;RUA 16 DE NOVEMBRO UI 505;;PLANALTO AYRTON SENNA;968396;Atropelamento;Via Iluminada;Bom;Seca;Cruz;Pare;Longo da via;0;0;0;1;0;0;0;0;0;0;0;0;0;(-38.57061462456731 -3.837618112432442);
DUZ5326;2021-08-29 19:21:00;BR-116;;;CAJAZEIRAS;DUZ5326;Queda;Não informado;Não informado;Não informado;Meio de quadra;Não informado;Longo da via;0;1;0;0;0;0;0;0;0;1;0;0;0;(-38.5054894 -3.7996206);
IHO9139;2021-08-29 18:22:00;AV CARNEIRO DE MENDONÇA;;;DEMOCRITO ROCHA;IHO9139;Queda;Não informado;Não informado;Não informado;Meio de quadra;Não informado;Longo da via;0;1;0;0;0;0;0;0;0;1;0;0;0;(-38.5737483 -3.760728);
AFY5732;2021-08-29 18:18:00;Rua Monsenhor Hipólito Brasil;RUA ERNESTO PEDRO SANTOS;;JOQUEI CLUBE;AFY5732;Queda;Não informado;Não informado;Não informado;Cruz;Não informado;Longo da via;0;1;0;1;0;0;0;0;0;0;0;0;0;(-38.5753986 -3.760589);
JSM8039;2021-10-01 23:16:00;Avenida Humberto Monte;;;PARQUELANDIA;967925;Colisão;Mal Iluminada;Bom;Seca;Não informado;Outros;Longo da via;0;1;1;1;1;0;0;0;0;0;0;0;0;(-38.56456891794124 -3.744015788557626);
QHW4004;2021-08-29 17:51:00;AV DR SILAS MUNGUBA;;;SERRINHA;QHW4004;Atropelamento;Não informado;Não informado;Não informado;Meio de quadra;Não informado;Longo da via;0;1;0;1;0;0;0;0;0;0;0;0;0;(-38.542238 -3.7897477);
GJP3524;2021-08-29 16:49:00;Avenida Ministro José Américo;;;CAMBEBA;GJP3524;Colisão;Não informado;Não informado;Não informado;Meio de quadra;Não informado;Longo da via;0;1;0;1;1;0;0;0;0;0;0;0;0;(-38.4863826 -3.8091057);
JND7020;2021-10-01 14:30:00;Rua Agapito dos Santos;RUA PEDRO I;;CENTRO;967703;Colisão Transversal;Luz do Dia;Bom;Seca;Cruz;Pare;Longo da via;0;2;1;0;2;0;0;0;0;0;0;0;0;(-38.5393484 -3.7277834);
AQM6125;2021-08-29 15:34:00;AV SANTOS DUMONT;AV DIOGUINHO;;PRAIA DO FUTURO I;AQM6125;Atropelamento;Não informado;Não informado;Não informado;T;Não informado;Cruzamento;0;1;0;0;1;0;0;0;0;0;0;0;0;(-38.45194954625737 -3.745329355984129);
IEC5939;2021-08-29 12:45:00;Rua Sabiaguaba;;;SABIAGUABA;IEC5939;Colisão;Não informado;Não informado;Não informado;Meio de quadra;Não informado;Longo da via;0;1;0;1;1;0;0;0;0;0;0;0;0;(-38.4423847 -3.7886707);
UEE9669;2021-10-01 16:25:00;Avenida Engenheiro Leal Lima Verde;;;JOSE DE ALENCAR;967599;Colisão Lateral;Luz do Dia;Bom;Seca;Meio de quadra;Não há Controle;Longo da via;0;1;1;1;1;0;0;0;0;0;0;0;0;(-38.47418917318396 -3.813259040705022);
NMB0882;2021-08-29 12:21:00;Avenida Maestro Lisboa;;;LAGOA REDONDA;NMB0882;Choque c/ Obstáculo Fixo;Não informado;Não informado;Não informado;Meio de quadra;Não informado;Longo da via;0;1;0;0;1;0;0;0;0;0;0;0;0;(-38.44976550000001 -3.8057369);
CJC3619;2021-08-31 23:20:00;Rua L;;;VILA VELHA;CJC3619;Queda;Não informado;Não informado;Não informado;Meio de quadra;Não informado;Longo da via;0;1;0;0;0;0;0;0;0;1;0;0;0;(-38.60591784343541 -3.715955076463342);
UTG4520;2021-08-31 23:25:00;Avenida Francisco Sá;;;CARLITO PAMPLONA;UTG4520;Atropelamento;Não informado;Não informado;Não informado;Meio de quadra;Não informado;Longo da via;0;1;0;1;0;0;0;0;0;0;0;0;0;(-38.57010500438534 -3.713075082482591);
VGO6179;2021-09-01 01:27:00;Rua Monte Líbano;;;MONDUBIM;VGO6179;Colisão;Não informado;Não informado;Não informado;Meio de quadra;Não informado;Longo da via;0;1;0;0;0;0;0;0;0;0;1;0;0;(-38.56365158979091 -3.82702031531546);
PAO6373;2021-08-29 12:19:00;Rua dos Antares;;;AEROLANDIA;PAO6373;Colisão;Não informado;Não informado;Não informado;Meio de quadra;Não informado;Longo da via;0;1;0;0;0;0;0;0;0;0;1;0;0;(-38.51379379999999 -3.7802431);
NTJ0191;2021-08-29 10:49:00;RUA FLORIANO PEIXOTO;;;CENTRO;NTJ0191;Colisão;Não informado;Não informado;Não informado;Meio de quadra;Não informado;Longo da via;0;1;0;1;1;0;0;0;0;0;0;0;0;(-38.5314011 -3.7398581);
HGX3418;2021-08-16 02:31:00;Rua José Abílio;;;GRANJA PORTUGAL;HGX3418;Colisão;Não informado;Não informado;Não informado;Meio de quadra;Não informado;Longo da via;0;1;0;0;0;0;0;0;0;0;0;0;0;(-38.60701219222 -3.781517883627223);