COD_ACIDENTE;DATA;LOG1;LOG2;NUMERO;BAIRRO;AMC;NATUREZA;ILUMINACAO;TEMPO;SUPERFICIEPISTA;TIPOCRUZAMENTO;CONTROLETRAFEGO;USOSOLO;MORTOS;FERIDOS;ILESOS;MOTOCICLETA;AUTOMOVEL;MICROONIBUS;CAMINHAO;ONIBUS;CICLOMOTOR;BICICLETA;OUTROS;TREM;TRACAOANIMAL;COORDENADAS
PWR4205;2021-08-16 01:48:00;Rua Manuel Moura;;;JARDIM IRACEMA;PWR4205;Colisão;Não informado;Não informado;Não informado;Meio de quadra;Não informado;Longo da via;0;1;0;1;1;0;0;0;0;0;0;0;0;(-38.58719066056259 -3.714713147126081);
RBR2123;2021-08-15 23:54:00;Rua 102;;;MONDUBIM;RBR2123;Queda;Não informado;Não informado;Não informado;Meio de quadra;Não informado;Longo da via;0;1;0;0;0;0;0;0;0;1;0;0;0;(-38.58595147882484 -3.807745905010532);
KGM7529;2021-08-15 23:48:00;Avenida Bezerra de Menezes;;;PARQUELANDIA;KGM7529;Queda;Não informado;Não informado;Não informado;Meio de quadra;Não informado;Longo da via;0;1;0;1;0;0;0;0;0;0;0;0;0;(-38.5548599 -3.7335861);
WAM1404;2021-08-15 23:05:00;Avenida General Osório de Paiva;;;SIQUEIRA;WAM1404;Atropelamento;Não informado;Não informado;Não informado;Meio de quadra;Não informado;Longo da via;0;1;0;0;0;0;0;0;0;0;0;0;0;(-38.60888435159287 -3.811626513914951);
TMA2257;2021-08-15 22:16:00;Avenida Santos Dumont;;;PRAIA DO FUTURO II;TMA2257;Colisão;Não informado;Não informado;Não informado;Meio de quadra;Não informado;Longo da via;0;2;0;1;1;0;0;0;0;0;0;0;0;(-38.45062881410578 -3.747072328528089);
XCH5672;2021-08-15 22:13:00;Avenida Maestro Lisboa;;;LAGOA REDONDA;XCH5672;Atropelamento;Não informado;Não informado;Não informado;Meio de quadra;Não informado;Longo da via;0;1;0;1;0;0;0;0;0;0;0;0;0;(-38.46852437237524 -3.807879719401994);
BVH6560;2021-08-15 21:02:00;Rua Leon Gradvohl;;;JARDIM CEARENSE;BVH6560;Queda;Não informado;Não informado;Não informado;Meio de quadra;Não informado;Longo da via;0;1;0;0;0;0;0;0;0;0;1;0;0;(-38.56822207700181 -3.801263910995107);
YGD7413;2021-08-15 20:17:00;Avenida Contôrno;;;EDSON QUEIROZ;YGD7413;Atropelamento;Não informado;Não informado;Não informado;Meio de quadra;Não informado;Longo da via;0;1;0;0;1;0;0;0;0;0;0;0;0;(-38.47388878876298 -3.769500902287946);
WQV4081;2021-08-15 17:24:00;Rua Pôrto Velho;;;HENRIQUE JORGE;WQV4081;Atropelamento;Não informado;Não informado;Não informado;Meio de quadra;Não informado;Longo da via;0;3;0;1;0;0;0;0;0;0;0;0;0;(-38.58495500000001 -3.7670812);
WBS0061;2021-08-15 17:10:00;Avenida Carneiro de Mendonça;;;PARANGABA;WBS0061;Colisão;Não informado;Não informado;Não informado;Meio de quadra;Não informado;Longo da via;0;1;0;0;2;0;0;0;0;0;0;0;0;(-38.5635013999262 -3.765700396986545);
BOL5081;2021-08-15 17:02:00;Avenida Mister Hull;;;ANTONIO BEZERRA;BOL5081;Colisão;Não informado;Não informado;Não informado;Meio de quadra;Não informado;Longo da via;0;1;0;1;1;0;0;0;0;0;0;0;0;(-38.5918266 -3.7396339);
YWB0452;2021-08-15 14:21:00;Avenida Padre Antônio Tomás;;;COCO;YWB0452;Queda;Não informado;Não informado;Não informado;Meio de quadra;Não informado;Longo da via;0;1;0;0;0;0;0;0;0;1;0;0;0;(-38.48429575293798 -3.744358378507497);
NOH5119;2021-08-15 14:06:00;Avenida Professor Gomes de Matos;;;MONTESE;NOH5119;Colisão;Não informado;Não informado;Não informado;Meio de quadra;Não informado;Longo da via;0;1;0;1;1;0;0;0;0;0;0;0;0;(-38.54703797331253 -3.762804507864179);
OEN7710;2021-08-15 11:07:00;Rua Jerônimo de Albuquerque;;;BARRA DO CEARA;OEN7710;Colisão;Não informado;Não informado;Não informado;Meio de quadra;Não informado;Longo da via;0;2;0;2;0;0;0;0;0;0;0;0;0;(-38.57757225786231 -3.710216491806308);
PNJ4008;2021-08-15 08:57:00;Rua Alberto Magno;;;MONTESE;PNJ4008;Colisão;Não informado;Não informado;Não informado;Meio de quadra;Não informado;Longo da via;0;1;0;1;1;0;0;0;0;0;0;0;0;(-38.55140463492325 -3.766514027686934);
ZRC6956;2021-08-15 05:08:00;Avenida Godofredo Maciel;;;MONDUBIM;ZRC6956;Queda;Não informado;Não informado;Não informado;Meio de quadra;Não informado;Longo da via;0;1;0;1;0;0;0;0;0;0;0;0;0;(-38.57616677963477 -3.818675795902608);
GAV9590;2021-08-15 05:05:00;Rua Tenente Renato Aguiar;;;ITAPERI;GAV9590;Colisão;Não informado;Não informado;Não informado;Meio de quadra;Não informado;Longo da via;0;1;0;0;0;0;0;0;0;0;0;0;0;(-38.54006424934384 -3.791559563008609);
KGX8593;2021-08-29 10:40:00;Avenida Mister Hull;;;ANTONIO BEZERRA;KGX8593;Atropelamento;Não informado;Não informado;Não informado;Meio de quadra;Não informado;Longo da via;0;1;0;0;1;0;0;0;0;0;0;0;0;(-38.5918137 -3.7395231);
KGX8593;2021-08-29 10:35:00;AV WASHINGTON SOARES;;;CAMBEBA;KGX8593;Colisão;Não informado;Não informado;Não informado;Meio de quadra;Não informado;Longo da via;0;2;0;0;2;0;0;0;0;0;0;0;0;(-38.4790722 -3.8070071);
ZPW8608;2021-08-29 09:13:00;Avenida Presidente Castelo Branco;RUA FRANCISCO CORDEIRO;;PIRAMBU;ZPW8608;Colisão;Não informado;Não informado;Não informado;Cruz;Não informado;Cruzamento;0;1;0;1;1;0;0;0;0;0;0;0;0;(-38.5506345 -3.7131603);
HOY3039;2021-08-29 08:34:00;Rua Rio Araguaia;;;JARDIM IRACEMA;HOY3039;Atropelamento;Não informado;Não informado;Não informado;Meio de quadra;Não informado;Longo da via;0;1;0;0;1;0;0;0;0;0;0;0;0;(-38.5820702 -3.7258231);
AJE9947;2021-08-29 08:18:00;AV DOLOR BARREIRA;;;VICENTE PINZON;AJE9947;Colisão;Não informado;Não informado;Não informado;Meio de quadra;Não informado;Longo da via;0;1;0;1;1;0;0;0;0;0;0;0;0;(-38.4730167 -3.7278622);
TDF2635;2021-08-29 05:25:00;Rua Mato Grosso;;;DEMOCRITO ROCHA;TDF2635;Colisão;Não informado;Não informado;Não informado;Meio de quadra;Não informado;Longo da via;0;1;0;1;1;0;0;0;0;0;0;0;0;(-38.5672006 -3.7621593);
DGS1432;2021-08-29 04:47:00;AV CASTELO DE CASTRO;;;;DGS1432;Queda;Não informado;Não informado;Não informado;Meio de quadra;Não informado;Longo da via;0;1;0;1;0;0;0;0;0;0;0;0;0;(-38.5216603 -3.8435121);
LFG5726;2021-08-29 04:17:00;Rua Carlos Magno;;;MONDUBIM;LFG5726;Queda;Não informado;Não informado;Não informado;Meio de quadra;Não informado;Longo da via;0;2;0;1;0;0;0;0;0;0;0;0;0;(-38.5787511 -3.815354);
WYN8456;2021-08-15 04:45:00;Avenida Contôrno;;;EDSON QUEIROZ;WYN8456;Queda;Não informado;Não informado;Não informado;Meio de quadra;Não informado;Longo da via;0;1;0;1;0;0;0;0;0;0;0;0;0;(-38.4741084 -3.7697689);
IJV5916;2021-08-29 04:14:00;Rua Cândido Castelo Branco;;;BARRA DO CEARA;IJV5916;Queda;Não informado;Não informado;Não informado;Meio de quadra;Não informado;Longo da via;0;1;0;0;0;0;0;0;0;1;0;0;0;(-38.5797865 -3.7071866);
ZJS4914;2021-08-15 04:00:00;Rua Dos Coqueiros Lot Cidade Ecologica;;;EDSON QUEIROZ;ZJS4914;Queda;Não informado;Não informado;Não informado;Meio de quadra;Não informado;Longo da via;0;1;0;1;0;0;0;0;0;0;0;0;0;(-38.45794573485977 -3.774880462379794);
DZK3614;2021-08-29 04:05:00;Avenida Doutor Silas Munguba;;;PARANGABA;DZK3614;Queda;Não informado;Não informado;Não informado;Meio de quadra;Não informado;Longo da via;0;1;0;1;0;0;0;0;0;0;0;0;0;(-38.5568892 -3.7816343);
CZP3730;2021-08-15 03:41:00;Rua Olímpio de Noronha;;;MONDUBIM;CZP3730;Colisão;Não informado;Não informado;Não informado;Meio de quadra;Não informado;Longo da via;0;1;0;2;0;0;0;0;0;0;0;0;0;(-38.56104448778916 -3.81232234538483);
THG3200;2021-08-15 03:33:00;Rua Nestor Barbosa;;;AMADEU FURTADO;THG3200;Colisão;Não informado;Não informado;Não informado;Meio de quadra;Não informado;Longo da via;0;1;0;1;1;0;0;0;0;0;0;0;0;(-38.5605026789878 -3.745129205404532);
LRX4217;2021-08-15 02:06:00;Avenida Coronel Carvalho;;;JARDIM GUANABARA;LRX4217;Atropelamento;Não informado;Não informado;Não informado;Meio de quadra;Não informado;Longo da via;0;1;0;1;0;0;0;0;0;0;0;0;0;(-38.58714774897162 -3.720162634408769);
WZL8705;2021-08-29 02:55:00;Rua Leandro Henrique;;;SIQUEIRA;WZL8705;Colisão;Não informado;Não informado;Não informado;Meio de quadra;Não informado;Longo da via;0;2;0;0;0;0;0;0;0;0;1;0;0;(-38.6252646 -3.8134394);
NMK4319;2021-08-14 23:10:00;Rua Desembargador João Firmino;RUA ROMEU MARTINS;;DAMAS;NMK4319;Colisão;Não informado;Não informado;Não informado;Cruz;Não informado;Longo da via;0;1;0;1;1;0;0;0;0;0;0;0;0;(-38.55555131481267 -3.764271188586245);
IFL8629;2021-08-29 02:28:00;Avenida Mister Hull;;;ANTONIO BEZERRA;IFL8629;Atropelamento;Não informado;Não informado;Não informado;Meio de quadra;Não informado;Longo da via;0;2;0;1;0;0;0;0;0;0;0;0;0;(-38.5918137 -3.7395231);
SPR0792;2021-08-29 02:14:00;Rodovia Estrada do Guarani (BR116);;;AEROLANDIA;SPR0792;Queda;Não informado;Não informado;Não informado;Meio de quadra;Não informado;Longo da via;0;1;0;1;0;0;0;0;0;0;0;0;0;(-38.5041401 -3.8259496);
EGK2497;2021-08-14 22:07:00;Avenida Rogaciano Leite;;;JARDIM DAS OLIVEIRAS;EGK2497;Colisão;Não informado;Não informado;Não informado;Meio de quadra;Não informado;Longo da via;0;1;0;0;0;0;0;0;0;0;0;0;0;(-38.50082889470108 -3.777160743469018);
MLG4351;2021-08-28 23:27:00;Rua General Rabelo;;;CANINDEZINHO;MLG4351;Colisão;Não informado;Não informado;Não informado;Meio de quadra;Não informado;Longo da via;0;1;0;0;0;0;0;0;0;0;1;0;0;(-38.60639949999999 -3.8068041);
DQT5800;2021-08-14 22:00:00;Rua Antônio Pereira;;;PLANALTO AYRTON SENNA;DQT5800;Colisão;Não informado;Não informado;Não informado;Meio de quadra;Não informado;Longo da via;0;1;0;0;0;0;0;0;0;0;0;0;0;(-38.5623695013883 -3.834021299042328);
LGV1408;2021-08-14 23:21:00;Rua Anita Garibaldi;RUA ANTONIO TEIXEIRA LEITE;;SERRINHA;LGV1408;Queda;Não informado;Não informado;Não informado;Cruz;Não informado;Longo da via;0;1;0;0;0;0;0;0;0;1;0;0;0;(-38.53849249104702 -3.788449652369378);
FVA0484;2021-08-14 18:32:00;Rua Anselmo Nogueira;RUA COSMONAUTAS D34;;BONSUCESSO;FVA0484;Colisão;Não informado;Não informado;Não informado;Cruz;Não informado;Longo da via;0;1;0;0;1;0;0;0;0;1;0;0;0;(-38.58886977712439 -3.787486166598372);
CMW5038;2021-08-28 22:26:00;AV PRE CASTELO BRANCO;;;CRISTO REDENTOR;CMW5038;Atropelamento;Não informado;Não informado;Não informado;Meio de quadra;Não informado;Longo da via;0;1;0;1;0;0;0;0;0;0;0;0;0;(-38.56661845435121 -3.708905381243479);
KHU5721;2021-08-28 21:33:00;Rua 43;;;PREFEITO JOSE VALTER;KHU5721;Outros;Não informado;Não informado;Não informado;Meio de quadra;Não informado;Longo da via;0;1;0;1;0;0;0;0;0;0;0;0;0;(-38.5560597 -3.8281975);
RNF3262;2021-08-28 21:22:00;Rua Brejo Santo;;;CONJUNTO CEARA II;RNF3262;Colisão;Não informado;Não informado;Não informado;Meio de quadra;Não informado;Longo da via;0;1;0;0;0;0;0;0;0;0;1;0;0;(-38.6216902 -3.7730062);
CUE4494;2021-08-28 21:04:00;Rua Carlos Vasconcelos;RUA TEN BENEVOLO;;ALDEOTA;CUE4494;Colisão;Não informado;Não informado;Não informado;Cruz;Não informado;Cruzamento;0;1;0;0;0;0;0;0;0;0;1;0;0;(-38.5091757 -3.7280059);
DDJ5849;2021-08-28 20:49:00;Avenida Dom Aloísio Lorscheider;;;BARRA DO CEARA;DDJ5849;Queda;Não informado;Não informado;Não informado;Meio de quadra;Não informado;Longo da via;0;1;0;1;0;0;0;0;0;0;0;0;0;(-38.5976458 -3.7152661);
NWF0862;2021-08-28 20:21:00;Avenida do Passaré;;;PASSARE;NWF0862;Colisão;Não informado;Não informado;Não informado;Meio de quadra;Não informado;Longo da via;0;1;0;1;1;0;0;0;0;0;0;0;0;(-38.5411546 -3.8177278);
HMC8503;2021-08-28 20:02:00;Rua George Cavalcante;RUA ROSINHA SAMPAIO;;QUINTINO CUNHA;HMC8503;Colisão;Não informado;Não informado;Não informado;Cruz;Não informado;Cruzamento;0;1;0;2;0;0;0;0;0;0;0;0;0;(-38.5933272 -3.7254034);
JJR9230;2021-08-14 16:48:00;Rua 856;;;CONJUNTO CEARA I;JJR9230;Atropelamento;Não informado;Não informado;Não informado;Meio de quadra;Não informado;Longo da via;0;1;0;1;0;0;0;0;0;0;0;0;0;(-38.599622 -3.7703396);
OOG4529;2021-08-28 19:05:00;Rua Equador;RUA SUECIA;;SERRINHA;OOG4529;Colisão;Não informado;Não informado;Não informado;T;Não informado;Cruzamento;0;2;0;1;1;0;0;0;0;0;0;0;0;(-38.552711 -3.7749233);
LJR9597;2021-08-14 16:37:00;Rua 5;;;MONDUBIM;LJR9597;Colisão;Não informado;Não informado;Não informado;Meio de quadra;Não informado;Longo da via;0;1;0;0;1;0;0;0;0;1;0;0;0;(-38.5699047 -3.8184754);
UCV9948;2021-08-14 16:36:00;Rua Olavo Bilac;;;VILA ELLERY;UCV9948;Colisão;Não informado;Não informado;Não informado;Meio de quadra;Não informado;Longo da via;0;1;0;2;0;0;0;0;0;0;0;0;0;(-38.5649775 -3.7282489);
VQP5285;2021-08-14 15:32:00;Avenida Washington Soares;;;EDSON QUEIROZ;VQP5285;Colisão;Não informado;Não informado;Não informado;Meio de quadra;Não informado;Longo da via;0;1;0;2;0;0;0;0;0;0;0;0;0;(-38.481665 -3.7762191);
KPS4078;2021-08-14 15:29:00;Rua Antônieta Clotilde;;;JARDIM IRACEMA;KPS4078;Colisão;Não informado;Não informado;Não informado;Meio de quadra;Não informado;Longo da via;0;1;0;1;1;0;0;0;0;0;0;0;0;(-38.58240023713862 -3.717288007298202);
GRO5837;2021-08-28 18:50:00;RUA C;RUA JOAO VINTE TRES;;GRANJA LISBOA;GRO5837;Colisão;Não informado;Não informado;Não informado;Y;Não informado;Cruzamento;0;2;0;2;0;0;0;0;0;0;0;0;0;(-38.61358892579666 -3.783439514650722);
ZYD3594;2021-08-14 15:19:00;Rua José Torres;;;GRANJA PORTUGAL;ZYD3594;Colisão;Não informado;Não informado;Não informado;Meio de quadra;Não informado;Longo da via;0;1;0;0;0;0;0;0;0;0;0;0;0;(-38.60759690510585 -3.781153897326697);
SXQ3333;2021-08-14 15:07:00;Avenida Coronel Carvalho;;;ANTONIO BEZERRA;SXQ3333;Atropelamento;Não informado;Não informado;Não informado;Meio de quadra;Não informado;Longo da via;0;1;0;1;0;0;0;0;0;0;0;0;0;(-38.58468586494448 -3.730531974111393);
GGK8489;2021-08-14 15:01:00;Rua Germano Franck;;;PARANGABA;GGK8489;Colisão;Não informado;Não informado;Não informado;Meio de quadra;Não informado;Longo da via;0;1;0;2;0;0;0;0;0;0;0;0;0;(-38.56228902925339 -3.777514025918733);
ADK0552;2021-08-14 14:11:00;BR-116;;;AEROLANDIA;ADK0552;Colisão;Não informado;Não informado;Não informado;Meio de quadra;Não informado;Longo da via;0;2;0;1;1;0;0;0;0;0;0;0;0;(-38.5152306 -3.7760061);
HQR1895;2021-08-14 12:33:00;Avenida Engenheiro Leal Lima Verde;;;SAPIRANGA / COITE;HQR1895;Colisão;Não informado;Não informado;Não informado;Meio de quadra;Não informado;Longo da via;0;1;0;1;1;0;0;0;0;0;0;0;0;(-38.47546057169053 -3.798041629938187);
DNG2898;2021-08-28 18:50:00;Rua C;;;BARROSO;DNG2898;Queda;Não informado;Não informado;Não informado;Meio de quadra;Não informado;Longo da via;0;1;0;0;0;0;0;0;0;1;0;0;0;(-38.5114097 -3.8159977);
XWE3443;2021-08-14 11:51:00;Avenida Sargento Hermínio Sampaio;AV JOSE JATAHY;;MONTE CASTELO;XWE3443;Colisão;Não informado;Não informado;Não informado;Cruz;Não informado;Longo da via;0;1;0;1;1;0;0;0;0;0;0;0;0;(-38.5459049 -3.7247097);
POF8915;2021-08-14 11:01:00;Avenida Major Assis;;;JARDIM GUANABARA;POF8915;Queda;Não informado;Não informado;Não informado;Meio de quadra;Não informado;Longo da via;0;3;0;1;0;0;0;0;0;0;0;0;0;(-38.59069898807746 -3.723235316705275);
UWL0892;2021-08-14 10:10:00;Rua Paulo Firmeza;;;SAO JOAO DO TAUAPE;UWL0892;Queda;Não informado;Não informado;Não informado;Meio de quadra;Não informado;Longo da via;0;1;0;1;0;0;0;0;0;0;0;0;0;(-38.50972310120194 -3.756873525612153);
OEE6608;2021-08-14 09:08:00;Rua Siqueira Campos;;;SIQUEIRA;OEE6608;Colisão;Não informado;Não informado;Não informado;Meio de quadra;Não informado;Longo da via;0;1;0;0;0;0;0;0;0;0;0;0;0;(-38.6236712 -3.8169471);
SGY7939;2021-08-14 08:49:00;Rua General Góis Monteiro;;;PADRE ANDRADE;SGY7939;Queda;Não informado;Não informado;Não informado;Meio de quadra;Não informado;Longo da via;0;1;0;1;0;0;0;0;0;0;0;0;0;(-38.58056560312293 -3.734027091451587);
TXO7222;2021-08-28 18:43:00;Rua Carlos Juaçaba;RUA SUECIA;;ITAPERI;TXO7222;Colisão;Não informado;Não informado;Não informado;Cruz;Não informado;Cruzamento;0;1;0;1;1;0;0;0;0;0;0;0;0;(-38.5619058 -3.7913568);
ALR2675;2021-08-28 18:25:00;Rua Pedro Melo;RUA TOMAS RODRIGUES;;ANTONIO BEZERRA;ALR2675;Colisão;Não informado;Não informado;Não informado;Cruz;Não informado;Cruzamento;0;1;0;1;1;0;0;0;0;0;0;0;0;(-38.5934107 -3.7445961);
NEI8807;2021-08-14 04:51:00;Rua Almirante Jaceguai;;;CENTRO;NEI8807;Colisão;Não informado;Não informado;Não informado;Meio de quadra;Não informado;Longo da via;0;1;0;1;1;0;0;0;0;0;0;0;0;(-38.51933067513577 -3.72215934381058);
NKR8903;2021-08-14 03:24:00;Avenida Américo Barreira;;;DEMOCRITO ROCHA;NKR8903;Colisão;Não informado;Não informado;Não informado;Meio de quadra;Não informado;Longo da via;0;1;0;1;1;0;0;0;0;0;0;0;0;(-38.55408685050634 -3.753527962781202);
MKR0686;2021-08-28 13:16:00;AV JOSE LEON;;;JARDIM DAS OLIVEIRAS;MKR0686;Colisão;Não informado;Não informado;Não informado;Meio de quadra;Não informado;Longo da via;0;1;0;1;1;0;0;0;0;0;0;0;0;(-38.5059961 -3.7865662);
SJT6779;2021-08-14 02:53:00;Rua Júlio Azevedo;;;PAPICU;SJT6779;Choque c/ Obstáculo Fixo;Não informado;Não informado;Não informado;Meio de quadra;Não informado;Longo da via;0;1;0;0;1;0;0;0;0;0;0;0;0;(-38.47701624212856 -3.734524923100512);
OEO7946;2021-08-14 01:54:00;Rua J;;;CANINDEZINHO;OEO7946;Colisão;Não informado;Não informado;Não informado;Meio de quadra;Não informado;Longo da via;0;1;0;2;0;0;0;0;0;0;0;0;0;(-38.60315517026128 -3.816556200110742);
TYY4829;2021-08-14 01:32:00;Avenida Bezerra de Menezes;;;PARQUE ARAXA;TYY4829;Colisão;Não informado;Não informado;Não informado;Meio de quadra;Não informado;Longo da via;0;1;0;1;1;0;0;0;0;0;0;0;0;(-38.5548599 -3.7335861);
XVN1118;2021-08-14 01:19:00;Rua Luciano Queiroz;;;HENRIQUE JORGE;XVN1118;Queda;Não informado;Não informado;Não informado;Meio de quadra;Não informado;Longo da via;0;1;0;0;0;0;0;0;0;1;0;0;0;(-38.58299031608454 -3.766530086179942);
XQL8361;2021-08-28 13:13:00;Rua Germano Franck;;;PARANGABA;XQL8361;Colisão;Não informado;Não informado;Não informado;Meio de quadra;Não informado;Longo da via;0;1;0;1;1;0;0;0;0;0;0;0;0;(-38.5637304 -3.7784209);
YWP3055;2021-08-13 22:46:00;Rua Senador Alencar;;;CENTRO;YWP3055;Queda;Não informado;Não informado;Não informado;Meio de quadra;Não informado;Longo da via;0;1;0;1;0;0;0;0;0;0;0;0;0;(-38.53614285155381 -3.722293171356639);
GFH3786;2021-08-13 22:09:00;Avenida Plácido Castelo;;;JARDIM DAS OLIVEIRAS;GFH3786;Atropelamento;Não informado;Não informado;Não informado;Meio de quadra;Não informado;Longo da via;0;1;0;0;1;0;0;0;0;0;0;0;0;(-38.50819960249365 -3.7834502201041);
WTN3634;2021-08-13 21:36:00;Avenida Mister Hull;;;ANTONIO BEZERRA;WTN3634;Atropelamento;Não informado;Não informado;Não informado;Meio de quadra;Não informado;Longo da via;0;1;0;1;0;0;0;0;0;0;0;0;0;(-38.5918266 -3.7396339);
KSY2114;2021-08-13 21:18:00;Avenida Senador Carlos Jereissati;;;DIAS MACEDO;KSY2114;Queda;Não informado;Não informado;Não informado;Meio de quadra;Não informado;Longo da via;0;1;0;1;0;0;0;0;0;0;0;0;0;(-38.5237510491891 -3.783343165564391);
YPL2186;2021-08-13 21:08:00;Avenida Doutor Theberge;RUA ANA FACO;;ALVARO WEYNE;YPL2186;Colisão;Não informado;Não informado;Não informado;Meio de quadra;Não informado;Longo da via;0;1;0;1;1;0;0;0;0;0;0;0;0;(-38.5642056 -3.7123117);
SLO4909;2021-08-13 20:25:00;Avenida Humberto Monte;;;BELA VISTA;SLO4909;Colisão;Não informado;Não informado;Não informado;Meio de quadra;Não informado;Longo da via;0;1;0;0;0;0;0;0;0;0;0;0;0;(-38.5599769819722 -3.74982374066467);
LWQ9619;2021-08-13 20:08:00;Avenida Borges de Melo;;;AEROLANDIA;LWQ9619;Colisão;Não informado;Não informado;Não informado;Meio de quadra;Não informado;Longo da via;0;1;0;1;1;0;0;0;0;0;0;0;0;(-38.52169644283525 -3.761107651539167);
QNI0796;2021-08-28 11:08:00;Rodovia Br116;;;MESSEJANA;QNI0796;Colisão;Não informado;Não informado;Não informado;Meio de quadra;Não informado;Longo da via;0;2;0;0;0;0;0;0;0;0;1;0;0;(-38.5013092 -3.8148352);
JUB9873;2021-08-13 20:01:00;Rua João Brígido;RUA JOAO CORDEIRO;;JOAQUIM TVORA;JUB9873;Colisão;Não informado;Não informado;Não informado;Cruz;Não informado;Longo da via;0;2;0;1;1;0;0;0;0;0;0;0;0;(-38.517871 -3.7399567);
YEF9518;2021-08-13 19:30:00;Rua Heleno Moura;;;DEMOCRITO ROCHA;YEF9518;Atropelamento;Não informado;Não informado;Não informado;Meio de quadra;Não informado;Longo da via;0;1;0;0;1;0;0;0;0;0;0;0;0;(-38.56500878708329 -3.762574335117918);
GBW4206;2021-08-28 10:53:00;Avenida Coronel Virgílio Nogueira;;;BOM JARDIM;GBW4206;Queda;Não informado;Não informado;Não informado;Meio de quadra;Não informado;Longo da via;0;1;0;1;0;0;0;0;0;0;0;0;0;(-38.6112888 -3.7961929);
EBC5978;2021-08-13 17:02:00;Avenida dos Expedicionários;;;FATIMA;EBC5978;Colisão;Não informado;Não informado;Não informado;Meio de quadra;Não informado;Longo da via;0;2;0;2;0;0;0;0;0;0;0;0;0;(-38.54159311575425 -3.766315972915422);
NRC5256;2021-08-28 10:10:00;Avenida General Osório de Paiva;;;CANINDEZINHO;NRC5256;Colisão;Não informado;Não informado;Não informado;Meio de quadra;Não informado;Longo da via;0;1;0;1;1;0;0;0;0;0;0;0;0;(-38.6002958 -3.8034156);
LKY9680;2021-08-13 16:56:00;Avenida Waldir Diogo;;;MONDUBIM;LKY9680;Colisão;Não informado;Não informado;Não informado;Meio de quadra;Não informado;Longo da via;0;4;0;0;0;0;0;0;0;0;0;0;0;(-38.5848517820427 -3.804721694217974);
SUX9453;2021-08-28 06:51:00;Rua São Paulo;;;CENTRO;SUX9453;Colisão;Não informado;Não informado;Não informado;Meio de quadra;Não informado;Longo da via;0;1;0;1;1;0;0;0;0;0;0;0;0;(-38.5287193 -3.7255766);
AZT1703;2021-08-13 16:45:00;Avenida Contôrno;;;EDSON QUEIROZ;AZT1703;Atropelamento;Não informado;Não informado;Não informado;Meio de quadra;Não informado;Longo da via;0;1;0;0;0;0;0;1;0;0;0;0;0;(-38.47409263641354 -3.769773895691551);
LJW5981;2021-08-28 05:45:00;Avenida Eduardo Girão;;;FATIMA;LJW5981;Colisão;Não informado;Não informado;Não informado;Meio de quadra;Não informado;Longo da via;0;1;0;0;0;0;0;0;0;0;1;0;0;(-38.5356937 -3.7512631);
SQE6259;2021-08-28 03:48:00;Avenida da Abolição;;;MEIRELES;SQE6259;Queda;Não informado;Não informado;Não informado;Meio de quadra;Não informado;Longo da via;0;1;0;0;0;0;0;0;0;1;0;0;0;(-38.4921695 -3.7266557);
LMS7831;2021-08-28 01:44:00;AV DEP PAULINO ROCHA;;;CAJAZEIRAS;LMS7831;Colisão;Não informado;Não informado;Não informado;Meio de quadra;Não informado;Longo da via;0;2;0;0;0;0;0;0;0;0;1;0;0;(-38.50793511498628 -3.802159721055517);
XTH4106;2021-08-13 15:57:00;Avenida Bernardo Manuel;;;SERRINHA;XTH4106;Atropelamento;Não informado;Não informado;Não informado;Meio de quadra;Não informado;Longo da via;0;2;0;0;1;0;0;0;0;0;0;0;0;(-38.54816451071651 -3.788010731206735);
LTW8845;2021-08-28 00:26:00;Rua Engenheiro João Nogueira;;;CARLITO PAMPLONA;LTW8845;Queda;Não informado;Não informado;Não informado;Meio de quadra;Não informado;Longo da via;0;1;0;1;0;0;0;0;0;0;0;0;0;(-38.5594259 -3.712921);
VLC7625;2021-08-13 15:42:00;Avenida Maria Gomes de Sá;;;MONDUBIM;VLC7625;Colisão;Não informado;Não informado;Não informado;Meio de quadra;Não informado;Longo da via;0;1;0;1;1;0;0;0;0;0;0;0;0;(-38.5771913895775 -3.827887412737204);
EXP3986;2021-08-27 21:57:00;Rua José Meneleu;RUA SUECIA;;ITAPERI;EXP3986;Colisão;Não informado;Não informado;Não informado;Cruz;Não informado;Cruzamento;0;1;0;1;1;0;0;0;0;0;0;0;0;(-38.559482 -3.7826258);
CGD1021;2021-08-13 15:22:00;Avenida Washington Soares;;;ENGENHEIRO LUCIANO CAVALCANTE;CGD1021;Colisão;Não informado;Não informado;Não informado;Meio de quadra;Não informado;Longo da via;0;1;0;0;0;0;0;0;0;0;0;0;0;(-38.48115219060156 -3.782235150301515);
OOK6096;2021-08-27 21:57:00;Avenida Godofredo Maciel;;;MONDUBIM;OOK6096;Colisão;Não informado;Não informado;Não informado;Meio de quadra;Não informado;Longo da via;0;1;0;1;1;0;0;0;0;0;0;0;0;(-38.5667656 -3.7851662);