COD_ACIDENTE;DATA;LOG1;LOG2;NUMERO;BAIRRO;AMC;NATUREZA;ILUMINACAO;TEMPO;SUPERFICIEPISTA;TIPOCRUZAMENTO;CONTROLETRAFEGO;USOSOLO;MORTOS;FERIDOS;ILESOS;MOTOCICLETA;AUTOMOVEL;MICROONIBUS;CAMINHAO;ONIBUS;CICLOMOTOR;BICICLETA;OUTROS;TREM;TRACAOANIMAL;COORDENADAS
WWZ6741;2021-08-13 15:11:00;Rua Cônego de Castro;RUA SUICA;;VILA PERY;WWZ6741;Colisão;Não informado;Não informado;Não informado;Cruz;Não informado;Longo da via;0;1;0;1;1;0;0;0;0;0;0;0;0;(-38.5814342 -3.7936832);
HTD4716;2021-08-13 14:35:00;Avenida Ministro Albuquerque Lima;;;CONJUNTO CEARA I;HTD4716;Colisão;Não informado;Não informado;Não informado;Meio de quadra;Não informado;Longo da via;0;1;0;0;0;0;0;0;0;0;0;0;0;(-38.6072107 -3.7689213);
FCY3394;2021-08-27 21:39:00;Rua Gomes Brasil;;;PARANGABA;FCY3394;Colisão;Não informado;Não informado;Não informado;Meio de quadra;Não informado;Longo da via;0;3;0;2;0;0;0;0;0;0;0;0;0;(-38.5682484 -3.772788799999999);
SIH6406;2021-08-13 14:14:00;Avenida Antônio Sales;RUA GONCALVES LEDO;;ALDEOTA;SIH6406;Colisão;Não informado;Não informado;Não informado;Cruz;Não informado;Longo da via;0;1;0;1;1;0;0;0;0;0;0;0;0;(-38.5191826 -3.7402327);
CNA6591;2021-08-13 13:36:00;Rua José Dantas Pereira;;;CANINDEZINHO;CNA6591;Atropelamento;Não informado;Não informado;Não informado;Meio de quadra;Não informado;Longo da via;0;1;0;0;1;0;0;0;0;0;0;0;0;(-38.607706 -3.8224972);
UZL8853;2021-08-27 20:18:00;Avenida Nova Fortaleza;RUA NATAL;;PLANALTO AYRTON SENNA;UZL8853;Colisão;Não informado;Não informado;Não informado;Cruz;Não informado;Cruzamento;0;1;0;1;1;0;0;0;0;0;0;0;0;(-38.5739199 -3.8395137);
LDU9273;2021-08-13 11:50:00;Rua Raimundo Neri;;;PARQUE SAO JOSE;LDU9273;Colisão;Não informado;Não informado;Não informado;Meio de quadra;Não informado;Longo da via;0;1;0;1;1;0;0;0;0;0;0;0;0;(-38.58557060678677 -3.796227084313385);
BRR3721;2021-08-27 20:11:00;AV FRANCISCO SA;;;JACARECANGA;BRR3721;Colisão;Não informado;Não informado;Não informado;Meio de quadra;Não informado;Longo da via;0;1;0;0;0;0;0;0;0;0;1;0;0;(-38.5468942 -3.7208443);
PYO6455;2021-08-13 10:17:00;Avenida Coronel Carvalho;;;JARDIM IRACEMA;PYO6455;Colisão;Não informado;Não informado;Não informado;Meio de quadra;Não informado;Longo da via;0;2;0;0;0;0;0;0;0;0;0;0;0;(-38.5896100189585 -3.710569801267328);
URG0992;2021-08-27 20:10:00;Avenida Val Paraíso;;;PREFEITO JOSE VALTER;URG0992;Colisão;Não informado;Não informado;Não informado;Meio de quadra;Não informado;Longo da via;0;1;0;0;0;0;0;0;0;0;1;0;0;(-38.5251663 -3.8445567);
OLQ9997;2021-08-13 09:05:00;Avenida Bezerra de Menezes;;;PRESIDENTE KENNEDY;OLQ9997;Queda;Não informado;Não informado;Não informado;Meio de quadra;Não informado;Longo da via;0;1;0;1;0;0;0;0;0;0;0;0;0;(-38.56866732322913 -3.736634013190518);
UAC5027;2021-08-27 19:31:00;Rua Rosinha Sampaio;AV MOZART PINHEIRO DE LUCENA;;QUINTINO CUNHA;UAC5027;Colisão;Não informado;Não informado;Não informado;Cruz;Não informado;Cruzamento;0;1;0;1;1;0;0;0;0;0;0;0;0;(-38.5874544 -3.7265996);
JXQ3217;2021-08-13 09:00:00;Avenida Doutor Mendel Steinbruch;;;CONJUNTO ESPERANCA;JXQ3217;Colisão;Não informado;Não informado;Não informado;Meio de quadra;Não informado;Longo da via;0;1;0;1;1;0;0;0;0;0;0;0;0;(-38.57975558116115 -3.826881151449972);
DRI7535;2021-08-27 19:28:00;AV ALBERTO CRAVEIRO;;;BOA VISTA;DRI7535;Colisão;Não informado;Não informado;Não informado;Meio de quadra;Não informado;Longo da via;0;1;0;1;1;0;0;0;0;0;0;0;0;(-38.5172568 -3.7900893);
MAO7782;2021-08-13 08:40:00;Avenida Pontes Vieira;;;DIONISIO TORRES;MAO7782;Queda;Não informado;Não informado;Não informado;Meio de quadra;Não informado;Longo da via;0;1;0;1;0;0;0;0;0;0;0;0;0;(-38.50063041498724 -3.7512529727349);
QAT5114;2021-08-13 08:32:00;Avenida Doutor Theberge;;;ALVARO WEYNE;QAT5114;Queda;Não informado;Não informado;Não informado;Meio de quadra;Não informado;Longo da via;0;1;0;0;1;0;0;0;0;0;0;0;0;(-38.56646790949113 -3.719365020004944);
SJZ3558;2021-08-13 00:38:00;Rua Recanto Verde;;;JANGURUSSU;SJZ3558;Colisão;Não informado;Não informado;Não informado;Meio de quadra;Não informado;Longo da via;0;1;0;1;1;0;0;0;0;0;0;0;0;(-38.51417557051244 -3.844972264079897);
VSI6233;2021-08-13 00:30:00;Avenida General Osório de Paiva;;;CANINDEZINHO;VSI6233;Atropelamento;Não informado;Não informado;Não informado;Meio de quadra;Não informado;Longo da via;0;1;0;0;1;0;0;0;0;0;0;0;0;(-38.60251144854254 -3.805380063135467);
FQI6814;2021-08-13 00:10:00;Avenida Governador Raul Barbosa;;;AEROLANDIA;FQI6814;Colisão;Não informado;Não informado;Não informado;Meio de quadra;Não informado;Longo da via;0;1;0;1;1;0;0;0;0;0;0;0;0;(-38.50923494197618 -3.767145661522007);
CRN0487;2021-08-27 17:18:00;Avenida Maria Gomes de Sá;;;MONDUBIM;CRN0487;Colisão;Não informado;Não informado;Não informado;Meio de quadra;Não informado;Longo da via;0;1;0;0;0;0;0;0;0;0;1;0;0;(-38.5832558 -3.8242526);
PIM1269;2021-08-12 23:27:00;Rua Coronel Nunes de Melo;;;RODOLFO TEOFILO;PIM1269;Colisão;Não informado;Não informado;Não informado;Meio de quadra;Não informado;Longo da via;0;1;0;0;0;0;0;0;0;0;0;0;0;(-38.54761735321387 -3.742811369701167);
SBN7027;2021-08-27 15:51:00;RUA MANUEL MOURA;RUA AMOR PERFEITO;;JARDIM IRACEMA;SBN7027;Colisão;Não informado;Não informado;Não informado;Cruz;Não informado;Cruzamento;0;1;0;1;1;0;0;0;0;0;0;0;0;(-38.5823575 -3.7151323);
NDW8400;2021-08-27 13:27:00;Avenida Tenente Lisboa;;;ALVARO WEYNE;NDW8400;Colisão;Não informado;Não informado;Não informado;Meio de quadra;Não informado;Longo da via;0;0;0;0;1;0;0;0;0;1;0;0;0;(-38.5680782 -3.7203622);
AGT7624;2021-08-27 12:36:00;Rua Jaime Benévolo;RUA DEP JOAO PONTES;;FATIMA;AGT7624;Colisão;Não informado;Não informado;Não informado;Cruz;Não informado;Cruzamento;0;1;0;1;1;0;0;0;0;0;0;0;0;(-38.5300835 -3.746132);
NRD8899;2021-08-12 23:07:00;Avenida Washington Soares;;;EDSON QUEIROZ;NRD8899;Colisão;Não informado;Não informado;Não informado;Meio de quadra;Não informado;Longo da via;0;2;0;2;0;0;0;0;0;0;0;0;0;(-38.48144189709001 -3.778937859788332);
JMD4819;2021-08-27 12:26:00;Avenida Senador Carlos Jereissati;;;SERRINHA;JMD4819;Atropelamento;Não informado;Não informado;Não informado;Meio de quadra;Não informado;Longo da via;0;1;0;0;0;0;1;0;0;0;0;0;0;(-38.5398336 -3.7821666);
DJI0718;2021-08-27 11:41:00;Avenida Sargento Hermínio Sampaio;;;PRESIDENTE KENNEDY;DJI0718;Colisão;Não informado;Não informado;Não informado;Meio de quadra;Não informado;Longo da via;0;1;0;1;1;0;0;0;0;0;0;0;0;(-38.5732046 -3.729001599999999);
JSV7754;2021-08-27 10:39:00;Avenida Deputado Paulino Rocha;;;BOA VISTA;JSV7754;Colisão;Não informado;Não informado;Não informado;Meio de quadra;Não informado;Longo da via;0;1;0;1;1;0;0;0;0;0;0;0;0;(-38.5135054 -3.811325);
CAY3456;2021-08-27 10:36:00;Rua Frei Orlando;RUA PRO COSTA MENDES;;MONTESE;CAY3456;Atropelamento;Não informado;Não informado;Não informado;Cruz;Não informado;Cruzamento;0;1;0;0;0;0;0;0;0;1;0;0;0;(-38.5463106 -3.755268);
WGH4844;2021-08-27 10:00:00;Rua Alberto Magno;;;MONTESE;WGH4844;Queda;Não informado;Não informado;Não informado;Meio de quadra;Não informado;Longo da via;0;1;0;0;0;0;0;0;0;1;0;0;0;(-38.5446872 -3.7589012);
NCG7409;2021-08-27 09:54:00;RUA JOSE ASSIS DE OLIVEIRA;;;CANINDEZINHO;NCG7409;Queda;Não informado;Não informado;Não informado;Meio de quadra;Não informado;Longo da via;0;1;0;1;0;0;0;0;0;0;0;0;0;(-38.6002166 -3.8086958);
ZDB1030;2021-08-27 08:45:00;Avenida General Osório de Paiva;;;PARANGABA;ZDB1030;Atropelamento;Não informado;Não informado;Não informado;Meio de quadra;Não informado;Longo da via;0;1;0;0;1;0;0;0;0;0;0;0;0;(-38.5726593 -3.7793697);
EZA6097;2021-08-27 01:24:00;Rua Xavier da Silveira;;;GRANJA LISBOA;EZA6097;Colisão;Não informado;Não informado;Não informado;Meio de quadra;Não informado;Longo da via;0;1;0;0;0;0;0;0;0;0;1;0;0;(-38.6278807 -3.787769);
EZA6097;2021-08-27 00:44:00;Rua Dom Hélio Campos;;;CARLITO PAMPLONA;EZA6097;Queda;Não informado;Não informado;Não informado;Meio de quadra;Não informado;Longo da via;0;2;0;1;0;0;0;0;0;0;0;0;0;(-38.5557726 -3.7146515);
CWG1938;2021-08-27 00:06:00;Rua Vital Brasil;;;BONSUCESSO;CWG1938;Colisão;Não informado;Não informado;Não informado;Meio de quadra;Não informado;Longo da via;0;1;0;1;1;0;0;0;0;0;0;0;0;(-38.5886316 -3.7806504);
MSW2784;2021-08-26 23:59:00;Avenida L;;;VILA VELHA;MSW2784;Colisão;Não informado;Não informado;Não informado;Meio de quadra;Não informado;Longo da via;0;1;0;0;2;0;0;0;0;0;0;0;0;(-38.6000262 -3.7134732);
WNH1395;2021-08-26 23:52:00;RUA WENEFRIDO MELO;;;MONDUBIM;WNH1395;Colisão;Não informado;Não informado;Não informado;Meio de quadra;Não informado;Longo da via;0;1;0;1;1;0;0;0;0;0;0;0;0;(-38.5879987 -3.7903612);
FEW8289;2021-08-12 21:54:00;Avenida Senador Fernandes Távora;;;JOQUEI CLUBE;FEW8289;Colisão;Não informado;Não informado;Não informado;Meio de quadra;Não informado;Longo da via;0;2;0;0;0;0;0;0;0;0;0;0;0;(-38.57333975666753 -3.767466831092818);
GUN1272;2021-08-12 20:54:00;Rua Joaquim Nabuco;RUA DES LEITE ALBUQUERQUE;;ALDEOTA;GUN1272;Colisão;Não informado;Não informado;Não informado;Meio de quadra;Não informado;Longo da via;0;1;0;1;1;0;0;0;0;0;0;0;0;(-38.5016024 -3.7363036);
ANB2770;2021-08-12 20:30:00;Rua 103;;;CONJUNTO ESPERANCA;ANB2770;Atropelamento;Não informado;Não informado;Não informado;Meio de quadra;Não informado;Longo da via;0;1;0;1;0;0;0;0;0;0;0;0;0;(-38.5895907 -3.8138983);
HYC7192;2021-08-12 19:41:00;Rua Hipólito Pamplona;;;AUTRAN NUNES;HYC7192;Atropelamento;Não informado;Não informado;Não informado;Meio de quadra;Não informado;Longo da via;0;1;0;1;0;0;0;0;0;0;0;0;0;(-38.59569862638496 -3.747907388379367);
HFH1202;2021-08-12 19:05:00;Rua Walter de Castro;AV JOSE LEON;;CIDADE DOS FUNCIONRAIOS;HFH1202;Colisão;Não informado;Não informado;Não informado;T;Não informado;Longo da via;0;1;0;1;1;0;0;0;0;0;0;0;0;(-38.49280743878347 -3.790094852024719);
HVF2536;2021-08-26 23:49:00;Rua Mozart Pinto;;;MONTE CASTELO;HVF2536;Atropelamento;Não informado;Não informado;Não informado;Meio de quadra;Não informado;Longo da via;0;1;0;0;0;0;0;0;0;0;1;0;0;(-38.55223429999999 -3.7280844);
CHM4523;2021-08-12 18:42:00;Rua Santa Catarina;;;PAN AMERICANO;CHM4523;Atropelamento;Não informado;Não informado;Não informado;Meio de quadra;Não informado;Longo da via;0;1;0;0;1;0;0;0;0;0;0;0;0;(-38.56540576598099 -3.753977607171421);
JNY0866;2021-08-12 16:19:00;Avenida Chanceler Edson Queiroz;;;GUARARAPES;JNY0866;Colisão;Não informado;Não informado;Não informado;Meio de quadra;Não informado;Longo da via;0;1;0;1;1;0;0;0;0;0;0;0;0;(-38.4878308872954 -3.767215248272406);
PNW8566;2021-08-12 15:15:00;Avenida Engenheiro Leal Lima Verde;RUA MARCELINO LOPES;;SAPIRANGA / COITE;PNW8566;Colisão;Não informado;Não informado;Não informado;Cruz;Não informado;Longo da via;0;1;0;1;1;0;0;0;0;0;0;0;0;(-38.4759889 -3.7928099);
MNK1231;2021-08-26 21:06:00;Avenida Maestro Lisboa;;;LAGOA REDONDA;MNK1231;Colisão;Não informado;Não informado;Não informado;Meio de quadra;Não informado;Longo da via;0;1;0;1;1;0;0;0;0;0;0;0;0;(-38.4644123 -3.8077874);
XBI2611;2021-08-12 14:18:00;Rua Eduardo Perdigão;RUA CON DE CASTRO;;PARANGABA;XBI2611;Colisão;Não informado;Não informado;Não informado;Cruz;Não informado;Longo da via;0;1;0;0;0;0;0;0;0;0;0;0;0;(-38.56482106623154 -3.77566196784083);
PCX9459;2021-08-26 21:04:00;Avenida Genibaú;RUA PERILIO TEIXEIRA;;GENIBAU;PCX9459;Colisão;Não informado;Não informado;Não informado;Não informado;Não informado;Cruzamento;0;1;0;1;1;0;0;0;0;0;0;0;0;(-38.5986164 -3.760999);
WVY4960;2021-08-12 12:20:00;Avenida Deputado Paulino Rocha;;;CAJAZEIRAS;WVY4960;Queda;Não informado;Não informado;Não informado;Meio de quadra;Não informado;Longo da via;0;2;0;1;0;0;0;0;0;0;0;0;0;(-38.5162212 -3.8108679);
TSR9068;2021-08-26 20:38:00;Rua Urucutuba;;;BOM JARDIM;TSR9068;Colisão;Não informado;Não informado;Não informado;Meio de quadra;Não informado;Longo da via;0;1;0;2;0;0;0;0;0;0;0;0;0;(-38.6088869 -3.7975539);
CBK3416;2021-08-26 20:21:00;Avenida Mister Hull;RUA FRE JOSE MARIA;;PRESIDENTE KENNEDY;CBK3416;Queda;Não informado;Não informado;Não informado;T;Não informado;Cruzamento;0;1;0;1;0;0;0;0;0;0;0;0;0;(-38.5748167 -3.7371171);
FQS8315;2021-08-12 11:25:00;Rua Almirante Rubim;;;PARANGABA;FQS8315;Colisão;Não informado;Não informado;Não informado;Meio de quadra;Não informado;Longo da via;0;2;0;1;1;0;0;0;0;0;0;0;0;(-38.5571231003206 -3.772396769122538);
RJY7173;2021-08-12 11:20:00;Avenida Bezerra de Menezes;;;FARIAS BRITO;RJY7173;Colisão;Não informado;Não informado;Não informado;Meio de quadra;Não informado;Longo da via;0;1;0;0;0;0;0;0;0;0;0;0;0;(-38.54244597306901 -3.731013330389603);
DJE0552;2021-08-12 10:25:00;Avenida Presidente Castelo Branco;;;PIRAMBU;DJE0552;Queda;Não informado;Não informado;Não informado;Meio de quadra;Não informado;Longo da via;0;1;0;1;0;0;0;0;0;0;0;0;0;(-38.56503561409958 -3.709595523320337);
ADW7796;2021-08-12 09:34:00;Rua Raul Cabral;;;MONTESE;ADW7796;Queda;Não informado;Não informado;Não informado;Meio de quadra;Não informado;Longo da via;0;1;0;1;0;0;0;0;0;0;0;0;0;(-38.54414120915767 -3.769142263764734);
DFJ7439;2021-08-12 09:16:00;Avenida Treze de Maio;;;FATIMA;DFJ7439;Queda;Não informado;Não informado;Não informado;Meio de quadra;Não informado;Longo da via;0;2;0;1;0;0;0;0;0;0;0;0;0;(-38.52539256345199 -3.752751790372427);
LPP5036;2021-08-12 01:24:00;Rua Vital Brasil;;;GRANJA PORTUGAL;LPP5036;Atropelamento;Não informado;Não informado;Não informado;Meio de quadra;Não informado;Longo da via;0;1;0;1;0;0;0;0;0;0;0;0;0;(-38.5942759 -3.7790762);
WSN5969;2021-08-12 00:38:00;Avenida Coronel Miguel Dias;;;ENGENHEIRO LUCIANO CAVALCANTE;WSN5969;Queda;Não informado;Não informado;Não informado;Meio de quadra;Não informado;Longo da via;0;1;0;0;0;0;0;0;0;1;0;0;0;(-38.4875037 -3.7653606);
QKS0380;2021-08-12 00:26:00;Avenida Santos Dumont;;;PAPICU;QKS0380;Atropelamento;Não informado;Não informado;Não informado;Meio de quadra;Não informado;Longo da via;0;1;0;0;1;0;0;0;0;0;0;0;0;(-38.4910012789939 -3.738641391180941);
MIO5620;2021-08-12 00:09:00;Avenida Desembargador Moreira;AV GOV RAUL BARBOSA;;SAO JOAO DO TAUAPE;MIO5620;Queda;Não informado;Não informado;Não informado;Meio de quadra;Não informado;Longo da via;0;1;0;0;0;0;0;0;0;1;0;0;0;(-38.50352720259995 -3.752591202891399);
YNC9095;2021-08-11 21:26:00;Rua Diogo Correia;;;JOAO XXIII;YNC9095;Colisão;Não informado;Não informado;Não informado;Meio de quadra;Não informado;Longo da via;0;1;0;0;0;0;0;0;0;0;0;0;0;(-38.59047367970526 -3.770234237315272);
EDB3913;2021-08-11 21:18:00;Avenida Mozart Pinheiro de Lucena;;;VILA VELHA;EDB3913;Colisão;Não informado;Não informado;Não informado;Meio de quadra;Não informado;Longo da via;0;1;0;1;1;0;0;0;0;0;0;0;0;(-38.59423413979366 -3.713059023010252);
YVW4581;2021-08-11 20:22:00;Avenida Presidente Costa e Silva;;;JANGURUSSU;YVW4581;Colisão;Não informado;Não informado;Não informado;Meio de quadra;Não informado;Longo da via;0;1;0;2;0;0;0;0;0;0;0;0;0;(-38.53051557915177 -3.828882967953483);
ADS7322;2021-08-11 20:10:00;Rua Barão de Aracati;AV MON TABOSA;;MEIRELES;ADS7322;Colisão;Não informado;Não informado;Não informado;Meio de quadra;Não informado;Longo da via;0;1;0;1;1;0;0;0;0;0;0;0;0;(-38.5091718 -3.7242136);
RPY6792;2021-08-26 20:02:00;RUA ESPIRITO SANTO;;;BELA VISTA;RPY6792;Colisão;Não informado;Não informado;Não informado;Meio de quadra;Não informado;Longo da via;0;1;0;1;1;0;0;0;0;0;0;0;0;(-38.5667442 -3.7506731);
MWG4500;2021-08-11 20:06:00;Avenida Val Paraíso;;;JANGURUSSU;MWG4500;Colisão;Não informado;Não informado;Não informado;Meio de quadra;Não informado;Longo da via;0;1;0;2;0;0;0;0;0;0;0;0;0;(-38.5150619 -3.8476311);
FBN5550;2021-08-11 19:44:00;Rua Cônego de Castro;;;MANOEL SATIRO;FBN5550;Queda;Não informado;Não informado;Não informado;Meio de quadra;Não informado;Longo da via;0;1;0;1;0;0;0;0;0;0;0;0;0;(-38.58320490242345 -3.795595471667244);
MZC4917;2021-08-26 17:48:00;Rua Rocha Lima;;;JOAQUIM TVORA;MZC4917;Atropelamento;Não informado;Não informado;Não informado;Meio de quadra;Não informado;Longo da via;0;1;0;1;0;0;0;0;0;0;0;0;0;(-38.51997040000001 -3.736970399999999);
EFV1038;2021-08-11 18:44:00;Avenida Val Paraíso;;;JANGURUSSU;EFV1038;Colisão;Não informado;Não informado;Não informado;Meio de quadra;Não informado;Longo da via;0;1;0;1;1;0;0;0;0;0;0;0;0;(-38.52535500994544 -3.844544076493619);
GEO2889;2021-08-11 18:38:00;Avenida Engenheiro Santana Júnior;;;COCO;GEO2889;Atropelamento;Não informado;Não informado;Não informado;Meio de quadra;Não informado;Longo da via;0;1;0;0;1;0;0;0;0;0;0;0;0;(-38.48948852249264 -3.746531680378768);
EMH4319;2021-08-26 17:38:00;Avenida Lineu Machado;RUA CUIABA;;JOQUEI CLUBE;EMH4319;Colisão;Não informado;Não informado;Não informado;Cruz;Não informado;Cruzamento;0;1;0;2;0;0;0;0;0;0;0;0;0;(-38.5785727 -3.7692026);
TGG9805;2021-08-11 16:38:00;Avenida Engenheiro Alberto Sá;;;VICENTE PINZON;TGG9805;Colisão;Não informado;Não informado;Não informado;Meio de quadra;Não informado;Longo da via;0;1;0;1;1;0;0;0;0;0;0;0;0;(-38.47521917405207 -3.734765809280876);
AUI4841;2021-08-11 14:12:00;Álvaro Weyne;;;ALVARO WEYNE;AUI4841;Atropelamento;Não informado;Não informado;Não informado;Meio de quadra;Não informado;Longo da via;0;1;0;1;0;0;0;0;0;0;0;0;0;(-38.56466546714432 -3.714943332436945);
KQR7287;2021-08-11 13:56:00;BR-116;;;CAJAZEIRAS;KQR7287;Queda;Não informado;Não informado;Não informado;Meio de quadra;Não informado;Longo da via;0;1;0;1;0;0;0;0;0;0;0;0;0;(-38.50552813943904 -3.799577835199054);
ZUK3122;2021-08-11 12:15:00;Avenida Humberto Monte;;;PARQUELANDIA;ZUK3122;Queda;Não informado;Não informado;Não informado;Meio de quadra;Não informado;Longo da via;0;1;0;1;0;0;0;0;0;0;0;0;0;(-38.56618895858068 -3.742377778507365);
ODY3479;2021-08-11 11:44:00;Avenida Coronel Virgílio Nogueira;;;GRANJA PORTUGAL;ODY3479;Colisão;Não informado;Não informado;Não informado;Meio de quadra;Não informado;Longo da via;0;2;0;0;0;0;0;0;0;0;0;0;0;(-38.6083371910407 -3.787421934175498);
IZL3956;2021-08-26 15:59:00;Rua Cruzeiro do Sul;;;CARLITO PAMPLONA;IZL3956;Queda;Não informado;Não informado;Não informado;Meio de quadra;Não informado;Longo da via;0;1;0;1;0;0;0;0;0;0;0;0;0;(-38.5614046 -3.7139028);
JLT9393;2021-08-11 11:09:00;Avenida Prefeito Evandro Ayres de Moura;;;MONDUBIM;JLT9393;Colisão;Não informado;Não informado;Não informado;Meio de quadra;Não informado;Longo da via;0;1;0;1;1;0;0;0;0;0;0;0;0;(-38.56802895677985 -3.8246277641738);
PWJ3211;2021-08-26 15:48:00;Avenida Presidente Castelo Branco;;;PIRAMBU;PWJ3211;Atropelamento;Não informado;Não informado;Não informado;Meio de quadra;Não informado;Longo da via;0;1;0;0;1;0;0;0;0;0;0;0;0;(-38.5480605 -3.7137216);
HUI2573;2021-08-11 10:38:00;Avenida Aguanambi;;;JOSE BONIFACIO;HUI2573;Queda;Não informado;Não informado;Não informado;Meio de quadra;Não informado;Longo da via;0;1;0;1;0;0;0;0;0;0;0;0;0;(-38.5250288 -3.7402793);
BRS5371;2021-08-26 15:19:00;Avenida A;;;CONJUNTO CEARA II;BRS5371;Colisão;Não informado;Não informado;Não informado;Meio de quadra;Não informado;Longo da via;0;1;0;1;1;0;0;0;0;0;0;0;0;(-38.6053624 -3.7726917);
VXG8873;2021-08-11 09:51:00;Rua Francisco Alves Ribeiro;;;JANGURUSSU;VXG8873;Colisão;Não informado;Não informado;Não informado;Meio de quadra;Não informado;Longo da via;0;2;0;2;0;0;0;0;0;0;0;0;0;(-38.50989479330867 -3.832934758687442);
BRS5371;2021-08-26 14:54:00;Rua Gonçalves Lêdo;RUA PEREIRA FILGUEIRAS;;MEIRELES;BRS5371;Colisão;Não informado;Não informado;Não informado;Cruz;Não informado;Cruzamento;0;1;0;1;1;0;0;0;0;0;0;0;0;(-38.5149865 -3.7276677);
ZMQ0827;2021-08-11 09:25:00;Rua Doutor Perilio Teixeira;;;CONJUNTO CEARA I;ZMQ0827;Queda;Não informado;Não informado;Não informado;Meio de quadra;Não informado;Longo da via;0;1;0;1;0;0;0;0;0;0;0;0;0;(-38.60206085126816 -3.760534894872934);
UGS0124;2021-08-11 03:07:00;Avenida Dom Manuel;;;CENTRO;UGS0124;Colisão;Não informado;Não informado;Não informado;Meio de quadra;Não informado;Longo da via;0;2;0;0;0;0;0;0;0;0;0;0;0;(-38.5218305868307 -3.7307349718303);
HNW9379;2021-08-26 12:36:00;RUA D MENDINA;AV FRANCISCO SA;;ALVARO WEYNE;HNW9379;Colisão;Não informado;Não informado;Não informado;Cruz;Não informado;Cruzamento;0;1;0;2;0;0;0;0;0;0;0;0;0;(-38.5712427 -3.712655);
UQT8961;2021-08-11 01:06:00;Avenida Santos Dumont;;;PAPICU;UQT8961;Colisão;Não informado;Não informado;Não informado;Meio de quadra;Não informado;Longo da via;0;1;0;1;1;0;0;0;0;0;0;0;0;(-38.46329406479619 -3.74762368223726);
FXG1514;2021-08-11 00:37:00;Avenida Independência;;;JARDIM GUANABARA;FXG1514;Colisão;Não informado;Não informado;Não informado;Meio de quadra;Não informado;Longo da via;0;1;0;1;0;0;0;0;0;0;0;0;0;(-38.59727574018581 -3.724991130346535);
HNW9379;2021-08-26 11:20:00;AV AUGUSTO DOS ANJOS;;;BONSUCESSO;HNW9379;Colisão;Não informado;Não informado;Não informado;Meio de quadra;Não informado;Longo da via;0;2;0;1;1;0;0;0;0;0;0;0;0;(-38.58052637331879 -3.781444868924324);
DCO6669;2021-08-26 09:02:00;Avenida Odilon Guimarães;;;LAGOA REDONDA;DCO6669;Colisão;Não informado;Não informado;Não informado;Meio de quadra;Não informado;Longo da via;0;1;0;1;1;0;0;0;0;0;0;0;0;(-38.4643242 -3.8133933);
CAQ2261;2021-08-10 22:33:00;BR-116;;;PEDRAS;CAQ2261;Colisão;Não informado;Não informado;Não informado;Meio de quadra;Não informado;Longo da via;0;1;0;1;1;0;0;0;0;0;0;0;0;(-38.50013689322007 -3.876288249055552);
YPL9482;2021-08-10 21:06:00;Avenida Álef de Souza Cavalcante;;;JANGURUSSU;YPL9482;Atropelamento;Não informado;Não informado;Não informado;Meio de quadra;Não informado;Longo da via;0;1;0;1;0;0;0;0;0;0;0;0;0;(-38.51867100044083 -3.83091154193459);
ZLT3277;2021-08-10 20:20:00;Rua Izabel Bezerra;;;JANGURUSSU;ZLT3277;Queda;Não informado;Não informado;Não informado;Meio de quadra;Não informado;Longo da via;0;1;0;1;0;0;0;0;0;0;0;0;0;(-38.5038061490534 -3.854536848187739);
WMS7637;2021-08-26 05:56:00;Rua Frei Marcelino;RUA PDE CICERO;;RODOLFO TEOFILO;WMS7637;Queda;Não informado;Não informado;Não informado;Cruz;Não informado;Cruzamento;0;1;0;1;0;0;0;0;0;0;0;0;0;(-38.5494164 -3.74032);
CLT2350;2021-08-10 19:21:00;Avenida Edilson Brasil Soares;;;PARQUE MANIBURA;CLT2350;Colisão;Não informado;Não informado;Não informado;Meio de quadra;Não informado;Longo da via;0;1;0;2;0;0;0;0;0;0;0;0;0;(-38.48188178382544 -3.789611186566968);
WRU7470;2021-08-10 19:20:00;Avenida Monsenhor Tabosa;RUA CARLOS VASCONCELOS;;MEIRELES;WRU7470;Colisão;Não informado;Não informado;Não informado;Cruz;Não informado;Longo da via;0;2;0;2;0;0;0;0;0;0;0;0;0;(-38.5079822 -3.7243065);
BLF9231;2021-08-25 22:16:00;Avenida Bernardo Manuel;;;ITAPERI;BLF9231;Colisão;Não informado;Não informado;Não informado;Meio de quadra;Não informado;Longo da via;0;1;0;0;0;0;0;0;0;0;1;0;0;(-38.5482911 -3.7882912);
GAB2393;2021-08-10 19:04:00;Avenida Doutor Theberge;;;ALVARO WEYNE;GAB2393;Colisão;Não informado;Não informado;Não informado;Meio de quadra;Não informado;Longo da via;0;1;0;2;0;0;0;0;0;0;0;0;0;(-38.56563643361049 -3.716709868870212);
GAB2393;2021-08-10 19:01:00;Avenida Presidente Costa e Silva;;;JANGURUSSU;GAB2393;Colisão;Não informado;Não informado;Não informado;Meio de quadra;Não informado;Longo da via;0;1;0;0;1;0;1;0;0;0;0;0;0;(-38.5640967 -3.8182428);