COD_ACIDENTE;DATA;LOG1;LOG2;NUMERO;BAIRRO;AMC;NATUREZA;ILUMINACAO;TEMPO;SUPERFICIEPISTA;TIPOCRUZAMENTO;CONTROLETRAFEGO;USOSOLO;MORTOS;FERIDOS;ILESOS;MOTOCICLETA;AUTOMOVEL;MICROONIBUS;CAMINHAO;ONIBUS;CICLOMOTOR;BICICLETA;OUTROS;TREM;TRACAOANIMAL;COORDENADAS
IGV2122;2021-08-25 21:41:00;Avenida Alberto Craveiro;;;PASSARE;IGV2122;Colisão;Não informado;Não informado;Não informado;Meio de quadra;Não informado;Longo da via;0;1;0;1;1;0;0;0;0;0;0;0;0;(-38.5239387063137 -3.805835451402512);
IPK8165;2021-08-10 18:38:00;Avenida Antônio Sales;;;JOAQUIM TVORA;IPK8165;Colisão;Não informado;Não informado;Não informado;Meio de quadra;Não informado;Longo da via;0;1;0;1;1;0;0;0;0;0;0;0;0;(-38.51102129529129 -3.742795310771888);
TAB4670;2021-08-10 18:00:00;Rua Gomes Brasil;;;PARANGABA;TAB4670;Colisão;Não informado;Não informado;Não informado;Meio de quadra;Não informado;Longo da via;0;1;0;1;1;0;0;0;0;0;0;0;0;(-38.56856540655848 -3.772525236189292);
ACM6376;2021-08-25 21:32:00;Rua Ildefonso Albano;RUA PEREIRA FILGUEIRAS;;ALDEOTA;ACM6376;Colisão;Não informado;Não informado;Não informado;Cruz;Não informado;Cruzamento;0;1;0;0;2;0;0;0;0;0;0;0;0;(-38.5117462 -3.7287271);
PTK8341;2021-08-10 15:33:00;Rua Lucas Pinto;;;CARLITO PAMPLONA;PTK8341;Colisão;Não informado;Não informado;Não informado;Meio de quadra;Não informado;Longo da via;0;2;0;2;0;0;0;0;0;0;0;0;0;(-38.55865195406378 -3.714648909354201);
QEC0381;2021-08-10 14:01:00;Rua Tereza Cristina;;;FARIAS BRITO;QEC0381;Queda;Não informado;Não informado;Não informado;Meio de quadra;Não informado;Longo da via;0;1;0;0;0;0;0;0;0;1;0;0;0;(-38.53855685209987 -3.733047486414947);
ZXQ8214;2021-08-10 13:32:00;Avenida Presidente Castelo Branco;;;CRISTO REDENTOR;ZXQ8214;Queda;Não informado;Não informado;Não informado;Meio de quadra;Não informado;Longo da via;0;1;0;0;0;0;0;0;0;1;0;0;0;(-38.52825178747126 -3.72097095430966);
IXV6971;2021-08-10 12:41:00;Avenida D;;;CONJUNTO ESPERANCA;IXV6971;Queda;Não informado;Não informado;Não informado;Meio de quadra;Não informado;Longo da via;0;1;0;1;0;0;0;0;0;0;0;0;0;(-38.58760908516892 -3.816604372800484);
XYY1639;2021-08-25 15:44:00;Rua Cândido Jucá;;;PARQUE ARAXA;XYY1639;Atropelamento;Não informado;Não informado;Não informado;Meio de quadra;Não informado;Longo da via;0;1;0;1;0;0;0;0;0;0;0;0;0;(-38.5467842 -3.7417444);
HTY7729;2021-08-25 12:33:00;Avenida Dioguinho;;;PRAIA DO FUTURO I;HTY7729;Atropelamento;Não informado;Não informado;Não informado;Meio de quadra;Não informado;Longo da via;0;1;0;0;1;0;0;0;0;0;0;0;0;(-38.4559178 -3.7372482);
UUI9002;2021-08-10 11:58:00;Avenida Pompílio Gomes;;;PASSARE;UUI9002;Colisão;Não informado;Não informado;Não informado;Meio de quadra;Não informado;Longo da via;0;1;0;1;1;0;0;0;0;0;0;0;0;(-38.52114931442033 -3.825452044292402);
FZC8916;2021-08-25 12:27:00;Rua Naturalista Feijó;RUA PLACIDO CARVALHO;;MONTE CASTELO;FZC8916;Colisão;Não informado;Não informado;Não informado;Meio de quadra;Não informado;Cruzamento;0;1;0;1;1;0;0;0;0;0;0;0;0;(-38.55565259999999 -3.721656);
GKL4771;2021-08-10 10:52:00;Avenida Sargento Hermínio Sampaio;;;VILA ELLERY;GKL4771;Colisão;Não informado;Não informado;Não informado;Meio de quadra;Não informado;Longo da via;0;1;0;1;1;0;0;0;0;0;0;0;0;(-38.5724787 -3.728825699999999);
FZC8916;2021-08-25 11:33:00;Rua José Torres;;;GRANJA PORTUGAL;FZC8916;Atropelamento;Não informado;Não informado;Não informado;Meio de quadra;Não informado;Longo da via;0;2;0;1;0;0;0;0;0;0;0;0;0;(-38.6076742 -3.781021);
LZZ6237;2021-08-25 11:18:00;Avenida Borges de Melo;;;FATIMA;LZZ6237;Queda;Não informado;Não informado;Não informado;Meio de quadra;Não informado;Longo da via;0;1;0;0;0;0;0;0;0;1;0;0;0;(-38.5265275 -3.7607857);
ATL3239;2021-08-25 11:18:00;BR 116;;;AEROLANDIA;ATL3239;Colisão;Não informado;Não informado;Não informado;Meio de quadra;Não informado;Longo da via;0;1;0;1;0;0;1;0;0;0;0;0;0;(-38.5135048 -3.7817942);
XNI2002;2021-08-25 10:31:00;Rua Timbaúba;;;PICI;XNI2002;Queda;Não informado;Não informado;Não informado;Meio de quadra;Não informado;Longo da via;0;1;0;0;0;0;0;0;0;1;0;0;0;(-38.5692209 -3.752285099999999);
BAI2022;2021-08-10 10:48:00;Rua Juvêncio Barroso;;;JACARECANGA;BAI2022;Atropelamento;Não informado;Não informado;Não informado;Meio de quadra;Não informado;Longo da via;0;1;0;0;1;0;0;0;0;0;0;0;0;(-38.54984358528875 -3.71758778263017);
ZOF0461;2021-08-25 09:49:00;Rua Professor Virgílio de Morais;AV LIBERDADE;;AUTRAN NUNES;ZOF0461;Colisão;Não informado;Não informado;Não informado;Meio de quadra;Não informado;Cruzamento;0;1;0;0;0;0;0;0;0;0;1;0;0;(-38.5961964 -3.7494589);
AAK0957;2021-08-10 10:45:00;Rua Milton Barbosa de Souza;RUA NEREU RAMOS;;MARAPONGA;AAK0957;Colisão;Não informado;Não informado;Não informado;T;Não informado;Longo da via;0;1;0;1;1;0;0;0;0;0;0;0;0;(-38.56790559557348 -3.786886663799518);
NIU7697;2021-08-25 03:07:00;AV SEN CARLOS JEREISSATI;;;DIAS MACEDO;NIU7697;Colisão;Não informado;Não informado;Não informado;Meio de quadra;Não informado;Longo da via;0;2;0;1;1;0;0;0;0;0;0;0;0;(-38.5242645 -3.7832708);
HEV7413;2021-08-10 10:31:00;Parque Iracema;;;CAMBEBA;HEV7413;Colisão;Não informado;Não informado;Não informado;Meio de quadra;Não informado;Longo da via;0;1;0;1;1;0;0;0;0;0;0;0;0;(-38.4901501 -3.8089457);
UAS1897;2021-08-10 09:28:00;Rua Padre Pedro de Alencar;;;MESSEJANA;UAS1897;Colisão;Não informado;Não informado;Não informado;Meio de quadra;Não informado;Longo da via;0;1;0;1;1;0;0;0;0;0;0;0;0;(-38.49461689111607 -3.847268416341899);
RZU0392;2021-08-10 09:27:00;Rua Monsenhor Hipólito Brasil;;;HENRIQUE JORGE;RZU0392;Queda;Não informado;Não informado;Não informado;Meio de quadra;Não informado;Longo da via;0;1;0;1;0;0;0;0;0;0;0;0;0;(-38.58447090015233 -3.75591000483151);
XER8282;2021-08-10 09:24:00;Avenida Aguanambi;;;JOSE BONIFACIO;XER8282;Queda;Não informado;Não informado;Não informado;Meio de quadra;Não informado;Longo da via;0;1;0;1;0;0;0;0;0;0;0;0;0;(-38.52537111375556 -3.746114149896208);
UFF8536;2021-08-25 02:55:00;Avenida Doutor Silas Munguba;;;PARANGABA;UFF8536;Colisão;Não informado;Não informado;Não informado;Meio de quadra;Não informado;Longo da via;0;1;0;0;0;0;0;0;0;0;1;0;0;(-38.5568892 -3.7816343);
DDJ5426;2021-08-10 01:36:00;Avenida Presidente Castelo Branco;;;CARLITO PAMPLONA;DDJ5426;Atropelamento;Não informado;Não informado;Não informado;Meio de quadra;Não informado;Longo da via;0;1;0;1;0;0;0;0;0;0;0;0;0;(-38.55831936249172 -3.711383483125005);
WXW4580;2021-08-10 00:16:00;Rua Henrique Elery;;;VILA ELLERY;WXW4580;Colisão;Não informado;Não informado;Não informado;Meio de quadra;Não informado;Longo da via;0;1;0;2;0;0;0;0;0;0;0;0;0;(-38.56064752108953 -3.722983721171054);
XOS3461;2021-08-25 02:28:00;RUA VERDE 35;RUA VERDE 4 CJ ST S.JOAO;;JANGURUSSU;XOS3461;Atropelamento;Não informado;Não informado;Não informado;Cruz;Não informado;Cruzamento;0;1;0;0;0;0;0;0;0;0;1;0;0;(-38.5127536 -3.8491909);
XTH1476;2021-08-09 23:51:00;Rua Júlio Silva;;;PRAIA DO FUTURO I;XTH1476;Queda;Não informado;Não informado;Não informado;Meio de quadra;Não informado;Longo da via;0;1;0;0;0;0;0;0;0;1;0;0;0;(-38.45416918409766 -3.74511314651777);
FNU9654;2021-08-25 01:51:00;Rua Descartes Braga;;;GRANJA LISBOA;FNU9654;Colisão;Não informado;Não informado;Não informado;Meio de quadra;Não informado;Longo da via;0;2;0;2;0;0;0;0;0;0;0;0;0;(-38.6126146 -3.7943826);
MQI1273;2021-08-25 00:25:00;Avenida H;;;CONJUNTO CEARA II;MQI1273;Atropelamento;Não informado;Não informado;Não informado;Meio de quadra;Não informado;Longo da via;0;1;0;0;1;0;0;0;0;0;0;0;0;(-38.6071556 -3.7752167);
YBD2254;2021-08-25 00:10:00;Avenida General Osório de Paiva;;;VILA PERY;YBD2254;Colisão;Não informado;Não informado;Não informado;Meio de quadra;Não informado;Longo da via;0;1;0;0;0;0;0;0;0;0;1;0;0;(-38.5817733 -3.7853969);
NTX0759;2021-08-09 22:03:00;Avenida José Leon;AV DES GONZAGA;;CIDADE DOS FUNCIONRAIOS;NTX0759;Colisão;Não informado;Não informado;Não informado;Cruz;Não informado;Longo da via;0;1;0;1;1;0;0;0;0;0;0;0;0;(-38.5045848 -3.7870726);
GTW1290;2021-08-09 21:28:00;Avenida Senador Fernandes Távora;;;AUTRAN NUNES;GTW1290;Queda;Não informado;Não informado;Não informado;Meio de quadra;Não informado;Longo da via;0;1;0;0;0;0;0;0;0;1;0;0;0;(-38.59633767084412 -3.755455426732796);
FCN2590;2021-08-24 23:28:00;Rua Tarcísio Bonfim;;;PAPICU;FCN2590;Queda;Não informado;Não informado;Não informado;Meio de quadra;Não informado;Longo da via;0;1;0;1;0;0;0;0;0;0;0;0;0;(-38.4740705 -3.7372833);
QCF3898;2021-08-24 22:41:00;AV D;;;CONJUNTO CEARA I;QCF3898;Colisão;Não informado;Não informado;Não informado;Meio de quadra;Não informado;Longo da via;0;1;0;1;1;0;0;0;0;0;0;0;0;(-38.6037377 -3.7600877);
LCM0217;2021-08-09 21:20:00;Avenida Aguanambi;;;JOSE BONIFACIO;LCM0217;Atropelamento;Não informado;Não informado;Não informado;Meio de quadra;Não informado;Longo da via;0;1;0;0;1;0;0;0;0;0;0;0;0;(-38.52404609288448 -3.749026153212585);
LUK9231;2021-08-24 22:26:00;Rua Floro Bartolomeu;RUA ESV PINHEIRO;;SAO JOAO DO TAUAPE;LUK9231;Outros;Não informado;Não informado;Não informado;Cruz;Não informado;Cruzamento;0;1;0;0;0;0;0;0;0;0;1;0;0;(-38.5077703 -3.7599473);
CAQ9440;2021-08-09 21:06:00;Rua do Tamarindo;RUA BETEL;;ITAPERI;CAQ9440;Colisão;Não informado;Não informado;Não informado;T;Não informado;Longo da via;0;2;0;1;1;0;0;0;0;0;0;0;0;(-38.5573935 -3.800362);
PEA3528;2021-08-24 21:46:00;Avenida Presidente Castelo Branco;;;CENTRO;PEA3528;Colisão;Não informado;Não informado;Não informado;Meio de quadra;Não informado;Longo da via;0;1;0;0;0;0;0;0;0;0;1;0;0;(-38.5225353 -3.7232257);
GQS2892;2021-08-09 21:01:00;Rua Cristais Paulista;;;PASSARE;GQS2892;Queda;Não informado;Não informado;Não informado;Meio de quadra;Não informado;Longo da via;0;1;0;1;0;0;0;0;0;0;0;0;0;(-38.52438405309699 -3.818301120259524);
DHW4228;2021-08-09 20:52:00;Avenida Leste Oeste;;;CARLITO PAMPLONA;DHW4228;Queda;Não informado;Não informado;Não informado;Meio de quadra;Não informado;Longo da via;0;1;0;1;0;0;0;0;0;0;0;0;0;(-38.56134489824835 -3.710393146554476);
KEZ6062;2021-08-24 20:36:00;Avenida dos Expedicionários;;;BENFICA;KEZ6062;Colisão;Não informado;Não informado;Não informado;Meio de quadra;Não informado;Longo da via;0;1;0;1;1;0;0;0;0;0;0;0;0;(-38.53593550000001 -3.7470329);
FUO1588;2021-08-09 20:41:00;Avenida Bezerra de Menezes;;;PARQUE ARAXA;FUO1588;Colisão;Não informado;Não informado;Não informado;Meio de quadra;Não informado;Longo da via;0;1;0;0;1;0;0;0;0;1;0;0;0;(-38.55603415982021 -3.73404850357133);
XYG8911;2021-08-24 20:35:00;Avenida Presidente Costa e Silva;RUA BERNARDO MANUEL;;PREFEITO JOSE VALTER;XYG8911;Colisão;Não informado;Não informado;Não informado;Cruz;Não informado;Cruzamento;0;1;0;1;1;0;0;0;0;0;0;0;0;(-38.55835732752708 -3.821122306744742);
YGE4384;2021-08-09 20:14:00;Avenida Odilon Guimarães;;;LAGOA REDONDA;YGE4384;Colisão;Não informado;Não informado;Não informado;Meio de quadra;Não informado;Longo da via;0;1;0;1;1;0;0;0;0;0;0;0;0;(-38.46947923526586 -3.81575867407695);
BLJ4134;2021-08-24 20:33:00;Rua Dona Leopoldina;;;CENTRO;BLJ4134;Colisão;Não informado;Não informado;Não informado;Meio de quadra;Não informado;Longo da via;0;1;0;1;1;0;0;0;0;0;0;0;0;(-38.520669 -3.7344323);
DBW5100;2021-08-24 20:29:00;Rua Waldemar Paes Bragança;;;BOM JARDIM;DBW5100;Atropelamento;Não informado;Não informado;Não informado;Meio de quadra;Não informado;Longo da via;0;1;0;0;1;0;0;0;0;0;0;0;0;(-38.6018651 -3.7931478);
VCH1006;2021-08-09 17:58:00;Rua Francisco das Chagas Mendes;AV ROGACIANO LEITE;;ENGENHEIRO LUCIANO CAVALCANTE;VCH1006;Atropelamento;Não informado;Não informado;Não informado;Cruz;Não informado;Longo da via;0;1;0;0;0;0;0;0;0;0;0;0;0;(-38.5004718 -3.7761204);
QMT7161;2021-08-09 17:58:00;Rua Taubaté;;;GRANJA PORTUGAL;QMT7161;Queda;Não informado;Não informado;Não informado;Meio de quadra;Não informado;Longo da via;0;1;0;0;0;0;0;0;0;1;0;0;0;(-38.5978298 -3.777442);
MOX5167;2021-04-28 20:24:00;Avenida Desembargador Moreira;AV DOM LUIS;;ALDEOTA;MOX5167;Colisão;Não informado;Não informado;Não informado;Meio de quadra;Não informado;Cruzamento;0;1;0;1;1;0;0;0;0;0;0;0;0;(-38.4986128 -3.7370942);
SND4731;2021-08-09 17:31:00;Rua Arquimedes Memória;;;BARRA DO CEARA;SND4731;Colisão;Não informado;Não informado;Não informado;Meio de quadra;Não informado;Longo da via;0;1;0;1;1;0;0;0;0;0;0;0;0;(-38.58820991359381 -3.713176792467271);
ZBL8997;2021-08-09 17:16:00;Rodovia Estrada do Guarani (BR116);;;BARROSO;ZBL8997;Atropelamento;Não informado;Não informado;Não informado;Meio de quadra;Não informado;Longo da via;0;1;0;0;1;0;0;0;0;0;0;0;0;(-38.5034701 -3.82242);
MOX5167;2021-08-24 18:37:00;RUA 8;;;ITAPERI;MOX5167;Colisão;Não informado;Não informado;Não informado;Meio de quadra;Não informado;Longo da via;0;1;0;1;1;0;0;0;0;0;0;0;0;(-38.55378694376527 -3.78645886544073);
YRQ2417;2021-08-09 16:18:00;Avenida J;;;CONJUNTO CEARA I;YRQ2417;Colisão;Não informado;Não informado;Não informado;Meio de quadra;Não informado;Longo da via;0;1;0;0;0;0;0;0;0;0;0;0;0;(-38.6135084956513 -3.761653643524801);
QOE4935;2021-08-09 16:01:00;Avenida Bernardo Manuel;AV BENJAMIM BRASIL;;PARQUE DOIS IRMAOS;QOE4935;Colisão;Não informado;Não informado;Não informado;Cruz;Não informado;Longo da via;0;1;0;1;1;0;0;0;0;0;0;0;0;(-38.554779 -3.809969);
VZO6234;2021-08-09 11:37:00;Rua Monsenhor Catão;;;ALDEOTA;VZO6234;Colisão;Não informado;Não informado;Não informado;Meio de quadra;Não informado;Longo da via;0;1;0;1;1;0;0;0;0;0;0;0;0;(-38.49289330090546 -3.745955484915006);
XZR5566;2021-08-09 11:37:00;Avenida Senador Virgílio Távora;AV SANTOS DUMONT;;ALDEOTA;XZR5566;Colisão;Não informado;Não informado;Não informado;Cruz;Não informado;Longo da via;0;1;0;1;1;0;0;0;0;0;0;0;0;(-38.49345816861142 -3.737859852562838);
QCS6077;2021-08-09 11:07:00;Avenida Historiador Raimundo Girão;;;PARQUE IRACEMA;QCS6077;Colisão;Não informado;Não informado;Não informado;Meio de quadra;Não informado;Longo da via;0;1;0;2;0;0;0;0;0;0;0;0;0;(-38.50655809104569 -3.723037252141802);
TND8188;2021-08-24 16:37:00;Avenida Frei Cirilo;;;MESSEJANA;TND8188;Colisão;Não informado;Não informado;Não informado;Meio de quadra;Não informado;Longo da via;0;1;0;0;0;0;0;0;0;0;1;0;0;(-38.4966741 -3.8181758);
MXO6768;2021-08-24 15:40:00;RUA PRO GLAUCO LOBO;RUA ALFREDO MAMEDE;;MONDUBIM;MXO6768;Colisão;Não informado;Não informado;Não informado;Cruz;Não informado;Cruzamento;0;2;0;2;0;0;0;0;0;0;0;0;0;(-38.5800524 -3.8070683);
FHV2200;2021-08-24 14:42:00;Avenida General Osório de Paiva;;;PARANGABA;FHV2200;Colisão;Não informado;Não informado;Não informado;Meio de quadra;Não informado;Longo da via;0;1;0;1;1;0;0;0;0;0;0;0;0;(-38.5711297 -3.7785352);
VGA7887;2021-08-24 12:37:00;Rua Cruzeiro;;;ANCURI;VGA7887;Colisão;Não informado;Não informado;Não informado;Meio de quadra;Não informado;Longo da via;0;1;0;1;1;0;0;0;0;0;0;0;0;(-38.5040392 -3.8669473);
IAA8758;2021-08-24 11:54:00;Rua Padre Francisco Pita;;;JARDIM DAS OLIVEIRAS;IAA8758;Atropelamento;Não informado;Não informado;Não informado;Meio de quadra;Não informado;Longo da via;0;1;0;0;1;0;0;0;0;0;0;0;0;(-38.5038395 -3.7802967);
ZFX8435;2021-08-24 10:57:00;Avenida Senador Fernandes Távora;;;HENRIQUE JORGE;ZFX8435;Colisão;Não informado;Não informado;Não informado;Meio de quadra;Não informado;Longo da via;0;2;0;1;1;0;0;0;0;0;0;0;0;(-38.591216 -3.757574);
HCU4840;2021-08-24 10:45:00;Avenida Washington Soares;;;EDSON QUEIROZ;HCU4840;Colisão;Não informado;Não informado;Não informado;Meio de quadra;Não informado;Longo da via;0;2;0;1;1;0;0;0;0;0;0;0;0;(-38.4791196 -3.8015951);
BLD2629;2021-08-24 10:08:00;RUA CARNAUBAL;;;JARDIM IRACEMA;BLD2629;Colisão;Não informado;Não informado;Não informado;Meio de quadra;Não informado;Longo da via;0;1;0;0;0;0;0;0;0;0;1;0;0;(-38.5812525 -3.7225696);
ABD8798;2021-08-24 10:08:00;Avenida Mozart Pinheiro de Lucena;;;VILA VELHA;ABD8798;Colisão;Não informado;Não informado;Não informado;Meio de quadra;Não informado;Longo da via;0;1;0;1;1;0;0;0;0;0;0;0;0;(-38.5955814 -3.7182143);
BAV2989;2021-08-24 09:39:00;Rodovia Estrada do Guarani (BR116);;;MESSEJANA;BAV2989;Choque c/ Obstáculo Fixo;Não informado;Não informado;Não informado;Meio de quadra;Não informado;Longo da via;0;1;0;0;1;0;0;0;0;0;0;0;0;(-38.5041401 -3.8259496);
VWA4870;2021-08-24 08:56:00;AV A;AV J CJ JOSE WALTER;;PREFEITO JOSE VALTER;VWA4870;Colisão;Não informado;Não informado;Não informado;Cruz;Não informado;Cruzamento;0;2;0;2;0;0;0;0;0;0;0;0;0;(-38.5562435 -3.8328216);
DWF8398;2021-08-24 03:17:00;Rua Paulo Freire;;;CARLITO PAMPLONA;DWF8398;Queda;Não informado;Não informado;Não informado;Meio de quadra;Não informado;Longo da via;0;1;0;1;0;0;0;0;0;0;0;0;0;(-38.550565 -3.718972);
SUM7001;2021-08-24 02:22:00;Rua Monsenhor Hipólito Brasil;RUA PRO HERIBALDO COSTA;;HENRIQUE JORGE;SUM7001;Colisão;Não informado;Não informado;Não informado;Cruz;Não informado;Cruzamento;0;1;0;1;1;0;0;0;0;0;0;0;0;(-38.5814694 -3.7574925);
SQF8559;2021-08-24 00:57:00;Avenida Chanceler Edson Queiroz;AV MIGUEL DIAS;;GUARARAPES;SQF8559;Colisão;Não informado;Não informado;Não informado;Cruz;Não informado;Cruzamento;0;1;0;0;1;0;0;0;0;1;0;0;0;(-38.48928839181571 -3.767602575383604);
DVC1964;2021-08-24 00:07:00;Avenida Deputado Paulino Rocha;;;BOA VISTA;DVC1964;Colisão;Não informado;Não informado;Não informado;Meio de quadra;Não informado;Longo da via;0;1;0;0;0;0;0;0;0;0;1;0;0;(-38.5162212 -3.8108679);
RKV7471;2021-08-23 23:42:00;Rua Senador Pompeu;;;CENTRO;RKV7471;Colisão;Não informado;Não informado;Não informado;Meio de quadra;Não informado;Longo da via;0;2;0;1;1;0;0;0;0;0;0;0;0;(-38.531018 -3.732213);
LEG5720;2021-08-23 22:32:00;AV C;;;CONJUNTO CEARA I;LEG5720;Colisão;Não informado;Não informado;Não informado;Meio de quadra;Não informado;Longo da via;0;2;0;2;0;0;0;0;0;0;0;0;0;(-38.6087515 -3.7610223);
SIK8975;2021-08-23 22:30:00;Rua Cuiabá;;;HENRIQUE JORGE;SIK8975;Colisão;Não informado;Não informado;Não informado;Meio de quadra;Não informado;Longo da via;0;2;0;2;0;0;0;0;0;0;0;0;0;(-38.5795426 -3.7685448);
WUA5415;2021-08-23 22:22:00;Rua do Pocinho;;;CENTRO;WUA5415;Colisão;Não informado;Não informado;Não informado;Meio de quadra;Não informado;Longo da via;0;1;0;1;1;0;0;0;0;0;0;0;0;(-38.5234534 -3.7281567);
EQS6887;2021-08-09 10:58:00;Avenida Dolor Barreira;;;PAPICU;EQS6887;Colisão;Não informado;Não informado;Não informado;Meio de quadra;Não informado;Longo da via;0;1;0;1;1;0;0;0;0;0;0;0;0;(-38.46793428756487 -3.73883945222695);
FZN9323;2021-08-23 21:07:00;Avenida Desembargador Gonzaga;;;CIDADE DOS FUNCIONRAIOS;FZN9323;Colisão;Não informado;Não informado;Não informado;Meio de quadra;Não informado;Longo da via;0;1;0;0;0;0;0;0;0;0;1;0;0;(-38.4994313 -3.799034);
KVI7019;2021-08-23 21:07:00;RUA 1018;;;CONJUNTO CEARA II;KVI7019;Colisão;Não informado;Não informado;Não informado;Meio de quadra;Não informado;Longo da via;0;1;0;0;0;0;0;0;0;0;1;0;0;(-38.61666134275889 -3.770011343009362);
XCM0740;2021-08-23 21:03:00;Avenida Luiz Vieira;;;SIQUEIRA;XCM0740;Atropelamento;Não informado;Não informado;Não informado;Meio de quadra;Não informado;Longo da via;0;1;0;1;0;0;0;0;0;0;0;0;0;(-38.5883257 -3.7922022);
NCB0559;2021-08-23 20:48:00;Rua Professor Manoel Lourenço;;;JOQUEI CLUBE;NCB0559;Colisão;Não informado;Não informado;Não informado;Meio de quadra;Não informado;Longo da via;0;1;0;0;0;0;0;0;0;0;1;0;0;(-38.5723434 -3.7626071);
SDE9751;2021-08-09 10:20:00;Avenida Washington Soares;;;EDSON QUEIROZ;SDE9751;Colisão;Não informado;Não informado;Não informado;Meio de quadra;Não informado;Longo da via;0;1;0;0;1;0;0;0;0;1;0;0;0;(-38.481665 -3.7762191);
JDZ8505;2021-08-23 20:33:00;AV AGUANAMBI;AV EDUARDO GIRAO;;FATIMA;JDZ8505;Colisão;Não informado;Não informado;Não informado;Rotatória;Não informado;Cruzamento;0;1;0;1;1;0;0;0;0;0;0;0;0;(-38.523825 -3.7489718);
LQV2519;2021-08-09 10:01:00;Avenida Duque de Caxias;;;CENTRO;LQV2519;Colisão;Não informado;Não informado;Não informado;Meio de quadra;Não informado;Longo da via;0;1;0;0;0;0;0;0;0;0;0;0;0;(-38.52907791277401 -3.732105351578324);
YRX3360;2021-08-09 09:46:00;Avenida Pompílio Gomes;;;PASSARE;YRX3360;Queda;Não informado;Não informado;Não informado;Meio de quadra;Não informado;Longo da via;0;1;0;1;0;0;0;0;0;0;0;0;0;(-38.52104741112066 -3.81785686178512);
MKU6171;2021-08-23 19:38:00;Avenida Maria Gomes de Sá;;;CONJUNTO ESPERANCA;MKU6171;Atropelamento;Não informado;Não informado;Não informado;Meio de quadra;Não informado;Longo da via;0;1;0;0;1;0;0;0;0;0;0;0;0;(-38.5865318 -3.8200968);
KHV8473;2021-08-09 09:28:00;Rua dos Trevos;;;CANINDEZINHO;KHV8473;Queda;Não informado;Não informado;Não informado;Meio de quadra;Não informado;Longo da via;0;1;0;1;0;0;0;0;0;0;0;0;0;(-38.5979785106158 -3.803570885552348);
TTS8265;2021-08-09 04:50:00;Rua José Dantas Pereira;;;CANINDEZINHO;TTS8265;Queda;Não informado;Não informado;Não informado;Meio de quadra;Não informado;Longo da via;0;1;0;1;0;0;0;0;0;0;0;0;0;(-38.607706 -3.8224972);
ESS3058;2021-08-23 18:05:00;Rua Alves de Lima;;;CRISTO REDENTOR;ESS3058;Colisão;Não informado;Não informado;Não informado;Meio de quadra;Não informado;Longo da via;0;1;0;1;1;0;0;0;0;0;0;0;0;(-38.567712 -3.705463);
KFX0094;2021-08-09 04:15:00;Avenida Desembargador Moreira;;;DIONISIO TORRES;KFX0094;Queda;Não informado;Não informado;Não informado;Meio de quadra;Não informado;Longo da via;0;1;0;0;0;0;0;0;0;1;0;0;0;(-38.49905789790359 -3.738505878858071);
SOZ5593;2021-08-23 16:42:00;Rua Ademar de Barros;;;JARDIM DAS OLIVEIRAS;SOZ5593;Queda;Não informado;Não informado;Não informado;Meio de quadra;Não informado;Longo da via;0;1;0;1;0;0;0;0;0;0;0;0;0;(-38.496874 -3.7811554);
FVT3417;2021-08-09 03:47:00;Rua Professor Morais Correia;;;PARQUELANDIA;FVT3417;Colisão;Não informado;Não informado;Não informado;Meio de quadra;Não informado;Longo da via;0;1;0;0;0;0;0;0;0;0;0;0;0;(-38.55622723687972 -3.738095384822444);
DCG1760;2021-08-09 03:44:00;Rua Cosme E Jerônimo;;;MONDUBIM;DCG1760;Colisão;Não informado;Não informado;Não informado;Meio de quadra;Não informado;Longo da via;0;1;0;0;0;0;0;0;0;0;0;0;0;(-38.58760908774928 -3.823755310976881);
LBX0964;2021-08-09 03:05:00;Avenida Américo Barreira;;;DEMOCRITO ROCHA;LBX0964;Queda;Não informado;Não informado;Não informado;Meio de quadra;Não informado;Longo da via;0;1;0;1;0;0;0;0;0;0;0;0;0;(-38.56587246753465 -3.762900859228271);
QBH8283;2021-08-23 15:55:00;Rua Pernambuco;;;PICI;QBH8283;Colisão;Não informado;Não informado;Não informado;Meio de quadra;Não informado;Longo da via;0;1;0;0;0;0;0;0;0;0;1;0;0;(-38.574732 -3.7550181);
YHC2074;2021-08-09 03:03:00;Rua Ricardo Pontes;;;GENIBAU;YHC2074;Colisão;Não informado;Não informado;Não informado;Meio de quadra;Não informado;Longo da via;0;1;0;0;0;0;0;0;0;0;0;0;0;(-38.59866515471614 -3.757644341470615);
UNZ3115;2021-08-23 14:51:00;Rua Fiscal Vieira;;;SAO JOAO DO TAUAPE;UNZ3115;Colisão;Não informado;Não informado;Não informado;Meio de quadra;Não informado;Longo da via;0;1;0;0;0;0;0;0;0;0;1;0;0;(-38.5146373 -3.759519);
LEY3464;2021-08-09 01:27:00;Avenida Eduardo Girão;;;FATIMA;LEY3464;Colisão;Não informado;Não informado;Não informado;Meio de quadra;Não informado;Longo da via;0;1;0;0;0;0;0;0;0;0;0;0;0;(-38.53257551145279 -3.75219508697864);