COD_ACIDENTE;DATA;LOG1;LOG2;NUMERO;BAIRRO;AMC;NATUREZA;ILUMINACAO;TEMPO;SUPERFICIEPISTA;TIPOCRUZAMENTO;CONTROLETRAFEGO;USOSOLO;MORTOS;FERIDOS;ILESOS;MOTOCICLETA;AUTOMOVEL;MICROONIBUS;CAMINHAO;ONIBUS;CICLOMOTOR;BICICLETA;OUTROS;TREM;TRACAOANIMAL;COORDENADAS
GWK7965;2021-08-09 01:25:00;Rua Londrina;;;GRANJA PORTUGAL;GWK7965;Queda;Não informado;Não informado;Não informado;Meio de quadra;Não informado;Longo da via;0;1;0;1;0;0;0;0;0;0;0;0;0;(-38.60634699664323 -3.780174345200123);
BWR9626;2021-08-09 01:16:00;Rua José Torres;;;GRANJA PORTUGAL;BWR9626;Colisão;Não informado;Não informado;Não informado;Meio de quadra;Não informado;Longo da via;0;1;0;2;0;0;0;0;0;0;0;0;0;(-38.60728040397293 -3.780008410030825);
WMK2229;2021-08-09 00:52:00;Avenida Godofredo Maciel;;;MARAPONGA;WMK2229;Queda;Não informado;Não informado;Não informado;Meio de quadra;Não informado;Longo da via;0;1;0;0;0;0;0;0;0;1;0;0;0;(-38.57235804752519 -3.804743104597191);
RWO5845;2021-08-23 14:28:00;Avenida Senador Fernandes Távora;RUA SAO LUIS D30;;HENRIQUE JORGE;RWO5845;Colisão;Não informado;Não informado;Não informado;Cruz;Não informado;Cruzamento;0;1;0;0;0;0;0;0;0;0;1;0;0;(-38.59143450000001 -3.7572474);
ULT4317;2021-08-09 00:41:00;Rua Sousa Carvalho;;;BONSUCESSO;ULT4317;Colisão;Não informado;Não informado;Não informado;Meio de quadra;Não informado;Longo da via;0;1;0;1;1;0;0;0;0;0;0;0;0;(-38.58661131279851 -3.78418889606757);
OGK2535;2021-08-09 00:24:00;Rua José Aristóteles Gondim;;;BONSUCESSO;OGK2535;Colisão;Não informado;Não informado;Não informado;Meio de quadra;Não informado;Longo da via;0;2;0;1;1;0;0;0;0;0;0;0;0;(-38.58597294048478 -3.782358263178462);
UTN3271;2021-08-23 12:40:00;Avenida Waldir Diogo;;;MONDUBIM;UTN3271;Colisão;Não informado;Não informado;Não informado;Meio de quadra;Não informado;Longo da via;0;2;0;2;0;0;0;0;0;0;0;0;0;(-38.5815077 -3.806604);
MQE8196;2021-08-08 23:45:00;Rua Pinto Madeira;;;CENTRO;MQE8196;Queda;Não informado;Não informado;Não informado;Meio de quadra;Não informado;Longo da via;0;1;0;1;0;0;0;0;0;0;0;0;0;(-38.51577953337997 -3.732854777098765);
UZH1130;2021-08-08 23:41:00;Rua Monsenhor Catão;AV PDE ANTONIO TOMAS;;VARJOTA;UZH1130;Colisão;Não informado;Não informado;Não informado;Meio de quadra;Não informado;Longo da via;0;1;0;2;0;0;0;0;0;0;0;0;0;(-38.49185967525305 -3.742736428028694);
QCW9880;2021-08-08 23:32:00;Rua Carnaubal;;;JARDIM IRACEMA;QCW9880;Atropelamento;Não informado;Não informado;Não informado;Meio de quadra;Não informado;Longo da via;0;1;0;1;0;0;0;0;0;0;0;0;0;(-38.58134881214311 -3.72270000697175);
SZD0141;2021-08-08 22:07:00;Rua Montevidéu;;;SERRINHA;SZD0141;Queda;Não informado;Não informado;Não informado;Meio de quadra;Não informado;Longo da via;0;1;0;1;0;0;0;0;0;0;0;0;0;(-38.54392662962155 -3.787421934175498);
DIB3944;2021-08-23 11:40:00;Avenida Washington Soares;RUA ISRAEL BEZERRA;;GUARARAPES;DIB3944;Queda;Não informado;Não informado;Não informado;Y;Não informado;Cruzamento;0;2;0;1;0;0;0;0;0;0;0;0;0;(-38.4906375 -3.751654);
BXM5882;2021-08-08 21:04:00;Avenida Jornalista Tomaz Coelho;;;MESSEJANA;BXM5882;Colisão;Não informado;Não informado;Não informado;Meio de quadra;Não informado;Longo da via;0;1;0;1;1;0;0;0;0;0;0;0;0;(-38.52281227908341 -3.828920435062676);
BEF7184;2021-08-08 20:24:00;Avenida Senador Fernandes Távora;;;AUTRAN NUNES;BEF7184;Colisão;Não informado;Não informado;Não informado;Meio de quadra;Não informado;Longo da via;0;1;0;1;1;0;0;0;0;0;0;0;0;(-38.59470622312415 -3.755829711385102);
NRJ0896;2021-08-23 10:17:00;AV I;AV A CJ JOSE WALTER;;PREFEITO JOSE VALTER;NRJ0896;Colisão;Não informado;Não informado;Não informado;Cruz;Não informado;Cruzamento;0;2;0;2;0;0;0;0;0;0;0;0;0;(-38.5492261 -3.8264316);
ZWL3668;2021-08-23 10:02:00;Avenida Bezerra de Menezes;;;ANTONIO BEZERRA;ZWL3668;Colisão;Não informado;Não informado;Não informado;Meio de quadra;Não informado;Longo da via;0;1;0;1;1;0;0;0;0;0;0;0;0;(-38.5516395 -3.7332973);
JNH6434;2021-08-08 20:03:00;Rua Santa Rosa;;;PIRAMBU;JNH6434;Atropelamento;Não informado;Não informado;Não informado;Meio de quadra;Não informado;Longo da via;0;1;0;1;0;0;0;0;0;0;0;0;0;(-38.5529203 -3.7101006);
WAT7016;2021-08-23 04:46:00;Rua Emílio de Menezes;;;GRANJA PORTUGAL;WAT7016;Queda;Não informado;Não informado;Não informado;Meio de quadra;Não informado;Longo da via;0;1;0;1;0;0;0;0;0;0;0;0;0;(-38.6013731 -3.7780969);
XHR7813;2021-08-08 19:02:00;Rua Cônego Lima Sucupira;;;ITAOCA;XHR7813;Atropelamento;Não informado;Não informado;Não informado;Meio de quadra;Não informado;Longo da via;0;1;0;0;1;0;0;0;0;0;0;0;0;(-38.55550841025904 -3.776652230599514);
CZP1889;2021-08-08 17:34:00;Rua Urucutuba;;;BOM JARDIM;CZP1889;Colisão;Não informado;Não informado;Não informado;Meio de quadra;Não informado;Longo da via;0;1;0;1;1;0;0;0;0;0;0;0;0;(-38.60876635011297 -3.797656240036003);
BIZ5823;2021-08-08 15:53:00;Avenida Litorânea;;;SABIAGUABA;BIZ5823;Colisão;Não informado;Não informado;Não informado;Meio de quadra;Não informado;Longo da via;0;1;0;1;1;0;0;0;0;0;0;0;0;(-38.42064689595119 -3.823364580116137);
LSR1700;2021-08-08 15:15:00;Rua Manuel Castelo Branco;;;MESSEJANA;LSR1700;Atropelamento;Não informado;Não informado;Não informado;Meio de quadra;Não informado;Longo da via;0;1;0;0;1;0;0;0;0;0;0;0;0;(-38.49131775901476 -3.832094428500739);
OJW3142;2021-08-08 12:59:00;Rua Raul Nabuco;;;BONSUCESSO;OJW3142;Atropelamento;Não informado;Não informado;Não informado;Meio de quadra;Não informado;Longo da via;0;1;0;0;1;0;0;0;0;0;0;0;0;(-38.59055415723548 -3.774393359305111);
LHH7307;2021-08-08 10:57:00;Rua Alan Kardec;RUA RAUL CABRAL;;MONTESE;LHH7307;Colisão;Não informado;Não informado;Não informado;Cruz;Não informado;Longo da via;0;1;0;0;0;0;0;0;0;0;0;0;0;(-38.54758910324473 -3.766724711746173);
WCM3653;2021-08-08 09:14:00;BR-116;;;PAUPINA;WCM3653;Colisão;Não informado;Não informado;Não informado;Meio de quadra;Não informado;Longo da via;0;1;0;1;1;0;0;0;0;0;0;0;0;(-38.502966 -3.82023);
MZR5111;2021-08-08 06:41:00;Rua Valdenia Soares;;;GRANJA LISBOA;MZR5111;Queda;Não informado;Não informado;Não informado;Meio de quadra;Não informado;Longo da via;0;1;0;0;0;0;0;0;0;1;0;0;0;(-38.6136235 -3.7780813);
OEW1720;2021-08-08 05:04:00;Conjunto Ceará I;;;CONJUNTO CEARA I;OEW1720;Queda;Não informado;Não informado;Não informado;Meio de quadra;Não informado;Longo da via;0;1;0;1;0;0;0;0;0;0;0;0;0;(-38.6051560949023 -3.76500452802103);
PGY8340;2021-08-08 03:47:00;Rua Coronel Jucá;;;ALDEOTA;PGY8340;Colisão;Não informado;Não informado;Não informado;Meio de quadra;Não informado;Longo da via;0;1;0;1;1;0;0;0;0;0;0;0;0;(-38.49506049670176 -3.749370664912079);
NQT6560;2021-08-08 03:41:00;Rua João Tinoco;;;QUINTINO CUNHA;NQT6560;Atropelamento;Não informado;Não informado;Não informado;Meio de quadra;Não informado;Longo da via;0;1;0;0;1;0;0;0;0;0;0;0;0;(-38.59106913409439 -3.729369943003455);
WMC4988;2021-08-08 03:32:00;Avenida Engenheiro Agrônomo José Guimarães Duque;;;CAMBEBA;WMC4988;Colisão;Não informado;Não informado;Não informado;Meio de quadra;Não informado;Longo da via;0;1;0;0;0;0;0;0;0;0;0;0;0;(-38.48743930729874 -3.805289069087401);
VMK9968;2021-08-23 02:47:00;Avenida General Osório de Paiva;;;SIQUEIRA;VMK9968;Outros;Não informado;Não informado;Não informado;Meio de quadra;Não informado;Longo da via;0;1;0;1;0;0;0;0;0;0;0;0;0;(-38.6213795 -3.825115899999999);
ZEF2474;2021-08-08 03:00:00;Rua Monsenhor Catão;;;ALDEOTA;ZEF2474;Colisão;Não informado;Não informado;Não informado;Meio de quadra;Não informado;Longo da via;0;1;0;1;1;0;0;0;0;0;0;0;0;(-38.4918443 -3.7426697);
GHH7212;2021-08-23 02:06:00;RUA JAIME ANDRADE;RUA ASP MENDES;;AEROLANDIA;GHH7212;Colisão;Não informado;Não informado;Não informado;Cruz;Não informado;Cruzamento;0;1;0;1;1;0;0;0;0;0;0;0;0;(-38.5138147 -3.7713297);
UGD7012;2021-08-23 01:33:00;Rua Albano Amaral;;;MANOEL SATIRO;UGD7012;Colisão;Não informado;Não informado;Não informado;Meio de quadra;Não informado;Longo da via;0;1;0;1;1;0;0;0;0;0;0;0;0;(-38.57594683497687 -3.798228972189573);
KDT1772;2021-08-23 00:22:00;Rua Holanda;;;MARAPONGA;KDT1772;Colisão;Não informado;Não informado;Não informado;Meio de quadra;Não informado;Longo da via;0;1;0;2;0;0;0;0;0;0;0;0;0;(-38.5580698 -3.8055573);
PQX2613;2021-08-22 23:58:00;Avenida A;;;CONJUNTO CEARA I;PQX2613;Colisão;Não informado;Não informado;Não informado;Meio de quadra;Não informado;Longo da via;0;1;0;1;1;0;0;0;0;0;0;0;0;(-38.6034228 -3.767708899999999);
CNN2513;2021-08-08 02:15:00;Avenida Washington Soares;;;EDSON QUEIROZ;CNN2513;Colisão;Não informado;Não informado;Não informado;Meio de quadra;Não informado;Longo da via;0;1;0;0;0;0;0;0;0;0;0;0;0;(-38.481665 -3.7762191);
LWR0614;2021-08-22 23:33:00;Avenida Coronel Carvalho;AV RAD JOSE LIMA VERDE;;BARRA DO CEARA;LWR0614;Queda;Não informado;Não informado;Não informado;Y;Não informado;Cruzamento;0;1;0;1;0;0;0;0;0;0;0;0;0;(-38.5918548 -3.7028988);
YMZ0032;2021-08-08 02:08:00;Rua Frei Caneca;;;JARDIM DAS OLIVEIRAS;YMZ0032;Colisão;Não informado;Não informado;Não informado;Meio de quadra;Não informado;Longo da via;0;1;0;1;1;0;0;0;0;0;0;0;0;(-38.50734130334998 -3.786121226586798);
UOF8097;2021-08-22 22:30:00;Estrada do Jatobá;;;GRANJA LISBOA;UOF8097;Colisão;Não informado;Não informado;Não informado;Meio de quadra;Não informado;Longo da via;0;1;0;0;0;0;0;0;0;0;1;0;0;(-38.6262728 -3.7927108);
FXK7859;2021-08-08 01:00:00;Avenida Doutor Silas Munguba;;;SERRINHA;FXK7859;Atropelamento;Não informado;Não informado;Não informado;Meio de quadra;Não informado;Longo da via;0;1;0;1;0;0;0;0;0;0;0;0;0;(-38.54639426801428 -3.788273013391671);
ZGQ2928;2021-08-22 21:46:00;Rua Catolé;;;CONJUNTO PALMEIRAS;ZGQ2928;Colisão;Não informado;Não informado;Não informado;Meio de quadra;Não informado;Longo da via;0;1;0;2;0;0;0;0;0;0;0;0;0;(-38.5209408 -3.8487501);
UBX8926;2021-08-08 00:56:00;Avenida Jovita Feitosa;;;PARQUELANDIA;UBX8926;Colisão;Não informado;Não informado;Não informado;Meio de quadra;Não informado;Longo da via;0;1;0;1;1;0;0;0;0;0;0;0;0;(-38.5554045 -3.7396894);
TAE7726;2021-08-08 00:54:00;Avenida J;;;CONJUNTO CEARA II;TAE7726;Queda;Não informado;Não informado;Não informado;Meio de quadra;Não informado;Longo da via;0;1;0;1;0;0;0;0;0;0;0;0;0;(-38.61750499881243 -3.769768542880539);
LQS2850;2021-08-22 21:38:00;RUA FRANCISCO MARTINIANO BARBOSA;;;SAPIRANGA / COITE;LQS2850;Queda;Não informado;Não informado;Não informado;Meio de quadra;Não informado;Longo da via;0;1;0;1;0;0;0;0;0;0;0;0;0;(-38.4604636 -3.7949277);
MXT4570;2021-08-08 00:41:00;Avenida I;;;CONJUNTO CEARA I;MXT4570;Colisão;Não informado;Não informado;Não informado;Meio de quadra;Não informado;Longo da via;0;1;0;0;0;0;0;0;0;0;0;0;0;(-38.6002975 -3.7730929);
OJY0425;2021-08-22 21:13:00;Avenida Beira Mar;;;MEIRELES;OJY0425;Colisão;Não informado;Não informado;Não informado;Meio de quadra;Não informado;Longo da via;0;1;0;0;0;0;0;0;0;0;1;0;0;(-38.4905272 -3.725042699999999);
JXE8933;2021-08-08 00:13:00;Avenida Engenheiro Leal Lima Verde;;;SAPIRANGA / COITE;JXE8933;Colisão;Não informado;Não informado;Não informado;Meio de quadra;Não informado;Longo da via;0;1;0;1;1;0;0;0;0;0;0;0;0;(-38.47552493321254 -3.797747234889538);
XTJ5975;2021-08-22 21:05:00;Rua Luciano Queiroz;RUA MON HIPOLITO BRASIL;;JOQUEI CLUBE;XTJ5975;Colisão;Não informado;Não informado;Não informado;Cruz;Não informado;Cruzamento;0;1;0;1;1;0;0;0;0;0;0;0;0;(-38.5789802 -3.7588286);
NKC7923;2021-08-07 23:49:00;Rua Tulipa;AV FRANCISCO SA;;JARDIM IRACEMA;NKC7923;Queda;Não informado;Não informado;Não informado;T;Não informado;Longo da via;0;1;0;1;0;0;0;0;0;0;0;0;0;(-38.5780008 -3.7103363);
HLY3555;2021-08-22 20:06:00;AV CASTELO DE CASTRO;;;CONJUNTO PALMEIRAS;HLY3555;Colisão;Não informado;Não informado;Não informado;Meio de quadra;Não informado;Longo da via;0;1;0;1;1;0;0;0;0;0;0;0;0;(-38.521748 -3.8457824);
AJU3906;2021-08-07 22:52:00;Avenida Senador Fernandes Távora;;;HENRIQUE JORGE;AJU3906;Colisão;Não informado;Não informado;Não informado;Meio de quadra;Não informado;Longo da via;0;1;0;1;1;0;0;0;0;0;0;0;0;(-38.58291522314611 -3.761771406457243);
SRP0807;2021-08-22 19:54:00;Rodovia Estrada do Guarani (BR116);;;MESSEJANA;SRP0807;Colisão;Não informado;Não informado;Não informado;Meio de quadra;Não informado;Longo da via;0;1;0;1;1;0;0;0;0;0;0;0;0;(-38.5041401 -3.8259496);
QPF7119;2021-08-07 22:20:00;BR-116;;;PAUPINA;QPF7119;Atropelamento;Não informado;Não informado;Não informado;Meio de quadra;Não informado;Longo da via;0;1;0;0;1;0;0;0;0;0;0;0;0;(-38.4975808 -3.8626917);
ABJ4442;2021-08-22 19:20:00;Rua Marechal Bittencourt;;;DIAS MACEDO;ABJ4442;Colisão;Não informado;Não informado;Não informado;Meio de quadra;Não informado;Longo da via;0;1;0;0;0;0;0;0;0;0;1;0;0;(-38.5280608 -3.7854821);
TKV7663;2021-08-07 21:11:00;Avenida Francisco Sá;;;BARRA DO CEARA;TKV7663;Atropelamento;Não informado;Não informado;Não informado;Meio de quadra;Não informado;Longo da via;0;1;0;0;0;0;0;1;0;0;0;0;0;(-38.58490386604177 -3.707070743268508);
RGL7706;2021-08-22 18:38:00;Rua Pierre Luz;RUA MARIA CLARA;;JARDIM GUANABARA;RGL7706;Colisão;Não informado;Não informado;Não informado;Cruz;Não informado;Cruzamento;0;1;0;1;1;0;0;0;0;0;0;0;0;(-38.5884993 -3.7251304);
QEN9058;2021-08-07 20:48:00;Avenida Mister Hull;;;ANTONIO BEZERRA;QEN9058;Colisão;Não informado;Não informado;Não informado;Meio de quadra;Não informado;Longo da via;0;2;0;2;0;0;0;0;0;0;0;0;0;(-38.5918266 -3.7396339);
AVM1998;2021-08-22 18:05:00;Avenida Deputado Paulino Rocha;;;PASSARE;AVM1998;Colisão;Não informado;Não informado;Não informado;Meio de quadra;Não informado;Longo da via;0;1;0;1;1;0;0;0;0;0;0;0;0;(-38.5195682 -3.8100305);
UOO6831;2021-08-07 20:38:00;Avenida Porto Velho;;;HENRIQUE JORGE;UOO6831;Colisão;Não informado;Não informado;Não informado;Meio de quadra;Não informado;Longo da via;0;1;0;1;1;0;0;0;0;0;0;0;0;(-38.5940095 -3.7623199);
SKJ9615;2021-08-07 18:58:00;Avenida Contôrno;;;EDSON QUEIROZ;SKJ9615;Colisão;Não informado;Não informado;Não informado;Meio de quadra;Não informado;Longo da via;0;1;0;0;1;0;0;0;0;1;0;0;0;(-38.47406045084367 -3.769779248502525);
RQZ1323;2021-08-22 16:57:00;Avenida Carneiro de Mendonça;;;DEMOCRITO ROCHA;RQZ1323;Colisão;Não informado;Não informado;Não informado;Meio de quadra;Não informado;Longo da via;0;2;0;1;1;0;0;0;0;0;0;0;0;(-38.5718512 -3.761204799999999);
ANI5956;2021-08-22 16:10:00;Rua Sargento João Pinheiro;;;BOM JARDIM;ANI5956;Queda;Não informado;Não informado;Não informado;Meio de quadra;Não informado;Longo da via;0;1;0;0;0;0;0;0;0;1;0;0;0;(-38.6231858 -3.7841572);
TLJ7325;2021-08-22 14:44:00;Rua C Laguna Park;;;LAGOA REDONDA;TLJ7325;Colisão;Não informado;Não informado;Não informado;Meio de quadra;Não informado;Longo da via;0;1;0;1;1;0;0;0;0;0;0;0;0;(-38.4672698 -3.8224084);
JBX6578;2021-08-07 15:49:00;Rua Elizeu Oriá;;;SAPIRANGA / COITE;JBX6578;Colisão;Não informado;Não informado;Não informado;Meio de quadra;Não informado;Longo da via;0;1;0;1;1;0;0;0;0;0;0;0;0;(-38.47755268228949 -3.793727394273362);
SKR2465;2021-08-22 14:33:00;Avenida Doutor Silas Munguba;;;ITAPERI;SKR2465;Colisão;Não informado;Não informado;Não informado;Meio de quadra;Não informado;Longo da via;0;1;0;1;1;0;0;0;0;0;0;0;0;(-38.54611901718781 -3.788317758590667);
IFN1764;2021-08-07 15:45:00;Rua Verbena;;;BONSUCESSO;IFN1764;Colisão;Não informado;Não informado;Não informado;Meio de quadra;Não informado;Longo da via;0;2;0;1;1;0;0;0;0;0;0;0;0;(-38.58790412956803 -3.777460498284081);
LUC7593;2021-08-07 15:19:00;Rua Leiria de Andrade;;;MONTE CASTELO;LUC7593;Colisão;Não informado;Não informado;Não informado;Meio de quadra;Não informado;Longo da via;0;1;0;1;1;0;0;0;0;0;0;0;0;(-38.54825571473699 -3.72977677534617);
ZVA0417;2021-08-22 14:10:00;AV ANTONIO SALES;;;DIONISIO TORRES;ZVA0417;Colisão;Não informado;Não informado;Não informado;Meio de quadra;Não informado;Longo da via;0;1;0;0;1;0;0;0;0;1;0;0;0;(-38.5024279 -3.7454466);
EJY8028;2021-08-07 14:52:00;Rua Sargento João Pinheiro;;;GRANJA LISBOA;EJY8028;Colisão;Não informado;Não informado;Não informado;Meio de quadra;Não informado;Longo da via;0;2;0;1;1;0;0;0;0;0;0;0;0;(-38.62245634867823 -3.781683818507638);
FXC8993;2021-08-22 13:41:00;Avenida Sebastião de Abreu;;;EDSON QUEIROZ;FXC8993;Queda;Não informado;Não informado;Não informado;Meio de quadra;Não informado;Longo da via;0;1;0;0;0;0;0;0;0;1;0;0;0;(-38.48319 -3.7548815);
UEA5107;2021-08-07 14:46:00;Avenida Duque de Caxias;;;CENTRO;UEA5107;Colisão;Não informado;Não informado;Não informado;Meio de quadra;Não informado;Longo da via;0;1;0;1;1;0;0;0;0;0;0;0;0;(-38.52531210515723 -3.733309785138449);
ASZ0824;2021-08-07 14:44:00;BR-116;;;PAUPINA;ASZ0824;Colisão;Não informado;Não informado;Não informado;Meio de quadra;Não informado;Longo da via;0;1;0;0;0;0;0;0;0;0;0;0;0;(-38.5004011 -3.8773207);
WGG7092;2021-08-07 14:33:00;Rua Carlos Chagas;;;BONSUCESSO;WGG7092;Colisão;Não informado;Não informado;Não informado;Meio de quadra;Não informado;Longo da via;0;1;0;1;1;0;0;0;0;0;0;0;0;(-38.58162239300564 -3.781191366511749);
DLD8790;2021-08-22 12:56:00;Avenida Beira Mar;;;MEIRELES;DLD8790;Queda;Não informado;Não informado;Não informado;Meio de quadra;Não informado;Longo da via;0;1;0;0;0;0;0;0;0;1;0;0;0;(-38.4861216 -3.7236329);
SCN3852;2021-08-07 14:31:00;Rua Monsenhor Hipólito Brasil;;;HENRIQUE JORGE;SCN3852;Colisão;Não informado;Não informado;Não informado;Meio de quadra;Não informado;Longo da via;0;1;0;0;0;0;0;0;0;0;1;0;0;(-38.5811825116655 -3.757665753012528);
QSE8382;2021-08-22 08:53:00;RUA ANTONIO;;;ANTONIO BEZERRA;QSE8382;Choque c/ Obstáculo Fixo;Não informado;Não informado;Não informado;Meio de quadra;Não informado;Longo da via;0;1;0;0;1;0;0;0;0;0;0;0;0;(-38.5930972 -3.7340251);
TVH9023;2021-08-22 05:57:00;Avenida Sargento Hermínio Sampaio;;;PRESIDENTE KENNEDY;TVH9023;Queda;Não informado;Não informado;Não informado;Meio de quadra;Não informado;Longo da via;0;1;0;1;0;0;0;0;0;0;0;0;0;(-38.5650521118451 -3.727106014601663);
WQV6842;2021-08-07 13:08:00;Avenida Treze de Abril;RUA VIA LACTEA;;VILA UNIAO;WQV6842;Colisão;Não informado;Não informado;Não informado;Cruz;Não informado;Longo da via;0;1;0;1;1;0;0;0;0;0;0;0;0;(-38.53013470265671 -3.764876059843498);
TLO9955;2021-08-22 05:34:00;Avenida Presidente Costa e Silva;;;PREFEITO JOSE VALTER;TLO9955;Outros;Não informado;Não informado;Não informado;Meio de quadra;Não informado;Longo da via;0;1;0;1;0;0;0;0;0;0;0;0;0;(-38.5443558 -3.8244455);
CXG7486;2021-08-07 11:36:00;Avenida Mister Hull;;;ANTONIO BEZERRA;CXG7486;Colisão;Não informado;Não informado;Não informado;Meio de quadra;Não informado;Longo da via;0;2;0;2;0;0;0;0;0;0;0;0;0;(-38.5918266 -3.7396339);
BBT1813;2021-08-07 10:51:00;Avenida Alberto Craveiro;;;CASTELAO;BBT1813;Atropelamento;Não informado;Não informado;Não informado;Meio de quadra;Não informado;Longo da via;0;1;0;0;0;0;1;0;0;0;0;0;0;(-38.52194861528712 -3.803881336413523);
XIF4055;2021-08-07 10:41:00;Avenida Dois;;;ITAPERI;XIF4055;Colisão;Não informado;Não informado;Não informado;Meio de quadra;Não informado;Longo da via;0;2;0;1;1;0;0;0;0;0;0;0;0;(-38.55099269999999 -3.8058424);
QAH4705;2021-08-22 04:07:00;RUA ALTO DA PAZ;;;GRANJA LISBOA;QAH4705;Colisão;Não informado;Não informado;Não informado;Meio de quadra;Não informado;Longo da via;0;1;0;2;0;0;0;0;0;0;0;0;0;(-38.6145827 -3.7885553);
HWZ9623;2021-08-22 02:06:00;RUA PRO OTAVIO LOBO;;;PAPICU;HWZ9623;Queda;Não informado;Não informado;Não informado;Meio de quadra;Não informado;Longo da via;0;1;0;1;0;0;0;0;0;0;0;0;0;(-38.4763127 -3.7401998);
VXB1313;2021-08-22 00:53:00;Avenida Santos Dumont;;;ALDEOTA;VXB1313;Queda;Não informado;Não informado;Não informado;Meio de quadra;Não informado;Longo da via;0;1;0;1;0;0;0;0;0;0;0;0;0;(-38.4876823 -3.7395568);
MCD8103;2021-08-21 23:52:00;Rua N;;;PREFEITO JOSE VALTER;MCD8103;Queda;Não informado;Não informado;Não informado;Meio de quadra;Não informado;Longo da via;0;1;0;1;0;0;0;0;0;0;0;0;0;(-38.5502856 -3.8333439);
UGI4588;2021-08-21 23:40:00;BR 116;;;CAJAZEIRAS;UGI4588;Capotamento;Não informado;Não informado;Não informado;Meio de quadra;Não informado;Longo da via;0;1;0;0;0;0;0;0;0;0;1;0;0;(-38.5005331 -3.8117044);
QVG5778;2021-08-21 23:07:00;Avenida Ministro Albuquerque Lima;AV A CJ CEARA;;CONJUNTO CEARA I;QVG5778;Colisão;Não informado;Não informado;Não informado;Cruz;Não informado;Cruzamento;0;1;0;1;1;0;0;0;0;0;0;0;0;(-38.6047081 -3.7705666);
YDH6762;2021-08-07 03:37:00;Avenida Sargento Hermínio Sampaio;;;PRESIDENTE KENNEDY;YDH6762;Colisão;Não informado;Não informado;Não informado;Meio de quadra;Não informado;Longo da via;0;1;0;1;1;0;0;0;0;0;0;0;0;(-38.56628015204515 -3.72739466224232);
TJC6541;2021-08-21 22:16:00;Rua Barra Nova;;;JARDIM DAS OLIVEIRAS;TJC6541;Colisão;Não informado;Não informado;Não informado;Meio de quadra;Não informado;Longo da via;0;1;0;0;0;0;0;0;0;0;1;0;0;(-38.5059666 -3.7856713);
ZGK5386;2021-08-21 21:28:00;BR 116;;;MESSEJANA;ZGK5386;Colisão;Não informado;Não informado;Não informado;Meio de quadra;Não informado;Longo da via;0;1;0;0;0;0;0;0;0;0;1;0;0;(-38.5051639 -3.799603299999999);
XVV4390;2021-08-21 19:23:00;Avenida Coronel Carvalho;;;BARRA DO CEARA;XVV4390;Colisão;Não informado;Não informado;Não informado;Meio de quadra;Não informado;Longo da via;0;3;0;1;1;0;0;0;0;0;0;0;0;(-38.5899407 -3.7102945);
GKN1776;2021-08-07 03:22:00;Rua Cônego de Castro;;;PARQUE SANTA ROSA;GKN1776;Colisão;Não informado;Não informado;Não informado;Meio de quadra;Não informado;Longo da via;0;1;0;1;1;0;0;0;0;0;0;0;0;(-38.5997708 -3.8157556);
IAQ0472;2021-08-21 19:04:00;Rua Rubi;;;BARROSO;IAQ0472;Queda;Não informado;Não informado;Não informado;Meio de quadra;Não informado;Longo da via;0;1;0;0;0;0;0;0;0;1;0;0;0;(-38.5248858 -3.8202405);
AGF3812;2021-08-07 02:12:00;Avenida Borges de Melo;;;PARREAO;AGF3812;Queda;Não informado;Não informado;Não informado;Meio de quadra;Não informado;Longo da via;0;1;0;1;0;0;0;0;0;0;0;0;0;(-38.53465692441464 -3.75591000483151);
TIN8693;2021-08-21 18:41:00;Rua Ipiranga;;;QUINTINO CUNHA;TIN8693;Colisão;Não informado;Não informado;Não informado;Meio de quadra;Não informado;Longo da via;0;1;0;1;1;0;0;0;0;0;0;0;0;(-38.598104 -3.732202);
PUM6363;2021-08-07 01:12:00;Avenida do Passaré;;;PARQUE DOIS IRMAOS;PUM6363;Colisão;Não informado;Não informado;Não informado;Meio de quadra;Não informado;Longo da via;0;1;0;2;0;0;0;0;0;0;0;0;0;(-38.54119614342474 -3.818001379627318);
ZTO8811;2021-08-07 00:22:00;Rua 5 (Cj Pequeno Mondubim);;;MONDUBIM;ZTO8811;Colisão;Não informado;Não informado;Não informado;Meio de quadra;Não informado;Longo da via;0;1;0;1;1;0;0;0;0;0;0;0;0;(-38.55978385705868 -3.824825805573357);
KZI9483;2021-08-07 00:20:00;Avenida Comodoro Estácio Brigido;;;ENGENHEIRO LUCIANO CAVALCANTE;KZI9483;Colisão;Não informado;Não informado;Não informado;Meio de quadra;Não informado;Longo da via;0;2;0;0;1;0;0;0;0;1;0;0;0;(-38.49139287517644 -3.77588143157667);
GKW4080;2021-08-21 18:36:00;RUA JOSE ABILIO;RUA JOSE TORRES;;GRANJA PORTUGAL;GKW4080;Colisão;Não informado;Não informado;Não informado;Cruz;Não informado;Cruzamento;0;2;0;0;0;0;0;0;0;0;1;0;0;(-38.6076692 -3.7813107);