COD_ACIDENTE;DATA;LOG1;LOG2;NUMERO;BAIRRO;AMC;NATUREZA;ILUMINACAO;TEMPO;SUPERFICIEPISTA;TIPOCRUZAMENTO;CONTROLETRAFEGO;USOSOLO;MORTOS;FERIDOS;ILESOS;MOTOCICLETA;AUTOMOVEL;MICROONIBUS;CAMINHAO;ONIBUS;CICLOMOTOR;BICICLETA;OUTROS;TREM;TRACAOANIMAL;COORDENADAS
XWM3841;2021-08-07 00:13:00;Avenida Aguanambi;;;FATIMA;XWM3841;Queda;Não informado;Não informado;Não informado;Meio de quadra;Não informado;Longo da via;0;1;0;0;0;0;0;0;0;1;0;0;0;(-38.52560713595079 -3.744931145780511);
ZDW8004;2021-08-06 23:09:00;Avenida Senador Fernandes Távora;;;HENRIQUE JORGE;ZDW8004;Colisão;Não informado;Não informado;Não informado;Meio de quadra;Não informado;Longo da via;0;1;0;1;1;0;0;0;0;0;0;0;0;(-38.58877853346014 -3.758677447768328);
EHR9154;2021-08-06 22:57:00;Avenida Bernardo Manuel;;;PARQUE DOIS IRMAOS;EHR9154;Atropelamento;Não informado;Não informado;Não informado;Meio de quadra;Não informado;Longo da via;0;1;0;0;1;0;0;0;0;0;0;0;0;(-38.5550968 -3.8105975);
MQV9422;2021-08-21 17:58:00;Avenida Coronel Carvalho;RUA CARNAUBAL;;BARRA DO CEARA;MQV9422;Colisão;Não informado;Não informado;Não informado;Cruz;Não informado;Cruzamento;0;1;0;0;0;0;0;0;0;0;1;0;0;(-38.5867215 -3.7222003);
OOH5112;2021-08-06 21:53:00;Avenida Mister Hull;;;ANTONIO BEZERRA;OOH5112;Colisão;Não informado;Não informado;Não informado;Meio de quadra;Não informado;Longo da via;0;1;0;1;1;0;0;0;0;0;0;0;0;(-38.59008199016048 -3.739529989037412);
TZZ8630;2021-08-06 21:46:00;Avenida Augusto dos Anjos;;;BONSUCESSO;TZZ8630;Colisão;Não informado;Não informado;Não informado;Meio de quadra;Não informado;Longo da via;0;1;0;2;0;0;0;0;0;0;0;0;0;(-38.5832799963002 -3.784938276836131);
ABT9524;2021-08-21 17:30:00;Avenida Bernardo Manuel;;;ITAPERI;ABT9524;Colisão;Não informado;Não informado;Não informado;Meio de quadra;Não informado;Longo da via;0;1;0;1;1;0;0;0;0;0;0;0;0;(-38.550272 -3.795666);
NYJ3987;2021-08-06 20:41:00;BR-116;;;CAJAZEIRAS;NYJ3987;Colisão;Não informado;Não informado;Não informado;Meio de quadra;Não informado;Longo da via;0;1;0;1;1;0;0;0;0;0;0;0;0;(-38.5054894 -3.7996206);
DFZ5043;2021-08-06 20:11:00;Avenida Senador Fernandes Távora;;;AUTRAN NUNES;DFZ5043;Queda;Não informado;Não informado;Não informado;Meio de quadra;Não informado;Longo da via;0;1;0;1;0;0;0;0;0;0;0;0;0;(-38.59368160942816 -3.756059885911698);
GUV2541;2021-08-06 19:16:00;Rua Osvaldo Cruz;;;DIONISIO TORRES;GUV2541;Colisão;Não informado;Não informado;Não informado;Meio de quadra;Não informado;Longo da via;0;1;0;1;1;0;0;0;0;0;0;0;0;(-38.50470736494879 -3.749240270720831);
GMR8797;2021-08-21 16:56:00;Rua Raimundo Neri;;;SIQUEIRA;GMR8797;Atropelamento;Não informado;Não informado;Não informado;Meio de quadra;Não informado;Longo da via;0;1;0;1;0;0;0;0;0;0;0;0;0;(-38.5865348 -3.7935552);
THH8864;2021-08-06 14:18:00;Rua Senador Pompeu;AV DUQ CAXIAS;;CENTRO;THH8864;Colisão;Não informado;Não informado;Não informado;Meio de quadra;Não informado;Longo da via;0;1;0;1;1;0;0;0;0;0;0;0;0;(-38.5310009 -3.7314688);
AXF0878;2021-08-21 14:30:00;AV PRO HERIBALDO COSTA;;;JOAO XXIII;AXF0878;Colisão;Não informado;Não informado;Não informado;Meio de quadra;Não informado;Longo da via;0;2;0;1;1;0;0;0;0;0;0;0;0;(-38.5875401 -3.7669748);
GHU6842;2021-08-06 12:15:00;Avenida Pompílio Gomes;;;BARROSO;GHU6842;Colisão;Não informado;Não informado;Não informado;Meio de quadra;Não informado;Longo da via;0;1;0;0;0;0;0;0;0;0;0;0;0;(-38.52028398558625 -3.812511608101888);
MLC8107;2021-08-06 11:24:00;Rua Betel;;;ITAPERI;MLC8107;Atropelamento;Não informado;Não informado;Não informado;Meio de quadra;Não informado;Longo da via;0;1;0;0;0;0;0;0;0;1;0;0;0;(-38.5539419940953 -3.794969211214578);
VUG4073;2021-08-21 14:21:00;Avenida General Osório de Paiva;;;SIQUEIRA;VUG4073;Queda;Não informado;Não informado;Não informado;Meio de quadra;Não informado;Longo da via;0;1;0;0;0;0;0;0;0;1;0;0;0;(-38.6103328 -3.8133833);
TBC7484;2021-08-06 11:19:00;Rua 27 de Julho;;;PLANALTO AYRTON SENNA;TBC7484;Atropelamento de Animal;Não informado;Não informado;Não informado;Meio de quadra;Não informado;Longo da via;0;1;0;1;0;0;0;0;0;0;0;0;0;(-38.56985286758937 -3.83574477401417);
GST9805;2021-08-21 12:10:00;Rua Antônio Fiúza;;;ITAOCA;GST9805;Atropelamento;Não informado;Não informado;Não informado;Meio de quadra;Não informado;Longo da via;0;1;0;0;1;0;0;0;0;0;0;0;0;(-38.553173 -3.7730903);
FMK5980;2021-08-06 10:59:00;Wenefrido Melo;;;MONDUBIM;FMK5980;Colisão;Não informado;Não informado;Não informado;Meio de quadra;Não informado;Longo da via;0;2;0;1;1;0;0;0;0;0;0;0;0;(-38.57822135690089 -3.808698663024494);
KOP5025;2021-08-21 11:52:00;Avenida Audízio Pinheiro;AV SEN FERNANDES TAVORA;;HENRIQUE JORGE;KOP5025;Colisão;Não informado;Não informado;Não informado;Cruz;Não informado;Cruzamento;0;1;0;1;1;0;0;0;0;0;0;0;0;(-38.5889133 -3.7586228);
GOM4483;2021-08-06 10:58:00;Avenida Jovita Feitosa;;;PARQUELANDIA;GOM4483;Colisão;Não informado;Não informado;Não informado;Meio de quadra;Não informado;Longo da via;0;1;0;1;1;0;0;0;0;0;0;0;0;(-38.55368450578313 -3.739256986177358);
OMO3511;2021-08-20 11:09:00;Avenida Deputado Paulino Rocha;;;BOA VISTA;OMO3511;Colisão;Não informado;Não informado;Não informado;Meio de quadra;Não informado;Longo da via;0;1;0;1;1;0;0;0;0;0;0;0;0;(-38.51095780000001 -3.8117233);
RZC2768;2021-08-06 09:45:00;Avenida Alberto Craveiro;;;BOA VISTA;RZC2768;Queda;Não informado;Não informado;Não informado;Meio de quadra;Não informado;Longo da via;0;1;0;1;0;0;0;0;0;0;0;0;0;(-38.51835982197099 -3.796355547845882);
FGA8687;2021-08-21 10:35:00;Estrada do Ancuri;;;MESSEJANA;FGA8687;Queda;Não informado;Não informado;Não informado;Meio de quadra;Não informado;Longo da via;0;1;0;1;0;0;0;0;0;0;0;0;0;(-38.4971278 -3.8403569);
JCL6186;2021-08-21 05:18:00;Avenida Oscar Araripe;RUA MARIA JULIA;;BOM JARDIM;JCL6186;Colisão;Não informado;Não informado;Não informado;Cruz;Não informado;Cruzamento;0;2;0;1;0;0;0;0;0;0;0;0;0;(-38.5950291 -3.7927222);
NAZ0952;2021-08-06 05:11:00;Rua André Rebouças;;;BONSUCESSO;NAZ0952;Colisão;Não informado;Não informado;Não informado;Meio de quadra;Não informado;Longo da via;0;2;0;2;0;0;0;0;0;0;0;0;0;(-38.59086529418492 -3.775645909516518);
LYV0355;2021-08-06 03:48:00;Rua Dois;;;PREFEITO JOSE VALTER;LYV0355;Colisão;Não informado;Não informado;Não informado;Meio de quadra;Não informado;Longo da via;0;1;0;0;0;0;0;0;0;0;0;0;0;(-38.55429067563737 -3.822540297990236);
NZU2510;2021-08-06 02:47:00;Rua A;;;BOM JARDIM;NZU2510;Atropelamento;Não informado;Não informado;Não informado;Meio de quadra;Não informado;Longo da via;0;1;0;1;0;0;0;0;0;0;0;0;0;(-38.61464038785558 -3.800348613114783);
ESV6644;2021-08-06 02:39:00;Avenida Clóvis Arrais Maia;;;PRAIA DO FUTURO II;ESV6644;Colisão;Não informado;Não informado;Não informado;Meio de quadra;Não informado;Longo da via;0;1;0;1;1;0;0;0;0;0;0;0;0;(-38.44283290000001 -3.7598109);
RJU2197;2021-08-06 02:25:00;Avenida General Osório de Paiva;;;BOM JARDIM;RJU2197;Atropelamento;Não informado;Não informado;Não informado;Meio de quadra;Não informado;Longo da via;0;1;0;1;0;0;0;0;0;0;0;0;0;(-38.59410003802231 -3.796660648658992);
IRD0280;2021-08-21 00:06:00;Rua Canuto de Aguiar;;;MEIRELES;IRD0280;Queda;Não informado;Não informado;Não informado;Meio de quadra;Não informado;Longo da via;0;1;0;1;0;0;0;0;0;0;0;0;0;(-38.5017461 -3.7285016);
OWF8564;2021-08-06 00:53:00;Rua Joaquim Leitão;;;ANTONIO BEZERRA;OWF8564;Queda;Não informado;Não informado;Não informado;Meio de quadra;Não informado;Longo da via;0;1;0;1;0;0;0;0;0;0;0;0;0;(-38.59178260614935 -3.746306856297525);
KWM2712;2021-08-06 00:08:00;Avenida Barão de Studart;;;MEIRELES;KWM2712;Queda;Não informado;Não informado;Não informado;Meio de quadra;Não informado;Longo da via;0;1;0;1;0;0;0;0;0;0;0;0;0;(-38.50375250815719 -3.72588509509254);
PXP7009;2021-08-20 23:31:00;Avenida Castelo de Castro;;;PASSARE;PXP7009;Colisão;Não informado;Não informado;Não informado;Meio de quadra;Não informado;Longo da via;0;1;0;0;0;0;0;0;0;0;1;0;0;(-38.5216745 -3.8306905);
RYB3269;2021-08-05 23:06:00;Rua Dom Lino;;;PARQUELANDIA;RYB3269;Queda;Não informado;Não informado;Não informado;Meio de quadra;Não informado;Longo da via;0;1;0;1;0;0;0;0;0;0;0;0;0;(-38.55680659519984 -3.737897323608375);
ENN6228;2021-08-05 22:56:00;Avenida da Abolição;;;MEIRELES;ENN6228;Atropelamento;Não informado;Não informado;Não informado;Meio de quadra;Não informado;Longo da via;0;1;0;0;1;0;0;0;0;0;0;0;0;(-38.4984288 -3.72634);
FKE6801;2021-08-20 22:33:00;Avenida João Pessoa;RUA ELVIRA PINHO;;MONTESE;FKE6801;Atropelamento;Não informado;Não informado;Não informado;Cruz;Não informado;Cruzamento;0;2;0;1;0;0;0;0;0;0;0;0;0;(-38.5591178 -3.7655108);
DVW2612;2021-08-05 21:59:00;Avenida Borges de Melo;;;AEROLANDIA;DVW2612;Colisão;Não informado;Não informado;Não informado;Meio de quadra;Não informado;Longo da via;0;2;0;2;0;0;0;0;0;0;0;0;0;(-38.52837518245693 -3.760283310050109);
KTR5501;2021-08-20 22:03:00;Rua Júlio Silva;;;PRAIA DO FUTURO II;KTR5501;Não informado;Não informado;Não informado;Não informado;Meio de quadra;Não informado;Longo da via;0;1;0;0;0;0;0;0;0;0;1;0;0;(-38.4542732 -3.744987999999999);
JSG2787;2021-08-05 21:22:00;Avenida Visconde do Rio Branco;RUA PAULO FIRMEZA;;SAO JOAO DO TAUAPE;JSG2787;Atropelamento;Não informado;Não informado;Não informado;T;Não informado;Longo da via;0;1;0;1;0;0;0;0;0;0;0;0;0;(-38.5195936287347 -3.757949455893115);
YQJ9289;2021-08-20 22:01:00;Rua Cônego de Castro;;;VILA PERY;YQJ9289;Atropelamento;Não informado;Não informado;Não informado;Meio de quadra;Não informado;Longo da via;0;1;0;1;0;0;0;0;0;0;0;0;0;(-38.5807381 -3.7930217);
PDZ8939;2021-08-20 21:57:00;Avenida Jornalista Tomaz Coelho;;;MESSEJANA;PDZ8939;Colisão;Não informado;Não informado;Não informado;Meio de quadra;Não informado;Longo da via;0;1;0;0;0;0;0;0;0;0;1;0;0;(-38.5107767 -3.8295793);
IPA8750;2021-08-05 21:15:00;Avenida Américo Barreira;;;BELA VISTA;IPA8750;Atropelamento;Não informado;Não informado;Não informado;Meio de quadra;Não informado;Longo da via;0;1;0;1;0;0;0;0;0;0;0;0;0;(-38.55403856863288 -3.753511904048698);
EMR2896;2021-08-20 21:48:00;Rua Diogo Correia;;;BONSUCESSO;EMR2896;Atropelamento;Não informado;Não informado;Não informado;Meio de quadra;Não informado;Longo da via;0;1;0;1;0;0;0;0;0;0;0;0;0;(-38.5886639 -3.7736223);
VYU0336;2021-08-05 20:31:00;Avenida Alberto Craveiro;;;CASTELAO;VYU0336;Colisão;Não informado;Não informado;Não informado;Meio de quadra;Não informado;Longo da via;0;2;0;1;1;0;0;0;0;0;0;0;0;(-38.51962582509518 -3.800894580388372);
TPJ2616;2021-08-05 12:24:00;Rua Professor Manoel Lourenço;;;JOQUEI CLUBE;TPJ2616;Queda;Não informado;Não informado;Não informado;Meio de quadra;Não informado;Longo da via;0;1;0;1;0;0;0;0;0;0;0;0;0;(-38.57302696007558 -3.763566536460442);
VCJ0131;2021-08-20 20:59:00;Avenida Washington Soares;;;;VCJ0131;Atropelamento;Não informado;Não informado;Não informado;Meio de quadra;Não informado;Longo da via;0;1;0;0;1;0;0;0;0;0;0;0;0;(-38.4824872 -3.7611789);
ZBR1693;2021-08-05 10:40:00;Avenida Washington Soares;;;GUARARAPES;ZBR1693;Colisão;Não informado;Não informado;Não informado;Meio de quadra;Não informado;Longo da via;0;1;0;2;0;0;0;0;0;0;0;0;0;(-38.48558858425137 -3.75834556919469);
XSQ1818;2021-08-20 20:52:00;Avenida Senador Fernandes Távora;;;AUTRAN NUNES;XSQ1818;Queda;Não informado;Não informado;Não informado;Meio de quadra;Não informado;Longo da via;0;1;0;1;0;0;0;0;0;0;0;0;0;(-38.5977257 -3.7550817);
FPH0076;2021-08-05 09:57:00;Avenida da Abolição;;;MEIRELES;FPH0076;Colisão;Não informado;Não informado;Não informado;Meio de quadra;Não informado;Longo da via;0;1;0;1;1;0;0;0;0;0;0;0;0;(-38.49096909459691 -3.726709468963487);
BDR3269;2021-08-20 20:35:00;Avenida General Murilo Borges;;;SALINAS;BDR3269;Colisão;Não informado;Não informado;Não informado;Meio de quadra;Não informado;Longo da via;0;1;0;0;0;0;0;0;0;0;1;0;0;(-38.5030506 -3.765086);
LNG8993;2021-08-05 08:56:00;Avenida Val Paraíso;;;JANGURUSSU;LNG8993;Queda;Não informado;Não informado;Não informado;Meio de quadra;Não informado;Longo da via;0;1;0;1;0;0;0;0;0;0;0;0;0;(-38.5189138 -3.8463738);
ONT6251;2021-08-05 05:17:00;Avenida Godofredo Maciel;;;PLANALTO AYRTON SENNA;ONT6251;Atropelamento;Não informado;Não informado;Não informado;Meio de quadra;Não informado;Longo da via;0;1;0;0;1;0;0;0;0;0;0;0;0;(-38.58294203514939 -3.836842015586101);
CJY2934;2021-08-20 20:34:00;Avenida Leste Oeste;;;PIRAMBU;CJY2934;Colisão;Não informado;Não informado;Não informado;Meio de quadra;Não informado;Longo da via;0;1;0;1;1;0;0;0;0;0;0;0;0;(-38.5556935 -3.7117231);
IAF4060;2021-08-05 02:22:00;Rua João Cordeiro;;;MEIRELES;IAF4060;Colisão;Não informado;Não informado;Não informado;Meio de quadra;Não informado;Longo da via;0;1;0;1;1;0;0;0;0;0;0;0;0;(-38.5142614014355 -3.729278941006279);
BWH8944;2021-08-05 01:42:00;Avenida Carneiro de Mendonça;;;PICI;BWH8944;Colisão;Não informado;Não informado;Não informado;Meio de quadra;Não informado;Longo da via;0;1;0;1;1;0;0;0;0;0;0;0;0;(-38.57378498272112 -3.760545600608465);
OVH4264;2021-08-20 20:17:00;Avenida Humberto Monte;AV JOVITA FEITOSA;;PARQUELANDIA;OVH4264;Colisão;Não informado;Não informado;Não informado;Cruz;Não informado;Cruzamento;0;1;0;2;0;0;0;0;0;0;0;0;0;(-38.56888300000001 -3.7369013);
QLW2998;2021-08-05 00:04:00;Rua Júlio Silva;;;PRAIA DO FUTURO I;QLW2998;Atropelamento;Não informado;Não informado;Não informado;Meio de quadra;Não informado;Longo da via;0;1;0;0;0;0;0;0;0;0;0;0;0;(-38.45420137201332 -3.745118499480062);
LFR9706;2021-08-20 19:13:00;AV GOV RAUL BARBOSA;;;AEROLANDIA;LFR9706;Queda;Não informado;Não informado;Não informado;Meio de quadra;Não informado;Longo da via;0;1;0;0;0;0;0;0;0;1;0;0;0;(-38.512539 -3.7729647);
FON9438;2021-08-20 19:09:00;Avenida Bernardo Manuel;AV PRS COSTA E SILVA;;PREFEITO JOSE VALTER;FON9438;Colisão;Não informado;Não informado;Não informado;Cruz;Não informado;Cruzamento;0;1;0;0;1;0;0;1;0;0;0;0;0;(-38.5550968 -3.8105975);
OOS5573;2021-08-20 18:44:00;Avenida Doutor Corrêa Lima;AV EDILSON B SOARES;;SAPIRANGA / COITE;OOS5573;Colisão;Não informado;Não informado;Não informado;Cruz;Não informado;Cruzamento;0;1;0;1;1;0;0;0;0;0;0;0;0;(-38.4592776 -3.7876613);
NKF4803;2021-08-20 18:15:00;Avenida Doutor Silas Munguba;RUA BERNARDO MANUEL;;ITAPERI;NKF4803;Colisão;Não informado;Não informado;Não informado;Cruz;Não informado;Cruzamento;0;1;0;0;0;0;0;0;0;0;1;0;0;(-38.5479782 -3.7875025);
QAY9915;2021-08-20 17:32:00;Rua Manuel Castelo Branco;;;MESSEJANA;QAY9915;Colisão;Não informado;Não informado;Não informado;Meio de quadra;Não informado;Longo da via;0;1;0;0;2;0;0;0;0;0;0;0;0;(-38.4910492 -3.8323787);
WNJ1412;2021-08-20 16:10:00;Rua Recanto Verde;;;JANGURUSSU;WNJ1412;Colisão;Não informado;Não informado;Não informado;Meio de quadra;Não informado;Longo da via;0;1;0;1;1;0;0;0;0;0;0;0;0;(-38.513834 -3.8437734);
WOI0598;2021-08-20 16:08:00;Rua João Cordeiro;RUA COSTA BARROS;;ALDEOTA;WOI0598;Colisão;Não informado;Não informado;Não informado;Cruz;Não informado;Cruzamento;0;2;0;0;0;0;0;0;0;0;1;0;0;(-38.5143081 -3.7294352);
ZWU1249;2021-08-20 15:20:00;Avenida João de Araújo Lima;;;PREFEITO JOSE VALTER;ZWU1249;Atropelamento;Não informado;Não informado;Não informado;Meio de quadra;Não informado;Longo da via;0;1;0;0;0;0;0;1;0;0;0;0;0;(-38.5613889 -3.8368695);
OHM7289;2021-08-20 14:54:00;Avenida Presidente Costa e Silva;;;PREFEITO JOSE VALTER;OHM7289;Colisão;Não informado;Não informado;Não informado;Meio de quadra;Não informado;Longo da via;0;1;0;1;1;0;0;0;0;0;0;0;0;(-38.538238 -3.8260658);
FVG1545;2021-08-20 14:05:00;Rua República do Líbano;;;VARJOTA;FVG1545;Queda;Não informado;Não informado;Não informado;Meio de quadra;Não informado;Longo da via;0;1;0;1;0;0;0;0;0;0;0;0;0;(-38.4871111 -3.7336936);
LXS8820;2021-08-20 13:29:00;Rua João Cordeiro;;;JOAQUIM TVORA;LXS8820;Colisão;Não informado;Não informado;Não informado;Meio de quadra;Não informado;Longo da via;0;1;0;1;1;0;0;0;0;0;0;0;0;(-38.5184491 -3.7421802);
VEP5567;2021-08-20 13:18:00;AV ALBERTO MAGNO;RUA ELCIAS LOPES;;ITAOCA;VEP5567;Atropelamento;Não informado;Não informado;Não informado;T;Não informado;Cruzamento;0;1;0;1;0;0;0;0;0;0;0;0;0;(-38.5538534 -3.771775899999999);
KUP6365;2021-08-20 12:20:00;Rua Visconde de Cauípe;;;JOAO XXIII;KUP6365;Colisão;Não informado;Não informado;Não informado;Meio de quadra;Não informado;Longo da via;0;2;0;1;1;0;0;0;0;0;0;0;0;(-38.5859791 -3.7716659);
JPA6214;2021-08-20 11:54:00;Rua Joaquim Nabuco;;;MEIRELES;JPA6214;Colisão;Não informado;Não informado;Não informado;Meio de quadra;Não informado;Longo da via;0;1;0;0;2;0;0;0;0;0;0;0;0;(-38.5032641 -3.7409827);
KHX0622;2021-08-20 11:01:00;BR-116;;;PAUPINA;KHX0622;Queda;Não informado;Não informado;Não informado;Meio de quadra;Não informado;Longo da via;0;1;0;1;0;0;0;0;0;0;0;0;0;(-38.4975808 -3.8626917);
UGY2343;2021-08-04 23:53:00;Rua Pernambuco;;;PICI;UGY2343;Colisão;Não informado;Não informado;Não informado;Meio de quadra;Não informado;Longo da via;0;1;0;2;0;0;0;0;0;0;0;0;0;(-38.5740478366242 -3.75575477082847);
QFQ5968;2021-08-20 10:42:00;AV DIOGUINHO;AV SANTOS DUMONT;;PRAIA DO FUTURO II;QFQ5968;Colisão;Não informado;Não informado;Não informado;T;Não informado;Cruzamento;0;1;0;1;1;0;0;0;0;0;0;0;0;(-38.44709840000001 -3.7492867);
GDR3888;2021-08-04 22:44:00;Rua Rio Grande do Sul;;;JOQUEI CLUBE;GDR3888;Queda;Não informado;Não informado;Não informado;Meio de quadra;Não informado;Longo da via;0;1;0;1;0;0;0;0;0;0;0;0;0;(-38.57152655803901 -3.765561223237942);
ESO7870;2021-08-04 22:39:00;Avenida João Pessoa;;;DAMAS;ESO7870;Colisão;Não informado;Não informado;Não informado;Meio de quadra;Não informado;Longo da via;0;1;0;0;0;0;0;0;0;0;0;0;0;(-38.54809478594935 -3.75093715011905);
KDB3160;2021-08-20 09:46:00;Avenida Alberto Craveiro;;;DIAS MACEDO;KDB3160;Colisão;Não informado;Não informado;Não informado;Meio de quadra;Não informado;Longo da via;0;1;0;0;0;0;0;0;0;0;1;0;0;(-38.5169862 -3.788271);
LTE5042;2021-08-04 22:31:00;Avenida Contôrno;;;EDSON QUEIROZ;LTE5042;Colisão;Não informado;Não informado;Não informado;Meio de quadra;Não informado;Longo da via;0;1;0;1;1;0;0;0;0;0;0;0;0;(-38.47398535180618 -3.769693603522911);
HPW4315;2021-08-04 22:09:00;Avenida Governador Raul Barbosa;;;SAO JOAO DO TAUAPE;HPW4315;Colisão;Não informado;Não informado;Não informado;Meio de quadra;Não informado;Longo da via;0;1;0;1;1;0;0;0;0;0;0;0;0;(-38.5046184 -3.7567995);
UTW2654;2021-08-04 22:03:00;Avenida Rogaciano Leite;;;JARDIM DAS OLIVEIRAS;UTW2654;Colisão;Não informado;Não informado;Não informado;Meio de quadra;Não informado;Longo da via;0;1;0;1;1;0;0;0;0;0;0;0;0;(-38.50212172577987 -3.782379674111795);
RJY3794;2021-08-04 21:22:00;Rua Pomar Carioca;RUA VERBENA;;BONSUCESSO;RJY3794;Queda;Não informado;Não informado;Não informado;Cruz;Não informado;Longo da via;0;1;0;1;0;0;0;0;0;0;0;0;0;(-38.58967975029385 -3.784857986070524);
DRM9982;2021-08-04 20:57:00;Rua Anselmo Nogueira;;;BONSUCESSO;DRM9982;Colisão;Não informado;Não informado;Não informado;Meio de quadra;Não informado;Longo da via;0;1;0;1;1;0;0;0;0;0;0;0;0;(-38.5879987 -3.7903612);
ZNY6948;2021-08-20 01:38:00;Rua Elesbão Veloso;;;AUTRAN NUNES;ZNY6948;Queda;Não informado;Não informado;Não informado;Meio de quadra;Não informado;Longo da via;0;1;0;1;0;0;0;0;0;0;0;0;0;(-38.5914427 -3.7497563);
COS3614;2021-08-04 19:50:00;Avenida Godofredo Maciel;;;MARAPONGA;COS3614;Colisão;Não informado;Não informado;Não informado;Meio de quadra;Não informado;Longo da via;0;1;0;0;1;0;0;0;0;1;0;0;0;(-38.57186452106645 -3.802992804340439);
BGP3729;2021-08-20 00:46:00;Avenida Humberto Monte;;;BELA VISTA;BGP3729;Colisão;Não informado;Não informado;Não informado;Meio de quadra;Não informado;Longo da via;0;1;0;0;1;0;0;0;0;1;0;0;0;(-38.5595791 -3.7504638);
XWV9678;2021-08-20 00:32:00;Rua P;;;VILA VELHA;XWV9678;Colisão;Não informado;Não informado;Não informado;Meio de quadra;Não informado;Longo da via;0;1;0;1;1;0;0;0;0;0;0;0;0;(-38.60489099999999 -3.716489);
TCZ4883;2021-08-04 19:08:00;Avenida Antônio Sales;;;DIONISIO TORRES;TCZ4883;Colisão;Não informado;Não informado;Não informado;Meio de quadra;Não informado;Longo da via;0;1;0;1;1;0;0;0;0;0;0;0;0;(-38.49398390550533 -3.748089388497563);
YQS9008;2021-08-19 23:17:00;Rua Pará;;;PAN AMERICANO;YQS9008;Queda;Não informado;Não informado;Não informado;Meio de quadra;Não informado;Longo da via;0;1;0;0;0;0;0;0;0;1;0;0;0;(-38.5662762 -3.7534924);
ABV4209;2021-08-19 23:16:00;Rua São Paulo;RUA PRC ISABEL;;CENTRO;ABV4209;Colisão;Não informado;Não informado;Não informado;Cruz;Não informado;Longo da via;0;1;0;0;0;0;0;0;0;0;1;0;0;(-38.53462529999999 -3.723705399999999);
ERG4378;2021-08-04 19:08:00;Avenida Hildebrando de Melo;AV MAJ ASSIS;;JARDIM GUANABARA;ERG4378;Colisão;Não informado;Não informado;Não informado;Cruz;Não informado;Longo da via;0;1;0;1;1;0;0;0;0;0;0;0;0;(-38.5891164875736 -3.723690329722883);
AQE6231;2021-08-19 22:54:00;Rua C;;;GUAJERU;AQE6231;Atropelamento;Não informado;Não informado;Não informado;Meio de quadra;Não informado;Longo da via;0;1;0;1;0;0;0;0;0;0;0;0;0;(-38.4849978 -3.8350222);
GLB3302;2021-08-04 18:16:00;Rua George Rocha;;;JOQUEI CLUBE;GLB3302;Colisão;Não informado;Não informado;Não informado;Meio de quadra;Não informado;Longo da via;0;1;0;2;0;0;0;0;0;0;0;0;0;(-38.57343094332923 -3.763420085840251);
RPI6430;2021-08-19 20:22:00;Avenida Independência;;;QUINTINO CUNHA;RPI6430;Colisão;Não informado;Não informado;Não informado;Meio de quadra;Não informado;Longo da via;0;1;0;0;0;0;0;0;0;0;1;0;0;(-38.591575 -3.7264973);
UHM1499;2021-08-19 20:04:00;Rua Teofredo Goiana;;;CIDADE DOS FUNCIONRAIOS;UHM1499;Colisão;Não informado;Não informado;Não informado;Meio de quadra;Não informado;Longo da via;0;1;0;0;0;0;0;0;0;0;1;0;0;(-38.5016281 -3.7971376);
OIV9314;2021-08-19 19:40:00;Rua Pereira Valente;RUA 8 DE SETEMBRO;;VARJOTA;OIV9314;Colisão;Não informado;Não informado;Não informado;Cruz;Não informado;Cruzamento;0;1;0;1;1;0;0;0;0;0;0;0;0;(-38.4870518 -3.7347835);
JSY0208;2021-08-04 17:21:00;Rua Tavares Coutinho;;;VARJOTA;JSY0208;Queda;Não informado;Não informado;Não informado;Meio de quadra;Não informado;Longo da via;0;1;0;1;0;0;0;0;0;0;0;0;0;(-38.48680094202236 -3.732603184316779);
QBP3218;2021-08-04 17:29:00;Avenida Dom Luís;;;VARJOTA;QBP3218;Colisão;Não informado;Não informado;Não informado;Meio de quadra;Não informado;Longo da via;0;1;0;0;2;0;0;0;0;0;0;0;0;(-38.49033074081487 -3.735558056696735);
LHT2510;2021-08-19 19:39:00;Rua Luminosa;;;BOM JARDIM;LHT2510;Queda;Não informado;Não informado;Não informado;Meio de quadra;Não informado;Longo da via;0;1;0;0;0;0;0;0;0;1;0;0;0;(-38.5956542 -3.787848799999999);
SPE0133;2021-08-04 15:24:00;Avenida Heróis do Acre;;;PASSARE;SPE0133;Queda;Não informado;Não informado;Não informado;Meio de quadra;Não informado;Longo da via;0;1;0;0;0;0;0;0;0;1;0;0;0;(-38.53813305885311 -3.803153382493752);
APN5650;2021-08-04 14:28:00;Rua Conselheiro Lafaiete;;;FLORESTA;APN5650;Colisão;Não informado;Não informado;Não informado;Meio de quadra;Não informado;Longo da via;0;1;0;0;2;0;0;0;0;0;0;0;0;(-38.5789777332749 -3.718363986141157);