COD_ACIDENTE;DATA;LOG1;LOG2;NUMERO;BAIRRO;AMC;NATUREZA;ILUMINACAO;TEMPO;SUPERFICIEPISTA;TIPOCRUZAMENTO;CONTROLETRAFEGO;USOSOLO;MORTOS;FERIDOS;ILESOS;MOTOCICLETA;AUTOMOVEL;MICROONIBUS;CAMINHAO;ONIBUS;CICLOMOTOR;BICICLETA;OUTROS;TREM;TRACAOANIMAL;COORDENADAS
IQL6887;2021-08-04 14:25:00;Avenida Governador Raul Barbosa;;;AEROLANDIA;IQL6887;Atropelamento;Não informado;Não informado;Não informado;Meio de quadra;Não informado;Longo da via;0;1;0;1;0;0;0;0;0;0;0;0;0;(-38.51300612222122 -3.774928637394305);
FFL4643;2021-08-19 19:11:00;Avenida José Leon;;;PARQUE MANIBURA;FFL4643;Colisão;Não informado;Não informado;Não informado;Meio de quadra;Não informado;Longo da via;0;1;0;1;1;0;0;0;0;0;0;0;0;(-38.4919455 -3.7900083);
APG9795;2021-08-04 13:47:00;Rua Nossa Senhora das Graças;;;PIRAMBU;APG9795;Queda;Não informado;Não informado;Não informado;Meio de quadra;Não informado;Longo da via;0;1;0;0;0;0;0;0;0;1;0;0;0;(-38.55976239657161 -3.708283993618605);
EMW1876;2021-08-19 19:10:00;RUA F;;;CONJUNTO CEARA II;EMW1876;Colisão;Não informado;Não informado;Não informado;Meio de quadra;Não informado;Longo da via;0;1;0;1;1;0;0;0;0;0;0;0;0;(-38.6045837 -3.7705838);
QUP8956;2021-08-04 13:33:00;Rua Diogo Correia;;;JOAO XXIII;QUP8956;Colisão;Não informado;Não informado;Não informado;Meio de quadra;Não informado;Longo da via;0;1;0;1;1;0;0;0;0;0;0;0;0;(-38.59057567847834 -3.770036183390754);
HCD9887;2021-08-04 12:44:00;Avenida Presidente Castelo Branco;;;CENTRO;HCD9887;Atropelamento;Não informado;Não informado;Não informado;Meio de quadra;Não informado;Longo da via;0;1;0;0;1;0;0;0;0;0;0;0;0;(-38.52397099971146 -3.722544767088169);
TFF9434;2021-08-04 11:48:00;Avenida João Pessoa;AV JOSE JATAHY;;BENFICA;TFF9434;Colisão;Não informado;Não informado;Não informado;Cruz;Não informado;Longo da via;0;1;0;1;1;0;0;0;0;0;0;0;0;(-38.5434501 -3.7456965);
EST0313;2021-08-04 11:43:00;Avenida Treze de Maio;;;FATIMA;EST0313;Outros;Não informado;Não informado;Não informado;Meio de quadra;Não informado;Longo da via;0;1;0;0;0;0;0;1;0;0;0;0;0;(-38.52303221646937 -3.753908019364276);
ACV0930;2021-08-04 11:03:00;Avenida Doutor Theberge;;;PRESIDENTE KENNEDY;ACV0930;Colisão;Não informado;Não informado;Não informado;Meio de quadra;Não informado;Longo da via;0;1;0;0;0;0;0;0;0;0;1;0;0;(-38.56895700180274 -3.726693409739612);
VOP6258;2021-08-04 11:02:00;Avenida Bernardo Manuel;;;PARQUE DOIS IRMAOS;VOP6258;Queda;Não informado;Não informado;Não informado;Meio de quadra;Não informado;Longo da via;0;1;0;0;0;0;0;0;0;1;0;0;0;(-38.55311587489162 -3.803977683209779);
KQX1750;2021-08-04 10:53:00;Avenida C;;;MONDUBIM;KQX1750;Queda;Não informado;Não informado;Não informado;Meio de quadra;Não informado;Longo da via;0;1;0;0;0;0;0;0;0;1;0;0;0;(-38.58920231662002 -3.829814292752876);
TDL2645;2021-08-04 10:21:00;Avenida Frei Cirilo;;;MESSEJANA;TDL2645;Colisão;Não informado;Não informado;Não informado;Meio de quadra;Não informado;Longo da via;0;1;0;1;1;0;0;0;0;0;0;0;0;(-38.4979833 -3.8161503);
WZX7065;2021-08-04 09:52:00;Rua Ferreira dos Santos;;;ALVARO WEYNE;WZX7065;Atropelamento;Não informado;Não informado;Não informado;Meio de quadra;Não informado;Longo da via;0;1;0;0;1;0;0;0;0;0;0;0;0;(-38.56755689268479 -3.717812614062272);
KSZ5586;2021-08-19 16:17:00;Avenida General Murilo Borges;;;SALINAS;KSZ5586;Colisão;Não informado;Não informado;Não informado;Meio de quadra;Não informado;Longo da via;0;2;0;0;0;0;0;0;0;0;1;0;0;(-38.498091 -3.7675457);
MQH1299;2021-08-19 15:36:00;Avenida da Abolição;;;MEIRELES;MQH1299;Colisão;Não informado;Não informado;Não informado;Meio de quadra;Não informado;Longo da via;0;1;0;1;1;0;0;0;0;0;0;0;0;(-38.4990148 -3.7264592);
EVS4852;2021-08-03 21:34:00;Rua Montevidéu;;;SERRINHA;EVS4852;Atropelamento;Não informado;Não informado;Não informado;Meio de quadra;Não informado;Longo da via;0;1;0;1;0;0;0;0;0;0;0;0;0;(-38.54571298880112 -3.786795667802688);
XSY7221;2021-08-19 15:10:00;Avenida Dionísio Leonel Alencar;;;MESSEJANA;XSY7221;Colisão;Não informado;Não informado;Não informado;Meio de quadra;Não informado;Longo da via;0;1;0;0;0;0;0;0;0;0;1;0;0;(-38.504416 -3.8498779);
ZJN0942;2021-08-03 21:30:00;Avenida Senador Carlos Jereissati;;;SERRINHA;ZJN0942;Colisão;Não informado;Não informado;Não informado;Meio de quadra;Não informado;Longo da via;0;1;0;1;1;0;0;0;0;0;0;0;0;(-38.54131415710271 -3.780559742890163);
ZLE3026;2021-08-19 14:11:00;Avenida Professor Gomes de Matos;;;MONTESE;ZLE3026;Queda;Não informado;Não informado;Não informado;Meio de quadra;Não informado;Longo da via;0;1;0;1;0;0;0;0;0;0;0;0;0;(-38.54772830647167 -3.763384539569504);
EYT6929;2021-08-19 14:09:00;Rua Pernambuco;RUA MINAS GERAIS;;DEMOCRITO ROCHA;EYT6929;Colisão;Não informado;Não informado;Não informado;Cruz;Não informado;Cruzamento;0;2;0;2;0;0;0;0;0;0;0;0;0;(-38.5678841 -3.7604214);
KRD9616;2021-08-19 12:45:00;Rua Teodomiro de Castro;;;ALVARO WEYNE;KRD9616;Atropelamento;Não informado;Não informado;Não informado;Meio de quadra;Não informado;Longo da via;0;1;0;1;0;0;0;0;0;0;0;0;0;(-38.569271 -3.7200571);
PTH1103;2021-08-03 21:21:00;Rua Clodoaldo Arruda;;;CAMBEBA;PTH1103;Colisão;Não informado;Não informado;Não informado;Meio de quadra;Não informado;Longo da via;0;1;0;1;1;0;0;0;0;0;0;0;0;(-38.47867384636146 -3.814982557427178);
NFD7927;2021-08-19 12:27:00;AV ENG SANTANA JUNIOR;RUA DR GILBERTO STUDART;;COCO;NFD7927;Colisão;Não informado;Não informado;Não informado;Cruz;Não informado;Cruzamento;0;1;0;1;1;0;0;0;0;0;0;0;0;(-38.4716068 -3.7464559);
YFP3694;2021-08-03 21:14:00;Rua Senador Robert Kennedy;AV FRANCISCO SA;;BARRA DO CEARA;YFP3694;Colisão;Não informado;Não informado;Não informado;Cruz;Não informado;Longo da via;0;1;0;0;1;0;0;0;0;1;0;0;0;(-38.5814712 -3.709109);
OPI4151;2021-08-03 20:44:00;Avenida Presidente Costa e Silva;;;PREFEITO JOSE VALTER;OPI4151;Colisão;Não informado;Não informado;Não informado;Meio de quadra;Não informado;Longo da via;0;1;0;1;1;0;0;0;0;0;0;0;0;(-38.56107129744665 -3.819746296838794);
KEA1133;2021-08-19 09:30:00;Rua Azevedo Bolão;;;PARQUELANDIA;KEA1133;Colisão;Não informado;Não informado;Não informado;Meio de quadra;Não informado;Longo da via;0;1;0;0;2;0;0;0;0;0;0;0;0;(-38.559531 -3.736959399999999);
TNL6658;2021-08-03 20:34:00;Rua Júlio Silva;;;PRAIA DO FUTURO I;TNL6658;Queda;Não informado;Não informado;Não informado;Meio de quadra;Não informado;Longo da via;0;2;0;1;0;0;0;0;0;0;0;0;0;(-38.45417991340287 -3.745134558366721);
JFC1041;2021-08-19 01:40:00;Avenida Independência;;;QUINTINO CUNHA;JFC1041;Colisão;Não informado;Não informado;Não informado;Meio de quadra;Não informado;Longo da via;0;1;0;1;1;0;0;0;0;0;0;0;0;(-38.5947343 -3.7256515);
AYP4907;2021-08-19 01:15:00;AV ALBERTO NEPOMUCENO;;;CENTRO;AYP4907;Queda;Não informado;Não informado;Não informado;Meio de quadra;Não informado;Longo da via;0;1;0;1;0;0;0;0;0;0;0;0;0;(-38.5239331 -3.722481);
KZM7605;2021-08-03 20:13:00;Avenida Castelo de Castro;;;JANGURUSSU;KZM7605;Queda;Não informado;Não informado;Não informado;Meio de quadra;Não informado;Longo da via;0;1;0;1;0;0;0;0;0;0;0;0;0;(-38.52164283008847 -3.843553891876748);
TNF5772;2021-08-19 00:36:00;Rua Paraná;;;PAN AMERICANO;TNF5772;Colisão;Não informado;Não informado;Não informado;Meio de quadra;Não informado;Longo da via;0;1;0;2;0;0;0;0;0;0;0;0;0;(-38.5670373 -3.7549932);
KFZ2281;2021-08-03 20:01:00;Avenida General Osório de Paiva;RUA NAPOLEAO QUEZADO;;PARANGABA;KFZ2281;Colisão;Não informado;Não informado;Não informado;Meio de quadra;Não informado;Longo da via;0;1;0;0;1;0;0;0;0;1;0;0;0;(-38.5691503864728 -3.777316391838756);
LSC9829;2021-08-19 00:08:00;Rua Recanto Verde;;;JANGURUSSU;LSC9829;Colisão;Não informado;Não informado;Não informado;Meio de quadra;Não informado;Longo da via;0;1;0;0;0;0;0;0;0;0;1;0;0;(-38.5147287 -3.846039);
ZAC6989;2021-08-03 19:22:00;Avenida General Osório de Paiva;;;SIQUEIRA;ZAC6989;Queda;Não informado;Não informado;Não informado;Meio de quadra;Não informado;Longo da via;0;1;0;0;0;0;0;0;0;1;0;0;0;(-38.60117033863978 -3.803977683209779);
MJM3658;2021-08-19 00:03:00;Avenida Oscar Araripe;;;BOM JARDIM;MJM3658;Colisão;Não informado;Não informado;Não informado;Meio de quadra;Não informado;Longo da via;0;1;0;1;1;0;0;0;0;0;0;0;0;(-38.60690049999999 -3.7886893);
ICW0937;2021-08-18 21:56:00;Avenida Doutor Silas Munguba;;;PARANGABA;ICW0937;Colisão;Não informado;Não informado;Não informado;Meio de quadra;Não informado;Longo da via;0;1;0;1;1;0;0;0;0;0;0;0;0;(-38.5568892 -3.7816343);
KUH6362;2021-08-03 18:52:00;Avenida Gutemberg Braun;RUA 323 CJ SAO CRISTOVAO;;JANGURUSSU;KUH6362;Colisão;Não informado;Não informado;Não informado;Cruz;Não informado;Longo da via;0;1;0;1;1;0;0;0;0;0;0;0;0;(-38.52601481318936 -3.837511064633485);
WOH8224;2021-08-18 21:32:00;Rua Germano Franck;;;PARANGABA;WOH8224;Queda;Não informado;Não informado;Não informado;Meio de quadra;Não informado;Longo da via;0;1;0;1;0;0;0;0;0;0;0;0;0;(-38.5637075 -3.7788182);
MJU7892;2021-08-18 21:04:00;Rua Pernambuco;RUA MINAS GERAIS;;DEMOCRITO ROCHA;MJU7892;Colisão;Não informado;Não informado;Não informado;Cruz;Não informado;Cruzamento;0;2;0;1;1;0;0;0;0;0;0;0;0;(-38.5678841 -3.7604214);
HGE2400;2021-08-03 18:36:00;Avenida Mister Hull;RUA RUI MONTE;;ANTONIO BEZERRA;HGE2400;Colisão;Não informado;Não informado;Não informado;T;Não informado;Longo da via;0;2;0;1;1;0;0;0;0;0;0;0;0;(-38.5875708 -3.7390269);
XAI7068;2021-08-18 20:39:00;Rua João Bezerra;;;LAGOA REDONDA;XAI7068;Queda;Não informado;Não informado;Não informado;Meio de quadra;Não informado;Longo da via;0;1;0;1;0;0;0;0;0;0;0;0;0;(-38.4551379 -3.8081472);
HGV6093;2021-08-18 20:15:00;AV GODOFREDO MACIEL;;;MARAPONGA;HGV6093;Colisão;Não informado;Não informado;Não informado;Meio de quadra;Não informado;Longo da via;0;1;0;0;2;0;0;0;0;0;0;0;0;(-38.573555 -3.8090005);
YEG2817;2021-08-03 16:38:00;Avenida Contôrno Norte;;;CONJUNTO ESPERANCA;YEG2817;Colisão;Não informado;Não informado;Não informado;Meio de quadra;Não informado;Longo da via;0;2;0;2;0;0;0;0;0;0;0;0;0;(-38.5846179 -3.815504);
NCL3159;2021-08-03 16:09:00;Rua Monte Líbano;;;MONDUBIM;NCL3159;Colisão;Não informado;Não informado;Não informado;Meio de quadra;Não informado;Longo da via;0;1;0;1;0;0;0;0;0;0;0;0;0;(-38.56110886455878 -3.823637556489651);
YUV9967;2021-08-03 15:18:00;Rua Tenente Jurandir Alencar;;;MESSEJANA;YUV9967;Atropelamento;Não informado;Não informado;Não informado;Meio de quadra;Não informado;Longo da via;0;1;0;0;1;0;0;0;0;0;0;0;0;(-38.49314705019364 -3.831767930562191);
NIS0920;2021-08-03 14:52:00;Rua Álvares Cabral;;;SERRINHA;NIS0920;Colisão;Não informado;Não informado;Não informado;Meio de quadra;Não informado;Longo da via;0;1;0;1;1;0;0;0;0;0;0;0;0;(-38.54577198754715 -3.780126170476823);
YTV7009;2021-08-18 18:59:00;RUA PRE COSTA E SILVA;RUA POE MARIO LINHARES (J.WALTER);;PREFEITO JOSE VALTER;YTV7009;Colisão;Não informado;Não informado;Não informado;Y;Não informado;Cruzamento;0;1;0;1;1;0;0;0;0;0;0;0;0;(-38.5541426 -3.8225304);
TNI8543;2021-08-18 16:17:00;Rua Mato Grosso;RUA PARAIBA;;PAN AMERICANO;TNI8543;Colisão;Não informado;Não informado;Não informado;T;Não informado;Cruzamento;0;1;0;0;0;0;0;0;0;0;1;0;0;(-38.5633931 -3.7563579);
TLS5765;2021-08-18 15:52:00;Avenida José Bastos;;;DEMOCRITO ROCHA;TLS5765;Queda;Não informado;Não informado;Não informado;Meio de quadra;Não informado;Longo da via;0;1;0;1;0;0;0;0;0;0;0;0;0;(-38.5605958 -3.7644415);
ILD6016;2021-08-18 15:24:00;Avenida Evilásio Almeida Miranda;AV EDILSON B SOARES;;EDSON QUEIROZ;ILD6016;Colisão;Não informado;Não informado;Não informado;Cruz;Não informado;Cruzamento;0;1;0;1;1;0;0;0;0;0;0;0;0;(-38.4664376 -3.8019798);
TEQ1374;2021-08-03 13:31:00;Avenida Oliveira Paiva;;;CIDADE DOS FUNCIONRAIOS;TEQ1374;Colisão;Não informado;Não informado;Não informado;Meio de quadra;Não informado;Longo da via;0;1;0;1;1;0;0;0;0;0;0;0;0;(-38.492164 -3.795765);
FHH9395;2021-08-03 13:26:00;Rua Santa Rosa;;;CARLITO PAMPLONA;FHH9395;Colisão;Não informado;Não informado;Não informado;Meio de quadra;Não informado;Longo da via;0;2;0;2;0;0;0;0;0;0;0;0;0;(-38.55342164859594 -3.713364152934674);
UAD9934;2021-08-03 11:16:00;Rua Carolina Sucupira;RUA JOAQUIM NABUCO;;ALDEOTA;UAD9934;Colisão;Não informado;Não informado;Não informado;Cruz;Não informado;Longo da via;0;1;0;0;1;0;0;0;0;1;0;0;0;(-38.5029031 -3.740222599999999);
FLV0298;2021-08-03 10:47:00;Avenida Presidente Castelo Branco;;;PIRAMBU;FLV0298;Queda;Não informado;Não informado;Não informado;Meio de quadra;Não informado;Longo da via;0;1;0;1;0;0;0;0;0;0;0;0;0;(-38.5523643 -3.7125347);
YFC8087;2021-08-03 10:09:00;Avenida Major Assis;;;VILA VELHA;YFC8087;Colisão;Não informado;Não informado;Não informado;Meio de quadra;Não informado;Longo da via;0;1;0;2;0;0;0;0;0;0;0;0;0;(-38.60346094654597 -3.719696913334499);
SWS3075;2021-08-03 10:06:00;Rua Almirante Rubim;;;ITAOCA;SWS3075;Queda;Não informado;Não informado;Não informado;Meio de quadra;Não informado;Longo da via;0;1;0;0;0;0;0;0;0;1;0;0;0;(-38.55690851421627 -3.77171161111243);
HXB6669;2021-08-18 14:55:00;Rua Professor Heribaldo Costa;;;HENRIQUE JORGE;HXB6669;Colisão;Não informado;Não informado;Não informado;Não informado;Não informado;Longo da via;0;1;0;1;1;0;0;0;0;0;0;0;0;(-38.582089 -3.756806);
FSE3593;2021-08-03 10:02:00;Avenida Aguanambi;;;FATIMA;FSE3593;Colisão;Não informado;Não informado;Não informado;Meio de quadra;Não informado;Longo da via;0;1;0;1;1;0;0;0;0;0;0;0;0;(-38.52317707053462 -3.755107070035088);
WNM9360;2021-08-18 14:38:00;Rua José Hipólito;;;MESSEJANA;WNM9360;Colisão;Não informado;Não informado;Não informado;Meio de quadra;Não informado;Longo da via;0;1;0;1;1;0;0;0;0;0;0;0;0;(-38.4912338 -3.8332674);
FSE3593;2021-08-03 09:47:00;Avenida Américo Barreira;;;DEMOCRITO ROCHA;FSE3593;Queda;Não informado;Não informado;Não informado;Meio de quadra;Não informado;Longo da via;0;1;0;0;0;0;0;0;0;1;0;0;0;(-38.55399565047369 -3.753672491360457);
ZVK8082;2021-08-03 09:46:00;Avenida Major Assis;;;VILA VELHA;ZVK8082;Colisão;Não informado;Não informado;Não informado;Meio de quadra;Não informado;Longo da via;0;1;0;0;0;0;0;0;0;0;0;0;0;(-38.60384718558243 -3.719579144747997);
IBD3338;2021-08-03 08:50:00;Avenida Val Paraíso;;;JANGURUSSU;IBD3338;Atropelamento;Não informado;Não informado;Não informado;Meio de quadra;Não informado;Longo da via;0;1;0;1;0;0;0;0;0;0;0;0;0;(-38.5150619 -3.8476311);
KVC1021;2021-08-03 04:27:00;Avenida Coronel Carvalho;;;JARDIM GUANABARA;KVC1021;Queda;Não informado;Não informado;Não informado;Meio de quadra;Não informado;Longo da via;0;1;0;1;0;0;0;0;0;0;0;0;0;(-38.5867215 -3.7222003);
WNK2950;2021-08-18 13:52:00;Rua Almeida Prado;RUA DR GILBERTO STUDART;;COCO;WNK2950;Colisão;Não informado;Não informado;Não informado;Cruz;Não informado;Cruzamento;0;1;0;0;1;0;1;0;0;0;0;0;0;(-38.4762859 -3.7465159);
PPQ7263;2021-08-03 03:55:00;Avenida Domingos Olímpio;;;CENTRO;PPQ7263;Queda;Não informado;Não informado;Não informado;Meio de quadra;Não informado;Longo da via;0;1;0;1;0;0;0;0;0;0;0;0;0;(-38.53746786562211 -3.734685513894775);
CCN9952;2021-08-02 22:31:00;Avenida Presidente Castelo Branco;;;BARRA DO CEARA;CCN9952;Colisão;Não informado;Não informado;Não informado;Meio de quadra;Não informado;Longo da via;0;1;0;1;1;0;0;0;0;0;0;0;0;(-38.57788339152766 -3.704654525772677);
XBM4471;2021-08-18 13:35:00;Avenida Bernardo Manuel;;;PREFEITO JOSE VALTER;XBM4471;Colisão;Não informado;Não informado;Não informado;Meio de quadra;Não informado;Longo da via;0;1;0;1;1;0;0;0;0;0;0;0;0;(-38.5575971 -3.8199383);
BZH8426;2021-08-18 11:53:00;Avenida Aguanambi;;;JOSE BONIFACIO;BZH8426;Colisão;Não informado;Não informado;Não informado;Meio de quadra;Não informado;Longo da via;0;1;0;1;1;0;0;0;0;0;0;0;0;(-38.5250288 -3.7402793);
DDE2495;2021-08-02 20:21:00;Avenida Washington Soares;;;EDSON QUEIROZ;DDE2495;Colisão;Não informado;Não informado;Não informado;Meio de quadra;Não informado;Longo da via;0;1;0;0;0;0;0;0;0;0;0;0;0;(-38.481665 -3.7762191);
MSP0207;2021-08-02 20:15:00;BR-116;;;AEROLANDIA;MSP0207;Colisão;Não informado;Não informado;Não informado;Meio de quadra;Não informado;Longo da via;0;1;0;1;1;0;0;0;0;0;0;0;0;(-38.5152306 -3.7760061);
SYU7200;2021-08-02 20:10:00;Avenida Historiador Raimundo Girão;;;PRAIA DE IRACEMA;SYU7200;Colisão;Não informado;Não informado;Não informado;Meio de quadra;Não informado;Longo da via;0;1;0;0;0;0;0;0;0;0;0;0;0;(-38.50810840762173 -3.72229852445806);
ZQH9794;2021-08-02 19:48:00;Rua General Bernardo Figueiredo;RUA PRO RAIMUNDO VITOR;;PARQUELANDIA;ZQH9794;Queda;Não informado;Não informado;Não informado;Cruz;Não informado;Longo da via;0;1;0;1;0;0;0;0;0;0;0;0;0;(-38.5649452 -3.7423737);
FPR3330;2021-08-02 19:14:00;Avenida General Osório de Paiva;;;CANINDEZINHO;FPR3330;Colisão;Não informado;Não informado;Não informado;Meio de quadra;Não informado;Longo da via;0;1;0;1;1;0;0;0;0;0;0;0;0;(-38.59825210109605 -3.800985574900367);
KNC2652;2021-08-02 18:52:00;Rua Teodomiro de Castro;;;ALVARO WEYNE;KNC2652;Atropelamento;Não informado;Não informado;Não informado;Meio de quadra;Não informado;Longo da via;0;1;0;1;0;0;0;0;0;0;0;0;0;(-38.57124761299303 -3.719279370093156);
DTF9627;2021-08-02 17:51:00;Rua Livino de Carvalho;;;ITAOCA;DTF9627;Atropelamento;Não informado;Não informado;Não informado;Meio de quadra;Não informado;Longo da via;0;1;0;1;0;0;0;0;0;0;0;0;0;(-38.55579271948848 -3.77201136780832);
FLX9489;2021-08-02 17:51:00;Avenida Santos Dumont;;;PAPICU;FLX9489;Queda;Não informado;Não informado;Não informado;Meio de quadra;Não informado;Longo da via;0;1;0;0;0;0;0;0;0;1;0;0;0;(-38.48603919348923 -3.740220525303936);
FWO7659;2021-08-02 16:34:00;Avenida Santos Dumont;;;PAPICU;FWO7659;Colisão;Não informado;Não informado;Não informado;Meio de quadra;Não informado;Longo da via;0;1;0;1;1;0;0;0;0;0;0;0;0;(-38.48290637945888 -3.741253652190627);
BQU1706;2021-08-02 15:40:00;Rua Professora Stella Cochrane;;;ITAPERI;BQU1706;Colisão;Não informado;Não informado;Não informado;Meio de quadra;Não informado;Longo da via;0;1;0;1;1;0;0;0;0;0;0;0;0;(-38.53684024044155 -3.795424186802223);
OAR0736;2021-08-02 13:58:00;Avenida Pontes Vieira;;;JOAQUIM TVORA;OAR0736;Colisão;Não informado;Não informado;Não informado;Meio de quadra;Não informado;Longo da via;0;1;0;1;1;0;0;0;0;0;0;0;0;(-38.50913301310746 -3.752243263247893);
GPV2357;2021-08-02 10:36:00;Rua André Rebouças;;;BONSUCESSO;GPV2357;Colisão;Não informado;Não informado;Não informado;Meio de quadra;Não informado;Longo da via;0;1;0;0;1;0;0;0;0;1;0;0;0;(-38.58981386496699 -3.774891167938804);
IAL2803;2021-08-02 04:12:00;Avenida General Osório de Paiva;;;VILA PERY;IAL2803;Colisão;Não informado;Não informado;Não informado;Meio de quadra;Não informado;Longo da via;0;1;0;1;1;0;0;0;0;0;0;0;0;(-38.57896163697129 -3.783434161923983);
DNL9798;2021-08-02 03:23:00;Avenida Presidente Castelo Branco;;;PIRAMBU;DNL9798;Queda;Não informado;Não informado;Não informado;Meio de quadra;Não informado;Longo da via;0;2;0;1;0;0;0;0;0;0;0;0;0;(-38.5523643 -3.7125347);
PIU3475;2021-08-02 02:43:00;Rua Ayrton Senna;;;JANGURUSSU;PIU3475;Atropelamento;Não informado;Não informado;Não informado;Meio de quadra;Não informado;Longo da via;0;1;0;0;1;0;0;0;0;0;0;0;0;(-38.50433 -3.8380942);
PAC8297;2021-08-02 01:35:00;Rua Vital Brasil;;;BONSUCESSO;PAC8297;Atropelamento;Não informado;Não informado;Não informado;Meio de quadra;Não informado;Longo da via;0;1;0;1;0;0;0;0;0;0;0;0;0;(-38.5880972432218 -3.78082202733127);
WSO6889;2021-08-02 01:22:00;Rua Vitória;;;HENRIQUE JORGE;WSO6889;Colisão;Não informado;Não informado;Não informado;Meio de quadra;Não informado;Longo da via;0;1;0;1;1;0;0;0;0;0;0;0;0;(-38.58788266673518 -3.763971429223421);
KYT9788;2021-08-02 00:23:00;Avenida Américo Barreira;;;;KYT9788;Colisão;Não informado;Não informado;Não informado;Meio de quadra;Não informado;Longo da via;0;1;0;0;2;0;0;0;0;0;0;0;0;(-38.55430677850918 -3.753747432095824);
OTS6885;2021-08-02 00:22:00;Rua Miguel Gurgel;;;MESSEJANA;OTS6885;Colisão;Não informado;Não informado;Não informado;Meio de quadra;Não informado;Longo da via;0;1;0;0;1;0;0;0;0;1;0;0;0;(-38.4824022001675 -3.840171198460968);
TFU0953;2021-08-02 00:10:00;Rua Cesário Lange;RUA DR JOAQUIM BENTO;;MESSEJANA;TFU0953;Queda;Não informado;Não informado;Não informado;Meio de quadra;Não informado;Longo da via;0;1;0;0;0;0;0;0;0;1;0;0;0;(-38.4904245 -3.829283);
DWZ8985;2021-08-01 23:46:00;Avenida Independência;;;VILA VELHA;DWZ8985;Colisão;Não informado;Não informado;Não informado;Meio de quadra;Não informado;Longo da via;0;3;0;2;0;0;0;0;0;0;0;0;0;(-38.59912113235988 -3.724466527857193);
TFX8545;2021-08-01 23:31:00;Rua Olyntho Arruda;;;SAPIRANGA / COITE;TFX8545;Atropelamento;Não informado;Não informado;Não informado;Meio de quadra;Não informado;Longo da via;0;1;0;0;1;0;0;0;0;0;0;0;0;(-38.46526817297694 -3.805251600947174);
YOX6699;2021-08-01 23:08:00;Rua Aíres da Cunha;;;GRANJA PORTUGAL;YOX6699;Queda;Não informado;Não informado;Não informado;Meio de quadra;Não informado;Longo da via;0;1;0;1;0;0;0;0;0;0;0;0;0;(-38.60436216596003 -3.777497967628682);
TWM6119;2021-08-01 22:24:00;Rua Inês;;;AUTRAN NUNES;TWM6119;Queda;Não informado;Não informado;Não informado;Meio de quadra;Não informado;Longo da via;0;1;0;1;0;0;0;0;0;0;0;0;0;(-38.59509244925878 -3.760941712730677);
YLV7767;2021-08-18 11:48:00;Rua João Cordeiro;RUA CEL ALVES TEIXEIRA;;JOAQUIM TVORA;YLV7767;Colisão;Não informado;Não informado;Não informado;Cruz;Não informado;Cruzamento;0;1;0;1;1;0;0;0;0;0;0;0;0;(-38.5193396 -3.7454174);
CEY7633;2021-08-18 11:44:00;Rua Dom Manuel de Medeiros;RUA PRO LINO ENCARNACAO;;PARQUELANDIA;CEY7633;Colisão;Não informado;Não informado;Não informado;Cruz;Não informado;Cruzamento;0;1;0;1;1;0;0;0;0;0;0;0;0;(-38.5612134 -3.7385074);
ECZ9050;2021-08-01 22:10:00;Rua Desembargador João Firmino;;;MONTESE;ECZ9050;Colisão;Não informado;Não informado;Não informado;Meio de quadra;Não informado;Longo da via;0;1;0;0;0;0;0;0;0;0;0;0;0;(-38.5541995105569 -3.762670686507467);
BCI3930;2021-08-18 11:41:00;Avenida Visconde do Rio Branco;RD BR 116;;SAO JOAO DO TAUAPE;BCI3930;Colisão;Não informado;Não informado;Não informado;Y;Não informado;Cruzamento;0;1;0;1;1;0;0;0;0;0;0;0;0;(-38.5194528 -3.7583376);
SQY4366;2021-08-18 11:10:00;RUA MON BRUNO;RUA TOMAS POMPEU;;MEIRELES;SQY4366;Colisão;Não informado;Não informado;Não informado;Cruz;Não informado;Cruzamento;0;1;0;1;1;0;0;0;0;0;0;0;0;(-38.5072979 -3.7257923);
KEW9300;2021-08-18 10:59:00;Rua Jorge Acurcio;;;PARREAO;KEW9300;Colisão;Não informado;Não informado;Não informado;Meio de quadra;Não informado;Longo da via;0;1;0;1;1;0;0;0;0;0;0;0;0;(-38.5317791 -3.7650704);
TKU5007;2021-08-18 10:56:00;BR 116;;;AEROLANDIA;TKU5007;Queda;Não informado;Não informado;Não informado;Meio de quadra;Não informado;Longo da via;0;1;0;1;0;0;0;0;0;0;0;0;0;(-38.5135048 -3.7817942);
ZTT2935;2021-08-01 21:49:00;Rua Francisco Jose Albuquerque Pereira;AV DEP PAULINO ROCHA;;CAJAZEIRAS;ZTT2935;Colisão;Não informado;Não informado;Não informado;Meio de quadra;Não informado;Longo da via;0;1;0;1;1;0;0;0;0;0;0;0;0;(-38.50593577351518 -3.811931609321067);
MVQ1587;2021-08-18 10:54:00;Avenida H;;;CONJUNTO CEARA I;MVQ1587;Colisão;Não informado;Não informado;Não informado;Meio de quadra;Não informado;Longo da via;0;3;0;1;1;0;0;0;0;0;0;0;0;(-38.6060801 -3.7749915);