COD_ACIDENTE;DATA;LOG1;LOG2;NUMERO;BAIRRO;AMC;NATUREZA;ILUMINACAO;TEMPO;SUPERFICIEPISTA;TIPOCRUZAMENTO;CONTROLETRAFEGO;USOSOLO;MORTOS;FERIDOS;ILESOS;MOTOCICLETA;AUTOMOVEL;MICROONIBUS;CAMINHAO;ONIBUS;CICLOMOTOR;BICICLETA;OUTROS;TREM;TRACAOANIMAL;COORDENADAS
WYL7214;2021-08-18 10:40:00;Rodovia 4º Anel Viário;;;MESSEJANA;WYL7214;Queda;Não informado;Não informado;Não informado;Meio de quadra;Não informado;Longo da via;0;2;0;1;0;0;0;0;0;0;0;0;0;(-38.5405806 -3.859491);
MTQ7539;2021-08-18 10:39:00;Avenida Leste Oeste;;;CRISTO REDENTOR;MTQ7539;Colisão;Não informado;Não informado;Não informado;Meio de quadra;Não informado;Longo da via;0;2;0;1;1;0;0;0;0;0;0;0;0;(-38.5490717 -3.7136854);
RNW0892;2021-08-18 10:27:00;Rua Naturalista Feijó;;;CARLITO PAMPLONA;RNW0892;Colisão;Não informado;Não informado;Não informado;Meio de quadra;Não informado;Longo da via;0;1;0;1;1;0;0;0;0;0;0;0;0;(-38.5564611 -3.721533099999999);
PJL8700;2021-08-18 09:56:00;Rua Senador Almir Pinto;;;CENTRO;PJL8700;Queda;Não informado;Não informado;Não informado;Meio de quadra;Não informado;Longo da via;0;1;0;0;0;0;0;0;0;1;0;0;0;(-38.5239773 -3.726380099999999);
YPK4616;2021-08-18 09:06:00;RUA JOSE ROBERTO SALES;;;BARRA DO CEARA;YPK4616;Colisão;Não informado;Não informado;Não informado;Meio de quadra;Não informado;Longo da via;0;1;0;1;1;0;0;0;0;0;0;0;0;(-38.5837666 -3.6952568);
YTZ7563;2021-08-18 07:32:00;Rua Cônego de Castro;;;PARQUE SAO JOSE;YTZ7563;Atropelamento;Não informado;Não informado;Não informado;Meio de quadra;Não informado;Longo da via;0;1;0;0;0;0;0;1;0;0;0;0;0;(-38.587622 -3.8001763);
SMK0770;2021-08-18 05:19:00;Avenida Ministro Albuquerque Lima;;;CONJUNTO CEARA II;SMK0770;Queda;Não informado;Não informado;Não informado;Meio de quadra;Não informado;Longo da via;0;1;0;1;0;0;0;0;0;0;0;0;0;(-38.6062922 -3.7701602);
UUG9047;2021-08-17 22:42:00;Rua Córrego das Flôres;;;MUCURIPE;UUG9047;Queda;Não informado;Não informado;Não informado;Meio de quadra;Não informado;Longo da via;0;1;0;0;0;0;0;0;0;1;0;0;0;(-38.4797766 -3.7264066);
CYP3480;2021-08-17 22:37:00;Rua Padre Pedro de Alencar;;;MESSEJANA;CYP3480;Colisão;Não informado;Não informado;Não informado;Meio de quadra;Não informado;Longo da via;0;1;0;1;1;0;0;0;0;0;0;0;0;(-38.4936566 -3.8353748);
HWF9698;2021-08-01 21:28:00;Rua Estrada do Itaperi;;;PASSARE;HWF9698;Colisão;Não informado;Não informado;Não informado;Meio de quadra;Não informado;Longo da via;0;1;0;0;0;0;0;0;0;0;0;0;0;(-38.5299126 -3.8235048);
CYP3480;2021-08-17 21:21:00;AV PRE COSTA E SILVA;;;JANGURUSSU;CYP3480;Colisão;Não informado;Não informado;Não informado;Cruz;Não informado;Longo da via;0;2;0;1;1;0;0;0;0;0;0;0;0;(-38.52114133367073 -3.828773326470503);
CYP3480;2021-08-17 21:21:00;Avenida Presidente Costa e Silva;;;JANGURUSSU;CYP3480;Colisão;Não informado;Não informado;Não informado;Meio de quadra;Não informado;Longo da via;0;0;0;0;0;0;0;0;0;0;0;0;0;(-38.53843690971792 -3.825721591078791);
TVU0704;2021-08-17 21:21:00;AV PRE COSTA E SILVA;;;JANGURUSSU;TVU0704;Colisão;Não informado;Não informado;Não informado;Meio de quadra;Não informado;Longo da via;0;1;0;1;1;0;0;0;0;0;0;0;0;(-38.53187716204453 -3.828423075780941);
DJJ7184;2021-08-01 21:24:00;Rua Doutor Hugo Rocha;AV TEN LISBOA;;ALVARO WEYNE;DJJ7184;Atropelamento de Animal;Não informado;Não informado;Não informado;Meio de quadra;Não informado;Longo da via;0;1;0;1;0;0;0;0;0;0;0;0;0;(-38.56903747182642 -3.719696913334499);
NNA1209;2021-08-17 19:36:00;Avenida Maestro Lisboa;;;LAGOA REDONDA;NNA1209;Colisão;Não informado;Não informado;Não informado;Meio de quadra;Não informado;Longo da via;0;1;0;1;1;0;0;0;0;0;0;0;0;(-38.4500234 -3.8053167);
AXA9599;2021-08-01 20:39:00;Rua Engenheiro Luís Montenegro;;;SIQUEIRA;AXA9599;Atropelamento;Não informado;Não informado;Não informado;Meio de quadra;Não informado;Longo da via;0;1;0;1;0;0;0;0;0;0;0;0;0;(-38.61605659656122 -3.814816628949016);
WSK7063;2021-08-01 17:44:00;Rua Vila Lobos;;;ITAOCA;WSK7063;Queda;Não informado;Não informado;Não informado;Meio de quadra;Não informado;Longo da via;0;1;0;1;0;0;0;0;0;0;0;0;0;(-38.55941370893051 -3.771947134239339);
GBI3113;2021-08-17 19:20:00;Rua Bolivia;RUA VIRIATO RIBEIRO;;BELA VISTA;GBI3113;Colisão;Não informado;Não informado;Não informado;Cruz;Não informado;Cruzamento;0;1;0;1;1;0;0;0;0;0;0;0;0;(-38.5680386 -3.7474581);
JUL6690;2021-08-01 17:30:00;Avenida Ministro José Américo;;;CAMBEBA;JUL6690;Colisão;Não informado;Não informado;Não informado;Meio de quadra;Não informado;Longo da via;0;1;0;1;1;0;0;0;0;0;0;0;0;(-38.48135979604238 -3.811494623679849);
LMC8440;2021-08-17 17:41:00;RUA PRO HELOISA FERREIRA LIMA;RUA INACIO PARENTE;;SERRINHA;LMC8440;Colisão;Não informado;Não informado;Não informado;T;Não informado;Cruzamento;0;1;0;1;0;0;1;0;0;0;0;0;0;(-38.5440525 -3.7820342);
YXH2108;2021-08-01 15:42:00;Rua José de Pontes;;;PARQUELANDIA;YXH2108;Atropelamento;Não informado;Não informado;Não informado;Meio de quadra;Não informado;Longo da via;0;1;0;0;1;0;0;0;0;0;0;0;0;(-38.56845810529607 -3.738330917018781);
XRB6171;2021-08-01 14:54:00;Avenida Professor José Arthur de Carvalho;;;LAGOA REDONDA;XRB6171;Colisão;Não informado;Não informado;Não informado;Meio de quadra;Não informado;Longo da via;0;1;0;1;1;0;0;0;0;0;0;0;0;(-38.4613241 -3.8250273);
YKE6106;2021-08-17 15:53:00;Avenida Alanis Maria Laurindo de Oliveira;;;CONJUNTO CEARA I;YKE6106;Queda;Não informado;Não informado;Não informado;Meio de quadra;Não informado;Longo da via;0;1;0;0;0;0;0;0;0;1;0;0;0;(-38.6032588 -3.763371199999999);
XZV1927;2021-08-01 13:32:00;Rua Professor Nelson Alves;;;CASTELAO;XZV1927;Queda;Não informado;Não informado;Não informado;Meio de quadra;Não informado;Longo da via;0;1;0;1;0;0;0;0;0;0;0;0;0;(-38.5172568 -3.7900893);
GQP5635;2021-08-17 14:56:00;Avenida Sargento Hermínio Sampaio;;;PRESIDENTE KENNEDY;GQP5635;Colisão;Não informado;Não informado;Não informado;Meio de quadra;Não informado;Longo da via;0;1;0;1;1;0;0;0;0;0;0;0;0;(-38.5706208 -3.7279938);
NCQ1475;2021-08-17 14:50:00;Avenida Major Assis;AV MOZART PINHEIRO DE LUCENA;;JARDIM GUANABARA;NCQ1475;Colisão;Não informado;Não informado;Não informado;Cruz;Não informado;Cruzamento;0;1;0;1;1;0;0;0;0;0;0;0;0;(-38.5966762 -3.7214444);
XKT6463;2021-08-17 11:58:00;RUA DEMETRIO MENEZES;;;ANTONIO BEZERRA;XKT6463;Queda;Não informado;Não informado;Não informado;Meio de quadra;Não informado;Longo da via;0;1;0;1;0;0;0;0;0;0;0;0;0;(-38.5837642 -3.7387149);
SKH7720;2021-08-17 10:48:00;Rua Henrique Rabêlo;RUA JOAQUIM TORRES;;JOAQUIM TVORA;SKH7720;Colisão;Não informado;Não informado;Não informado;Cruz;Não informado;Cruzamento;0;1;0;1;1;0;0;0;0;0;0;0;0;(-38.521538 -3.7408998);
EAE9266;2021-08-01 11:48:00;Rua Professor Virgílio de Morais;RUA GRACO CARDOSO;;AUTRAN NUNES;EAE9266;Colisão;Não informado;Não informado;Não informado;Cruz;Não informado;Longo da via;0;1;0;2;0;0;0;0;0;0;0;0;0;(-38.59673396375627 -3.751884617624181);
QFA5759;2021-08-01 11:19:00;Rua Eduardo Guimarães;;;LAGOA REDONDA;QFA5759;Colisão;Não informado;Não informado;Não informado;Meio de quadra;Não informado;Longo da via;0;1;0;0;0;0;0;0;0;0;0;0;0;(-38.46376077526383 -3.824611706761022);
VHA7223;2021-08-01 09:54:00;Rodovia Estrada do Guarani (BR116);;;MESSEJANA;VHA7223;Queda;Não informado;Não informado;Não informado;Meio de quadra;Não informado;Longo da via;0;2;0;1;0;0;0;0;0;0;0;0;0;(-38.5041401 -3.8259496);
EUC5440;2021-08-01 07:05:00;Avenida General Osório de Paiva;;;SIQUEIRA;EUC5440;Queda;Não informado;Não informado;Não informado;Meio de quadra;Não informado;Longo da via;0;1;0;0;0;0;0;0;0;1;0;0;0;(-38.58690633819676 -3.789043801393397);
VLS5231;2021-08-17 10:37:00;Rua Urucutuba;;;BOM JARDIM;VLS5231;Colisão;Não informado;Não informado;Não informado;Meio de quadra;Não informado;Longo da via;0;1;0;2;0;0;0;0;0;0;0;0;0;(-38.6205283 -3.7989062);
YNK2883;2021-08-17 09:29:00;Avenida General Osório de Paiva;;;PARANGABA;YNK2883;Choque c/ Obstáculo Fixo;Não informado;Não informado;Não informado;Meio de quadra;Não informado;Longo da via;0;1;0;0;1;0;0;0;0;0;0;0;0;(-38.6081067 -3.811315);
BIQ5291;2021-08-16 23:48:00;Avenida Mister Hull;;;ANTONIO BEZERRA;BIQ5291;Colisão;Não informado;Não informado;Não informado;Meio de quadra;Não informado;Longo da via;0;1;0;1;1;0;0;0;0;0;0;0;0;(-38.5918137 -3.7395231);
HZU7765;2021-08-16 23:19:00;Avenida General Osório de Paiva;;;BOM JARDIM;HZU7765;Atropelamento;Não informado;Não informado;Não informado;Meio de quadra;Não informado;Longo da via;0;1;0;0;1;0;0;0;0;0;0;0;0;(-38.5954242 -3.7981567);
AWA3584;2021-08-16 23:02:00;Rua Padre Pedro de Alencar;;;MESSEJANA;AWA3584;Atropelamento;Não informado;Não informado;Não informado;Meio de quadra;Não informado;Longo da via;0;1;0;0;1;0;0;0;0;0;0;0;0;(-38.494211 -3.8309064);
TUM2492;2021-08-16 22:29:00;Rodovia 4º Anel Viário;;;ANCURI;TUM2492;Colisão;Não informado;Não informado;Não informado;Meio de quadra;Não informado;Longo da via;0;1;0;0;0;0;0;0;0;0;1;0;0;(-38.50394456222015 -3.869888981579583);
XHE4083;2021-08-16 21:44:00;AV SEN FERNANDES TAVORA;;;HENRIQUE JORGE;XHE4083;Colisão;Não informado;Não informado;Não informado;Meio de quadra;Não informado;Longo da via;0;2;0;2;0;0;0;0;0;0;0;0;0;(-38.58926 -3.75833);
ZGP8949;2021-08-16 21:30:00;Rua Samuel Uchôa;;;JARDIM AMERICA;ZGP8949;Queda;Não informado;Não informado;Não informado;Meio de quadra;Não informado;Longo da via;0;1;0;0;0;0;0;0;0;1;0;0;0;(-38.5446747 -3.755163);
BTX4812;2021-08-16 20:56:00;Avenida Presidente Costa e Silva;;;PREFEITO JOSE VALTER;BTX4812;Queda;Não informado;Não informado;Não informado;Meio de quadra;Não informado;Longo da via;0;1;0;1;0;0;0;0;0;0;0;0;0;(-38.5503326 -3.823450799999999);
SXB5632;2021-08-16 20:40:00;Avenida Leste Oeste;;;BARRA DO CEARA;SXB5632;Colisão;Não informado;Não informado;Não informado;Meio de quadra;Não informado;Longo da via;0;1;0;2;0;0;0;0;0;0;0;0;0;(-38.5784463 -3.7041866);
DFW1746;2021-08-16 20:23:00;Avenida Coronel Miguel Dias;;;GUARARAPES;DFW1746;Colisão;Não informado;Não informado;Não informado;Meio de quadra;Não informado;Longo da via;0;1;0;1;1;0;0;0;0;0;0;0;0;(-38.4876958 -3.7660878);
NFX8042;2021-08-16 20:07:00;Avenida Oliveira Paiva;;;CIDADE DOS FUNCIONRAIOS;NFX8042;Colisão;Não informado;Não informado;Não informado;Meio de quadra;Não informado;Longo da via;0;1;0;0;0;0;0;0;0;0;1;0;0;(-38.49671 -3.7957203);
NJA5106;2021-08-16 19:56:00;Rua Cidade Ecolơgica;;;EDSON QUEIROZ;NJA5106;Colisão;Não informado;Não informado;Não informado;Meio de quadra;Não informado;Longo da via;0;1;0;2;0;0;0;0;0;0;0;0;0;(-38.4687531 -3.7731098);
RXM2698;2021-08-16 19:20:00;Avenida Jovita Feitosa;RUA AMADEU FURTADO;;PARQUELANDIA;RXM2698;Colisão;Não informado;Não informado;Não informado;Cruz;Não informado;Cruzamento;0;1;0;2;0;0;0;0;0;0;0;0;0;(-38.5629171 -3.7412043);
TVO3748;2021-08-16 18:20:00;Rua 24 de Maio;;;PLANALTO AYRTON SENNA;TVO3748;Queda;Não informado;Não informado;Não informado;Meio de quadra;Não informado;Longo da via;0;1;0;1;0;0;0;0;0;0;0;0;0;(-38.5750618 -3.8402984);
UQK4847;2021-08-16 18:15:00;Avenida Mister Hull;;;ANTONIO BEZERRA;UQK4847;Colisão;Não informado;Não informado;Não informado;Meio de quadra;Não informado;Longo da via;0;1;0;0;0;0;0;0;0;0;1;0;0;(-38.5918137 -3.7395231);
NAS7446;2021-08-01 06:14:00;Rua Araçá;;;BONSUCESSO;NAS7446;Colisão;Não informado;Não informado;Não informado;Meio de quadra;Não informado;Longo da via;0;1;0;0;1;0;0;0;0;0;0;0;0;(-44.13974955667342 -19.96566173129781);
ELW0632;2021-08-16 16:10:00;AV L;;;CONJUNTO CEARA I;ELW0632;Queda;Não informado;Não informado;Não informado;Meio de quadra;Não informado;Longo da via;0;1;0;1;0;0;0;0;0;0;0;0;0;(-38.6070968 -3.7721573);
WMB0597;2021-08-16 15:16:00;Avenida Duque de Caxias;;;CENTRO;WMB0597;Colisão;Não informado;Não informado;Não informado;Meio de quadra;Não informado;Longo da via;0;1;0;1;1;0;0;0;0;0;0;0;0;(-38.5307435 -3.7316079);
RYH0089;2021-08-01 06:13:00;Rua Pinto Madeira;;;CENTRO;RYH0089;Colisão;Não informado;Não informado;Não informado;Meio de quadra;Não informado;Longo da via;0;1;0;0;0;0;0;0;0;0;0;0;0;(-38.5192694 -3.731774);
MJS0599;2021-08-01 05:58:00;Rua Primeiro de Janeiro;;;PARANGABA;MJS0599;Queda;Não informado;Não informado;Não informado;Meio de quadra;Não informado;Longo da via;0;1;0;1;0;0;0;0;0;0;0;0;0;(-38.5659113 -3.7848579);
THC3373;2021-08-16 15:11:00;Rua Joaquim Manuel de Macêdo;;;JOAO XXIII;THC3373;Colisão;Não informado;Não informado;Não informado;Meio de quadra;Não informado;Longo da via;0;1;0;1;1;0;0;0;0;0;0;0;0;(-38.5883443 -3.770058999999999);
VCE3063;2021-08-16 14:32:00;Rua 1018;;;CONJUNTO CEARA II;VCE3063;Atropelamento;Não informado;Não informado;Não informado;Meio de quadra;Não informado;Longo da via;0;1;0;0;0;0;0;0;0;0;1;0;0;(-38.616703 -3.770354299999999);
NAG5535;2021-08-16 12:24:00;PRO HERIBALDO COSTA;RUA BOA VISTA;;JOAO XXIII;NAG5535;Colisão;Não informado;Não informado;Não informado;Cruz;Não informado;Cruzamento;0;1;0;1;1;0;0;0;0;0;0;0;0;(-38.5882613 -3.7680107);
YHH2385;2021-08-01 04:59:00;Avenida Jornalista Tomaz Coelho;;;MESSEJANA;YHH2385;Queda;Não informado;Não informado;Não informado;Meio de quadra;Não informado;Longo da via;0;1;0;1;0;0;0;0;0;0;0;0;0;(-38.5089130614122 -3.829958808579201);
VUE4189;2021-08-01 04:51:00;Avenida Humberto Monte;;;PICI;VUE4189;Colisão;Não informado;Não informado;Não informado;Meio de quadra;Não informado;Longo da via;0;1;0;0;1;0;0;0;0;0;0;0;0;(-38.56902138044897 -3.738598567165111);
YKE0667;2021-08-16 12:19:00;Avenida Jornalista Tomaz Coelho;;;MESSEJANA;YKE0667;Atropelamento;Não informado;Não informado;Não informado;Meio de quadra;Não informado;Longo da via;0;1;0;1;0;0;0;0;0;0;0;0;0;(-38.5107767 -3.8295793);
YEM4817;2021-08-16 10:08:00;AV ALM HENRIQUE SABOIA;AV GOV RAUL BARBOSA;;SAO JOAO DO TAUAPE;YEM4817;Atropelamento;Não informado;Não informado;Não informado;Y;Não informado;Cruzamento;0;1;0;1;0;0;0;0;0;0;0;0;0;(-38.5044157 -3.7565087);
BOM8738;2021-08-16 03:32:00;Avenida Presidente Costa e Silva;;;MONDUBIM;BOM8738;Colisão;Não informado;Não informado;Não informado;Meio de quadra;Não informado;Longo da via;0;1;0;1;1;0;0;0;0;0;0;0;0;(-38.5642167 -3.8185588);
UUO1968;2021-08-01 04:15:00;Avenida Leste Oeste;;;PIRAMBU;UUO1968;Queda;Não informado;Não informado;Não informado;Meio de quadra;Não informado;Longo da via;0;1;0;1;0;0;0;0;0;0;0;0;0;(-38.55404590000001 -3.712094);
NUZ3354;2021-08-01 04:11:00;Rua Miguel Gurgel;;;MESSEJANA;NUZ3354;Queda;Não informado;Não informado;Não informado;Meio de quadra;Não informado;Longo da via;0;2;0;1;0;0;0;0;0;0;0;0;0;(-38.48255232880722 -3.840460226586891);
PLN1753;2021-07-29 16:56:00;Rua Coronel Alexandrino;;;MONTESE;PLN1753;Colisão;Não informado;Não informado;Não informado;Meio de quadra;Não informado;Longo da via;0;1;0;1;1;0;0;0;0;0;0;0;0;(-38.553137 -3.764992);
YVW3838;2021-07-29 15:30:00;Rua Rafael Tobias;;;JOSE DE ALENCAR;YVW3838;Colisão;Não informado;Não informado;Não informado;Meio de quadra;Não informado;Longo da via;0;1;0;1;1;0;0;0;0;0;0;0;0;(-38.4722308 -3.7984291);
JNF8468;2021-07-29 14:15:00;BR 116;;;PAUPINA;JNF8468;Colisão;Não informado;Não informado;Não informado;Meio de quadra;Não informado;Longo da via;0;1;0;0;0;0;0;0;0;0;1;0;0;(-38.5051639 -3.799603299999999);
XEL4863;2021-07-29 12:33:00;Estrada do Fio;;;MESSEJANA;XEL4863;Colisão;Não informado;Não informado;Não informado;Meio de quadra;Não informado;Longo da via;0;1;0;0;0;0;0;0;0;0;1;0;0;(-38.4416243 -3.8646358);
XEL4863;2021-07-29 10:37:00;Rua Carlos Câmara;;;DAMAS;XEL4863;Colisão;Não informado;Não informado;Não informado;Meio de quadra;Não informado;Longo da via;0;2;0;2;0;0;0;0;0;0;0;0;0;(-38.5430223 -3.7469354);
EWT6922;2021-07-29 10:32:00;Avenida Borges de Melo;;;FATIMA;EWT6922;Colisão;Não informado;Não informado;Não informado;Meio de quadra;Não informado;Longo da via;0;1;0;0;0;0;0;0;0;0;1;0;0;(-38.5311115 -3.759205);
SFI7907;2021-07-16 02:04:00;Avenida Washington Soares;;;SAPIRANGA / COITE;SFI7907;Colisão;Não informado;Não informado;Não informado;Meio de quadra;Não informado;Longo da via;0;1;0;0;0;0;0;0;0;0;0;0;0;(-38.4798948 -3.7977666);
LPI0455;2021-07-29 09:36:00;Avenida Governador Raul Barbosa;;;AEROLANDIA;LPI0455;Colisão;Não informado;Não informado;Não informado;Meio de quadra;Não informado;Longo da via;0;1;0;1;1;0;0;0;0;0;0;0;0;(-38.5091068 -3.7655115);
AOR7935;2021-07-16 01:38:00;Avenida General Osório de Paiva;;;BOM JARDIM;AOR7935;Colisão;Não informado;Não informado;Não informado;Meio de quadra;Não informado;Longo da via;0;1;0;2;0;0;0;0;0;0;0;0;0;(-38.60157803511379 -3.804416596256346);
PSK6796;2021-07-15 21:24:00;Avenida Historiador Raimundo Girão;RUA CARLOS VASCONCELOS;;PRAIA DE IRACEMA;PSK6796;Queda;Não informado;Não informado;Não informado;T;Não informado;Longo da via;0;1;0;0;0;0;0;0;0;1;0;0;0;(-38.50744152800629 -3.722648399750557);
CDH2478;2021-07-15 20:38:00;Avenida Heróis do Acre;;;PASSARE;CDH2478;Colisão;Não informado;Não informado;Não informado;Meio de quadra;Não informado;Longo da via;0;2;0;1;1;0;0;0;0;0;0;0;0;(-38.53079453475377 -3.803099856445981);
CDH2478;2021-07-15 20:22:00;Avenida Francisco Sá;AV PASTEUR;;CARLITO PAMPLONA;CDH2478;Colisão;Não informado;Não informado;Não informado;Cruz;Não informado;Longo da via;0;2;0;1;0;0;1;0;0;0;0;0;0;(-38.56058609999999 -3.7163308);
AUZ8797;2021-07-29 08:28:00;Avenida Bezerra de Menezes;;;PARQUE ARAXA;AUZ8797;Colisão;Não informado;Não informado;Não informado;Meio de quadra;Não informado;Longo da via;0;1;0;1;1;0;0;0;0;0;0;0;0;(-38.556584 -3.7339243);
UTJ4319;2021-07-28 22:32:00;Avenida João Pessoa;;;BENFICA;UTJ4319;Queda;Não informado;Não informado;Não informado;Meio de quadra;Não informado;Longo da via;0;1;0;0;0;0;0;0;0;1;0;0;0;(-38.5440803 -3.7467844);
VOQ7374;2021-07-28 21:47:00;Rua Professor Miramar da Ponte;RUA PORTO VELHO;;JOAO XXIII;VOQ7374;Colisão;Não informado;Não informado;Não informado;Cruz;Não informado;Cruzamento;0;1;0;1;1;0;0;0;0;0;0;0;0;(-38.5877332 -3.7655486);
ERC3827;2021-07-15 20:13:00;Rua Belém;RUA PORTO VELHO;;HENRIQUE JORGE;ERC3827;Colisão;Não informado;Não informado;Não informado;Cruz;Não informado;Longo da via;0;1;0;1;1;0;0;0;0;0;0;0;0;(-38.59462574465562 -3.761771406457243);
PVD0842;2021-07-28 18:01:00;Avenida Eduardo Girão;RUA GAL SILVA JUNIOR;;FATIMA;PVD0842;Colisão;Não informado;Não informado;Não informado;Cruz;Não informado;Cruzamento;0;1;0;1;1;0;0;0;0;0;0;0;0;(-38.5306355 -3.7541426);
HFI8661;2021-07-15 19:43:00;Avenida Américo Barreira;;;RODOLFO TEOFILO;HFI8661;Outros;Não informado;Não informado;Não informado;Meio de quadra;Não informado;Longo da via;0;1;0;0;0;0;0;1;0;0;0;0;0;(-38.55394736953853 -3.753586844797856);
WBD7747;2021-07-28 17:38:00;Avenida Godofredo Maciel;;;MONDUBIM;WBD7747;Colisão;Não informado;Não informado;Não informado;Meio de quadra;Não informado;Longo da via;0;2;0;1;1;0;0;0;0;0;0;0;0;(-38.57546019999999 -3.8184596);
NCF6709;2021-07-15 19:34:00;Avenida Presidente Costa e Silva;;;MONDUBIM;NCF6709;Queda;Não informado;Não informado;Não informado;Meio de quadra;Não informado;Longo da via;0;1;0;1;0;0;0;0;0;0;0;0;0;(-38.53110567404902 -3.828481534537813);
NTB4839;2021-07-15 18:40:00;Rua Pernambuco;RUA RIO GRANDE DO SUL;;DEMOCRITO ROCHA;NTB4839;Colisão;Não informado;Não informado;Não informado;Cruz;Não informado;Longo da via;0;1;0;0;0;0;0;0;0;0;0;0;0;(-38.56846724087534 -3.760044354584333);
BKZ4498;2021-07-15 17:38:00;Rua 24 de Maio;;;CENTRO;BKZ4498;Atropelamento;Não informado;Não informado;Não informado;Meio de quadra;Não informado;Longo da via;0;1;0;0;0;0;0;0;0;0;0;0;0;(-38.53077308247695 -3.723192491938566);
GXB4733;2021-07-28 17:04:00;AV JOR TOMAZ COELHO;;;MESSEJANA;GXB4733;Colisão;Não informado;Não informado;Não informado;Meio de quadra;Não informado;Longo da via;0;1;0;1;1;0;0;0;0;0;0;0;0;(-38.5120775 -3.8286556);
JFY3092;2021-07-28 16:49:00;Avenida Maestro Lisboa;;;LAGOA REDONDA;JFY3092;Colisão;Não informado;Não informado;Não informado;Meio de quadra;Não informado;Longo da via;0;1;0;2;0;0;0;0;0;0;0;0;0;(-38.477025 -3.8076527);
NMN3663;2021-07-15 16:53:00;Avenida Coronel Virgílio Nogueira;;;GRANJA LISBOA;NMN3663;Queda;Não informado;Não informado;Não informado;Meio de quadra;Não informado;Longo da via;0;1;0;1;0;0;0;0;0;0;0;0;0;(-38.60847129844193 -3.787860855636782);
WEF4729;2021-07-28 16:47:00;Rua Vicente Celestino;;;CONJUNTO ESPERANCA;WEF4729;Queda;Não informado;Não informado;Não informado;Meio de quadra;Não informado;Longo da via;0;1;0;1;0;0;0;0;0;0;0;0;0;(-38.5923966 -3.8168493);
DLP9385;2021-07-28 16:20:00;Avenida Lineu Machado;;;JOQUEI CLUBE;DLP9385;Queda;Não informado;Não informado;Não informado;Meio de quadra;Não informado;Longo da via;0;1;0;1;0;0;0;0;0;0;0;0;0;(-38.5780534 -3.7681973);
EUH5092;2021-07-28 16:07:00;AV OLIVEIRA PAIVA;;;CIDADE DOS FUNCIONRAIOS;EUH5092;Colisão;Não informado;Não informado;Não informado;Meio de quadra;Não informado;Longo da via;0;1;0;1;1;0;0;0;0;0;0;0;0;(-38.4886527 -3.7964452);
NSQ9204;2021-07-28 15:49:00;Rua Armando Monteiro;AV LUCIANO CARNEIRO;;VILA UNIAO;NSQ9204;Colisão;Não informado;Não informado;Não informado;Cruz;Não informado;Cruzamento;0;1;0;1;1;0;0;0;0;0;0;0;0;(-38.5362716 -3.7634831);
NRR5146;2021-07-28 14:49:00;Avenida Alberto Craveiro;;;BOA VISTA;NRR5146;Queda;Não informado;Não informado;Não informado;Meio de quadra;Não informado;Longo da via;0;1;0;0;0;0;0;0;0;1;0;0;0;(-38.5174264 -3.7853111);
YRZ7477;2021-07-28 13:54:00;Avenida Engenheiro Santana Júnior;;;COCO;YRZ7477;Atropelamento;Não informado;Não informado;Não informado;Meio de quadra;Não informado;Longo da via;0;1;0;0;1;0;0;0;0;0;0;0;0;(-38.4899406 -3.746769);
HFS6966;2021-07-28 11:24:00;Rua Conselheiro Araújo Lima;;;HENRIQUE JORGE;HFS6966;Atropelamento;Não informado;Não informado;Não informado;Meio de quadra;Não informado;Longo da via;0;1;0;1;0;0;0;0;0;0;0;0;0;(-38.5896085 -3.7503972);
EUE3816;2021-07-28 10:18:00;Rua Santa Catarina;RUA PERNAMBUCO;;DEMOCRITO ROCHA;EUE3816;Colisão;Não informado;Não informado;Não informado;Cruz;Não informado;Cruzamento;0;1;0;1;0;0;0;0;0;0;1;0;0;(-38.5690722 -3.7596092);
FYV9508;2021-07-28 10:03:00;Avenida Washington Soares;;;MESSEJANA;FYV9508;Colisão;Não informado;Não informado;Não informado;Meio de quadra;Não informado;Longo da via;0;1;0;0;0;0;0;0;0;0;1;0;0;(-38.4822017 -3.828229);
FYV9508;2021-07-28 09:12:00;BR-116;;;CAJAZEIRAS;FYV9508;Colisão;Não informado;Não informado;Não informado;Meio de quadra;Não informado;Longo da via;0;1;0;0;0;0;0;0;0;0;1;0;0;(-38.5054894 -3.7996206);
IGB7383;2021-07-28 08:39:00;Avenida Francisco Sá;;;BARRA DO CEARA;IGB7383;Colisão;Não informado;Não informado;Não informado;Meio de quadra;Não informado;Longo da via;0;1;0;0;0;0;0;0;0;0;1;0;0;(-38.5804104 -3.7095351);
VPQ5074;2021-07-28 01:04:00;Avenida Senador Fernandes Távora;;;HENRIQUE JORGE;VPQ5074;Colisão;Não informado;Não informado;Não informado;Meio de quadra;Não informado;Longo da via;0;1;0;1;1;0;0;0;0;0;0;0;0;(-38.5857433 -3.760121899999999);
AOF2751;2021-07-28 00:06:00;AV DOM LUIS;;;MEIRELES;AOF2751;Atropelamento;Não informado;Não informado;Não informado;Meio de quadra;Não informado;Longo da via;0;1;0;0;1;0;0;0;0;0;0;0;0;(-38.488872 -3.7359669);