COD_ACIDENTE;DATA;LOG1;LOG2;NUMERO;BAIRRO;AMC;NATUREZA;ILUMINACAO;TEMPO;SUPERFICIEPISTA;TIPOCRUZAMENTO;CONTROLETRAFEGO;USOSOLO;MORTOS;FERIDOS;ILESOS;MOTOCICLETA;AUTOMOVEL;MICROONIBUS;CAMINHAO;ONIBUS;CICLOMOTOR;BICICLETA;OUTROS;TREM;TRACAOANIMAL;COORDENADAS
BHW1043;2021-07-27 23:09:00;Avenida Presidente Castelo Branco;;;BARRA DO CEARA;BHW1043;Colisão;Não informado;Não informado;Não informado;Meio de quadra;Não informado;Longo da via;0;1;0;0;1;0;0;0;0;1;0;0;0;(-38.579879 -3.7035239);
BFN3617;2021-07-27 22:02:00;Rua Peru;;;ITAPERI;BFN3617;Queda;Não informado;Não informado;Não informado;Meio de quadra;Não informado;Longo da via;0;1;0;0;0;0;0;0;0;1;0;0;0;(-38.554286 -3.782674999999999);
QHC9432;2021-07-27 21:37:00;Avenida Presidente Castelo Branco;;;PIRAMBU;QHC9432;Atropelamento;Não informado;Não informado;Não informado;Meio de quadra;Não informado;Longo da via;0;1;0;0;0;0;0;0;0;0;1;0;0;(-38.5523643 -3.7125347);
MHQ0074;2021-07-27 21:33:00;AV BERNARDO MANUEL;AV DR SILAS MUNGUBA;;SERRINHA;MHQ0074;Colisão;Não informado;Não informado;Não informado;Cruz;Não informado;Cruzamento;0;2;0;2;0;0;0;0;0;0;0;0;0;(-38.5479782 -3.7875025);
RKE9521;2021-07-27 21:29:00;Avenida General Osório de Paiva;;;PARANGABA;RKE9521;Atropelamento;Não informado;Não informado;Não informado;Meio de quadra;Não informado;Longo da via;0;1;0;0;0;0;0;0;0;0;1;0;0;(-38.57219009068919 -3.77888625588779);
YRO8834;2021-07-27 21:14:00;Rua Santa Liduína;;;MANOEL SATIRO;YRO8834;Atropelamento;Não informado;Não informado;Não informado;Meio de quadra;Não informado;Longo da via;0;1;0;1;0;0;0;0;0;0;0;0;0;(-38.58515825651102 -3.798256153539641);
VWO2871;2021-07-15 15:33:00;Avenida Val Paraíso;;;CONJUNTO PALMEIRAS;VWO2871;Colisão;Não informado;Não informado;Não informado;Meio de quadra;Não informado;Longo da via;0;1;0;1;1;0;0;0;0;0;0;0;0;(-38.52079532757402 -3.846353167580356);
JTJ6353;2021-07-27 20:18:00;Rua Santa Clara;RUA ALAGOAS;;PICI;JTJ6353;Colisão;Não informado;Não informado;Não informado;Cruz;Não informado;Cruzamento;0;2;0;2;0;0;0;0;0;0;0;0;0;(-38.5792149 -3.7509808);
XNM8014;2021-07-15 13:43:00;Rua Dona Mendinha;;;CRISTO REDENTOR;XNM8014;Colisão;Não informado;Não informado;Não informado;Meio de quadra;Não informado;Longo da via;0;2;0;1;1;0;0;0;0;0;0;0;0;(-38.56875851716273 -3.704477869878008);
BCU4475;2021-07-27 20:05:00;Rodovia Estrada do Guarani (BR116);;;MESSEJANA;BCU4475;Atropelamento;Não informado;Não informado;Não informado;Meio de quadra;Não informado;Longo da via;0;1;0;0;0;0;0;0;0;0;1;0;0;(-38.49829837325606 -3.845017173585775);
IYD9841;2021-07-15 11:11:00;Rua Eduardo Perdigão;;;PARANGABA;IYD9841;Atropelamento;Não informado;Não informado;Não informado;Meio de quadra;Não informado;Longo da via;0;1;0;0;1;0;0;0;0;0;0;0;0;(-38.56447771415532 -3.775924253762562);
VQQ5834;2021-07-27 20:05:00;AV DEMETRIO MENEZES;;;ANTONIO BEZERRA;VQQ5834;Colisão;Não informado;Não informado;Não informado;Meio de quadra;Não informado;Longo da via;0;1;0;2;0;0;0;0;0;0;0;0;0;(-38.5837642 -3.7387149);
SVN4671;2021-07-15 11:05:00;Avenida Presidente Castelo Branco;RUA BATURITE;;CENTRO;SVN4671;Colisão;Não informado;Não informado;Não informado;Y;Não informado;Longo da via;0;1;0;0;0;0;0;0;0;0;0;0;0;(-38.5225811 -3.7228788);
PVO6964;2021-07-27 19:28:00;AV ABOLIÇAO;AV ALM HENRIQUE SABOIA;;MUCURIPE;PVO6964;Colisão;Não informado;Não informado;Não informado;Y;Não informado;Cruzamento;0;1;0;0;0;0;0;0;0;0;1;0;0;(-38.4809410988559 -3.724757518339122);
VXF1603;2021-07-15 11:00:00;Avenida General Osório de Paiva;;;BOM JARDIM;VXF1603;Colisão;Não informado;Não informado;Não informado;Meio de quadra;Não informado;Longo da via;0;1;0;1;1;0;0;0;0;0;0;0;0;(-38.5949496 -3.7975027);
AIS6980;2021-07-27 18:14:00;Rua Ari Maia;RUA 23 DE JUNHO;;GRANJA LISBOA;AIS6980;Colisão;Não informado;Não informado;Não informado;Cruz;Não informado;Cruzamento;0;1;0;1;1;0;0;0;0;0;0;0;0;(-38.61998579999999 -3.7786513);
QKC2855;2021-07-27 18:04:00;Rua João Brígido;RUA NOGUEIRA ACIOLI;;JOAQUIM TVORA;QKC2855;Colisão;Não informado;Não informado;Não informado;Cruz;Não informado;Cruzamento;0;1;0;1;1;0;0;0;0;0;0;0;0;(-38.5200393 -3.7392651);
CVQ4428;2021-07-27 17:50:00;BR-116;;;MESSEJANA;CVQ4428;Colisão;Não informado;Não informado;Não informado;Meio de quadra;Não informado;Longo da via;0;1;0;0;0;0;0;0;0;0;1;0;0;(-38.49905589999999 -3.8443647);
FMV1764;2021-07-27 14:25:00;AV GOV RAUL BARBOSA;;;AEROLANDIA;FMV1764;Não informado;Não informado;Não informado;Não informado;Meio de quadra;Não informado;Longo da via;0;1;0;1;0;0;0;0;0;0;0;0;0;(-38.5105697 -3.7698287);
LLH9552;2021-07-15 10:31:00;Avenida Pompílio Gomes;;;PASSARE;LLH9552;Colisão;Não informado;Não informado;Não informado;Meio de quadra;Não informado;Longo da via;0;1;0;2;0;0;0;0;0;0;0;0;0;(-38.51990475184404 -3.811037733000703);
SSE1332;2021-07-15 10:15:00;Avenida Desembargador Moreira;AV PONTES VIEIRA;;ALDEOTA;SSE1332;Queda;Não informado;Não informado;Não informado;Cruz;Não informado;Longo da via;0;1;0;1;0;0;0;0;0;0;0;0;0;(-38.50314093846361 -3.751574148159395);
JJV7907;2021-07-27 13:11:00;Avenida Coronel Virgílio Nogueira;RUA OSCAR FRANCA;;GRANJA LISBOA;JJV7907;Colisão;Não informado;Não informado;Não informado;Cruz;Não informado;Cruzamento;0;1;0;1;1;0;0;0;0;0;0;0;0;(-38.608861 -3.7889508);
UCA1064;2021-07-15 09:21:00;Avenida Carneiro de Mendonça;RUA MINAS GERAIS;;JOQUEI CLUBE;UCA1064;Colisão;Não informado;Não informado;Não informado;Cruz;Não informado;Longo da via;0;1;0;1;1;0;0;0;0;0;0;0;0;(-38.56917929999999 -3.7627872);
HHV3994;2021-07-15 04:55:00;Avenida Presidente Juscelino Kubitschek;;;PASSARE;HHV3994;Atropelamento;Não informado;Não informado;Não informado;Meio de quadra;Não informado;Longo da via;0;1;0;0;0;0;0;0;0;0;0;0;0;(-38.53486613624864 -3.820864968890233);
YIB9965;2021-07-15 02:45:00;Rua Frei Mansueto;;;MEIRELES;YIB9965;Colisão;Não informado;Não informado;Não informado;Meio de quadra;Não informado;Longo da via;0;1;0;1;1;0;0;0;0;0;0;0;0;(-38.48886088675604 -3.729707185616697);
KGL0232;2021-07-27 12:41:00;Avenida Coronel Carvalho;;;BARRA DO CEARA;KGL0232;Colisão;Não informado;Não informado;Não informado;Meio de quadra;Não informado;Longo da via;0;1;0;1;1;0;0;0;0;0;0;0;0;(-38.5911159 -3.7061717);
RFS3751;2021-07-15 00:56:00;Rua Olavo Bilac;RUA BAR CRATO;;VILA ELLERY;RFS3751;Atropelamento;Não informado;Não informado;Não informado;Cruz;Não informado;Longo da via;0;1;0;0;1;0;0;0;0;0;0;0;0;(-38.5664265 -3.7230512);
YXW5936;2021-07-27 12:10:00;AV BR DE AQUIRAZ;;;PAUPINA;YXW5936;Colisão;Não informado;Não informado;Não informado;Meio de quadra;Não informado;Longo da via;0;1;0;2;0;0;0;0;0;0;0;0;0;(-38.4858113 -3.8420974);
MFX8267;2021-07-15 00:26:00;Rua Tebas;;;SIQUEIRA;MFX8267;Atropelamento;Não informado;Não informado;Não informado;Meio de quadra;Não informado;Longo da via;0;1;0;0;1;0;0;0;0;0;0;0;0;(-38.62129763977911 -3.814929032115133);
FZH8268;2021-07-15 00:05:00;Avenida Beira Mar;;;PRAIA DE IRACEMA;FZH8268;Queda;Não informado;Não informado;Não informado;Meio de quadra;Não informado;Longo da via;0;1;0;0;0;0;0;0;0;1;0;0;0;(-38.51239457950414 -3.72007163145959);
EZA3432;2021-07-27 12:01:00;AV ODILON GUIMARAES;;;GUAJERU;EZA3432;Colisão;Não informado;Não informado;Não informado;Meio de quadra;Não informado;Longo da via;0;1;0;1;1;0;0;0;0;0;0;0;0;(-38.4718574 -3.8169192);
KXU5863;2021-07-27 11:58:00;Avenida da Abolição;;;MEIRELES;KXU5863;Colisão;Não informado;Não informado;Não informado;Meio de quadra;Não informado;Longo da via;0;1;0;1;1;0;0;0;0;0;0;0;0;(-38.4901244 -3.726243);
LAO3997;2021-07-14 23:41:00;Rua Fernando Farias de Melo;;;MANOEL SATIRO;LAO3997;Queda;Não informado;Não informado;Não informado;Meio de quadra;Não informado;Longo da via;0;1;0;0;0;0;0;0;0;1;0;0;0;(-38.57825354270533 -3.793234949130042);
ZHU6211;2021-07-14 22:51:00;Rua Monsenhor Carneiro da Cunha;;;ENGENHEIRO LUCIANO CAVALCANTE;ZHU6211;Colisão;Não informado;Não informado;Não informado;Meio de quadra;Não informado;Longo da via;0;1;0;1;1;0;0;0;0;0;0;0;0;(-38.4930579 -3.7753063);
ZUU2581;2021-07-14 22:35:00;Avenida Oscar Araripe;;;BOM JARDIM;ZUU2581;Queda;Não informado;Não informado;Não informado;Meio de quadra;Não informado;Longo da via;0;1;0;0;0;0;0;0;0;1;0;0;0;(-38.60046759518631 -3.790842304059897);
HDM9756;2021-07-14 22:23:00;Avenida da Abolição;;;MEIRELES;HDM9756;Colisão;Não informado;Não informado;Não informado;Meio de quadra;Não informado;Longo da via;0;1;0;0;2;0;0;0;0;0;0;0;0;(-38.49605456617326 -3.72712165560925);
JSJ2933;2021-07-14 22:04:00;Avenida Beira Mar;;;MEIRELES;JSJ2933;Queda;Não informado;Não informado;Não informado;Meio de quadra;Não informado;Longo da via;0;1;0;0;0;0;0;0;0;1;0;0;0;(-38.50449815804093 -3.723283494565339);
TDD4504;2021-07-14 21:43:00;Avenida Washington Soares;;;EDSON QUEIROZ;TDD4504;Colisão;Não informado;Não informado;Não informado;Meio de quadra;Não informado;Longo da via;0;1;0;0;1;0;0;0;0;1;0;0;0;(-38.481665 -3.7762191);
RQE7982;2021-07-27 11:25:00;Avenida Benu Marcondes;;;VILA VELHA;RQE7982;Colisão;Não informado;Não informado;Não informado;Meio de quadra;Não informado;Longo da via;0;1;0;1;1;0;0;0;0;0;0;0;0;(-38.5954299 -3.7130503);
HTH9319;2021-07-27 11:21:00;Rua Catolé;;;CONJUNTO PALMEIRAS;HTH9319;Atropelamento;Não informado;Não informado;Não informado;Meio de quadra;Não informado;Longo da via;0;1;0;1;0;0;0;0;0;0;0;0;0;(-38.5219881 -3.852454);
HPT7328;2021-07-27 11:17:00;Avenida Washington Soares;;;EDSON QUEIROZ;HPT7328;Queda;Não informado;Não informado;Não informado;Meio de quadra;Não informado;Longo da via;0;1;0;1;0;0;0;0;0;0;0;0;0;(-38.481665 -3.7762191);
KHB3967;2021-07-14 21:24:00;Rua Equador;RUA GALILEU;;ITAOCA;KHB3967;Atropelamento;Não informado;Não informado;Não informado;Cruz;Não informado;Longo da via;0;2;0;1;0;0;0;0;0;0;0;0;0;(-38.5531276 -3.7762451);
MSC4944;2021-07-14 20:49:00;Avenida Castelo de Castro;;;JANGURUSSU;MSC4944;Queda;Não informado;Não informado;Não informado;Meio de quadra;Não informado;Longo da via;0;1;0;1;0;0;0;0;0;0;0;0;0;(-38.52156773269303 -3.832977578037907);
RWR4670;2021-07-27 10:50:00;AV AUGUSTO DOS ANJOS;;;BONSUCESSO;RWR4670;Colisão;Não informado;Não informado;Não informado;Meio de quadra;Não informado;Longo da via;0;1;0;2;0;0;0;0;0;0;0;0;0;(-38.576875 -3.7772715);
SBL5567;2021-07-27 10:44:00;BR 116;;;MESSEJANA;SBL5567;Colisão;Não informado;Não informado;Não informado;Meio de quadra;Não informado;Longo da via;0;1;0;0;0;0;0;0;0;0;1;0;0;(-38.5004982 -3.8114776);
NKX0118;2021-07-27 10:42:00;Rua Professor Costa Mendes;RUA EDITE BRAGA;;MONTESE;NKX0118;Colisão;Não informado;Não informado;Não informado;Cruz;Não informado;Cruzamento;0;1;0;0;0;0;0;0;0;0;1;0;0;(-38.5442827 -3.7569451);
OPY0830;2021-07-14 20:42:00;Avenida Washington Soares;;;SAPIRANGA / COITE;OPY0830;Outros;Não informado;Não informado;Não informado;Meio de quadra;Não informado;Longo da via;0;1;0;1;0;0;0;0;0;0;0;0;0;(-38.48083569040696 -3.786538737877637);
RJU5305;2021-07-27 10:07:00;Avenida Doutor Silas Munguba;;;PASSARE;RJU5305;Colisão;Não informado;Não informado;Não informado;Meio de quadra;Não informado;Longo da via;0;1;0;1;1;0;0;0;0;0;0;0;0;(-38.5285702 -3.803575999999999);
TIL3631;2021-07-14 20:25:00;Avenida Presidente Castelo Branco;;;CRISTO REDENTOR;TIL3631;Colisão;Não informado;Não informado;Não informado;Meio de quadra;Não informado;Longo da via;0;1;0;2;0;0;0;0;0;0;0;0;0;(-38.56944352554759 -3.707937960234479);
AXB4433;2021-07-14 18:52:00;Rua Siqueira Campos;;;SIQUEIRA;AXB4433;Colisão;Não informado;Não informado;Não informado;Meio de quadra;Não informado;Longo da via;0;1;0;1;1;0;0;0;0;0;0;0;0;(-38.62575009149622 -3.815383997161148);
RTQ6136;2021-07-27 03:59:00;AV RAUL BARBOSA;;;AEROPORTO;RTQ6136;Queda;Não informado;Não informado;Não informado;Meio de quadra;Não informado;Longo da via;0;1;0;1;0;0;0;0;0;0;0;0;0;(-38.5129508 -3.7779506);
AOT6779;2021-07-14 18:30:00;Rua Quatro de Outubro;RUA NOSSA SRA APARECIDA;;MONDUBIM;AOT6779;Colisão;Não informado;Não informado;Não informado;Cruz;Não informado;Longo da via;0;1;0;1;1;0;0;0;0;0;0;0;0;(-38.58841374646591 -3.835867879236324);
HYM6681;2021-07-14 18:10:00;Rua João Gentil;;;BENFICA;HYM6681;Atropelamento;Não informado;Não informado;Não informado;Não informado;Não informado;Longo da via;0;1;0;1;0;0;0;0;0;0;0;0;0;(-38.5376454 -3.7433435);
MDA2233;2021-07-27 02:01:00;Avenida Doutor Silas Munguba;;;PARANGABA;MDA2233;Colisão;Não informado;Não informado;Não informado;Meio de quadra;Não informado;Longo da via;0;1;0;2;0;0;0;0;0;0;0;0;0;(-38.5462712 -3.788125);
RCC7108;2021-07-27 01:49:00;Estrada do Jatobá;;;BOM JARDIM;RCC7108;Atropelamento de Animal;Não informado;Não informado;Não informado;Meio de quadra;Não informado;Longo da via;0;1;0;1;0;0;0;0;0;0;0;0;0;(-38.62642600722967 -3.794203781155816);
ROR4410;2021-07-26 22:03:00;AV OLAVO BILAC;;;PRESIDENTE KENNEDY;ROR4410;Atropelamento;Não informado;Não informado;Não informado;Meio de quadra;Não informado;Longo da via;0;1;0;0;1;0;0;0;0;0;0;0;0;(-38.56217994777517 -3.731331083937719);
WIH0638;2021-07-14 17:25:00;Rua José de Pontes;;;PARQUELANDIA;WIH0638;Atropelamento;Não informado;Não informado;Não informado;Meio de quadra;Não informado;Longo da via;0;1;0;1;0;0;0;0;0;0;0;0;0;(-38.56834546541926 -3.736981959038002);
LLL1094;2021-07-14 17:14:00;Avenida General Osório de Paiva;;;CANINDEZINHO;LLL1094;Colisão;Não informado;Não informado;Não informado;Meio de quadra;Não informado;Longo da via;0;1;0;1;1;0;0;0;0;0;0;0;0;(-38.60425488017982 -3.807173179180082);
GNQ1186;2021-07-26 21:58:00;Avenida Santos Dumont;RUA SILVA PAULET;;ALDEOTA;GNQ1186;Colisão;Não informado;Não informado;Não informado;Cruz;Não informado;Cruzamento;0;1;0;1;1;0;0;0;0;0;0;0;0;(-38.5049326 -3.7343852);
JGT2614;2021-07-26 21:43:00;Rua da Sorte;;;BOM JARDIM;JGT2614;Queda;Não informado;Não informado;Não informado;Meio de quadra;Não informado;Longo da via;0;1;0;1;0;0;0;0;0;0;0;0;0;(-38.6166683 -3.8003961);
LKU7887;2021-07-26 21:18:00;AV OLIVEIRA PAIVA;;;CIDADE DOS FUNCIONRAIOS;LKU7887;Colisão;Não informado;Não informado;Não informado;Meio de quadra;Não informado;Longo da via;0;1;0;1;1;0;0;0;0;0;0;0;0;(-38.4936977 -3.7964091);
RKF0675;2021-07-14 15:06:00;Rua Porto Alegre;RUA AUDISIO PINHEIRO;;HENRIQUE JORGE;RKF0675;Colisão;Não informado;Não informado;Não informado;Cruz;Não informado;Longo da via;0;2;0;1;1;0;0;0;0;0;0;0;0;(-38.5899053 -3.760614);
CAI6740;2021-07-14 14:45:00;Rua José Mendonça;;;GENIBAU;CAI6740;Colisão;Não informado;Não informado;Não informado;Meio de quadra;Não informado;Longo da via;0;1;0;0;1;0;0;0;0;1;0;0;0;(-38.60279038772405 -3.760272604311358);
XWJ2421;2021-07-26 20:36:00;Avenida Jornalista Tomaz Coelho;;;MESSEJANA;XWJ2421;Colisão;Não informado;Não informado;Não informado;Meio de quadra;Não informado;Longo da via;0;1;0;1;0;0;1;0;0;0;0;0;0;(-38.5107767 -3.8295793);
SKT8296;2021-07-26 20:04:00;Rua Franklin Távora;;;CENTRO;SKT8296;Colisão;Não informado;Não informado;Não informado;Meio de quadra;Não informado;Longo da via;0;1;0;0;0;0;0;0;0;0;1;0;0;(-38.5186786 -3.7306564);
EYX4245;2021-07-14 14:03:00;Rua Pedro Muniz;;;PARANGABA;EYX4245;Colisão;Não informado;Não informado;Não informado;Meio de quadra;Não informado;Longo da via;0;1;0;1;1;0;0;0;0;0;0;0;0;(-38.56292201720994 -3.7644638909793);
YLW0484;2021-07-14 11:27:00;Rua Pôrto Velho;;;HENRIQUE JORGE;YLW0484;Colisão;Não informado;Não informado;Não informado;Meio de quadra;Não informado;Longo da via;0;1;0;1;1;0;0;0;0;0;0;0;0;(-38.59127296649736 -3.763703786848001);
NHN3057;2021-07-14 09:18:00;Avenida General Osório de Paiva;;;PARANGABA;NHN3057;Colisão;Não informado;Não informado;Não informado;Meio de quadra;Não informado;Longo da via;0;1;0;1;1;0;0;0;0;0;0;0;0;(-38.56868878183956 -3.776989454956779);
NLD3716;2021-07-26 17:05:00;AV CEL CARVALHO;;;BARRA DO CEARA;NLD3716;Colisão;Não informado;Não informado;Não informado;Meio de quadra;Não informado;Longo da via;0;1;0;2;0;0;0;0;0;0;0;0;0;(-38.5910907 -3.7047595);
MII0604;2021-07-14 03:38:00;Rua Professor Álvaro Costa;;;VICENTE PINZON;MII0604;Colisão;Não informado;Não informado;Não informado;Meio de quadra;Não informado;Longo da via;0;1;0;2;0;0;0;0;0;0;0;0;0;(-38.46584216500239 -3.723668917350858);
BEX5433;2021-07-26 16:05:00;Rua Luciano Queiroz;AV CARNEIRO DE MENDONCA;;JOQUEI CLUBE;BEX5433;Colisão;Não informado;Não informado;Não informado;Y;Não informado;Cruzamento;0;1;0;1;1;0;0;0;0;0;0;0;0;(-38.578792 -3.7579818);
TFT0653;2021-07-14 02:29:00;Rua Germano Franck;RUA EDUARDO PERDIGAO;;PARANGABA;TFT0653;Colisão;Não informado;Não informado;Não informado;Cruz;Não informado;Longo da via;0;2;0;0;0;0;0;0;0;0;0;0;0;(-38.5625667 -3.7777347);
JCA2271;2021-07-14 00:04:00;Avenida Alberto Nepomuceno;;;CENTRO;JCA2271;Queda;Não informado;Não informado;Não informado;Meio de quadra;Não informado;Longo da via;0;1;0;1;0;0;0;0;0;0;0;0;0;(-38.5238690692007 -3.722378820975434);
FHQ0450;2021-07-13 23:54:00;Avenida Doutor Theberge;;;ALVARO WEYNE;FHQ0450;Atropelamento;Não informado;Não informado;Não informado;Meio de quadra;Não informado;Longo da via;0;1;0;0;1;0;0;0;0;0;0;0;0;(-38.56683269859656 -3.72047311498822);
VUR7228;2021-07-13 22:01:00;Avenida 20 de Janeiro;;;BARRA DO CEARA;VUR7228;Atropelamento;Não informado;Não informado;Não informado;Meio de quadra;Não informado;Longo da via;0;2;0;1;0;0;0;0;0;0;0;0;0;(-38.58492688154933 -3.703953255195106);
PFU5632;2021-07-26 14:35:00;Rua Professor Nogueira;;;PARQUE ARAXA;PFU5632;Colisão;Não informado;Não informado;Não informado;Meio de quadra;Não informado;Longo da via;0;1;0;1;1;0;0;0;0;0;0;0;0;(-38.5497641 -3.7338671);
NFL1925;2021-07-26 11:53:00;Rua Padre Perdigão Sampaio;;;QUINTINO CUNHA;NFL1925;Colisão;Não informado;Não informado;Não informado;Meio de quadra;Não informado;Longo da via;0;1;0;1;1;0;0;0;0;0;0;0;0;(-38.5964849 -3.7330973);
ECE9487;2021-07-26 11:17:00;Rua 442;;;CONJUNTO CEARA I;ECE9487;Queda;Não informado;Não informado;Não informado;Meio de quadra;Não informado;Longo da via;0;1;0;1;0;0;0;0;0;0;0;0;0;(-38.6044718 -3.762744);
IAG4850;2021-07-26 09:51:00;RUA DR JOSE ROBERTO SALES;;;BARRA DO CEARA;IAG4850;Queda;Não informado;Não informado;Não informado;Meio de quadra;Não informado;Longo da via;0;1;0;1;0;0;0;0;0;0;0;0;0;(-38.5688834 -3.7024208);
RYA3935;2021-07-26 08:47:00;Avenida General Osório de Paiva;;;SIQUEIRA;RYA3935;Colisão;Não informado;Não informado;Não informado;Meio de quadra;Não informado;Longo da via;0;1;0;1;1;0;0;0;0;0;0;0;0;(-38.5727842 -3.7793987);
AVJ0248;2021-07-26 01:14:00;Avenida Presidente Castelo Branco;;;CRISTO REDENTOR;AVJ0248;Atropelamento;Não informado;Não informado;Não informado;Meio de quadra;Não informado;Longo da via;0;1;0;0;1;0;0;0;0;0;0;0;0;(-38.5629851 -3.7097907);
HTM9793;2021-07-26 00:59:00;RUA ZENILO ALMADA;;;PRESIDENTE KENNEDY;HTM9793;Atropelamento;Não informado;Não informado;Não informado;Meio de quadra;Não informado;Longo da via;0;1;0;0;1;0;0;0;0;0;0;0;0;(-38.5669891 -3.7252373);
KZV9298;2021-07-26 00:27:00;RUA MARIA TOMAZIA;;;ALDEOTA;KZV9298;Colisão;Não informado;Não informado;Não informado;Meio de quadra;Não informado;Longo da via;0;1;0;2;0;0;0;0;0;0;0;0;0;(-38.4950843 -3.736184);
WDE1030;2021-07-26 00:27:00;Rua Joaquim Correia;RUA PLANALTINA (PL AYRTON SENNA);;PLANALTO AYRTON SENNA;WDE1030;Colisão;Não informado;Não informado;Não informado;Cruz;Não informado;Cruzamento;0;1;0;1;1;0;0;0;0;0;0;0;0;(-38.5704575 -3.8349694);
EIY6911;2021-07-25 23:03:00;AV CASTELO DE CASTRO;;;JANGURUSSU;EIY6911;Colisão;Não informado;Não informado;Não informado;Meio de quadra;Não informado;Longo da via;0;1;0;1;1;0;0;0;0;0;0;0;0;(-38.5216603 -3.8435121);
LHQ7450;2021-07-25 22:55:00;Avenida Mister Hull;RUA BERTOLDO MOTA;;ANTONIO BEZERRA;LHQ7450;Atropelamento;Não informado;Não informado;Não informado;T;Não informado;Cruzamento;0;1;0;0;1;0;0;0;0;0;0;0;0;(-38.591883 -3.7394586);
CTZ8076;2021-07-25 22:19:00;Rua José do Paiol;;;CARLITO PAMPLONA;CTZ8076;Queda;Não informado;Não informado;Não informado;Meio de quadra;Não informado;Longo da via;0;1;0;0;0;0;0;0;0;1;0;0;0;(-38.5500956 -3.7148647);
VFH4854;2021-07-25 22:06:00;AV LESTE OESTE;;;BARRA DO CEARA;VFH4854;Queda;Não informado;Não informado;Não informado;Meio de quadra;Não informado;Longo da via;0;1;0;1;0;0;0;0;0;0;0;0;0;(-38.5833611 -3.7018234);
RCV9592;2021-07-25 22:05:00;DR SILAS MUNGUBA;;;PASSARE;RCV9592;Colisão;Não informado;Não informado;Não informado;Meio de quadra;Não informado;Longo da via;0;1;0;1;1;0;0;0;0;0;0;0;0;(-38.53057 -3.79992);
RWH3766;2021-07-25 21:56:00;Rua Gustavo Barroso;;;GRANJA PORTUGAL;RWH3766;Colisão;Não informado;Não informado;Não informado;Meio de quadra;Não informado;Longo da via;0;1;0;1;1;0;0;0;0;0;0;0;0;(-38.5989868 -3.7860724);
AWU7869;2021-07-13 21:41:00;Avenida H;AV A CJ CEARA;;CONJUNTO CEARA II;AWU7869;Atropelamento;Não informado;Não informado;Não informado;Cruz;Não informado;Longo da via;0;1;0;0;1;0;0;0;0;0;0;0;0;(-38.60607877996416 -3.77516415964903);
IRL8499;2021-07-13 21:37:00;Avenida Washington Soares;;;EDSON QUEIROZ;IRL8499;Colisão;Não informado;Não informado;Não informado;Meio de quadra;Não informado;Longo da via;0;1;0;0;0;0;0;0;0;0;0;0;0;(-38.48154215622935 -3.777922759482587);
CWP6103;2021-07-13 20:54:00;Avenida Edilson Brasil Soares;;;SAPIRANGA / COITE;CWP6103;Colisão;Não informado;Não informado;Não informado;Meio de quadra;Não informado;Longo da via;0;1;0;1;1;0;0;0;0;0;0;0;0;(-38.47154990062536 -3.788669112867209);
RSB6752;2021-07-25 21:56:00;Avenida H;;;CONJUNTO CEARA I;RSB6752;Atropelamento;Não informado;Não informado;Não informado;Meio de quadra;Não informado;Longo da via;0;1;0;0;0;0;0;1;0;0;0;0;0;(-38.6182052 -3.7766196);
EAU5106;2021-07-25 21:23:00;Avenida Recreio;AV MAE LISBOA;;LAGOA REDONDA;EAU5106;Colisão;Não informado;Não informado;Não informado;Y;Não informado;Cruzamento;0;1;0;1;1;0;0;0;0;0;0;0;0;(-38.4495835 -3.8057284);
XLZ7106;2021-07-25 20:23:00;Avenida Duque de Caxias;;;CENTRO;XLZ7106;Atropelamento;Não informado;Não informado;Não informado;Meio de quadra;Não informado;Longo da via;0;1;0;1;0;0;0;0;0;0;0;0;0;(-38.5294578 -3.731794);
HBC4355;2021-07-25 20:22:00;Avenida Washington Soares;;;EDSON QUEIROZ;HBC4355;Colisão;Não informado;Não informado;Não informado;Meio de quadra;Não informado;Longo da via;0;1;0;1;1;0;0;0;0;0;0;0;0;(-38.484597 -3.758969);
FWX4186;2021-07-13 20:10:00;Rodovia Estrada do Guarani (BR116);;;MESSEJANA;FWX4186;Colisão;Não informado;Não informado;Não informado;Meio de quadra;Não informado;Longo da via;0;1;0;1;1;0;0;0;0;0;0;0;0;(-38.50211635831233 -3.836751024875188);
BPK8154;2021-07-13 20:02:00;Rua Raul Cabral;;;VILA UNIAO;BPK8154;Colisão;Não informado;Não informado;Não informado;Meio de quadra;Não informado;Longo da via;0;1;0;1;1;0;0;0;0;0;0;0;0;(-38.53927567895513 -3.770603580999938);
PEW6614;2021-07-13 19:56:00;Rua Raimundo Arruda;;;PARQUE ARAXA;PEW6614;Colisão;Não informado;Não informado;Não informado;Meio de quadra;Não informado;Longo da via;0;1;0;1;1;0;0;0;0;0;0;0;0;(-38.55194107438045 -3.73404850357133);
CZZ5386;2021-07-13 19:49:00;Rua Carlos Walravem;;;JARDIM GUANABARA;CZZ5386;Colisão;Não informado;Não informado;Não informado;Meio de quadra;Não informado;Longo da via;0;1;0;0;0;0;0;0;0;0;0;0;0;(-38.59059170206264 -3.720232224892988);