COD_ACIDENTE;DATA;LOG1;LOG2;NUMERO;BAIRRO;AMC;NATUREZA;ILUMINACAO;TEMPO;SUPERFICIEPISTA;TIPOCRUZAMENTO;CONTROLETRAFEGO;USOSOLO;MORTOS;FERIDOS;ILESOS;MOTOCICLETA;AUTOMOVEL;MICROONIBUS;CAMINHAO;ONIBUS;CICLOMOTOR;BICICLETA;OUTROS;TREM;TRACAOANIMAL;COORDENADAS
DBW6868;2021-07-13 19:41:00;Rua Teodoro de Paiva;;;ENGENHEIRO LUCIANO CAVALCANTE;DBW6868;Colisão;Não informado;Não informado;Não informado;Meio de quadra;Não informado;Longo da via;0;1;0;2;0;0;0;0;0;0;0;0;0;(-38.49675194215918 -3.777155390703526);
SUX5200;2021-07-13 17:58:00;Rua Freire Alemão;;;SERRINHA;SUX5200;Queda;Não informado;Não informado;Não informado;Meio de quadra;Não informado;Longo da via;0;1;0;0;0;0;0;0;0;1;0;0;0;(-38.54470447985357 -3.788128490564908);
JVH3837;2021-07-13 17:55:00;Avenida Dioguinho;;;PRAIA DO FUTURO I;JVH3837;Colisão;Não informado;Não informado;Não informado;Meio de quadra;Não informado;Longo da via;0;1;0;0;0;0;0;0;0;0;0;0;0;(-38.45460908959937 -3.739267692173466);
DHT6473;2021-07-13 17:52:00;Travessa Jose Cláudio Gurgel Costa Lima;;;PRAIA DO FUTURO II;DHT6473;Colisão;Não informado;Não informado;Não informado;Meio de quadra;Não informado;Longo da via;0;1;0;0;0;0;0;0;0;0;0;0;0;(-38.44270542464463 -3.765678985642055);
ZOV5199;2021-07-13 17:18:00;Rua Cons Álvaro de Oliveira;;;PARQUELANDIA;ZOV5199;Colisão;Não informado;Não informado;Não informado;Meio de quadra;Não informado;Longo da via;0;1;0;1;1;0;0;0;0;0;0;0;0;(-38.55547086214778 -3.739353340137673);
TWZ4326;2021-07-13 15:57:00;Avenida Frei Cirilo;;;MESSEJANA;TWZ4326;Outros;Não informado;Não informado;Não informado;Meio de quadra;Não informado;Longo da via;0;1;0;1;0;0;0;0;0;0;0;0;0;(-38.49814131493455 -3.815683738706872);
WMM7915;2021-07-13 15:28:00;Rua Pedro I;RUA VINTE QUATRO DE MAIO;;CENTRO;WMM7915;Colisão;Não informado;Não informado;Não informado;Cruz;Não informado;Longo da via;0;2;0;1;1;0;0;0;0;0;0;0;0;(-38.5329485 -3.7298424);
NUU1093;2021-07-13 15:14:00;Rua Francisco Almeida;RUA EDUARDO ARAUJO;;PARQUE PRESIDENTE VARGAS;NUU1093;Colisão;Não informado;Não informado;Não informado;Cruz;Não informado;Longo da via;0;0;0;1;1;0;0;0;0;0;0;0;0;(-38.59322566204505 -3.820709746539625);
BCM5936;2021-07-25 13:36:00;Rua Andrade Furtado;;;COCO;BCM5936;Queda;Não informado;Não informado;Não informado;Meio de quadra;Não informado;Longo da via;0;1;0;0;0;0;0;0;0;1;0;0;0;(-38.4887481 -3.7426978);
MDW5298;2021-07-25 13:10:00;RUA JOAQUIM DOS ANJOS;;;PLANALTO AYRTON SENNA;MDW5298;Queda;Não informado;Não informado;Não informado;Meio de quadra;Não informado;Longo da via;0;1;0;1;0;0;0;0;0;0;0;0;0;(-38.5686522 -3.8313751);
PPJ9324;2021-07-25 10:37:00;Rua Jaborandi;;;JANGURUSSU;PPJ9324;Queda;Não informado;Não informado;Não informado;Meio de quadra;Não informado;Longo da via;0;1;0;1;0;0;0;0;0;0;0;0;0;(-38.5197558 -3.843875499999999);
RYF5989;2021-07-13 14:55:00;Rua Miguel Gurgel;;;MESSEJANA;RYF5989;Atropelamento;Não informado;Não informado;Não informado;Meio de quadra;Não informado;Longo da via;0;1;0;1;0;0;0;0;0;0;0;0;0;(-38.4824021185342 -3.840144436592515);
ZFI7747;2021-07-13 14:22:00;Rua Coronel Joaquim Franklin;;;ANTONIO BEZERRA;ZFI7747;Atropelamento;Não informado;Não informado;Não informado;Meio de quadra;Não informado;Longo da via;0;1;0;0;1;0;0;0;0;0;0;0;0;(-38.59224394305039 -3.743132548224859);
ROG5935;2021-07-13 13:43:00;Rua Chico França;RUA JOAO IVO;;MESSEJANA;ROG5935;Colisão;Não informado;Não informado;Não informado;Cruz;Não informado;Longo da via;0;1;0;1;1;0;0;0;0;0;0;0;0;(-38.49744394504767 -3.834813455672117);
IPW8361;2021-07-13 12:24:00;Rua Tarcísio Bonfim;;;PAPICU;IPW8361;Colisão;Não informado;Não informado;Não informado;Meio de quadra;Não informado;Longo da via;0;1;0;1;1;0;0;0;0;0;0;0;0;(-38.47627595760118 -3.736612601133864);
JLX1094;2021-07-13 11:42:00;Avenida José Tavares;;;CANINDEZINHO;JLX1094;Colisão;Não informado;Não informado;Não informado;Meio de quadra;Não informado;Longo da via;0;1;0;1;1;0;0;0;0;0;0;0;0;(-38.60118106137681 -3.810919976769487);
XQK3650;2021-07-25 09:38:00;AV JOSE BASTOS;;;RODOLFO TEOFILO;XQK3650;Colisão;Não informado;Não informado;Não informado;Meio de quadra;Não informado;Longo da via;0;1;0;1;1;0;0;0;0;0;0;0;0;(-38.5538192 -3.7537702);
HVB0914;2021-07-25 08:52:00;Avenida Senador Carlos Jereissati;;;AEROPORTO;HVB0914;Capotamento;Não informado;Não informado;Não informado;Meio de quadra;Não informado;Longo da via;0;1;0;0;0;0;0;0;0;0;1;0;0;(-38.5353259 -3.7822053);
WTH8408;2021-07-13 10:57:00;Avenida Antônio Sales;RUA BAR ARACATI;;ALDEOTA;WTH8408;Colisão;Não informado;Não informado;Não informado;Cruz;Não informado;Longo da via;0;1;0;0;0;0;0;0;0;0;0;0;0;(-38.5149098 -3.7415702);
KXF1764;2021-07-13 10:56:00;Avenida Carneiro de Mendonça;;;JOQUEI CLUBE;KXF1764;Colisão;Não informado;Não informado;Não informado;Meio de quadra;Não informado;Longo da via;0;1;0;1;1;0;0;0;0;0;0;0;0;(-38.57823208081081 -3.758297393262219);
PLM1471;2021-07-13 10:22:00;Avenida Governador Raul Barbosa;;;AEROLANDIA;PLM1471;Colisão;Não informado;Não informado;Não informado;Meio de quadra;Não informado;Longo da via;0;1;0;0;0;0;0;0;0;0;0;0;0;(-38.51311878297553 -3.776384592127487);
HQS3825;2021-07-25 06:53:00;Avenida Godofredo Maciel;;;MARAPONGA;HQS3825;Queda;Não informado;Não informado;Não informado;Meio de quadra;Não informado;Longo da via;0;1;0;1;0;0;0;0;0;0;0;0;0;(-38.5700693 -3.7966838);
YJC0104;2021-07-25 05:57:00;Rua Guanabara;;;PAN AMERICANO;YJC0104;Atropelamento;Não informado;Não informado;Não informado;Meio de quadra;Não informado;Longo da via;0;1;0;0;0;0;0;0;0;0;1;0;0;(-38.5682421 -3.7554275);
ZGI6437;2021-07-25 05:55:00;RUA JOSE TEIXEIRA COSTA;;;PAUPINA;ZGI6437;Colisão;Não informado;Não informado;Não informado;Meio de quadra;Não informado;Longo da via;0;1;0;1;1;0;0;0;0;0;0;0;0;(-38.4804806 -3.8483686);
VET6147;2021-07-13 09:35:00;Avenida Governador Raul Barbosa;;;AEROLANDIA;VET6147;Colisão;Não informado;Não informado;Não informado;Meio de quadra;Não informado;Longo da via;0;1;0;0;0;0;0;0;0;0;0;0;0;(-38.51304200951712 -3.775792358077771);
IKD6184;2021-07-21 04:43:00;Rua Euclides Paulino Barroso;RUA CON DE CASTRO;;CANINDEZINHO;IKD6184;Colisão;Não informado;Não informado;Não informado;Cruz;Não informado;Cruzamento;0;2;0;2;0;0;0;0;0;0;0;0;0;(-38.6046066 -3.8224959);
GRH3472;2021-07-13 01:32:00;Avenida Presidente Costa e Silva;;;PREFEITO JOSE VALTER;GRH3472;Colisão;Não informado;Não informado;Não informado;Meio de quadra;Não informado;Longo da via;0;1;0;0;1;0;0;1;0;0;0;0;0;(-38.5443558 -3.8244455);
UFN6433;2021-07-25 04:22:00;Avenida Filomeno Gomes;;;JACARECANGA;UFN6433;Atropelamento;Não informado;Não informado;Não informado;Meio de quadra;Não informado;Longo da via;0;1;0;0;1;0;0;0;0;0;0;0;0;(-38.5410236 -3.721262299999999);
SLO9373;2021-07-25 02:46:00;Rua Diogo Correia;RUA ANDRE REBOUCAS;;JOAO XXIII;SLO9373;Colisão;Não informado;Não informado;Não informado;Y;Não informado;Cruzamento;0;1;0;2;0;0;0;0;0;0;0;0;0;(-38.5885778 -3.7740608);
SEG3446;2021-07-25 02:37:00;Rua Escrivão Pinheiro;;;SAO JOAO DO TAUAPE;SEG3446;Atropelamento;Não informado;Não informado;Não informado;Meio de quadra;Não informado;Longo da via;0;1;0;0;0;0;0;0;0;0;0;1;0;(-38.5079149 -3.7597435);
YTW3132;2021-07-25 02:10:00;Rua Galileu;;;SERRINHA;YTW3132;Colisão;Não informado;Não informado;Não informado;Meio de quadra;Não informado;Longo da via;0;1;0;1;1;0;0;0;0;0;0;0;0;(-38.5521809 -3.7764881);
ENS1663;2021-07-25 00:44:00;Rua Cônego de Castro;;;VILA PERY;ENS1663;Queda;Não informado;Não informado;Não informado;Meio de quadra;Não informado;Longo da via;0;1;0;1;0;0;0;0;0;0;0;0;0;(-38.57926010000001 -3.7912022);
EGR1465;2021-07-12 22:46:00;Avenida Washington Soares;;;EDSON QUEIROZ;EGR1465;Queda;Não informado;Não informado;Não informado;Meio de quadra;Não informado;Longo da via;0;1;0;1;0;0;0;0;0;0;0;0;0;(-38.47937122774267 -3.801526189156018);
OVW3007;2021-07-24 20:07:00;Rua São Francisco;;;SIQUEIRA;OVW3007;Colisão;Não informado;Não informado;Não informado;Meio de quadra;Não informado;Longo da via;0;1;0;2;0;0;0;0;0;0;0;0;0;(-38.6029719 -3.7981374);
KVY9488;2021-07-12 22:43:00;Rua Carlos Magno;;;MONDUBIM;KVY9488;Queda;Não informado;Não informado;Não informado;Meio de quadra;Não informado;Longo da via;0;1;0;1;0;0;0;0;0;0;0;0;0;(-38.57910113459417 -3.815303709229363);
SZR7332;2021-07-12 19:41:00;CE-010;;;SABIAGUABA;SZR7332;Colisão;Não informado;Não informado;Não informado;Meio de quadra;Não informado;Longo da via;0;1;0;1;1;0;0;0;0;0;0;0;0;(-38.42848434212623 -3.805947437571244);
SSJ2613;2021-07-24 19:56:00;Rua Gustavo Braga;RUA PAPI JUNIOR;;RODOLFO TEOFILO;SSJ2613;Colisão;Não informado;Não informado;Não informado;Cruz;Não informado;Cruzamento;0;1;0;1;1;0;0;0;0;0;0;0;0;(-38.554847 -3.749159);
CIP3160;2021-07-24 19:26:00;Rua Amazonas;;;BELA VISTA;CIP3160;Colisão;Não informado;Não informado;Não informado;Meio de quadra;Não informado;Longo da via;0;1;0;0;1;0;0;0;0;1;0;0;0;(-38.566277 -3.752156);
KEX9200;2021-07-24 18:14:00;Rua 119;;;CONJUNTO CEARA II;KEX9200;Queda;Não informado;Não informado;Não informado;Meio de quadra;Não informado;Longo da via;0;1;0;1;0;0;0;0;0;0;0;0;0;(-38.6076896 -3.774965599999999);
YNU8052;2021-07-12 18:04:00;Rua André Chaves;;;JARDIM AMERICA;YNU8052;Colisão;Não informado;Não informado;Não informado;Meio de quadra;Não informado;Longo da via;0;1;0;0;1;0;0;0;0;1;0;0;0;(-38.54297713537136 -3.755637007083599);
FUU5850;2021-07-24 17:59:00;Avenida Mister Hull;;;PRESIDENTE KENNEDY;FUU5850;Colisão;Não informado;Não informado;Não informado;Meio de quadra;Não informado;Longo da via;0;1;0;0;0;0;0;0;0;0;1;0;0;(-38.5769177 -3.7372761);
PFX0037;2021-07-24 17:22:00;Avenida Luciano Carneiro;;;VILA UNIAO;PFX0037;Colisão;Não informado;Não informado;Não informado;Meio de quadra;Não informado;Longo da via;0;1;0;0;1;0;0;0;0;1;0;0;0;(-38.5378231 -3.7676953);
AQW3416;2021-07-24 17:02:00;Rua Teodoro de Castro;RUA ANTONIO NERY;;GRANJA PORTUGAL;AQW3416;Colisão;Não informado;Não informado;Não informado;Cruz;Não informado;Cruzamento;0;1;0;2;0;0;0;0;0;0;0;0;0;(-38.60100389999999 -3.7808823);
DYF7861;2021-07-24 16:47:00;Avenida Sabino Monte;;;SAO JOAO DO TAUAPE;DYF7861;Atropelamento;Não informado;Não informado;Não informado;Meio de quadra;Não informado;Longo da via;0;1;0;1;0;0;0;0;0;0;0;0;0;(-38.5110925 -3.7605561);
MAM6060;2021-07-24 16:31:00;Rua Vitória da Conquista;;;MANUEL DIAS BRANCO;MAM6060;Colisão;Não informado;Não informado;Não informado;Meio de quadra;Não informado;Longo da via;0;1;0;2;0;0;0;0;0;0;0;0;0;(-38.4692618 -3.7581239);
THG9218;2021-07-24 15:46:00;Rua Américo Rocha Lima;;;MANOEL SATIRO;THG9218;Colisão;Não informado;Não informado;Não informado;Meio de quadra;Não informado;Longo da via;0;1;0;0;1;0;0;0;0;1;0;0;0;(-38.5761331 -3.7991067);
GQM7637;2021-07-24 15:39:00;Avenida Dom Luís;RUA FRE MANSUETO;;ALDEOTA;GQM7637;Colisão;Não informado;Não informado;Não informado;Cruz;Não informado;Cruzamento;0;1;0;1;1;0;0;0;0;0;0;0;0;(-38.4886057 -3.7359642);
CEG4242;2021-07-12 18:01:00;Avenida Godofredo Maciel;;;MONDUBIM;CEG4242;Queda;Não informado;Não informado;Não informado;Meio de quadra;Não informado;Longo da via;0;1;0;0;0;0;0;0;0;1;0;0;0;(-38.57520490722749 -3.8129184015339);
VYT1016;2021-07-12 16:00:00;Avenida Borges de Melo;;;PARREAO;VYT1016;Outros;Não informado;Não informado;Não informado;Meio de quadra;Não informado;Longo da via;0;1;0;1;0;0;0;0;0;0;0;0;0;(-38.53358939279403 -3.757007347858657);
HDB6246;2021-07-12 13:57:00;BR-116;;;MESSEJANA;HDB6246;Colisão;Não informado;Não informado;Não informado;Meio de quadra;Não informado;Longo da via;0;1;0;0;0;0;0;0;0;0;0;0;0;(-38.50213781692278 -3.836772434455093);
RIB4485;2021-07-24 14:59:00;Rua Deputado Matoso Filho;;;QUINTINO CUNHA;RIB4485;Colisão;Não informado;Não informado;Não informado;Meio de quadra;Não informado;Longo da via;0;1;0;1;0;0;1;0;0;0;0;0;0;(-38.5940211 -3.7337689);
VLM7272;2021-07-24 13:16:00;BR-116;;;PEDRAS;VLM7272;Queda;Não informado;Não informado;Não informado;Meio de quadra;Não informado;Longo da via;0;1;0;1;0;0;0;0;0;0;0;0;0;(-38.50509 -3.904596999999999);
JFW2229;2021-07-24 12:41:00;Avenida Washington Soares;;;JOSE DE ALENCAR;JFW2229;Colisão;Não informado;Não informado;Não informado;Meio de quadra;Não informado;Longo da via;0;1;0;1;1;0;0;0;0;0;0;0;0;(-38.4825694 -3.8168078);
UIT3806;2021-07-12 11:37:00;Avenida Bernardo Manuel;;;PARQUE DOIS IRMAOS;UIT3806;Colisão;Não informado;Não informado;Não informado;Meio de quadra;Não informado;Longo da via;0;1;0;0;0;0;0;0;0;0;0;0;0;(-38.55014936696875 -3.79462664120218);
TKE0193;2021-07-12 10:58:00;Rua Eusébio de Queirós;RUA PRO TEODORICO;;MONTESE;TKE0193;Colisão;Não informado;Não informado;Não informado;Cruz;Não informado;Longo da via;0;1;0;0;1;0;0;0;0;1;0;0;0;(-38.55464473754879 -3.768216226297027);
ZAL7658;2021-07-12 10:48:00;Avenida Doutor Silas Munguba;;;PASSARE;ZAL7658;Colisão;Não informado;Não informado;Não informado;Meio de quadra;Não informado;Longo da via;0;1;0;1;1;0;0;0;0;0;0;0;0;(-38.52833762214757 -3.803340723634808);
TYU3028;2021-07-10 10:19:00;Avenida Contôrno;;;EDSON QUEIROZ;TYU3028;Queda;Não informado;Não informado;Não informado;Meio de quadra;Não informado;Longo da via;0;1;0;1;0;0;0;0;0;0;0;0;0;(-38.4746411 -3.7708535);
AIJ2032;2021-07-24 12:36:00;Avenida Santos Dumont;;;PAPICU;AIJ2032;Colisão;Não informado;Não informado;Não informado;Meio de quadra;Não informado;Longo da via;0;1;0;0;1;0;0;0;0;0;0;0;0;(-38.4700869 -3.745513);
HJN4584;2021-07-24 11:57:00;AV JOAO PESSOA;;;PARANGABA;HJN4584;Atropelamento;Não informado;Não informado;Não informado;Meio de quadra;Não informado;Longo da via;0;1;0;0;0;0;0;1;0;0;0;0;0;(-38.555982 -3.7596848);
XDG4625;2021-07-12 10:13:00;Avenida Sargento Hermínio Sampaio;;;MONTE CASTELO;XDG4625;Colisão;Não informado;Não informado;Não informado;Meio de quadra;Não informado;Longo da via;0;1;0;1;1;0;0;0;0;0;0;0;0;(-38.5566617552093 -3.725654912639964);
FWX8066;2021-07-12 09:21:00;Rua General Sampaio;;;CENTRO;FWX8066;Atropelamento;Não informado;Não informado;Não informado;Meio de quadra;Não informado;Longo da via;0;1;0;0;1;0;0;0;0;0;0;0;0;(-38.52938906708226 -3.72215934381058);
GIS1580;2021-07-24 10:58:00;Rua General Sampaio;;;CENTRO;GIS1580;Atropelamento;Não informado;Não informado;Não informado;Meio de quadra;Não informado;Longo da via;0;1;0;0;0;0;0;1;0;0;0;0;0;(-38.532981 -3.7331607);
FFE9177;2021-07-12 09:13:00;Avenida Doutor Silas Munguba;;;SERRINHA;FFE9177;Colisão;Não informado;Não informado;Não informado;Meio de quadra;Não informado;Longo da via;0;1;0;1;1;0;0;0;0;0;0;0;0;(-38.53607311928016 -3.792239352657045);
CEN5488;2021-07-24 09:35:00;Avenida Leste Oeste;;;BARRA DO CEARA;CEN5488;Colisão;Não informado;Não informado;Não informado;Meio de quadra;Não informado;Longo da via;0;1;0;1;1;0;0;0;0;0;0;0;0;(-38.57247419999999 -3.7069804);
DLA7412;2021-07-24 09:09:00;Avenida Duque de Caxias;;;CENTRO;DLA7412;Atropelamento;Não informado;Não informado;Não informado;Meio de quadra;Não informado;Longo da via;0;1;0;0;1;0;0;0;0;0;0;0;0;(-38.53761009999999 -3.7291295);
ECP5475;2021-07-24 01:40:00;Rua Bento Albuquerque;;;COCO;ECP5475;Colisão;Não informado;Não informado;Não informado;Meio de quadra;Não informado;Longo da via;0;1;0;1;1;0;0;0;0;0;0;0;0;(-38.4778054 -3.7452862);
NIF3416;2021-07-12 02:44:00;Rua Birmânia;;;MESSEJANA;NIF3416;Queda;Não informado;Não informado;Não informado;Meio de quadra;Não informado;Longo da via;0;2;0;1;0;0;0;0;0;0;0;0;0;(-38.47738101598638 -3.855730406539378);
NMX1675;2021-07-12 01:33:00;Avenida Santos Dumont;;;PRAIA DO FUTURO II;NMX1675;Queda;Não informado;Não informado;Não informado;Meio de quadra;Não informado;Longo da via;0;1;0;1;0;0;0;0;0;0;0;0;0;(-38.45733956195604 -3.749523976338489);
YPL3288;2021-07-11 23:35:00;Avenida H;AV G CJ CEARA;;CONJUNTO CEARA II;YPL3288;Colisão;Não informado;Não informado;Não informado;Cruz;Não informado;Longo da via;0;1;0;2;0;0;0;0;0;0;0;0;0;(-38.610175 -3.775745699999999);
NFQ5324;2021-07-11 23:00:00;Avenida Mister Hull;;;ANTONIO BEZERRA;NFQ5324;Atropelamento;Não informado;Não informado;Não informado;Meio de quadra;Não informado;Longo da via;0;1;0;1;0;0;0;0;0;0;0;0;0;(-38.5918266 -3.7396339);
SJH0191;2021-07-11 20:29:00;Rua Costa Freire;RUA JOAO RAMALHO;;PARQUE SAO JOSE;SJH0191;Colisão;Não informado;Não informado;Não informado;Meio de quadra;Não informado;Longo da via;0;1;0;2;0;0;0;0;0;0;0;0;0;(-38.589973 -3.7985424);
ABY2268;2021-07-11 20:58:00;Rua Pinto Madeira;;;CENTRO;ABY2268;Colisão;Não informado;Não informado;Não informado;Meio de quadra;Não informado;Longo da via;0;1;0;1;1;0;0;0;0;0;0;0;0;(-38.52115467273932 -3.731216746204102);
EPW8483;2021-07-11 20:22:00;Rua Vicente Sabóia;;;CRISTO REDENTOR;EPW8483;Atropelamento;Não informado;Não informado;Não informado;Meio de quadra;Não informado;Longo da via;0;1;0;0;1;0;0;0;0;0;0;0;0;(-38.5597194753629 -3.709343923895764);
GKR0756;2021-07-11 20:16:00;Rua Júlio Alcídes;;;MARAPONGA;GKR0756;Atropelamento;Não informado;Não informado;Não informado;Meio de quadra;Não informado;Longo da via;0;1;0;0;1;0;0;0;0;0;0;0;0;(-38.565889 -3.788148);
CBL5211;2021-07-23 23:07:00;Rua Vital Brasil;;;GRANJA PORTUGAL;CBL5211;Atropelamento;Não informado;Não informado;Não informado;Meio de quadra;Não informado;Longo da via;0;1;0;0;0;0;0;0;1;0;0;0;0;(-38.5943415 -3.7792314);
HNB7022;2021-07-23 23:01:00;Avenida Presidente Costa e Silva;;;PREFEITO JOSE VALTER;HNB7022;Atropelamento;Não informado;Não informado;Não informado;Não informado;Não informado;Longo da via;0;1;0;0;0;0;0;0;0;0;1;0;0;(-38.5503326 -3.823450799999999);
ROG5573;2021-07-23 21:53:00;Avenida Rogaciano Leite;;;JARDIM DAS OLIVEIRAS;ROG5573;Queda;Não informado;Não informado;Não informado;Meio de quadra;Não informado;Longo da via;0;1;0;0;0;0;0;0;0;1;0;0;0;(-38.4991825 -3.7738316);
RUQ3089;2021-07-11 19:57:00;Avenida Dionísio Leonel Alencar;;;JANGURUSSU;RUQ3089;Colisão;Não informado;Não informado;Não informado;Meio de quadra;Não informado;Longo da via;0;1;0;0;1;0;0;0;0;1;0;0;0;(-38.50159064276505 -3.844763522658459);
VYL7659;2021-07-11 19:08:00;Rua Canarana;;;ITAOCA;VYL7659;Atropelamento;Não informado;Não informado;Não informado;Meio de quadra;Não informado;Longo da via;0;1;0;1;0;0;0;0;0;0;0;0;0;(-38.55865195312546 -3.773579735977706);
WBC5664;2021-07-23 21:15:00;AV JOSE BASTOS;;;BELA VISTA;WBC5664;Queda;Não informado;Não informado;Não informado;Meio de quadra;Não informado;Longo da via;0;1;0;1;0;0;0;0;0;0;0;0;0;(-38.5538192 -3.7537702);
VLC0976;2021-07-11 19:05:00;Rua Carlos Vasconcelos;RUA PDE VALDEVINO;;ALDEOTA;VLC0976;Colisão;Não informado;Não informado;Não informado;Meio de quadra;Não informado;Longo da via;0;1;0;1;1;0;0;0;0;0;0;0;0;(-38.5131881 -3.740306699999999);
DAA5505;2021-07-11 18:26:00;Avenida José Jatahy;;;RODOLFO TEOFILO;DAA5505;Atropelamento;Não informado;Não informado;Não informado;Meio de quadra;Não informado;Longo da via;0;1;0;0;1;0;0;0;0;0;0;0;0;(-38.54335799333471 -3.740188407350102);
WIN9314;2021-07-11 18:03:00;Rua Evandro Luz;;;PADRE ANDRADE;WIN9314;Queda;Não informado;Não informado;Não informado;Meio de quadra;Não informado;Longo da via;0;1;0;1;0;0;0;0;0;0;0;0;0;(-38.57745424301144 -3.731473692428783);
CQL4406;2021-07-23 19:28:00;Rua José Pedra;;;PARQUE DOIS IRMAOS;CQL4406;Atropelamento;Não informado;Não informado;Não informado;Meio de quadra;Não informado;Longo da via;0;1;0;0;1;0;0;0;0;0;0;0;0;(-38.5478907 -3.789205699999999);
DAC4643;2021-07-11 16:01:00;Rua Raimundo Neri;;;BONSUCESSO;DAC4643;Colisão;Não informado;Não informado;Não informado;Meio de quadra;Não informado;Longo da via;0;1;0;1;1;0;0;0;0;0;0;0;0;(-38.58671859834418 -3.793422292424154);
SIE0523;2021-07-23 19:19:00;Avenida Doutor Silas Munguba;;;PARANGABA;SIE0523;Colisão;Não informado;Não informado;Não informado;Meio de quadra;Não informado;Longo da via;0;1;0;2;0;0;0;0;0;0;0;0;0;(-38.5429223 -3.7895058);
CZS5179;2021-07-11 15:11:00;Avenida Contorno Sul;;;MONDUBIM;CZS5179;Atropelamento;Não informado;Não informado;Não informado;Meio de quadra;Não informado;Longo da via;0;1;0;1;0;0;0;0;0;0;0;0;0;(-38.59033956784704 -3.817401898048985);
TCP1216;2021-07-11 15:06:00;Avenida José Tavares;RUA MARGARIDAS;;PARQUE SANTA ROSA;TCP1216;Colisão;Não informado;Não informado;Não informado;Meio de quadra;Não informado;Longo da via;0;2;0;2;0;0;0;0;0;0;0;0;0;(-38.59525874926722 -3.814811276416926);
DOS4072;2021-07-23 17:51:00;Rua Casemiro de Abreu 460;;;MARAPONGA;DOS4072;Colisão;Não informado;Não informado;Não informado;Meio de quadra;Não informado;Longo da via;0;1;0;1;1;0;0;0;0;0;0;0;0;(-38.5633407 -3.7830613);
KTE3151;2021-07-11 14:49:00;Rua Daura;;;BARROSO;KTE3151;Queda;Não informado;Não informado;Não informado;Meio de quadra;Não informado;Longo da via;0;1;0;0;0;0;0;0;0;1;0;0;0;(-38.51182058982447 -3.822395780912503);
BAO8722;2021-07-11 14:28:00;Avenida Carneiro de Mendonça;RUA BELO HORIZONTE;;DEMOCRITO ROCHA;BAO8722;Colisão;Não informado;Não informado;Não informado;Cruz;Não informado;Longo da via;0;1;0;1;1;0;0;0;0;0;0;0;0;(-38.5675835 -3.7636399);
HOO2950;2021-07-11 14:21:00;Via Ferrea;;;PAPICU;HOO2950;Colisão;Não informado;Não informado;Não informado;Meio de quadra;Não informado;Longo da via;0;1;0;1;1;0;0;0;0;0;0;0;0;(-38.48881795804083 -3.742527661907272);
JIN8588;2021-07-11 13:32:00;Avenida Bernardo Manuel;AV DR SILAS MUNGUBA;;SERRINHA;JIN8588;Colisão;Não informado;Não informado;Não informado;Cruz;Não informado;Longo da via;0;2;0;1;1;0;0;0;0;0;0;0;0;(-38.54782655636846 -3.787416581473376);
YIV1434;2021-07-11 13:15:00;Rodovia Br116;;;CIDADE DOS FUNCIONRAIOS;YIV1434;Queda;Não informado;Não informado;Não informado;Meio de quadra;Não informado;Longo da via;0;1;0;1;0;0;0;0;0;0;0;0;0;(-38.50581781261734 -3.798196856377945);
OGF7497;2021-07-11 07:53:00;Rua 1018;;;CONJUNTO CEARA II;OGF7497;Queda;Não informado;Não informado;Não informado;Meio de quadra;Não informado;Longo da via;0;1;0;1;0;0;0;0;0;0;0;0;0;(-38.61675933719977 -3.770244942931533);
QPP5973;2021-07-23 15:34:00;Avenida Radialista Jose Lima Verde;;;BARRA DO CEARA;QPP5973;Colisão;Não informado;Não informado;Não informado;Meio de quadra;Não informado;Longo da via;0;2;0;1;1;0;0;0;0;0;0;0;0;(-38.5872822 -3.699297);
VZU9498;2021-07-23 15:30:00;Avenida 20 de Janeiro;;;BARRA DO CEARA;VZU9498;Queda;Não informado;Não informado;Não informado;Meio de quadra;Não informado;Longo da via;0;1;0;0;0;0;0;0;0;1;0;0;0;(-38.5872276 -3.702726);
KFI8525;2021-07-23 15:25:00;AV I;AV F CJ JOSE WALTER;;PREFEITO JOSE VALTER;KFI8525;Colisão;Não informado;Não informado;Não informado;T;Não informado;Cruzamento;0;1;0;1;1;0;0;0;0;0;0;0;0;(-38.55372199180931 -3.836622985540367);
MEB5255;2021-07-23 14:43:00;Avenida Godofredo Maciel;;;MARAPONGA;MEB5255;Atropelamento;Não informado;Não informado;Não informado;Meio de quadra;Não informado;Longo da via;0;1;0;0;1;0;0;0;0;0;0;0;0;(-38.5688368 -3.7940778);
YCD1556;2021-07-23 13:45:00;AV PRE COSTA E SILVA;RUA BERNARDO MANUEL;;PREFEITO JOSE VALTER;YCD1556;Colisão;Não informado;Não informado;Não informado;Cruz;Não informado;Cruzamento;0;1;0;0;2;0;0;0;0;0;0;0;0;(-38.5581697 -3.8211691);
RZW9564;2021-07-23 13:18:00;Rua Barbosa de Freitas;;;DIONISIO TORRES;RZW9564;Colisão;Não informado;Não informado;Não informado;Meio de quadra;Não informado;Longo da via;0;1;0;2;0;0;0;0;0;0;0;0;0;(-38.500869 -3.747907);