COD_ACIDENTE;DATA;LOG1;LOG2;NUMERO;BAIRRO;AMC;NATUREZA;ILUMINACAO;TEMPO;SUPERFICIEPISTA;TIPOCRUZAMENTO;CONTROLETRAFEGO;USOSOLO;MORTOS;FERIDOS;ILESOS;MOTOCICLETA;AUTOMOVEL;MICROONIBUS;CAMINHAO;ONIBUS;CICLOMOTOR;BICICLETA;OUTROS;TREM;TRACAOANIMAL;COORDENADAS
QPQ4371;2021-07-23 12:47:00;Avenida Mister Hull;;;PADRE ANDRADE;QPQ4371;Colisão;Não informado;Não informado;Não informado;Meio de quadra;Não informado;Longo da via;0;1;0;1;1;0;0;0;0;0;0;0;0;(-38.5707575 -3.736463799999999);
RAE5208;2021-07-23 12:42:00;Rua Escrivão Azevedo;;;CIDADE DOS FUNCIONRAIOS;RAE5208;Queda;Não informado;Não informado;Não informado;Meio de quadra;Não informado;Longo da via;0;1;0;1;0;0;0;0;0;0;0;0;0;(-38.5055631 -3.7962624);
EST2081;2021-07-23 12:04:00;Avenida Doutor Silas Munguba;;;PARANGABA;EST2081;Colisão;Não informado;Não informado;Não informado;Meio de quadra;Não informado;Longo da via;0;1;0;1;1;0;0;0;0;0;0;0;0;(-38.5429223 -3.7895058);
IDW2210;2021-07-23 11:39:00;Rua Oscar França;RUA ZACARIAS FLORINDO;;BOM JARDIM;IDW2210;Colisão;Não informado;Não informado;Não informado;Cruz;Não informado;Cruzamento;0;1;0;1;1;0;0;0;0;0;0;0;0;(-38.6069845 -3.7895299);
QRZ0244;2021-07-11 06:57:00;Avenida Almirante Henrique Sabóia;;;MUCURIPE;QRZ0244;Colisão;Não informado;Não informado;Não informado;Meio de quadra;Não informado;Longo da via;0;1;0;0;1;0;0;0;0;0;0;0;0;(-38.48034054254202 -3.727519706612443);
SFE4857;2021-07-11 06:35:00;Rua Cacilda Becker;;;JOAO XXIII;SFE4857;Colisão;Não informado;Não informado;Não informado;Meio de quadra;Não informado;Longo da via;0;1;0;0;0;0;0;0;0;0;0;0;0;(-38.58735159193061 -3.774955401290095);
AFW9756;2021-07-11 03:42:00;Rua Verçosa Maia;;;SIQUEIRA;AFW9756;Atropelamento;Não informado;Não informado;Não informado;Meio de quadra;Não informado;Longo da via;0;1;0;0;1;0;0;0;0;0;0;0;0;(-38.62136736689205 -3.817321610305807);
DFT0296;2021-07-11 02:55:00;Avenida Presidente Castelo Branco;;;PIRAMBU;DFT0296;Atropelamento;Não informado;Não informado;Não informado;Meio de quadra;Não informado;Longo da via;0;1;0;1;0;0;0;0;0;0;0;0;0;(-38.54899064282201 -3.713519394434689);
WGT4638;2021-07-23 09:27:00;RUA GERMANO FRANK;RUA GUARA   D41;;PARANGABA;WGT4638;Colisão;Não informado;Não informado;Não informado;Y;Não informado;Cruzamento;0;3;0;0;0;0;0;0;0;0;2;0;0;(-38.5590555 -3.775964);
JDA1054;2021-07-11 02:17:00;Avenida Presidente Costa e Silva;;;PREFEITO JOSE VALTER;JDA1054;Colisão;Não informado;Não informado;Não informado;Meio de quadra;Não informado;Longo da via;0;1;0;0;1;0;0;0;0;1;0;0;0;(-38.53271501517472 -3.828262084191001);
XPY4355;2021-07-23 09:05:00;Avenida Deputado Paulino Rocha;;;BARROSO;XPY4355;Colisão;Não informado;Não informado;Não informado;Meio de quadra;Não informado;Longo da via;0;3;0;1;1;0;0;0;0;0;0;0;0;(-38.5143547 -3.811328199999999);
XTT0800;2021-07-11 01:54:00;Rua Seixas Correia;;;VILA PERY;XTT0800;Colisão;Não informado;Não informado;Não informado;Meio de quadra;Não informado;Longo da via;0;1;0;1;1;0;0;0;0;0;0;0;0;(-38.5783179133759 -3.779510604332427);
PGM5558;2021-07-11 01:46:00;Avenida Presidente Costa e Silva;;;PREFEITO JOSE VALTER;PGM5558;Colisão;Não informado;Não informado;Não informado;Meio de quadra;Não informado;Longo da via;0;1;0;0;0;0;0;0;0;0;0;0;0;(-38.53262377737494 -3.828272789087273);
QFF0856;2021-07-11 01:29:00;Rua Cônego Lima Sucupira;;;SERRINHA;QFF0856;Colisão;Não informado;Não informado;Não informado;Meio de quadra;Não informado;Longo da via;0;1;0;1;1;0;0;0;0;0;0;0;0;(-38.55190889045262 -3.777835191657307);
PMN9113;2021-07-22 21:16:00;Avenida Washington Soares;;;EDSON QUEIROZ;PMN9113;Colisão;Não informado;Não informado;Não informado;Meio de quadra;Não informado;Longo da via;0;1;0;0;1;0;0;0;0;1;0;0;0;(-38.481665 -3.7762191);
MGD5908;2021-07-11 01:24:00;Rua Raimundo Arruda;;;PARQUE ARAXA;MGD5908;Queda;Não informado;Não informado;Não informado;Meio de quadra;Não informado;Longo da via;0;1;0;1;0;0;0;0;0;0;0;0;0;(-38.55184987223659 -3.734562394288461);
VIL3591;2021-07-22 21:00:00;Rua Doutor Pergentino Maia;;;MESSEJANA;VIL3591;Queda;Não informado;Não informado;Não informado;Meio de quadra;Não informado;Longo da via;0;1;0;1;0;0;0;0;0;0;0;0;0;(-38.4860264 -3.831731099999999);
BEF6772;2021-07-11 01:07:00;Avenida Val Paraíso;;;CONJUNTO PALMEIRAS;BEF6772;Colisão;Não informado;Não informado;Não informado;Meio de quadra;Não informado;Longo da via;0;1;0;0;0;0;0;0;0;0;0;0;0;(-38.52458314771912 -3.84525100404736);
VNL0723;2021-07-22 18:29:00;Rua Teófilo Gurgel;;;FARIAS BRITO;VNL0723;Colisão;Não informado;Não informado;Não informado;Meio de quadra;Não informado;Longo da via;0;1;0;1;1;0;0;0;0;0;0;0;0;(-38.5466444 -3.7290462);
SKK4059;2021-07-11 00:02:00;Rua Sandra Gentil;;;SAPIRANGA / COITE;SKK4059;Atropelamento;Não informado;Não informado;Não informado;Meio de quadra;Não informado;Longo da via;0;1;0;1;0;0;0;0;0;0;0;0;0;(-38.4686370303146 -3.798630419734209);
VNL0723;2021-07-22 17:46:00;Avenida Mister Hull;;;ANTONIO BEZERRA;VNL0723;Colisão;Não informado;Não informado;Não informado;Meio de quadra;Não informado;Longo da via;0;1;0;1;1;0;0;0;0;0;0;0;0;(-38.5892175 -3.7385876);
YIR0774;2021-07-10 23:17:00;Rua Júlio César;;;DAMAS;YIR0774;Queda;Não informado;Não informado;Não informado;Meio de quadra;Não informado;Longo da via;0;1;0;0;0;0;0;0;0;1;0;0;0;(-38.54844346796058 -3.756557705029034);
UCQ8379;2021-07-22 16:25:00;RUA ISMAEL SILVA;RUA DALVA DE OLIVEIRA;;CONJUNTO PALMEIRAS;UCQ8379;Colisão;Não informado;Não informado;Não informado;Cruz;Não informado;Cruzamento;0;2;0;2;0;0;0;0;0;0;0;0;0;(-38.5253516 -3.8400913);
IMG8649;2021-07-10 22:12:00;Avenida Washington Soares;;;COCO;IMG8649;Colisão;Não informado;Não informado;Não informado;Meio de quadra;Não informado;Longo da via;0;1;0;1;1;0;0;0;0;0;0;0;0;(-38.48517018544866 -3.758447273932294);
HZB4806;2021-07-22 15:22:00;Rua General Góis Monteiro;;;PADRE ANDRADE;HZB4806;Colisão;Não informado;Não informado;Não informado;Meio de quadra;Não informado;Longo da via;0;1;0;2;0;0;0;0;0;0;0;0;0;(-38.5826493 -3.734173299999999);
ZSZ5519;2021-07-22 14:35:00;RUA CANDIDO MAIA;;;ANTONIO BEZERRA;ZSZ5519;Colisão;Não informado;Não informado;Não informado;Meio de quadra;Não informado;Longo da via;0;1;0;1;1;0;0;0;0;0;0;0;0;(-38.5901092 -3.7371858);
TFS5055;2021-07-10 21:51:00;Avenida Senador Carlos Jereissati;;;SERRINHA;TFS5055;Atropelamento;Não informado;Não informado;Não informado;Não informado;Não informado;Longo da via;0;1;0;0;1;0;0;0;0;0;0;0;0;(-38.5353259 -3.7822053);
IML4443;2021-07-22 14:31:00;Rua Cônego de Castro;;;PARQUE SANTA ROSA;IML4443;Colisão;Não informado;Não informado;Não informado;Meio de quadra;Não informado;Longo da via;0;1;0;0;1;0;0;0;0;1;0;0;0;(-38.5977861 -3.8130672);
IWS4755;2021-07-10 21:22:00;Rua Umarizeira;;;PARQUE SANTA ROSA;IWS4755;Atropelamento de Animal;Não informado;Não informado;Não informado;Meio de quadra;Não informado;Longo da via;0;1;0;0;1;0;0;0;0;0;0;0;0;(-38.59397665429641 -3.823990819902818);
YUF9855;2021-07-10 21:02:00;Rua Olavo Bilac;;;PRESIDENTE KENNEDY;YUF9855;Queda;Não informado;Não informado;Não informado;Meio de quadra;Não informado;Longo da via;0;1;0;1;0;0;0;0;0;0;0;0;0;(-38.56464937318649 -3.731093626111482);
IHX4922;2021-07-10 20:35:00;Avenida João Pessoa;;;PARANGABA;IHX4922;Colisão;Não informado;Não informado;Não informado;Meio de quadra;Não informado;Longo da via;0;1;0;1;1;0;0;0;0;0;0;0;0;(-51.22284664520239 -30.03274295041861);
FIR4874;2021-07-10 20:35:00;Avenida Washington Soares;;;JOSE DE ALENCAR;FIR4874;Queda;Não informado;Não informado;Não informado;Meio de quadra;Não informado;Longo da via;0;1;0;0;0;0;0;0;0;1;0;0;0;(-38.47894206280595 -3.811947666971025);
CPS9404;2021-07-10 19:37:00;Avenida Presidente Costa e Silva;;;JANGURUSSU;CPS9404;Colisão;Não informado;Não informado;Não informado;Meio de quadra;Não informado;Longo da via;0;1;0;1;1;0;0;0;0;0;0;0;0;(-38.53439943328752 -3.827940937240638);
JHQ7010;2021-07-22 14:19:00;Rua 1002;;;CONJUNTO CEARA I;JHQ7010;Atropelamento;Não informado;Não informado;Não informado;Meio de quadra;Não informado;Longo da via;0;1;0;1;0;0;0;0;0;0;0;0;0;(-38.6178266 -3.7734913);
YVQ4194;2021-07-22 13:29:00;Rua Felipe Camarão;;;CRISTO REDENTOR;YVQ4194;Atropelamento;Não informado;Não informado;Não informado;Meio de quadra;Não informado;Longo da via;0;1;0;0;1;0;0;0;0;0;0;0;0;(-38.559245 -3.708851);
VFP8127;2021-07-22 13:02:00;Rua São Paulo;;;CENTRO;VFP8127;Colisão;Não informado;Não informado;Não informado;Meio de quadra;Não informado;Longo da via;0;1;0;1;1;0;0;0;0;0;0;0;0;(-43.9393495 -19.9160478);
TSI9670;2021-07-22 12:55:00;Avenida Val Paraíso;RUA CATOLE;;CONJUNTO PALMEIRAS;TSI9670;Colisão;Não informado;Não informado;Não informado;Cruz;Não informado;Cruzamento;0;1;0;1;1;0;0;0;0;0;0;0;0;(-38.5203757 -3.8462847);
QNN2714;2021-07-22 12:38:00;Rua Doutor José Roberto Sales;;;BARRA DO CEARA;QNN2714;Queda;Não informado;Não informado;Não informado;Meio de quadra;Não informado;Longo da via;0;1;0;1;0;0;0;0;0;0;0;0;0;(-38.57637920000001 -3.6983203);
TLO5874;2021-07-22 11:11:00;Rua Cento e Sete;;;CONJUNTO ESPERANCA;TLO5874;Atropelamento;Não informado;Não informado;Não informado;Meio de quadra;Não informado;Longo da via;0;1;0;0;1;0;0;0;0;0;0;0;0;(-38.587659 -3.8093473);
ANV9960;2021-07-22 10:45:00;Avenida Washington Soares;;;MESSEJANA;ANV9960;Colisão;Não informado;Não informado;Não informado;Meio de quadra;Não informado;Longo da via;0;1;0;1;1;0;0;0;0;0;0;0;0;(-38.4822017 -3.828229);
WFP6877;2021-07-10 18:51:00;Avenida Treze de Maio;AV VIS RIO BRANCO;;FATIMA;WFP6877;Colisão;Não informado;Não informado;Não informado;Cruz;Não informado;Longo da via;0;1;0;0;0;0;0;0;0;0;0;0;0;(-38.52064505889093 -3.753544021513413);
IJY0155;2021-07-22 10:17:00;RUA MIGUEL PESSOA;AV JOAO PESSOA;;DAMAS;IJY0155;Colisão;Não informado;Não informado;Não informado;T;Não informado;Cruzamento;0;1;0;0;0;0;0;0;0;0;1;0;0;(-38.5542564 -3.757797);
MKL8040;2021-07-10 18:22:00;Avenida Presidente Costa e Silva;;;MONDUBIM;MKL8040;Queda;Não informado;Não informado;Não informado;Meio de quadra;Não informado;Longo da via;0;1;0;1;0;0;0;0;0;0;0;0;0;(-38.5678304716707 -3.816609725321404);
VJU2501;2021-07-10 16:47:00;Avenida Vicente de Castro;;;MUCURIPE;VJU2501;Colisão;Não informado;Não informado;Não informado;Meio de quadra;Não informado;Longo da via;0;1;0;0;0;0;0;0;0;0;0;0;0;(-38.47520307024196 -3.718540639258541);
OQW6749;2021-07-10 15:49:00;Avenida Sargento Hermínio Sampaio;RUA HENRIQUE ELERY;;VILA ELLERY;OQW6749;Colisão;Não informado;Não informado;Não informado;T;Não informado;Longo da via;0;1;0;1;1;0;0;0;0;0;0;0;0;(-38.55967655884579 -3.72624375135209);
KTY8602;2021-07-22 02:35:00;Avenida José Bastos;;;COUTO FERNANDES;KTY8602;Colisão;Não informado;Não informado;Não informado;Meio de quadra;Não informado;Longo da via;0;1;0;1;1;0;0;0;0;0;0;0;0;(-38.5565789 -3.755798);
FAI1300;2021-07-10 15:46:00;Rua Joaquim Correia;;;PLANALTO AYRTON SENNA;FAI1300;Queda;Não informado;Não informado;Não informado;Meio de quadra;Não informado;Longo da via;0;1;0;1;0;0;0;0;0;0;0;0;0;(-38.57096867310775 -3.834797398450427);
IES0286;2021-07-22 01:38:00;Rua Professor Edgard de Arruda;RUA MANAUS;;DOM LUSTOSA;IES0286;Capotamento;Não informado;Não informado;Não informado;Cruz;Não informado;Cruzamento;0;1;0;0;0;0;0;0;0;0;1;0;0;(-38.5901606 -3.755286);
EAE8085;2021-07-22 00:29:00;Rua Piauí;;;BELA VISTA;EAE8085;Colisão;Não informado;Não informado;Não informado;Meio de quadra;Não informado;Longo da via;0;1;0;0;1;0;0;0;0;1;0;0;0;(-42.5367232 -22.3004012);
QWX3013;2021-07-10 14:43:00;Avenida Filomeno Gomes;;;JACARECANGA;QWX3013;Colisão;Não informado;Não informado;Não informado;Meio de quadra;Não informado;Longo da via;0;1;0;0;0;0;0;0;0;0;0;0;0;(-38.5414322 -3.7200583);
HUS8302;2021-07-10 14:24:00;Avenida General Osório de Paiva;;;PARANGABA;HUS8302;Atropelamento;Não informado;Não informado;Não informado;Meio de quadra;Não informado;Longo da via;0;1;0;1;0;0;0;0;0;0;0;0;0;(-38.56815233933284 -3.776721816588731);
FKV9189;2021-07-10 13:43:00;Avenida Américo Barreira;;;PARANGABA;FKV9189;Queda;Não informado;Não informado;Não informado;Meio de quadra;Não informado;Longo da via;0;1;0;1;0;0;0;0;0;0;0;0;0;(-38.56928423012965 -3.766974371035762);
HFQ3897;2021-07-21 22:44:00;Avenida Pontes Vieira;;;FATIMA;HFQ3897;Atropelamento;Não informado;Não informado;Não informado;Meio de quadra;Não informado;Longo da via;0;1;0;1;0;0;0;0;0;0;0;0;0;(-38.5190725 -3.7535957);
RMG0188;2021-07-10 13:33:00;Rua Naturalista Feijó;;;MONTE CASTELO;RMG0188;Colisão;Não informado;Não informado;Não informado;Meio de quadra;Não informado;Longo da via;0;1;0;1;1;0;0;0;0;0;0;0;0;(-38.5521931806812 -3.722464470585909);
AVB1824;2021-07-21 22:32:00;Avenida Presidente Castelo Branco;;;PIRAMBU;AVB1824;Atropelamento;Não informado;Não informado;Não informado;Meio de quadra;Não informado;Longo da via;0;1;0;1;0;0;0;0;0;0;0;0;0;(-38.5523643 -3.7125347);
JSF6884;2021-07-10 11:53:00;Avenida Val Paraíso;;;JANGURUSSU;JSF6884;Colisão;Não informado;Não informado;Não informado;Meio de quadra;Não informado;Longo da via;0;1;0;1;1;0;0;0;0;0;0;0;0;(-38.52494731675553 -3.845047196885391);
SOS8772;2021-07-21 22:22:00;Avenida Tenente Lisboa;;;JACARECANGA;SOS8772;Colisão;Não informado;Não informado;Não informado;Meio de quadra;Não informado;Longo da via;0;1;0;2;0;0;0;0;0;0;0;0;0;(-38.5616843 -3.7193314);
EFW1715;2021-07-10 01:45:00;Avenida Porto Velho;;;HENRIQUE JORGE;EFW1715;Colisão;Não informado;Não informado;Não informado;Meio de quadra;Não informado;Longo da via;0;1;0;0;0;0;0;0;0;0;0;0;0;(-38.58475521923408 -3.767129603040346);
AKW1198;2021-07-10 01:28:00;Rua Franciscano;;;BOM JARDIM;AKW1198;Queda;Não informado;Não informado;Não informado;Meio de quadra;Não informado;Longo da via;0;1;0;1;0;0;0;0;0;0;0;0;0;(-38.60735014445684 -3.799898992747636);
TJY9948;2021-07-09 23:00:00;Avenida Bernardo Manuel;;;SERRINHA;TJY9948;Atropelamento;Não informado;Não informado;Não informado;Meio de quadra;Não informado;Longo da via;0;1;0;0;1;0;0;0;0;0;0;0;0;(-38.54668930279567 -3.783616154614515);
FQJ2851;2021-07-09 22:02:00;Avenida Humberto Monte;AV BEZERRA DE MENEZES;;PARQUELANDIA;FQJ2851;Colisão;Não informado;Não informado;Não informado;Cruz;Não informado;Longo da via;0;1;0;1;1;0;0;0;0;0;0;0;0;(-38.56919304534459 -3.736923075904286);
EVS6567;2021-07-21 22:07:00;RUA BR DE CANINDE;RUA TEN MOACIR MATOS;;MONTESE;EVS6567;Atropelamento;Não informado;Não informado;Não informado;T;Não informado;Cruzamento;0;1;0;0;1;0;0;0;0;0;0;0;0;(-38.55412 -3.766225399999999);
LOZ2900;2021-07-09 21:50:00;Avenida Doutor Theberge;;;PRESIDENTE KENNEDY;LOZ2900;Colisão;Não informado;Não informado;Não informado;Meio de quadra;Não informado;Longo da via;0;1;0;1;1;0;0;0;0;0;0;0;0;(-38.56913939131201 -3.727689081065348);
ZGI9834;2021-07-21 21:26:00;Rua 24 de Outubro;;;GENIBAU;ZGI9834;Colisão;Não informado;Não informado;Não informado;Meio de quadra;Não informado;Longo da via;0;2;0;1;1;0;0;0;0;0;0;0;0;(-38.6026222 -3.75147);
LPJ5206;2021-07-09 20:46:00;Avenida Washington Soares;;;PAUPINA;LPJ5206;Colisão;Não informado;Não informado;Não informado;Meio de quadra;Não informado;Longo da via;0;1;0;0;0;0;0;0;0;0;0;0;0;(-38.48053530059067 -3.844640418719277);
HLR0790;2021-07-21 20:54:00;Rua Waldery Uchôa;;;BENFICA;HLR0790;Colisão;Não informado;Não informado;Não informado;Meio de quadra;Não informado;Longo da via;0;1;0;0;1;0;0;0;0;1;0;0;0;(-38.538441 -3.743611);
RXO6102;2021-07-21 20:52:00;Rua Evandro Luz;RUA GAL GOIS MONTEIRO;;PADRE ANDRADE;RXO6102;Colisão;Não informado;Não informado;Não informado;Cruz;Não informado;Cruzamento;0;1;0;2;0;0;0;0;0;0;0;0;0;(-38.57706719999999 -3.7334185);
LES3660;2021-07-21 20:51:00;RUA BUENO;;;JOAO XXIII;LES3660;Colisão;Não informado;Não informado;Não informado;Meio de quadra;Não informado;Longo da via;0;1;0;1;1;0;0;0;0;0;0;0;0;(-38.5917945 -3.7702157);
NFQ6158;2021-07-21 20:45:00;Avenida Carneiro de Mendonça;;;DEMOCRITO ROCHA;NFQ6158;Colisão;Não informado;Não informado;Não informado;Meio de quadra;Não informado;Longo da via;0;1;0;1;1;0;0;0;0;0;0;0;0;(-38.5666375 -3.7641927);
WGR0136;2021-07-21 19:58:00;Avenida Jovita Feitosa;;;PARQUELANDIA;WGR0136;Queda;Não informado;Não informado;Não informado;Meio de quadra;Não informado;Longo da via;0;1;0;1;0;0;0;0;0;0;0;0;0;(-38.5621409 -3.741253999999999);
IFG2597;2021-07-21 19:23:00;Avenida General Osório de Paiva;;;VILA PERY;IFG2597;Colisão;Não informado;Não informado;Não informado;Meio de quadra;Não informado;Longo da via;0;1;0;1;1;0;0;0;0;0;0;0;0;(-38.5799437 -3.7843227);
KHR9358;2021-07-21 18:45:00;Rua 1018;;;CONJUNTO CEARA I;KHR9358;Queda;Não informado;Não informado;Não informado;Meio de quadra;Não informado;Longo da via;0;1;0;1;0;0;0;0;0;0;0;0;0;(-38.616703 -3.770354299999999);
WJK8070;2021-07-21 18:40:00;Avenida José Bastos;RUA PERNAMBUCO;;DEMOCRITO ROCHA;WJK8070;Colisão;Não informado;Não informado;Não informado;T;Não informado;Cruzamento;0;1;0;1;1;0;0;0;0;0;0;0;0;(-38.5651857 -3.761927);
RYM8198;2021-07-21 18:32:00;Avenida Francisca Maria da Conceição;;;PLANALTO AYRTON SENNA;RYM8198;Queda;Não informado;Não informado;Não informado;Meio de quadra;Não informado;Longo da via;0;1;0;1;0;0;0;0;0;0;0;0;0;(-38.5662221 -3.842068);
JEK3958;2021-07-21 17:21:00;RUA SGT HERMINIO;RUA CAP NESTOR GOIS;;MONTE CASTELO;JEK3958;Colisão;Não informado;Não informado;Não informado;Cruz;Não informado;Cruzamento;0;1;0;1;1;0;0;0;0;0;0;0;0;(-38.56035604845999 -3.726331324348494);
XVL5948;2021-07-21 16:17:00;Avenida Washington Soares;;;GUARARAPES;XVL5948;Colisão;Não informado;Não informado;Não informado;Meio de quadra;Não informado;Longo da via;0;2;0;0;0;0;0;0;0;0;2;0;0;(-38.4829948 -3.7630178);
FMM4878;2021-07-21 15:52:00;AV GOV RAUL BARBOSA;RUA MURILO BORGES;;AEROLANDIA;FMM4878;Colisão;Não informado;Não informado;Não informado;Rotatória;Não informado;Cruzamento;0;1;0;1;1;0;0;0;0;0;0;0;0;(-38.512539 -3.772964699999999);
VML4832;2021-07-21 14:12:00;Rodovia Senador Almir Pinto;;;CENTRO;VML4832;Colisão;Não informado;Não informado;Não informado;Meio de quadra;Não informado;Longo da via;0;1;0;0;0;0;0;0;0;0;1;0;0;(-38.6484821 -3.8525907);
ROY4746;2021-07-21 11:59:00;Avenida José Bastos;;;COUTO FERNANDES;ROY4746;Queda;Não informado;Não informado;Não informado;Meio de quadra;Não informado;Longo da via;0;1;0;1;0;0;0;0;0;0;0;0;0;(-38.5616282 -3.757779299999999);
RNU5662;2021-07-09 20:10:00;Rua Planaltina;;;PLANALTO AYRTON SENNA;RNU5662;Colisão;Não informado;Não informado;Não informado;Meio de quadra;Não informado;Longo da via;0;1;0;1;1;0;0;0;0;0;0;0;0;(-38.56819527930782 -3.829653719583887);
ROY4746;2021-07-21 04:01:00;BR-116;;;CIDADE DOS FUNCIONRAIOS;ROY4746;Atropelamento de Animal;Não informado;Não informado;Não informado;Meio de quadra;Não informado;Longo da via;0;1;0;0;1;0;0;0;0;0;0;0;0;(-38.5039385 -3.8029583);
DIK7834;2021-07-09 20:06:00;Rua Palmacia;RUA GEORGE CAVALCANTE;;VILA VELHA;DIK7834;Colisão;Não informado;Não informado;Não informado;Cruz;Não informado;Longo da via;0;1;0;2;0;0;0;0;0;0;0;0;0;(-38.5911365 -3.717829099999999);
XVS9331;2021-07-20 21:55:00;Avenida Washington Soares;;;MESSEJANA;XVS9331;Atropelamento;Não informado;Não informado;Não informado;Meio de quadra;Não informado;Longo da via;0;1;0;0;0;0;0;0;0;0;1;0;0;(-38.4826638 -3.8331349);
GXX6162;2021-07-09 19:42:00;Rua Professor Cabral;;;PARQUE PRESIDENTE VARGAS;GXX6162;Queda;Não informado;Não informado;Não informado;Meio de quadra;Não informado;Longo da via;0;1;0;1;0;0;0;0;0;0;0;0;0;(-38.59554306389197 -3.820356481774927);
UCZ0497;2021-07-20 21:37:00;Avenida Mister Hull;;;ANTONIO BEZERRA;UCZ0497;Queda;Não informado;Não informado;Não informado;Meio de quadra;Não informado;Longo da via;0;1;0;1;0;0;0;0;0;0;0;0;0;(-38.5817838 -3.7380017);
UZY8652;2021-07-09 19:25:00;Avenida Américo Barreira;;;RODOLFO TEOFILO;UZY8652;Queda;Não informado;Não informado;Não informado;Meio de quadra;Não informado;Longo da via;0;1;0;1;0;0;0;0;0;0;0;0;0;(-38.54813620554325 -3.747797736635471);
WAU6306;2021-07-20 21:10:00;Avenida João Pessoa;;;PARANGABA;WAU6306;Colisão;Não informado;Não informado;Não informado;Meio de quadra;Não informado;Longo da via;0;1;0;1;1;0;0;0;0;0;0;0;0;(-38.5615359 -3.768615);
RRQ6605;2021-07-09 19:10:00;Avenida Alberto Craveiro;;;;RRQ6605;Colisão;Não informado;Não informado;Não informado;Meio de quadra;Não informado;Longo da via;0;2;0;2;0;0;0;0;0;0;0;0;0;(-38.51706699253423 -3.790590728019029);
SEO1698;2021-07-20 21:06:00;Avenida da Abolição;;;MUCURIPE;SEO1698;Colisão;Não informado;Não informado;Não informado;Meio de quadra;Não informado;Longo da via;0;2;0;1;1;0;0;0;0;0;0;0;0;(-38.4853414 -3.725863099999999);
FOV7457;2021-07-09 18:15:00;Avenida Radialista João Ramos;;;PLANALTO AYRTON SENNA;FOV7457;Queda;Não informado;Não informado;Não informado;Meio de quadra;Não informado;Longo da via;0;1;0;0;0;0;0;0;0;0;1;0;0;(-38.56634453022223 -3.843623472454951);
OPL6400;2021-07-20 20:49:00;Avenida Presidente Castelo Branco;;;MOURA BRASIL;OPL6400;Queda;Não informado;Não informado;Não informado;Meio de quadra;Não informado;Longo da via;0;1;0;1;0;0;0;0;0;0;0;0;0;(-38.5344252 -3.718373);
DJE6010;2021-07-09 18:00:00;Avenida Sargento Hermínio Sampaio;;;MONTE CASTELO;DJE6010;Colisão;Não informado;Não informado;Não informado;Meio de quadra;Não informado;Longo da via;0;1;0;1;1;0;0;0;0;0;0;0;0;(-38.54876534383297 -3.724637826663603);
LMM8614;2021-07-09 17:50:00;Rua Tavares Coutinho;;;VARJOTA;LMM8614;Colisão;Não informado;Não informado;Não informado;Meio de quadra;Não informado;Longo da via;0;1;0;1;1;0;0;0;0;0;0;0;0;(-38.48755732097671 -3.732662067740307);
TVH4077;2021-07-20 18:47:00;RUA WENEFRIDO MELO;AV GODOFREDO MACIEL;;MARAPONGA;TVH4077;Colisão;Não informado;Não informado;Não informado;Cruz;Não informado;Cruzamento;0;2;0;1;1;0;0;0;0;0;0;0;0;(-38.5747921 -3.8116377);
BCL0799;2021-07-09 15:56:00;Rua Amazonas;;;BELA VISTA;BCL0799;Atropelamento;Não informado;Não informado;Não informado;Meio de quadra;Não informado;Longo da via;0;1;0;0;1;0;0;0;0;0;0;0;0;(-38.56360331753515 -3.753704608819256);
QIH5127;2021-07-20 18:27:00;Travessa Via Férrea Sobral;;;PRESIDENTE KENNEDY;QIH5127;Colisão;Não informado;Não informado;Não informado;Meio de quadra;Não informado;Longo da via;0;1;0;0;0;0;0;0;0;0;1;0;0;(-38.5709043 -3.7236364);
PTV0409;2021-07-21 16:56:00;RUA MIGUEL GURGEL;;;MESSEJANA;PTV0409;Atropelamento;Não informado;Não informado;Não informado;Meio de quadra;Não informado;Longo da via;0;1;0;1;0;0;0;0;0;0;0;0;0;(-38.4824514 -3.8402533);
QZX5831;2021-07-20 15:49:00;Rua Francisco Vasconcelos Júnior;;;PASSARE;QZX5831;Colisão;Não informado;Não informado;Não informado;Meio de quadra;Não informado;Longo da via;0;1;0;0;0;0;0;0;0;0;1;0;0;(-38.5309672 -3.8241631);
QPV4906;2021-07-09 15:02:00;Avenida D;AV I CJ JOSE WALTER;;PREFEITO JOSE VALTER;QPV4906;Atropelamento;Não informado;Não informado;Não informado;Cruz;Não informado;Longo da via;0;1;0;0;1;0;0;0;0;0;0;0;0;(-38.5530154 -3.8325173);
KSG8951;2021-07-09 13:31:00;Rua Padre Sá Leitão;;;JOQUEI CLUBE;KSG8951;Colisão;Não informado;Não informado;Não informado;Meio de quadra;Não informado;Longo da via;0;1;0;0;1;0;0;0;0;1;0;0;0;(-38.57966975047267 -3.758656036251261);