COD_ACIDENTE;DATA;LOG1;LOG2;NUMERO;BAIRRO;AMC;NATUREZA;ILUMINACAO;TEMPO;SUPERFICIEPISTA;TIPOCRUZAMENTO;CONTROLETRAFEGO;USOSOLO;MORTOS;FERIDOS;ILESOS;MOTOCICLETA;AUTOMOVEL;MICROONIBUS;CAMINHAO;ONIBUS;CICLOMOTOR;BICICLETA;OUTROS;TREM;TRACAOANIMAL;COORDENADAS
JPT3930;2021-07-20 15:24:00;Avenida Ulisses Bezerra;;;CIDADE DOS FUNCIONRAIOS;JPT3930;Colisão;Não informado;Não informado;Não informado;Meio de quadra;Não informado;Longo da via;0;1;0;1;1;0;0;0;0;0;0;0;0;(-38.5021577 -3.7993675);
QKE2720;2021-07-20 13:31:00;Rua Professor Heribaldo Costa;;;HENRIQUE JORGE;QKE2720;Queda;Não informado;Não informado;Não informado;Meio de quadra;Não informado;Longo da via;0;1;0;1;0;0;0;0;0;0;0;0;0;(-38.582089 -3.756806);
KBC4184;2021-07-20 12:12:00;Avenida Engenheiro Leal Lima Verde;;;SAPIRANGA / COITE;KBC4184;Colisão;Não informado;Não informado;Não informado;Meio de quadra;Não informado;Longo da via;0;1;0;1;1;0;0;0;0;0;0;0;0;(-38.4757415 -3.7969977);
QED1194;2021-07-09 12:59:00;Rua Desembargador Praxedes;;;DAMAS;QED1194;Colisão;Não informado;Não informado;Não informado;Meio de quadra;Não informado;Longo da via;0;1;0;2;0;0;0;0;0;0;0;0;0;(-38.5519769654296 -3.758031672836848);
KWL1053;2021-07-09 12:37:00;Rua Maria Tomásia;;;MEIRELES;KWL1053;Queda;Não informado;Não informado;Não informado;Meio de quadra;Não informado;Longo da via;0;1;0;0;0;0;0;0;0;1;0;0;0;(-38.49533573134232 -3.736125476703665);
LBT3715;2021-07-09 11:20:00;Avenida Visconde do Rio Branco;;;SAO JOAO DO TAUAPE;LBT3715;Colisão;Não informado;Não informado;Não informado;Meio de quadra;Não informado;Longo da via;0;1;0;0;1;0;0;0;0;1;0;0;0;(-38.52046267243119 -3.753843784460442);
AVW2806;2021-07-09 10:43:00;Rua Pernambuco;;;PICI;AVW2806;Colisão;Não informado;Não informado;Não informado;Meio de quadra;Não informado;Longo da via;0;1;0;2;0;0;0;0;0;0;0;0;0;(-38.58211055621923 -3.747179387527928);
LVF8922;2021-07-09 10:38:00;Avenida Independência;;;JARDIM GUANABARA;LVF8922;Colisão;Não informado;Não informado;Não informado;Meio de quadra;Não informado;Longo da via;0;1;0;1;1;0;0;0;0;0;0;0;0;(-38.59316125900265 -3.726334753663365);
WGV7739;2021-07-09 08:23:00;Avenida Washington Soares;;;ANCURI;WGV7739;Colisão;Não informado;Não informado;Não informado;Meio de quadra;Não informado;Longo da via;0;1;0;0;2;0;0;0;0;0;0;0;0;(-38.47399072044664 -3.854317404541657);
MVX9607;2021-07-09 04:57:00;Rua Professor Anacleto;;;PARQUE ARAXA;MVX9607;Queda;Não informado;Não informado;Não informado;Meio de quadra;Não informado;Longo da via;0;1;0;0;0;0;0;0;0;1;0;0;0;(-38.55262235500108 -3.736414539584972);
CKK6253;2021-07-20 11:34:00;Avenida Clóvis Arrais Maia;;;PRAIA DO FUTURO I;CKK6253;Queda;Não informado;Não informado;Não informado;Meio de quadra;Não informado;Longo da via;0;1;0;1;0;0;0;0;0;0;0;0;0;(-38.4531072 -3.7400294);
BFE5130;2021-07-20 10:44:00;Rua Fausto Cabral;;;PAPICU;BFE5130;Colisão;Não informado;Não informado;Não informado;Meio de quadra;Não informado;Longo da via;0;1;0;1;1;0;0;0;0;0;0;0;0;(-38.4726143 -3.7346748);
NUZ9710;2021-07-20 10:01:00;Rua Joaquim Nabuco;AV PDE ANTONIO TOMAS;;ALDEOTA;NUZ9710;Queda;Não informado;Não informado;Não informado;Cruz;Não informado;Cruzamento;0;1;0;1;0;0;0;0;0;0;0;0;0;(-38.5025712 -3.7391985);
GVD8855;2021-07-20 09:34:00;Avenida Almirante Henrique Sabóia;;;VARJOTA;GVD8855;Queda;Não informado;Não informado;Não informado;Meio de quadra;Não informado;Longo da via;0;1;0;1;0;0;0;0;0;0;0;0;0;(-38.4889452 -3.743048);
DRS2943;2021-07-20 03:50:00;Avenida Humberto Monte;;;PICI;DRS2943;Queda;Não informado;Não informado;Não informado;Meio de quadra;Não informado;Longo da via;0;1;0;1;0;0;0;0;0;0;0;0;0;(-38.5689799 -3.7385857);
SNT7177;2021-07-20 03:30:00;Rua Pedro Luiz Sobrinho;;;CIDADE DOS FUNCIONRAIOS;SNT7177;Colisão;Não informado;Não informado;Não informado;Meio de quadra;Não informado;Longo da via;0;2;0;2;0;0;0;0;0;0;0;0;0;(-38.5027693 -3.801688299999999);
CUL4055;2021-07-20 01:24:00;AV JOSE BASTOS;;;RODOLFO TEOFILO;CUL4055;Colisão;Não informado;Não informado;Não informado;Meio de quadra;Não informado;Longo da via;0;1;0;1;1;0;0;0;0;0;0;0;0;(-38.5538192 -3.7537702);
QGM2164;2021-07-19 23:25:00;Avenida Major Assis;;;JARDIM IRACEMA;QGM2164;Colisão;Não informado;Não informado;Não informado;Meio de quadra;Não informado;Longo da via;0;1;0;0;0;0;0;0;0;0;1;0;0;(-38.5840174 -3.7237505);
YAV2451;2021-07-09 03:33:00;Avenida Jornalista Tomaz Coelho;;;MESSEJANA;YAV2451;Queda;Não informado;Não informado;Não informado;Meio de quadra;Não informado;Longo da via;0;1;0;1;0;0;0;0;0;0;0;0;0;(-38.5107767 -3.8295793);
WSA6839;2021-07-09 03:28:00;Avenida Beira Mar;;;MEIRELES;WSA6839;Queda;Não informado;Não informado;Não informado;Meio de quadra;Não informado;Longo da via;0;1;0;0;0;0;0;0;0;1;0;0;0;(-38.49140269999999 -3.725483);
ZHX5563;2021-07-19 23:05:00;Rua César Correia;AV FRANCISCO SA;;FLORESTA;ZHX5563;Colisão;Não informado;Não informado;Não informado;Cruz;Não informado;Cruzamento;0;1;0;2;0;0;0;0;0;0;0;0;0;(-38.5740275 -3.7135611);
YFB0159;2021-07-09 02:15:00;Rua Conselheiro Lafayette;;;JARDIM IRACEMA;YFB0159;Atropelamento;Não informado;Não informado;Não informado;Meio de quadra;Não informado;Longo da via;0;1;0;0;1;0;0;0;0;0;0;0;0;(-38.58003989390925 -3.718235511124453);
XQO7725;2021-07-19 23:02:00;Rua Beni Carvalho;;;DIONISIO TORRES;XQO7725;Colisão;Não informado;Não informado;Não informado;Meio de quadra;Não informado;Longo da via;0;1;0;0;0;0;0;0;0;0;1;0;0;(-38.49816108809886 -3.745120423200865);
KZM4505;2021-07-09 01:32:00;Avenida Luiz Vieira;RUA ANTONIO COSTA MENDES (PQ SÃO JOSÉ);;PARQUE SAO JOSE;KZM4505;Colisão;Não informado;Não informado;Não informado;Cruz;Não informado;Longo da via;0;3;0;1;1;0;0;0;0;0;0;0;0;(-38.5874341 -3.7939696);
HLZ1877;2021-07-19 22:05:00;Avenida Presidente Costa e Silva;AV I CJ JOSE WALTER;;PREFEITO JOSE VALTER;HLZ1877;Colisão;Não informado;Não informado;Não informado;Y;Não informado;Cruzamento;0;1;0;1;1;0;0;0;0;0;0;0;0;(-38.5503326 -3.823450799999999);
UAO2160;2021-07-09 01:24:00;Avenida Leste Oeste;;;BARRA DO CEARA;UAO2160;Atropelamento;Não informado;Não informado;Não informado;Meio de quadra;Não informado;Longo da via;0;1;0;0;1;0;0;0;0;0;0;0;0;(-38.55404590000001 -3.712094);
JRI6548;2021-07-19 21:35:00;AV ALM HENRIQUE SABOIA;;;MUCURIPE;JRI6548;Atropelamento;Não informado;Não informado;Não informado;Meio de quadra;Não informado;Longo da via;0;1;0;0;1;0;0;0;0;0;0;0;0;(-38.4860052 -3.7380923);
MWL9315;2021-07-09 01:20:00;Rua Professor Edgard de Arruda;;;JOQUEI CLUBE;MWL9315;Queda;Não informado;Não informado;Não informado;Meio de quadra;Não informado;Longo da via;0;1;0;1;0;0;0;0;0;0;0;0;0;(-38.57787266574112 -3.761937345107773);
TPC5304;2021-07-19 20:32:00;Rua Senador Robert Kennedy;AV PRS CASTELO BRANCO;;BARRA DO CEARA;TPC5304;Atropelamento;Não informado;Não informado;Não informado;Cruz;Não informado;Cruzamento;0;1;0;0;0;0;0;0;0;0;1;0;0;(-38.5790774 -3.7040902);
SJM0343;2021-07-09 00:25:00;Avenida Val Paraíso;;;JANGURUSSU;SJM0343;Colisão;Não informado;Não informado;Não informado;Meio de quadra;Não informado;Longo da via;0;1;0;1;1;0;0;0;0;0;0;0;0;(-38.51877288380132 -3.846444157267322);
RSY8106;2021-07-08 23:04:00;Rua Antônio Jacó;RUA RAIMUNDO ARISTIDES;;PARQUE SANTA ROSA;RSY8106;Colisão;Não informado;Não informado;Não informado;Cruz;Não informado;Longo da via;0;1;0;1;1;0;0;0;0;0;0;0;0;(-38.59052196838152 -3.819280629095632);
QIE0200;2021-07-08 23:03:00;Avenida Doutor Theberge;;;ALVARO WEYNE;QIE0200;Colisão;Não informado;Não informado;Não informado;Meio de quadra;Não informado;Longo da via;0;1;0;2;0;0;0;0;0;0;0;0;0;(-38.56645181553331 -3.719274016973388);
KMX5678;2021-07-08 22:23:00;Rua Barão de Sobral;;;MONTESE;KMX5678;Colisão;Não informado;Não informado;Não informado;Meio de quadra;Não informado;Longo da via;0;1;0;1;1;0;0;0;0;0;0;0;0;(-38.55723038586625 -3.765347109735096);
MUX1380;2021-07-08 21:23:00;Rua 03;;;BARROSO;MUX1380;Colisão;Não informado;Não informado;Não informado;Não informado;Não informado;Longo da via;0;1;0;1;1;0;0;0;0;0;0;0;0;(-38.51383761006536 -3.826849036708575);
BRJ9516;2021-07-08 20:35:00;Avenida Sargento Hermínio Sampaio;;;MONTE CASTELO;BRJ9516;Queda;Não informado;Não informado;Não informado;Meio de quadra;Não informado;Longo da via;0;1;0;0;0;0;0;0;0;1;0;0;0;(-38.57804969270901 -3.731072213919705);
IRX8218;2021-07-08 20:02:00;Rua Pereira Coutinho;;;PEDRAS;IRX8218;Atropelamento;Não informado;Não informado;Não informado;Meio de quadra;Não informado;Longo da via;0;1;0;0;1;0;0;0;0;0;0;0;0;(-38.51243212433133 -3.890037800398843);
HWM7138;2021-07-19 19:13:00;BR-116;;;PAUPINA;HWM7138;Queda;Não informado;Não informado;Não informado;Meio de quadra;Não informado;Longo da via;0;1;0;1;0;0;0;0;0;0;0;0;0;(-38.50151109999999 -3.8862012);
YAF5128;2021-07-19 18:51:00;Avenida Deputado Paulino Rocha;RUA POMPILIO GOMES;;BOA VISTA;YAF5128;Colisão;Não informado;Não informado;Não informado;Meio de quadra;Não informado;Cruzamento;0;1;0;2;0;0;0;0;0;0;0;0;0;(-38.51956819999999 -3.8100305);
YIU8361;2021-07-19 16:17:00;Rua Crispim Almeida;;;MONTE CASTELO;YIU8361;Queda;Não informado;Não informado;Não informado;Meio de quadra;Não informado;Longo da via;0;1;0;1;0;0;0;0;0;0;0;0;0;(-38.55369049999999 -3.7274398);
IIL7657;2021-07-19 16:03:00;Rua Cônego de Castro;;;CANINDEZINHO;IIL7657;Colisão;Não informado;Não informado;Não informado;Meio de quadra;Não informado;Longo da via;0;1;0;2;0;0;0;0;0;0;0;0;0;(-38.6024706 -3.8187925);
TFD1329;2021-07-19 15:29:00;BR 116;;;CAJAZEIRAS;TFD1329;Colisão;Não informado;Não informado;Não informado;Meio de quadra;Não informado;Longo da via;0;1;0;2;0;0;0;0;0;0;0;0;0;(-38.5005331 -3.8117044);
ETR9036;2021-07-19 15:06:00;AV DOS EXPEDICIONARIOS;;;BENFICA;ETR9036;Colisão;Não informado;Não informado;Não informado;Meio de quadra;Não informado;Longo da via;0;1;0;1;1;0;0;0;0;0;0;0;0;(-38.53651 -3.7486534);
VCQ3008;2021-07-19 14:44:00;Avenida Pasteur;;;CARLITO PAMPLONA;VCQ3008;Atropelamento;Não informado;Não informado;Não informado;Meio de quadra;Não informado;Longo da via;0;1;0;0;0;0;0;1;0;0;0;0;0;(-38.5593048 -3.7132692);
NSS5204;2021-07-19 12:26:00;Rua Emílio de Menezes;;;GRANJA PORTUGAL;NSS5204;Colisão;Não informado;Não informado;Não informado;Meio de quadra;Não informado;Longo da via;0;1;0;0;0;0;0;0;0;0;1;0;0;(-38.5863678 -3.781899999999999);
IRL2838;2021-07-19 11:11:00;AV BORGES DE MELO;;;AEROLANDIA;IRL2838;Colisão;Não informado;Não informado;Não informado;Meio de quadra;Não informado;Longo da via;0;1;0;1;1;0;0;0;0;0;0;0;0;(-38.5283938 -3.7602384);
CSB8909;2021-07-19 09:54:00;RUA EDUARDO PASCOAL;AV GAL OSORIO DE PAIVA;;PARANGABA;CSB8909;Atropelamento;Não informado;Não informado;Não informado;T;Não informado;Cruzamento;0;1;0;0;1;0;0;0;0;0;0;0;0;(-38.57569518289817 -3.781577181932392);
AFB5773;2021-07-19 09:50:00;Rua Antônio Arruda;RUA ROSINHA SAMPAIO;;JARDIM GUANABARA;AFB5773;Colisão;Não informado;Não informado;Não informado;Cruz;Não informado;Cruzamento;0;2;0;2;0;0;0;0;0;0;0;0;0;(-38.594938 -3.7238382);
AKT3388;2021-07-19 09:17:00;Rua Darcy Vargas;;;PARQUE SAO JOSE;AKT3388;Colisão;Não informado;Não informado;Não informado;Meio de quadra;Não informado;Longo da via;0;1;0;2;0;0;0;0;0;0;0;0;0;(-38.5866468 -3.7983209);
QUL6249;2021-07-19 03:12:00;Avenida Godofredo Maciel;;;MONDUBIM;QUL6249;Queda;Não informado;Não informado;Não informado;Meio de quadra;Não informado;Longo da via;0;2;0;1;0;0;0;0;0;0;0;0;0;(-38.5751573 -3.8147877);
FEQ0886;2021-07-19 02:58:00;Avenida Governador Parsifal Barroso;;;PRESIDENTE KENNEDY;FEQ0886;Queda;Não informado;Não informado;Não informado;Meio de quadra;Não informado;Longo da via;0;1;0;1;0;0;0;0;0;0;0;0;0;(-38.5691076 -3.7320742);
VHH4716;2021-07-19 00:08:00;Avenida Oliveira Paiva;;;CIDADE DOS FUNCIONRAIOS;VHH4716;Choque c/ Obstáculo Fixo;Não informado;Não informado;Não informado;Meio de quadra;Não informado;Longo da via;0;1;0;0;1;0;0;0;0;0;0;0;0;(-38.502852 -3.798217299999999);
WYA5123;2021-07-18 23:32:00;Avenida Ambientalista Ary Thiers;;;VILA VELHA;WYA5123;Colisão;Não informado;Não informado;Não informado;Meio de quadra;Não informado;Longo da via;0;1;0;0;0;0;0;0;0;0;1;0;0;(-38.600378 -3.7152164);
TAT2623;2021-07-18 21:16:00;Rua São Paulo;RUA FLORIANO PEIXOTO;;CENTRO;TAT2623;Colisão;Não informado;Não informado;Não informado;Cruz;Não informado;Cruzamento;0;1;0;1;1;0;0;0;0;0;0;0;0;(-38.5267871 -3.7262777);
NIW8589;2021-07-18 20:40:00;RUA JOSE LEON;RUA CHICO LEMOS;;CIDADE DOS FUNCIONRAIOS;NIW8589;Colisão;Não informado;Não informado;Não informado;Y;Não informado;Cruzamento;0;1;0;1;1;0;0;0;0;0;0;0;0;(-38.5005341 -3.7881398);
YTA9181;2021-07-18 17:39:00;Avenida Maestro Lisboa;;;JOSE DE ALENCAR;YTA9181;Queda;Não informado;Não informado;Não informado;Meio de quadra;Não informado;Longo da via;0;1;0;1;0;0;0;0;0;0;0;0;0;(-38.45034920000001 -3.8054951);
YKF6649;2021-07-18 15:45:00;AV DO CONTORNO;;;EDSON QUEIROZ;YKF6649;Capotamento;Não informado;Não informado;Não informado;Meio de quadra;Não informado;Longo da via;0;1;0;0;0;0;0;0;0;0;1;0;0;(-38.4738999 -3.7694703);
LLR8582;2021-07-18 15:09:00;Avenida General Osório de Paiva;;;BOM JARDIM;LLR8582;Queda;Não informado;Não informado;Não informado;Meio de quadra;Não informado;Longo da via;0;1;0;1;0;0;0;0;0;0;0;0;0;(-38.5973147 -3.7992615);
MKX6975;2021-07-18 15:09:00;Rua Miguel de Aragão;;;MONDUBIM;MKX6975;Queda;Não informado;Não informado;Não informado;Meio de quadra;Não informado;Longo da via;0;1;0;0;0;0;0;0;0;1;0;0;0;(-38.5860873 -3.8343006);
BAL6713;2021-07-18 15:08:00;Rua Nossa Senhora das Graças;;;PIRAMBU;BAL6713;Colisão;Não informado;Não informado;Não informado;Meio de quadra;Não informado;Longo da via;0;1;0;0;2;0;0;0;0;0;0;0;0;(-38.5545112 -3.7096204);
KNI6648;2021-07-18 12:13:00;Rua Bandeira de Melo;RUA CARRAPICHO;;DIAS MACEDO;KNI6648;Colisão;Não informado;Não informado;Não informado;Cruz;Não informado;Cruzamento;0;1;0;0;0;0;0;0;0;0;1;0;0;(-38.5251442 -3.787348);
BSE2021;2021-07-18 09:21:00;Avenida Domingos Olímpio;;;CENTRO;BSE2021;Queda;Não informado;Não informado;Não informado;Meio de quadra;Não informado;Longo da via;0;1;0;1;0;0;0;0;0;0;0;0;0;(-38.5275845 -3.7379298);
IDY7259;2021-07-18 08:52:00;Avenida Gurgel do Amaral;;;PARQUE SANTA ROSA;IDY7259;Atropelamento;Não informado;Não informado;Não informado;Meio de quadra;Não informado;Longo da via;0;1;0;0;0;0;0;0;0;0;1;0;0;(-38.471571 -3.843384);
XYM4521;2021-07-18 08:05:00;Rua Doutor Fernando Augusto;;;BOM JARDIM;XYM4521;Outros;Não informado;Não informado;Não informado;Meio de quadra;Não informado;Longo da via;0;1;0;1;0;0;0;0;0;0;0;0;0;(-38.6052602 -3.7924507);
JVV4631;2021-07-08 18:56:00;Avenida Antônio Sales;;;DIONISIO TORRES;JVV4631;Colisão;Não informado;Não informado;Não informado;Meio de quadra;Não informado;Longo da via;0;1;0;1;1;0;0;0;0;0;0;0;0;(-38.50319460610174 -3.745204146872202);
NWO4702;2021-07-08 17:37:00;Avenida Américo Barreira;;;DAMAS;NWO4702;Colisão;Não informado;Não informado;Não informado;Meio de quadra;Não informado;Longo da via;0;1;0;1;1;0;0;0;0;0;0;0;0;(-38.54721335987337 -3.746737016310222);
OTJ7309;2021-07-08 17:20:00;Avenida Bezerra de Menezes;;;FARIAS BRITO;OTJ7309;Queda;Não informado;Não informado;Não informado;Meio de quadra;Não informado;Longo da via;0;1;0;1;0;0;0;0;0;0;0;0;0;(-38.5548599 -3.7335861);
IOD5247;2021-07-18 06:47:00;Avenida Bezerra de Menezes;;;ANTONIO BEZERRA;IOD5247;Atropelamento;Não informado;Não informado;Não informado;Meio de quadra;Não informado;Longo da via;0;1;0;0;1;0;0;0;0;0;0;0;0;(-38.5548599 -3.7335861);
DIK5685;2021-07-08 16:36:00;Rua Nelson Coelho;;;CURIO;DIK5685;Colisão;Não informado;Não informado;Não informado;Meio de quadra;Não informado;Longo da via;0;1;0;1;1;0;0;0;0;0;0;0;0;(-38.46257521682887 -3.83062251057931);
VEO9276;2021-07-18 06:27:00;Avenida Imperador;;;CENTRO;VEO9276;Outros;Não informado;Não informado;Não informado;Meio de quadra;Não informado;Longo da via;0;1;0;1;0;0;0;0;0;0;0;0;0;(-38.5342916 -3.7274624);
STA6926;2021-07-08 15:51:00;Avenida Filomeno Gomes;AV PRS COSTA E SILVA;;PIRAMBU;STA6926;Colisão;Não informado;Não informado;Não informado;T;Não informado;Longo da via;0;1;0;1;1;0;0;0;0;0;0;0;0;(-38.54195625272371 -3.715860643724257);
KVS8678;2021-07-18 06:18:00;Rua Osvaldo Cruz;;;ALDEOTA;KVS8678;Colisão;Não informado;Não informado;Não informado;Meio de quadra;Não informado;Longo da via;0;2;0;2;0;0;0;0;0;0;0;0;0;(-38.5040852 -3.747861099999999);
SBW3588;2021-07-08 15:43:00;Avenida Duque de Caxias;AV TRISTAO GONCALVES;;CENTRO;SBW3588;Colisão;Não informado;Não informado;Não informado;Cruz;Não informado;Longo da via;0;1;0;1;1;0;0;0;0;0;0;0;0;(-38.5342362 -3.7304373);
KQG4226;2021-07-18 05:18:00;AV RAD JOAO RAMOS;RUA VINTE E QUATRO DE MAIO;;PLANALTO AYRTON SENNA;KQG4226;Atropelamento;Não informado;Não informado;Não informado;Cruz;Não informado;Cruzamento;0;1;0;0;1;0;0;0;0;0;0;0;0;(-38.5753099 -3.8413664);
VFG8161;2021-07-08 14:35:00;Avenida General Osório de Paiva;;;CANINDEZINHO;VFG8161;Colisão;Não informado;Não informado;Não informado;Meio de quadra;Não informado;Longo da via;0;1;0;1;1;0;0;0;0;0;0;0;0;(-38.61154512756638 -3.814393778811416);
JPE2056;2021-07-18 04:40:00;Rua Gilberto Câmara;;;VILA PERY;JPE2056;Queda;Não informado;Não informado;Não informado;Meio de quadra;Não informado;Longo da via;0;1;0;1;0;0;0;0;0;0;0;0;0;(-38.5630303 -3.7232132);
ALX8166;2021-07-08 13:51:00;Avenida João de Araújo Lima;AV G CJ JOSE WALTER;;PREFEITO JOSE VALTER;ALX8166;Colisão;Não informado;Não informado;Não informado;T;Não informado;Longo da via;0;1;0;0;0;0;0;0;0;0;0;0;0;(-38.5615578061785 -3.836983101347568);
YCD3509;2021-07-18 04:17:00;Rua Cônego de Castro;;;PARQUE SANTA ROSA;YCD3509;Colisão;Não informado;Não informado;Não informado;Meio de quadra;Não informado;Longo da via;0;1;0;2;0;0;0;0;0;0;0;0;0;(-38.5984977 -3.8138892);
YJM6952;2021-07-18 03:09:00;AV DR SILAS MUNGUBA;RUA MAL BITENCOURT;;SERRINHA;YJM6952;Colisão;Não informado;Não informado;Não informado;Y;Não informado;Cruzamento;0;1;0;1;1;0;0;0;0;0;0;0;0;(-38.5316598 -3.7969815);
WVE3056;2021-07-08 13:47:00;Rua Pereira de Miranda;;;PAPICU;WVE3056;Atropelamento;Não informado;Não informado;Não informado;Meio de quadra;Não informado;Longo da via;0;1;0;0;0;0;0;1;0;0;0;0;0;(-38.47776194197749 -3.741135886493036);
WOI3716;2021-07-18 02:23:00;Avenida General Osório de Paiva;;;CANINDEZINHO;WOI3716;Colisão;Não informado;Não informado;Não informado;Meio de quadra;Não informado;Longo da via;0;1;0;0;1;0;0;0;0;1;0;0;0;(-38.60401720000001 -3.8072112);
SSX6625;2021-07-18 01:56:00;Rua Vasco da Gama;;;MONTESE;SSX6625;Queda;Não informado;Não informado;Não informado;Meio de quadra;Não informado;Longo da via;0;1;0;0;0;0;0;0;0;1;0;0;0;(-38.5523463 -3.7594891);
GLB0846;2021-07-18 01:40:00;Avenida Rui Barbosa;RUA TEN BENEVOLO;;ALDEOTA;GLB0846;Colisão;Não informado;Não informado;Não informado;Cruz;Não informado;Cruzamento;0;1;0;1;1;0;0;0;0;0;0;0;0;(-38.5070686 -3.7286654);
EMS4088;2021-07-08 11:21:00;Avenida Washington Soares;;;MESSEJANA;EMS4088;Atropelamento;Não informado;Não informado;Não informado;Meio de quadra;Não informado;Longo da via;0;1;0;1;0;0;0;0;0;0;0;0;0;(-38.48160818466579 -3.826040815320238);
NJL6527;2021-07-18 01:27:00;Avenida Contôrno Leste;AV CONTORNO SUL D71;;MONDUBIM;NJL6527;Colisão;Não informado;Não informado;Não informado;T;Não informado;Cruzamento;0;2;0;2;0;0;0;0;0;0;0;0;0;(-38.5876429 -3.8100518);
WYL5002;2021-07-08 11:00:00;Rua 41;;;PREFEITO JOSE VALTER;WYL5002;Colisão;Não informado;Não informado;Não informado;Meio de quadra;Não informado;Longo da via;0;1;0;0;1;0;0;0;0;1;0;0;0;(-38.5573215793307 -3.828818738619615);
GCP0245;2021-07-18 00:56:00;Rua Creusa Rocha;RUA ANTONIO ARRUDA;;JARDIM GUANABARA;GCP0245;Colisão;Não informado;Não informado;Não informado;Cruz;Não informado;Cruzamento;0;1;0;1;1;0;0;0;0;0;0;0;0;(-38.594129 -3.7206653);
HNR0492;2021-07-08 10:16:00;Rua Sargento João Pinheiro;;;GRANJA LISBOA;HNR0492;Colisão;Não informado;Não informado;Não informado;Meio de quadra;Não informado;Longo da via;0;1;0;0;0;0;0;0;0;0;0;0;0;(-38.62155511706609 -3.778300881767097);
BGV2521;2021-07-08 09:46:00;Rua Senador Pompeu;;;CENTRO;BGV2521;Colisão;Não informado;Não informado;Não informado;Meio de quadra;Não informado;Longo da via;0;2;0;2;0;0;0;0;0;0;0;0;0;(-38.5315142 -3.7331501);
WMK9587;2021-07-18 00:51:00;Rua Capitão Aragão;;;AEROLANDIA;WMK9587;Atropelamento;Não informado;Não informado;Não informado;Meio de quadra;Não informado;Longo da via;0;1;0;0;1;0;0;0;0;0;0;0;0;(-38.5140613 -3.7649461);
XIO5708;2021-07-22 00:48:00;Avenida Presidente Castelo Branco;;;PIRAMBU;XIO5708;Colisão;Não informado;Não informado;Não informado;Meio de quadra;Não informado;Longo da via;0;1;0;0;0;0;0;0;0;0;1;0;0;(-38.5666609 -3.7091008);
JIM0433;2021-07-22 00:32:00;RUA NOSSA SENHORA DE FATIMA;;;AEROLANDIA;JIM0433;Atropelamento;Não informado;Não informado;Não informado;Meio de quadra;Não informado;Longo da via;0;1;0;0;1;0;0;0;0;0;0;0;0;(-38.4911249 -3.818609);
VKC4661;2021-07-08 06:59:00;Avenida dos Expedicionários;;;ITAPERI;VKC4661;Atropelamento;Não informado;Não informado;Não informado;Meio de quadra;Não informado;Longo da via;0;1;0;1;0;0;0;0;0;0;0;0;0;(-38.53896293701996 -3.757635559392734);
RVG9303;2021-07-18 00:22:00;Avenida Frei Cirilo;;;MESSEJANA;RVG9303;Colisão;Não informado;Não informado;Não informado;Meio de quadra;Não informado;Longo da via;0;1;0;1;1;0;0;0;0;0;0;0;0;(-38.4978857 -3.8183845);
URI4844;2021-07-18 00:09:00;Rua Eduardo Perdigão;;;PARANGABA;URI4844;Queda;Não informado;Não informado;Não informado;Meio de quadra;Não informado;Longo da via;0;1;0;0;0;0;0;0;0;1;0;0;0;(-38.56474610000001 -3.775737599999999);
QII3465;2021-07-08 03:43:00;Avenida Presidente Costa e Silva;;;MONDUBIM;QII3465;Queda;Não informado;Não informado;Não informado;Meio de quadra;Não informado;Longo da via;0;1;0;1;0;0;0;0;0;0;0;0;0;(-38.56846885430588 -3.815742616498211);
JDE2730;2021-07-08 03:40:00;Avenida Rogaciano Leite;RUA DORALICE COSTA;;ENGENHEIRO LUCIANO CAVALCANTE;JDE2730;Colisão;Não informado;Não informado;Não informado;Cruz;Não informado;Longo da via;0;1;0;0;2;0;0;0;0;0;0;0;0;(-38.49755123106248 -3.769549077600692);
OQQ8985;2021-07-08 01:42:00;Rua Estado do Rio;;;PAN AMERICANO;OQQ8985;Colisão;Não informado;Não informado;Não informado;Meio de quadra;Não informado;Longo da via;0;1;0;0;0;0;0;0;0;0;0;0;0;(-38.56897310983526 -3.755567419408714);
BCD3578;2021-07-08 00:42:00;Rua Vital Brasil;;;BONSUCESSO;BCD3578;Colisão;Não informado;Não informado;Não informado;Meio de quadra;Não informado;Longo da via;0;1;0;0;0;0;0;0;0;0;0;0;0;(-38.5942759 -3.7790762);
IMR9338;2021-07-17 23:55:00;Rua Nossa Senhora das Graças;;;PIRAMBU;IMR9338;Atropelamento;Não informado;Não informado;Não informado;Meio de quadra;Não informado;Longo da via;0;1;0;1;0;0;0;0;0;0;0;0;0;(-38.5497216 -3.7113014);
XHS8379;2021-07-17 21:30:00;Rua Francisco Domingos;;;GRANJA PORTUGAL;XHS8379;Atropelamento;Não informado;Não informado;Não informado;Meio de quadra;Não informado;Longo da via;0;1;0;0;1;0;0;0;0;0;0;0;0;(-38.5842123 -3.7796627);