COD_ACIDENTE;DATA;LOG1;LOG2;NUMERO;BAIRRO;AMC;NATUREZA;ILUMINACAO;TEMPO;SUPERFICIEPISTA;TIPOCRUZAMENTO;CONTROLETRAFEGO;USOSOLO;MORTOS;FERIDOS;ILESOS;MOTOCICLETA;AUTOMOVEL;MICROONIBUS;CAMINHAO;ONIBUS;CICLOMOTOR;BICICLETA;OUTROS;TREM;TRACAOANIMAL;COORDENADAS
KCP9789;2021-07-17 21:27:00;Avenida Maestro Lisboa;RUA BILL CARTAXO;;JOSE DE ALENCAR;KCP9789;Colisão;Não informado;Não informado;Não informado;Cruz;Não informado;Cruzamento;0;1;0;1;1;0;0;0;0;0;0;0;0;(-38.4729604 -3.8077923);
EEX3300;2021-07-17 21:08:00;Rua Doutor Bernardo Feitosa;;;SABIAGUABA;EEX3300;Queda;Não informado;Não informado;Não informado;Meio de quadra;Não informado;Longo da via;0;1;0;1;0;0;0;0;0;0;0;0;0;(-38.4329847 -3.7803386);
CTN4602;2021-07-17 20:43:00;Rua Professor Heribaldo Costa;;;HENRIQUE JORGE;CTN4602;Atropelamento;Não informado;Não informado;Não informado;Meio de quadra;Não informado;Longo da via;0;1;0;1;0;0;0;0;0;0;0;0;0;(-38.5874544 -3.766371);
WIS5315;2021-07-07 22:38:00;Avenida Bezerra de Menezes;;;PRESIDENTE KENNEDY;WIS5315;Colisão;Não informado;Não informado;Não informado;Meio de quadra;Não informado;Longo da via;0;2;0;1;1;0;0;0;0;0;0;0;0;(-38.56087282359726 -3.734776515331816);
IMR1212;2021-07-17 19:01:00;Rua Edson Martins;;;BOM JARDIM;IMR1212;Colisão;Não informado;Não informado;Não informado;Meio de quadra;Não informado;Longo da via;0;1;0;1;1;0;0;0;0;0;0;0;0;(-38.5942976 -3.7921154);
HTE8721;2021-07-07 22:05:00;Rua Santa Filomena;RUA PORTO VELHO;;HENRIQUE JORGE;HTE8721;Atropelamento;Não informado;Não informado;Não informado;Cruz;Não informado;Longo da via;0;2;0;1;0;0;0;0;0;0;0;0;0;(-38.59223321327602 -3.763371910188243);
UVC4357;2021-07-17 18:03:00;Avenida Waldir Diogo;;;MONDUBIM;UVC4357;Colisão;Não informado;Não informado;Não informado;Meio de quadra;Não informado;Longo da via;0;1;0;2;0;0;0;0;0;0;0;0;0;(-38.5804185 -3.8073611);
UVC4357;2021-07-17 17:44:00;BR-116;;;CAJAZEIRAS;UVC4357;Colisão;Não informado;Não informado;Não informado;Meio de quadra;Não informado;Longo da via;0;1;0;1;1;0;0;0;0;0;0;0;0;(-38.5055257 -3.7996084);
ABQ2149;2021-07-17 16:29:00;AV CASTELO DE CASTRO;;;CONJUNTO PALMEIRAS;ABQ2149;Atropelamento;Não informado;Não informado;Não informado;Meio de quadra;Não informado;Longo da via;0;1;0;0;1;0;0;0;0;0;0;0;0;(-38.521748 -3.8457824);
UGL3269;2021-07-07 20:32:00;Avenida Washington Soares;;;MESSEJANA;UGL3269;Colisão;Não informado;Não informado;Não informado;Meio de quadra;Não informado;Longo da via;0;1;0;2;0;0;0;0;0;0;0;0;0;(-38.48256133747957 -3.833193598283043);
VAP7113;2021-07-17 15:15:00;AV PDE ANTONIO TOMÁS;;;ALDEOTA;VAP7113;Colisão;Não informado;Não informado;Não informado;Meio de quadra;Não informado;Longo da via;0;2;0;1;1;0;0;0;0;0;0;0;0;(-38.4958533 -3.7411919);
NQL4423;2021-07-17 14:36:00;Rua 104;;;CONJUNTO ESPERANCA;NQL4423;Colisão;Não informado;Não informado;Não informado;Meio de quadra;Não informado;Longo da via;0;1;0;0;0;0;0;0;0;0;1;0;0;(-38.5871549 -3.8084945);
VAR7551;2021-07-07 20:23:00;Avenida Oliveira Paiva;;;CIDADE DOS FUNCIONRAIOS;VAR7551;Atropelamento;Não informado;Não informado;Não informado;Meio de quadra;Não informado;Longo da via;0;1;0;0;1;0;0;0;0;0;0;0;0;(-38.49622623153805 -3.795536592498725);
KYM8954;2021-07-17 13:39:00;Rua Catolé;;;JANGURUSSU;KYM8954;Queda;Não informado;Não informado;Não informado;Meio de quadra;Não informado;Longo da via;0;1;0;1;0;0;0;0;0;0;0;0;0;(-38.52115209999999 -3.8493753);
KET4493;2021-07-17 11:59:00;Rua Mario Mamede;RUA PAULA RODRIGUES;;FATIMA;KET4493;Colisão;Não informado;Não informado;Não informado;Cruz;Não informado;Cruzamento;0;1;0;1;1;0;0;0;0;0;0;0;0;(-38.5273257 -3.752910699999999);
TDJ7533;2021-07-07 20:20:00;Avenida Sargento Hermínio Sampaio;;;MONTE CASTELO;TDJ7533;Colisão;Não informado;Não informado;Não informado;Meio de quadra;Não informado;Longo da via;0;1;0;1;1;0;0;0;0;0;0;0;0;(-38.56807724709813 -3.727758670954587);
SWS9352;2021-07-17 11:51:00;AV GAL OSORIO DE PAIVA;;;CANINDEZINHO;SWS9352;Colisão;Não informado;Não informado;Não informado;Meio de quadra;Não informado;Longo da via;0;1;0;1;1;0;0;0;0;0;0;0;0;(-38.60248170000001 -3.8055787);
DWG6573;2021-07-07 18:19:00;Rua Zacarias Gondim;;;ITAOCA;DWG6573;Colisão;Não informado;Não informado;Não informado;Meio de quadra;Não informado;Longo da via;0;1;0;0;1;0;0;0;0;1;0;0;0;(-38.5596604677029 -3.771529615925199);
JFJ0759;2021-07-17 11:31:00;Rua Maria Júlia;RUA PEDRO MARTINS;;BOM JARDIM;JFJ0759;Colisão;Não informado;Não informado;Não informado;Cruz;Não informado;Cruzamento;0;1;0;2;0;0;0;0;0;0;0;0;0;(-38.6019359 -3.7992341);
CEJ0631;2021-07-07 18:18:00;Rua Guilherme Pessoa;;;MESSEJANA;CEJ0631;Colisão;Não informado;Não informado;Não informado;Meio de quadra;Não informado;Longo da via;0;1;0;1;1;0;0;0;0;0;0;0;0;(-38.49235847957036 -3.826576061358054);
GIR1785;2021-07-07 18:10:00;Avenida Dois;;;PARQUE DOIS IRMAOS;GIR1785;Colisão;Não informado;Não informado;Não informado;Meio de quadra;Não informado;Longo da via;0;1;0;1;0;0;0;0;0;0;0;0;0;(-38.550986 -3.805846);
ZOZ0330;2021-07-17 11:29:00;Rua Professor Virgílio de Morais;;;AUTRAN NUNES;ZOZ0330;Colisão;Não informado;Não informado;Não informado;Meio de quadra;Não informado;Longo da via;0;1;0;1;1;0;0;0;0;0;0;0;0;(-38.5965297 -3.7500596);
UDT8369;2021-07-07 17:33:00;Avenida Washington Soares;;;PARQUE SANTA ROSA;UDT8369;Colisão;Não informado;Não informado;Não informado;Meio de quadra;Não informado;Longo da via;0;1;0;1;1;0;0;0;0;0;0;0;0;(-38.4801597988351 -3.844924092987188);
HXL6864;2021-07-17 09:01:00;Avenida Treze de Maio;;;FATIMA;HXL6864;Queda;Não informado;Não informado;Não informado;Meio de quadra;Não informado;Longo da via;0;1;0;1;0;0;0;0;0;0;0;0;0;(-38.5297266 -3.7489328);
WQR3910;2021-07-17 08:48:00;Avenida General Osório de Paiva;;;SIQUEIRA;WQR3910;Atropelamento;Não informado;Não informado;Não informado;Meio de quadra;Não informado;Longo da via;0;1;0;0;0;0;0;0;0;0;1;0;0;(-38.5888919 -3.7909226);
YXR3454;2021-07-17 07:44:00;AV PERIMETRAL;;;SIQUEIRA;YXR3454;Colisão;Não informado;Não informado;Não informado;Meio de quadra;Não informado;Longo da via;0;1;0;0;1;0;0;1;0;0;0;0;0;(-38.5326904 -3.8276619);
IEH3186;2021-07-17 05:54:00;RUA APRENDIZ DE MARINHEIRO;;;JACARECANGA;IEH3186;Queda;Não informado;Não informado;Não informado;Meio de quadra;Não informado;Longo da via;0;1;0;1;0;0;0;0;0;0;0;0;0;(-38.5411998 -3.7179819);
QCG4489;2021-07-07 17:15:00;Avenida da Universidade;;;BENFICA;QCG4489;Colisão;Não informado;Não informado;Não informado;Meio de quadra;Não informado;Longo da via;0;1;0;1;1;0;0;0;0;0;0;0;0;(-38.53743567794103 -3.739139220211481);
WJC8956;2021-07-17 05:19:00;Rua Eça de Queirós;;;PARQUE SAO JOSE;WJC8956;Atropelamento;Não informado;Não informado;Não informado;Meio de quadra;Não informado;Longo da via;0;1;0;0;1;0;0;0;0;0;0;0;0;(-38.5885229 -3.7929443);
OGX2423;2021-07-17 05:00:00;Avenida Pedro Lazar;;;CAMBEBA;OGX2423;Queda;Não informado;Não informado;Não informado;Meio de quadra;Não informado;Longo da via;0;1;0;1;0;0;0;0;0;0;0;0;0;(-38.4883764 -3.8038477);
ZHX4868;2021-07-17 04:39:00;Avenida Presidente Costa e Silva ;RUA BERNARDO MANUEL;;PREFEITO JOSE VALTER;ZHX4868;Atropelamento;Não informado;Não informado;Não informado;Cruz;Não informado;Cruzamento;0;1;0;0;1;0;0;0;0;0;0;0;0;(-38.5567571 -3.8211352);
BQA6313;2021-07-17 02:16:00;Rua Romeu Martins;;;MONTESE;BQA6313;Colisão;Não informado;Não informado;Não informado;Meio de quadra;Não informado;Longo da via;0;1;0;2;0;0;0;0;0;0;0;0;0;(-38.5529572 -3.7660021);
VQE1119;2021-07-17 02:08:00;Rua Nogueira Acioli;;;CENTRO;VQE1119;Colisão;Não informado;Não informado;Não informado;Meio de quadra;Não informado;Longo da via;0;1;0;1;1;0;0;0;0;0;0;0;0;(-38.5182405 -3.735085999999999);
PQZ3558;2021-07-17 00:18:00;AV PERIMETRAL;;;MONDUBIM;PQZ3558;Colisão;Não informado;Não informado;Não informado;Meio de quadra;Não informado;Longo da via;0;1;0;1;1;0;0;0;0;0;0;0;0;(-38.58327057093837 -3.807592771140787);
NXZ2962;2021-07-17 00:17:00;Rua Coronel João Correia;;;BOM JARDIM;NXZ2962;Colisão;Não informado;Não informado;Não informado;Meio de quadra;Não informado;Longo da via;0;1;0;1;1;0;0;0;0;0;0;0;0;(-38.5986892 -3.793673);
QCV7636;2021-07-16 23:23:00;Avenida Mister Hull;;;ANTONIO BEZERRA;QCV7636;Colisão;Não informado;Não informado;Não informado;Meio de quadra;Não informado;Longo da via;0;1;0;0;2;0;0;0;0;0;0;0;0;(-38.5918137 -3.7395231);
QJN4944;2021-07-16 23:20:00;Rua Padre Pedro de Alencar;;;MESSEJANA;QJN4944;Colisão;Não informado;Não informado;Não informado;Meio de quadra;Não informado;Longo da via;0;1;0;1;1;0;0;0;0;0;0;0;0;(-38.493903 -3.8375256);
NID6443;2021-07-16 23:17:00;RUA MARTINS DE CARVALHO;;;BOM JARDIM;NID6443;Queda;Não informado;Não informado;Não informado;Meio de quadra;Não informado;Longo da via;0;2;0;1;0;0;0;0;0;0;0;0;0;(-38.6025759 -3.7957363);
YZM5570;2021-07-16 21:27:00;Avenida Presidente Costa e Silva;;;PREFEITO JOSE VALTER;YZM5570;Colisão;Não informado;Não informado;Não informado;Meio de quadra;Não informado;Longo da via;0;1;0;1;1;0;0;0;0;0;0;0;0;(-38.5443558 -3.8244455);
WLP6965;2021-07-16 21:26:00;Rua Barão do Rio Branco;AV DUQ CAXIAS;;CENTRO;WLP6965;Colisão;Não informado;Não informado;Não informado;Cruz;Não informado;Cruzamento;0;1;0;1;1;0;0;0;0;0;0;0;0;(-38.5299577 -3.7317283);
UWP1248;2021-07-16 21:04:00;Rua Senador Pompeu;;;CENTRO;UWP1248;Colisão;Não informado;Não informado;Não informado;Meio de quadra;Não informado;Longo da via;0;1;0;0;0;0;0;0;0;0;1;0;0;(-38.5348406 -3.743832);
XDG6845;2021-07-16 20:51:00;AV JOSE JATAHY;;;JACARECANGA;XDG6845;Colisão;Não informado;Não informado;Não informado;Meio de quadra;Não informado;Longo da via;0;1;0;1;1;0;0;0;0;0;0;0;0;(-38.5464996 -3.7237219);
FCH7196;2021-07-16 20:30:00;Rua Doze de Junho;;;;FCH7196;Queda;Não informado;Não informado;Não informado;Meio de quadra;Não informado;Longo da via;0;1;0;1;0;0;0;0;0;0;0;0;0;(-38.5978054 -3.8081379);
QSA5511;2021-07-16 20:16:00;Rua Cônego de Castro;;;VILA PERY;QSA5511;Colisão;Não informado;Não informado;Não informado;Meio de quadra;Não informado;Longo da via;0;1;0;2;0;0;0;0;0;0;0;0;0;(-38.5747985 -3.7863533);
TBI4258;2021-07-16 19:56:00;Rua Júlio Azevedo;;;VICENTE PINZON;TBI4258;Colisão;Não informado;Não informado;Não informado;Meio de quadra;Não informado;Longo da via;0;1;0;1;1;0;0;0;0;0;0;0;0;(-38.4755581 -3.7323833);
CRF2035;2021-07-07 16:36:00;Avenida Pontes Vieira;;;SAO JOAO DO TAUAPE;CRF2035;Colisão;Não informado;Não informado;Não informado;Meio de quadra;Não informado;Longo da via;0;2;0;2;0;0;0;0;0;0;0;0;0;(-38.51616576397162 -3.753099729813383);
IXV5809;2021-07-16 19:15:00;Rua Padre Pedro de Alencar;;;MESSEJANA;IXV5809;Colisão;Não informado;Não informado;Não informado;Meio de quadra;Não informado;Longo da via;0;1;0;1;1;0;0;0;0;0;0;0;0;(-38.4948166 -3.8473992);
WEQ9928;2021-07-07 16:15:00;Avenida General Osório de Paiva;;;SIQUEIRA;WEQ9928;Colisão;Não informado;Não informado;Não informado;Meio de quadra;Não informado;Longo da via;0;2;0;1;1;0;0;0;0;0;0;0;0;(-38.58856928714312 -3.790762013842045);
YOY5995;2021-07-16 19:03:00;Rua Castro e Silva;;;CENTRO;YOY5995;Colisão;Não informado;Não informado;Não informado;Meio de quadra;Não informado;Longo da via;0;1;0;0;1;0;0;0;0;1;0;0;0;(-38.5256351 -3.7241814);
PRH5994;2021-07-16 17:54:00;Rua dos Cariris;;;PRAIA DE IRACEMA;PRH5994;Colisão;Não informado;Não informado;Não informado;Meio de quadra;Não informado;Longo da via;0;1;0;0;1;0;0;0;0;1;0;0;0;(-38.5173548 -3.719998399999999);
SIK4763;2021-07-16 16:52:00;Rua Estefânia Mendes Mota;;;PARQUE ARAXA;SIK4763;Colisão;Não informado;Não informado;Não informado;Meio de quadra;Não informado;Longo da via;0;1;0;1;1;0;0;0;0;0;0;0;0;(-38.5560335 -3.731327399999999);
HBU3675;2021-07-16 15:36:00;Avenida Senador Virgílio Távora;;;MEIRELES;HBU3675;Colisão;Não informado;Não informado;Não informado;Meio de quadra;Não informado;Longo da via;0;1;0;1;1;0;0;0;0;0;0;0;0;(-38.4909346 -3.7291707);
OFR0462;2021-07-07 14:39:00;Avenida Val Paraíso;;;JANGURUSSU;OFR0462;Queda;Não informado;Não informado;Não informado;Meio de quadra;Não informado;Longo da via;0;1;0;1;0;0;0;0;0;0;0;0;0;(-38.5101287 -3.849623);
OWI8005;2021-07-07 14:37:00;Avenida Dionísio Leonel Alencar;RUA AUGUSTO J BENEVIDES;;JANGURUSSU;OWI8005;Colisão;Não informado;Não informado;Não informado;Não informado;Não informado;Longo da via;0;1;0;1;1;0;0;0;0;0;0;0;0;(-38.50425675758754 -3.849848235044135);
CBM1341;2021-07-16 14:56:00;Rua Professor José Henrique;;;GUAJERU;CBM1341;Colisão;Não informado;Não informado;Não informado;Meio de quadra;Não informado;Longo da via;0;1;0;1;1;0;0;0;0;0;0;0;0;(-38.4799146 -3.8304813);
ETZ1403;2021-07-16 14:54:00;BR 116;;;CAJAZEIRAS;ETZ1403;Colisão;Não informado;Não informado;Não informado;Meio de quadra;Não informado;Longo da via;0;1;0;0;1;0;1;0;0;0;0;0;0;(-38.5004915 -3.8112766);
FVI7805;2021-07-07 13:47:00;Avenida Augusto dos Anjos;;;PARANGABA;FVI7805;Colisão;Não informado;Não informado;Não informado;Meio de quadra;Não informado;Longo da via;0;1;0;1;1;0;0;0;0;0;0;0;0;(-38.57913330303981 -3.780131523223983);
UTS6358;2021-07-07 12:55:00;Rua Tulipa Negra;;;PARQUE SANTA ROSA;UTS6358;Colisão;Não informado;Não informado;Não informado;Meio de quadra;Não informado;Longo da via;0;1;0;0;0;0;0;0;0;0;0;0;0;(-38.5958056 -3.8207164);
UPU8429;2021-07-07 12:51:00;Rua Padre Mororó;RUA ANTONIO POMPEU;;CENTRO;UPU8429;Colisão;Não informado;Não informado;Não informado;Cruz;Não informado;Longo da via;0;1;0;1;1;0;0;0;0;0;0;0;0;(-38.53944734385077 -3.732014349864446);
XWX3945;2021-07-07 12:08:00;Avenida I Cj Prefeito Jose Walter;AV PRS COSTA E SILVA;;PREFEITO JOSE VALTER;XWX3945;Queda;Não informado;Não informado;Não informado;Cruz;Não informado;Longo da via;0;1;0;1;0;0;0;0;0;0;0;0;0;(-38.5504390460115 -3.823830245642147);
NGP7107;2021-07-16 12:47:00;Rua Cônego de Castro;;;PARQUE SAO JOSE;NGP7107;Colisão;Não informado;Não informado;Não informado;Meio de quadra;Não informado;Longo da via;0;1;0;0;1;0;0;0;0;1;0;0;0;(-38.5862038 -3.7983869);
LXR3860;2021-02-07 11:01:00;Rodovia Estrada do Guarani (BR116);;;MESSEJANA;LXR3860;Colisão;Não informado;Não informado;Não informado;Não informado;Não informado;Longo da via;0;1;0;0;0;0;0;0;0;0;0;0;0;(-38.50446061039882 -3.827111307061441);
NLF7490;2021-07-07 11:01:00;Rua Francisca Clotilde;;;RODOLFO TEOFILO;NLF7490;Colisão;Não informado;Não informado;Não informado;Meio de quadra;Não informado;Longo da via;0;1;0;1;1;0;0;0;0;0;0;0;0;(-38.55558184965405 -3.745741366602717);
BLC6548;2021-07-07 00:34:00;Avenida Desembargador Gonzaga;;;CIDADE DOS FUNCIONRAIOS;BLC6548;Queda;Não informado;Não informado;Não informado;Meio de quadra;Não informado;Longo da via;0;1;0;0;0;0;0;0;0;1;0;0;0;(-38.5038115115948 -3.788909984081244);
YZN7549;2021-07-16 10:47:00;Avenida General Osório de Paiva;;;BOM JARDIM;YZN7549;Colisão;Não informado;Não informado;Não informado;Meio de quadra;Não informado;Longo da via;0;1;0;1;1;0;0;0;0;0;0;0;0;(-38.5958938 -3.7977807);
ZFI5304;2021-07-07 00:21:00;Avenida Doutor Silas Munguba;;;SERRINHA;ZFI5304;Colisão;Não informado;Não informado;Não informado;Não informado;Não informado;Longo da via;0;1;0;0;0;0;0;0;0;0;0;0;0;(-38.53531178485617 -3.792775037897822);
RAJ9218;2021-07-16 10:37:00;BR 116;;;MESSEJANA;RAJ9218;Colisão;Não informado;Não informado;Não informado;Meio de quadra;Não informado;Longo da via;0;2;0;2;0;0;0;0;0;0;0;0;0;(-38.5004915 -3.8112766);
PDT7471;2021-07-16 10:11:00;Avenida Val Paraíso;;;JANGURUSSU;PDT7471;Atropelamento de Animal;Não informado;Não informado;Não informado;Meio de quadra;Não informado;Longo da via;0;1;0;1;0;0;0;0;0;0;0;0;0;(-38.5076803 -3.8504763);
RXP5330;2021-07-07 00:08:00;Rua Equador;RUA GALILEU;;ITAOCA;RXP5330;Colisão;Não informado;Não informado;Não informado;Não informado;Não informado;Longo da via;0;2;0;1;1;0;0;0;0;0;0;0;0;(-38.5551362 -3.782030199999999);
ELI7623;2021-07-16 09:56:00;Avenida Senador Fernandes Távora;;;HENRIQUE JORGE;ELI7623;Colisão;Não informado;Não informado;Não informado;Meio de quadra;Não informado;Longo da via;0;1;0;1;0;0;0;0;0;0;0;0;0;(-38.5976964 -3.7550742);
OJS9229;2021-07-06 23:34:00;Avenida Godofredo Maciel;;;MONDUBIM;OJS9229;Queda;Não informado;Não informado;Não informado;Não informado;Não informado;Longo da via;0;1;0;1;0;0;0;0;0;0;0;0;0;(-38.57241168584103 -3.80495185576666);
IRC3006;2021-07-06 22:55:00;Rua Anselmo Nogueira;;;MONDUBIM;IRC3006;Atropelamento de Animal;Não informado;Não informado;Não informado;Não informado;Não informado;Longo da via;0;1;0;1;0;0;0;0;0;0;0;0;0;(-38.5879987 -3.7903612);
FDW7469;2021-07-06 22:33:00;Rua Carlos Chagas;AV PERIMETRAL;;BONSUCESSO;FDW7469;Colisão;Não informado;Não informado;Não informado;Não informado;Não informado;Longo da via;0;2;0;1;1;0;0;0;0;0;0;0;0;(-38.59182015613725 -3.778279470733042);
YHU5724;2021-07-06 20:59:00;BR-116;;;MESSEJANA;YHU5724;Colisão;Não informado;Não informado;Não informado;Não informado;Não informado;Longo da via;0;1;0;1;0;0;0;0;0;0;0;0;0;(-38.4979604 -3.868651);
WZK5001;2021-07-06 20:32:00;Avenida Desembargador Gonzaga;;;CIDADE DOS FUNCIONRAIOS;WZK5001;Colisão;Não informado;Não informado;Não informado;Não informado;Não informado;Longo da via;0;1;0;0;1;0;0;0;0;1;0;0;0;(-38.50308194628577 -3.790446205579479);
BQU0846;2021-07-06 20:03:00;Estrada Barão de Aquiraz;;;MESSEJANA;BQU0846;Colisão;Não informado;Não informado;Não informado;Não informado;Não informado;Longo da via;0;1;0;1;1;0;0;0;0;0;0;0;0;(-38.4867848473608 -3.839159599249603);
UGD4882;2021-07-06 20:01:00;Avenida General Osório de Paiva;;;SIQUEIRA;UGD4882;Colisão;Não informado;Não informado;Não informado;Não informado;Não informado;Longo da via;0;1;0;2;0;0;0;0;0;0;0;0;0;(-38.61101941108078 -3.814072626669166);
ODV1905;2021-07-06 19:48:00;Avenida Engenheiro Luiz Vieira;;;VICENTE PINZON;ODV1905;Queda;Não informado;Não informado;Não informado;Não informado;Não informado;Longo da via;0;1;0;0;0;0;0;0;0;1;0;0;0;(-38.46896424996212 -3.733507847387954);
FQA7820;2021-07-06 18:59:00;Rua Capitão Aragão;;;AEROLANDIA;FQA7820;Queda;Não informado;Não informado;Não informado;Não informado;Não informado;Longo da via;0;1;0;1;0;0;0;0;0;0;0;0;0;(-38.516731 -3.7653974);
LBN8238;2021-07-06 18:38:00;Rua Donzela;;;BONSUCESSO;LBN8238;Atropelamento;Não informado;Não informado;Não informado;Não informado;Não informado;Longo da via;0;1;0;0;0;0;1;0;0;0;0;0;0;(-38.59479203926875 -3.77192572304861);
KWM1579;2021-07-06 18:22:00;Avenida Heráclito Graça;AV DOM MANUEL;;CENTRO;KWM1579;Atropelamento;Não informado;Não informado;Não informado;Não informado;Não informado;Longo da via;0;1;0;0;1;0;0;0;0;0;0;0;0;(-38.5229316 -3.7340692);
TCD0126;2021-07-06 18:00:00;Avenida José Leon;;;JARDIM DAS OLIVEIRAS;TCD0126;Colisão;Não informado;Não informado;Não informado;Não informado;Não informado;Longo da via;0;1;0;0;0;0;0;0;0;0;0;0;0;(-38.508116 -3.786719799999999);
BOM5846;2021-07-06 17:59:00;Avenida Governador Raul Barbosa;;;SAO JOAO DO TAUAPE;BOM5846;Colisão;Não informado;Não informado;Não informado;Não informado;Não informado;Longo da via;0;1;0;0;2;0;0;0;0;0;0;0;0;(-38.50432112966559 -3.754523603619705);
SWS3730;2021-07-06 14:03:00;Rua Professor Miramar da Ponte;RUA CUIABA;;HENRIQUE JORGE;SWS3730;Atropelamento;Não informado;Não informado;Não informado;Não informado;Não informado;Longo da via;0;1;0;0;1;0;0;0;0;0;0;0;0;(-38.5872312 -3.7645643);
DLH0219;2021-07-06 13:26:00;Avenida Mister Hull;;;ANTONIO BEZERRA;DLH0219;Atropelamento;Não informado;Não informado;Não informado;Não informado;Não informado;Longo da via;0;1;0;0;0;0;0;0;0;0;1;0;0;(-38.58807579657486 -3.739390811119382);
UBI3566;2021-07-06 12:31:00;Rua Ana Batista;RUA CARNAUBAL;;JARDIM IRACEMA;UBI3566;Atropelamento;Não informado;Não informado;Não informado;Não informado;Não informado;Longo da via;0;1;0;0;1;0;0;0;0;0;0;0;0;(-38.58468548015764 -3.722346702369357);
GSI1366;2021-07-06 12:26:00;Avenida Heróis do Acre;;;PARQUE DOIS IRMAOS;GSI1366;Queda;Não informado;Não informado;Não informado;Não informado;Não informado;Longo da via;0;1;0;0;0;0;0;0;0;1;0;0;0;(-38.5361332 -3.8031789);
SIX2448;2021-07-06 11:28:00;Avenida Plácido Castelo;;;JARDIM DAS OLIVEIRAS;SIX2448;Colisão;Não informado;Não informado;Não informado;Não informado;Não informado;Longo da via;0;1;0;0;0;0;0;0;0;0;0;0;0;(-38.50597337393743 -3.782277972173741);
TUS4373;2021-07-06 10:36:00;Rua Emílio de Menezes;;;BONSUCESSO;TUS4373;Colisão;Não informado;Não informado;Não informado;Não informado;Não informado;Longo da via;0;1;0;0;0;0;0;0;0;0;0;0;0;(-38.58575299676519 -3.782229797567333);
RHD6848;2021-07-06 00:59:00;Rua Professor Heribaldo Costa;;;JOAO XXIII;RHD6848;Colisão;Não informado;Não informado;Não informado;Não informado;Não informado;Longo da via;0;1;0;2;0;0;0;0;0;0;0;0;0;(-38.58550622954799 -3.763216677513669);
KPH8804;2021-07-05 23:21:00;Avenida General Osório de Paiva;;;SIQUEIRA;KPH8804;Colisão;Não informado;Não informado;Não informado;Não informado;Não informado;Longo da via;0;2;0;2;0;0;0;0;0;0;0;0;0;(-38.6022593169073 -3.805123138739722);
RUW2952;2021-07-05 23:20:00;Avenida Bernardo Manuel;;;SERRINHA;RUW2952;Colisão;Não informado;Não informado;Não informado;Não informado;Não informado;Longo da via;0;1;0;1;1;0;0;0;0;0;0;0;0;(-38.55317488419368 -3.804213197555241);
SIH0986;2021-07-05 21:01:00;Rua Recanto Do Mar;;;SABIAGUABA;SIH0986;Colisão;Não informado;Não informado;Não informado;Não informado;Não informado;Longo da via;0;1;0;0;2;0;0;0;0;0;0;0;0;(-38.44186865612697 -3.792796030396198);
UHZ3835;2021-07-05 20:45:00;Avenida César Cals;;;VICENTE PINZON;UHZ3835;Atropelamento;Não informado;Não informado;Não informado;Não informado;Não informado;Longo da via;0;1;0;0;1;0;0;0;0;0;0;0;0;(-38.46271305879711 -3.724468451623275);
EZC9041;2021-07-05 20:38:00;Avenida Senador Fernandes Távora;;;AUTRAN NUNES;EZC9041;Colisão;Não informado;Não informado;Não informado;Não informado;Não informado;Longo da via;0;1;0;1;1;0;0;0;0;0;0;0;0;(-38.59286622304836 -3.756456000071157);
CKY3216;2021-07-05 20:13:00;Rua Senador Alencar;;;CENTRO;CKY3216;Atropelamento;Não informado;Não informado;Não informado;Não informado;Não informado;Longo da via;0;1;0;0;1;0;0;0;0;0;0;0;0;(-38.53500560243801 -3.722646475980506);
VFG8034;2021-07-05 17:47:00;Rua Aquiles Boris;;;MONTESE;VFG8034;Colisão;Não informado;Não informado;Não informado;Não informado;Não informado;Longo da via;0;1;0;1;1;0;0;0;0;0;0;0;0;(-38.54859904241705 -3.768633746202194);
WWO0416;2021-07-05 17:34:00;Rua Goiás;;;DEMOCRITO ROCHA;WWO0416;Colisão;Não informado;Não informado;Não informado;Não informado;Não informado;Longo da via;0;1;0;1;1;0;0;0;0;0;0;0;0;(-38.5666664018722 -3.759897903372216);
VZE6017;2021-07-05 16:56:00;Rua Pôrto Velho;;;HENRIQUE JORGE;VZE6017;Colisão;Não informado;Não informado;Não informado;Não informado;Não informado;Longo da via;0;1;0;1;1;0;0;0;0;0;0;0;0;(-38.58575300122218 -3.766647848452979);
OWP0902;2021-07-05 16:02:00;Avenida Mister Hull;;;ANTONIO BEZERRA;OWP0902;Colisão;Não informado;Não informado;Não informado;Não informado;Não informado;Longo da via;0;1;0;1;1;0;0;0;0;0;0;0;0;(-38.59191135405868 -3.739567460011577);
EGM2248;2021-07-05 15:10:00;Rua John Lennon;;;MESSEJANA;EGM2248;Colisão;Não informado;Não informado;Não informado;Não informado;Não informado;Longo da via;0;1;0;1;1;0;0;0;0;0;0;0;0;(-38.4903199957929 -3.819623189299085);