COD_ACIDENTE;DATA;LOG1;LOG2;NUMERO;BAIRRO;AMC;NATUREZA;ILUMINACAO;TEMPO;SUPERFICIEPISTA;TIPOCRUZAMENTO;CONTROLETRAFEGO;USOSOLO;MORTOS;FERIDOS;ILESOS;MOTOCICLETA;AUTOMOVEL;MICROONIBUS;CAMINHAO;ONIBUS;CICLOMOTOR;BICICLETA;OUTROS;TREM;TRACAOANIMAL;COORDENADAS
MJL7939;2021-07-05 15:02:00;Avenida Senador Fernandes Távora;;;AUTRAN NUNES;MJL7939;Atropelamento;Não informado;Não informado;Não informado;Não informado;Não informado;Longo da via;0;1;0;0;1;0;0;0;0;0;0;0;0;(-38.59723130899566 -3.755344521350246);
OBE9840;2021-07-05 14:03:00;Rua Ana Facó;RUA ENG JOAO NOGUEIRA;;CARLITO PAMPLONA;OBE9840;Colisão;Não informado;Não informado;Não informado;Cruz;Não informado;Longo da via;0;1;0;1;1;0;0;0;0;0;0;0;0;(-38.5630073 -3.713607699999999);
APH5552;2021-07-05 13:37:00;Avenida Augusto dos Anjos;;;PARANGABA;APH5552;Queda;Não informado;Não informado;Não informado;Não informado;Não informado;Longo da via;0;1;0;1;0;0;0;0;0;0;0;0;0;(-38.58390225072912 -3.785789358494042);
NPA1344;2021-07-05 12:46:00;Avenida Bezerra de Menezes;;;PARQUELANDIA;NPA1344;Queda;Não informado;Não informado;Não informado;Não informado;Não informado;Longo da via;0;1;0;1;0;0;0;0;0;0;0;0;0;(-38.55426386246121 -3.733673791400441);
KSC5932;2021-07-05 04:10:00;Rua Francisco Porfírio da Ponte;;;MEIRELES;KSC5932;Atropelamento;Não informado;Não informado;Não informado;Não informado;Não informado;Longo da via;0;1;0;0;1;0;0;0;0;0;0;0;0;(-38.49352256367813 -3.729669714221605);
ZUO6329;2021-07-29 23:43:00;Avenida Leste Oeste;;;CARLITO PAMPLONA;ZUO6329;Queda;Não informado;Não informado;Não informado;Meio de quadra;Não informado;Longo da via;0;1;0;1;0;0;0;0;0;0;0;0;0;(-38.5611777 -3.7106665);
GAF7994;2021-07-29 22:08:00;Rua Doutor José Lourenço;AV ANTONIO SALES;;ALDEOTA;GAF7994;Colisão;Não informado;Não informado;Não informado;Meio de quadra;Não informado;Cruzamento;0;1;0;1;1;0;0;0;0;0;0;0;0;(-38.5104247 -3.7429878);
AHH7426;2021-07-29 21:34:00;Avenida Presidente Castelo Branco;;;MOURA BRASIL;AHH7426;Colisão;Não informado;Não informado;Não informado;Meio de quadra;Não informado;Longo da via;0;1;0;1;1;0;0;0;0;0;0;0;0;(-38.5551038 -3.7117905);
OHV4913;2021-07-29 21:28:00;Rua Cônego de Castro;;;PARQUE SANTA ROSA;OHV4913;Colisão;Não informado;Não informado;Não informado;Meio de quadra;Não informado;Longo da via;0;1;0;1;1;0;0;0;0;0;0;0;0;(-38.5994161 -3.8151946);
XAH0407;2021-07-29 21:27:00;Rua Rio Araguaia;;;JARDIM IRACEMA;XAH0407;Colisão;Não informado;Não informado;Não informado;Meio de quadra;Não informado;Longo da via;0;1;0;2;0;0;0;0;0;0;0;0;0;(-38.5813243 -3.7190712);
IFI9852;2021-07-29 21:06:00;AV BERNARDO MANUEL;;;SERRINHA;IFI9852;Queda;Não informado;Não informado;Não informado;Meio de quadra;Não informado;Longo da via;0;1;0;1;0;0;0;0;0;0;0;0;0;(-38.5455779 -3.7809762);
HVK2862;2021-07-29 18:01:00;Avenida Francisco Sá;;;CARLITO PAMPLONA;HVK2862;Colisão;Não informado;Não informado;Não informado;Meio de quadra;Não informado;Longo da via;0;1;0;1;1;0;0;0;0;0;0;0;0;(-38.5676367 -3.7137796);
TUF3786;2021-07-29 17:51:00;RUA OLIVEIRA FILHO;;;VICENTE PINZON;TUF3786;Colisão;Não informado;Não informado;Não informado;Meio de quadra;Não informado;Longo da via;0;1;0;0;0;0;0;0;0;0;1;0;0;(-38.46637 -3.72187);
DWM1731;2021-07-29 17:20:00;Avenida Duque de Caxias;RUA VINTE E QUATRO DE MAIO;;CENTRO;DWM1731;Colisão;Não informado;Não informado;Não informado;Cruz;Não informado;Cruzamento;0;1;0;1;1;0;0;0;0;0;0;0;0;(-38.5334214 -3.7307533);
VRZ5084;2021-07-30 19:50:00;AV AGUANAMBI;;;JOSE BONIFACIO;VRZ5084;Colisão;Não informado;Não informado;Não informado;Meio de quadra;Não informado;Longo da via;0;1;0;1;1;0;0;0;0;0;0;0;0;(-38.5234895 -3.7520594);
HVO5219;2021-07-30 19:00:00;Rua Nereu Ramos;AV GAL OSORIO DE PAIVA;;VILA PERY;HVO5219;Colisão;Não informado;Não informado;Não informado;Cruz;Não informado;Cruzamento;0;1;0;1;1;0;0;0;0;0;0;0;0;(-38.5768859 -3.7821582);
ZFC7015;2021-07-30 17:56:00;Rua Rubi;;;SIQUEIRA;ZFC7015;Colisão;Não informado;Não informado;Não informado;Meio de quadra;Não informado;Longo da via;0;1;0;1;1;0;0;0;0;0;0;0;0;(-38.623186 -3.8068183);
DJM2023;2021-07-30 17:45:00;Avenida José Jatahy;;;FARIAS BRITO;DJM2023;Atropelamento;Não informado;Não informado;Não informado;Meio de quadra;Não informado;Longo da via;0;1;0;1;0;0;0;0;0;0;0;0;0;(-38.5447333 -3.7307617);
GQM1994;2021-07-30 16:10:00;Avenida Domingos Olímpio;;;JOSE BONIFACIO;GQM1994;Colisão;Não informado;Não informado;Não informado;Meio de quadra;Não informado;Longo da via;0;1;0;1;1;0;0;0;0;0;0;0;0;(-38.526565 -3.7381692);
LOU4060;2021-07-05 02:46:00;Avenida Bernardo Manuel;;;PARQUE DOIS IRMAOS;LOU4060;Colisão;Não informado;Não informado;Não informado;Não informado;Não informado;Longo da via;0;2;0;1;1;0;0;0;0;0;0;0;0;(-38.55334654345943 -3.804796630542905);
KHY1346;2021-07-05 01:30:00;Avenida Engenheiro Alberto Sá;;;PAPICU;KHY1346;Queda;Não informado;Não informado;Não informado;Não informado;Não informado;Longo da via;0;1;0;1;0;0;0;0;0;0;0;0;0;(-38.4769619 -3.734256799999999);
BDW7300;2021-07-05 00:44:00;Rua Aurora;;;PLANALTO AYRTON SENNA;BDW7300;Queda;Não informado;Não informado;Não informado;Não informado;Não informado;Longo da via;0;1;0;0;0;0;0;0;0;1;0;0;0;(-40.30630425452561 -20.33780822310519);
MVK9384;2021-07-05 00:41:00;Avenida I;;;CONJUNTO CEARA II;MVK9384;Colisão;Não informado;Não informado;Não informado;Não informado;Não informado;Longo da via;0;1;0;0;0;0;0;0;0;0;0;0;0;(-38.59824136663009 -3.773049809848076);
PHA8732;2021-07-05 00:13:00;Avenida Zezé Diogo;;;CAIS DO PORTO;PHA8732;Queda;Não informado;Não informado;Não informado;Não informado;Não informado;Longo da via;0;1;0;1;0;0;0;0;0;0;0;0;0;(-38.46345500460902 -3.719686207100014);
AIT1871;2021-07-30 16:04:00;Avenida Engenheiro Alberto Sá;;;PAPICU;AIT1871;Colisão;Não informado;Não informado;Não informado;Meio de quadra;Não informado;Longo da via;0;1;0;1;1;0;0;0;0;0;0;0;0;(-38.4706997 -3.735908);
AOL1488;2021-07-30 15:20:00;Avenida Governador Raul Barbosa;;;AEROLANDIA;AOL1488;Colisão;Não informado;Não informado;Não informado;Meio de quadra;Não informado;Longo da via;0;1;0;1;1;0;0;0;0;0;0;0;0;(-38.5083547 -3.7619286);
WXB8462;2021-07-30 14:33:00;Rua Padre Pedro de Alencar;;;MESSEJANA;WXB8462;Colisão;Não informado;Não informado;Não informado;Meio de quadra;Não informado;Longo da via;0;1;0;2;0;0;0;0;0;0;0;0;0;(-38.494439 -3.833315);
YBE7296;2021-07-30 14:12:00;Avenida Washington Soares;;;MESSEJANA;YBE7296;Atropelamento;Não informado;Não informado;Não informado;Meio de quadra;Não informado;Longo da via;0;1;0;0;1;0;0;0;0;0;0;0;0;(-38.4817816 -3.8194224);
UNK6349;2021-07-30 13:34:00;Rua Senador Pompeu;RUA PDE MIGUELINHO;;CENTRO;UNK6349;Colisão;Não informado;Não informado;Não informado;Cruz;Não informado;Cruzamento;0;1;0;1;1;0;0;0;0;0;0;0;0;(-38.5343391 -3.7424496);
HLA5512;2021-07-04 23:44:00;Avenida José Bastos;;;PARANGABA;HLA5512;Colisão;Não informado;Não informado;Não informado;Não informado;Não informado;Longo da via;0;1;0;1;1;0;0;0;0;0;0;0;0;(-38.55493442691301 -3.754561073951677);
EYG3575;2021-07-30 12:03:00;AV PRE CASTELO BRANCO;;;BARRA DO CEARA;EYG3575;Colisão;Não informado;Não informado;Não informado;Meio de quadra;Não informado;Longo da via;0;0;0;0;0;0;0;0;0;0;1;0;0;(-38.5783717 -3.704415099999999);
LWB0432;2021-07-04 23:32:00;BR-116;;;MESSEJANA;LWB0432;Queda;Não informado;Bom;Não informado;Não informado;Não informado;Longo da via;0;1;0;1;0;0;0;0;0;0;0;0;0;(-38.50085035260778 -3.80969424049645);
PTA8804;2021-07-04 22:21:00;Rua Tereza Cristina;AV DUQ CAXIAS;;CENTRO;PTA8804;Colisão;Não informado;Não informado;Não informado;Não informado;Não informado;Longo da via;0;1;0;0;0;0;0;0;0;0;0;0;0;(-38.53745714288507 -3.729455591933355);
DBN7158;2021-07-04 22:14:00;Avenida César Cals;;;VICENTE PINZON;DBN7158;Colisão;Não informado;Não informado;Não informado;Não informado;Não informado;Longo da via;0;1;0;1;1;0;0;0;0;0;0;0;0;(-38.46531644429439 -3.719113423365378);
TWN5442;2021-07-04 22:11:00;Avenida Dioguinho;;;PRAIA DO FUTURO I;TWN5442;Colisão;Não informado;Não informado;Não informado;Não informado;Não informado;Longo da via;0;1;0;1;1;0;0;0;0;0;0;0;0;(-38.4473673 -3.753054);
XPG6751;2021-07-04 21:36:00;Rua Alberto Magno;;;MONTESE;XPG6751;Atropelamento;Não informado;Não informado;Não informado;Não informado;Não informado;Longo da via;0;1;0;0;0;0;0;1;0;0;0;0;0;(-38.54247287139714 -3.756332883527336);
ZEI8665;2021-07-04 20:12:00;Rua Umarizeira;;;PARQUE PRESIDENTE VARGAS;ZEI8665;Queda;Não informado;Não informado;Não informado;Não informado;Não informado;Longo da via;0;1;0;1;0;0;0;0;0;0;0;0;0;(-38.60980168607683 -3.814104741888792);
LKF6367;2021-07-04 17:54:00;Avenida Evilásio Almeida Miranda;;;EDSON QUEIROZ;LKF6367;Colisão;Não informado;Não informado;Não informado;Não informado;Não informado;Longo da via;0;1;0;1;1;0;0;0;0;0;0;0;0;(-38.46688822956772 -3.799080040762478);
TXA1084;2021-07-04 16:44:00;Avenida Odilon Guimarães;;;CURIO;TXA1084;Colisão;Não informado;Não informado;Não informado;Não informado;Não informado;Longo da via;0;1;0;0;0;0;0;0;0;0;0;0;0;(-38.48086253572036 -3.827421749416145);
VRT3190;2021-07-04 15:13:00;Avenida Antônio Sales;AV ANTONIO SALES;;ALDEOTA;VRT3190;Colisão;Não informado;Não informado;Não informado;Não informado;Não informado;Longo da via;0;1;0;0;0;0;0;0;0;0;0;0;0;(-38.51375714895564 -3.742072658649729);
DNU5081;2021-07-04 13:29:00;Rua Manuel Figueiredo;;;BARROSO;DNU5081;Queda;Não informado;Não informado;Não informado;Não informado;Não informado;Longo da via;0;1;0;1;0;0;0;0;0;0;0;0;0;(-38.51041511652308 -3.822096041710669);
YOM6947;2021-07-30 11:18:00;Rua Emílio de Menezes;;;GRANJA PORTUGAL;YOM6947;Colisão;Não informado;Não informado;Não informado;Meio de quadra;Não informado;Longo da via;0;1;0;1;1;0;0;0;0;0;0;0;0;(-38.597954 -3.77882);
LNW2916;2021-07-30 11:00:00;Rua Romeu Martins;RUA ALM RUBIM;;MONTESE;LNW2916;Colisão;Não informado;Não informado;Não informado;Cruz;Não informado;Cruzamento;0;1;0;1;1;0;0;0;0;0;0;0;0;(-38.5539753 -3.7653694);
ISP7810;2021-07-30 10:57:00;Avenida Odilon Guimarães;;;LAGOA REDONDA;ISP7810;Colisão;Não informado;Não informado;Não informado;Meio de quadra;Não informado;Longo da via;0;1;0;2;0;0;0;0;0;0;0;0;0;(-38.4781354 -3.823972);
NNA6960;2021-07-30 10:33:00;Avenida Ministro José Américo;;;CAMBEBA;NNA6960;Colisão;Não informado;Não informado;Não informado;Meio de quadra;Não informado;Longo da via;0;1;0;1;1;0;0;0;0;0;0;0;0;(-38.4955454 -3.8107795);
XHK0600;2021-07-04 11:53:00;Avenida Aldir Mentor;;;PRAIA DO FUTURO I;XHK0600;Colisão;Não informado;Não informado;Não informado;Não informado;Não informado;Longo da via;0;2;0;1;1;0;0;0;0;0;0;0;0;(-38.456063 -3.754308099999999);
SAW8549;2021-07-04 10:42:00;Avenida Jovita Feitosa;;;PARQUE ARAXA;SAW8549;Colisão;Não informado;Não informado;Não informado;Não informado;Não informado;Longo da via;0;1;0;1;1;0;0;0;0;0;0;0;0;(-38.55661347732366 -3.739872580741511);
DLF1577;2021-07-04 05:06:00;Avenida Doutor Theberge;;;CRISTO REDENTOR;DLF1577;Colisão;Não informado;Não informado;Não informado;Não informado;Não informado;Longo da via;0;1;0;1;1;0;0;0;0;0;0;0;0;(-38.56243386900935 -3.707031347107203);
HGD8098;2021-07-04 04:45:00;Rua Coronel Francisco Pereira;;;MESSEJANA;HGD8098;Colisão;Não informado;Não informado;Não informado;Não informado;Não informado;Longo da via;0;1;0;0;0;0;0;0;0;0;0;0;0;(-38.49281818122509 -3.8310526286747);
BIR5008;2021-07-04 03:02:00;Rua Guilherme Rocha;RUA OTO DE ALENCAR;;CENTRO;BIR5008;Colisão;Não informado;Não informado;Não informado;Não informado;Não informado;Longo da via;0;1;0;1;1;0;0;0;0;0;0;0;0;(-38.54000524426417 -3.723106842398916);
IMW2334;2021-07-04 02:11:00;Rua Almirante Jaceguai;;;CENTRO;IMW2334;Queda;Não informado;Não informado;Não informado;Não informado;Não informado;Longo da via;0;1;0;0;0;0;0;0;0;1;0;0;0;(-38.51932541604344 -3.721597267895107);
DYB3915;2021-07-04 01:35:00;Rua Pedro Lopes;;;GUAJERU;DYB3915;Colisão;Não informado;Não informado;Não informado;Não informado;Não informado;Longo da via;0;1;0;0;0;0;0;0;0;0;0;0;0;(-38.47917274052232 -3.828101510730876);
CRH7269;2021-07-04 00:11:00;Rua Maria Júlia;;;BOM JARDIM;CRH7269;Colisão;Não informado;Não informado;Não informado;Não informado;Não informado;Longo da via;0;1;0;0;0;0;0;0;0;0;0;0;0;(-38.6034605 -3.8024673);
SNU7489;2021-07-03 23:49:00;Avenida Contorno Sul;;;CONJUNTO ESPERANCA;SNU7489;Colisão;Não informado;Não informado;Não informado;Não informado;Não informado;Longo da via;0;1;0;0;0;0;0;0;0;0;1;0;0;(-38.59062925040848 -3.817177092349199);
VGN2312;2021-07-03 22:29:00;Rua Rui Monte;;;ANTONIO BEZERRA;VGN2312;Queda;Não informado;Bom;Não informado;Não informado;Não informado;Longo da via;0;1;0;0;0;0;0;0;0;1;0;0;0;(-38.58715311667374 -3.744171024645279);
CFF4879;2021-07-03 22:06:00;Rua Eça de Queirós;;;PARQUE SAO JOSE;CFF4879;Queda;Não informado;Não informado;Não informado;Não informado;Não informado;Longo da via;0;1;0;1;0;0;0;0;0;0;0;0;0;(-38.58960464656479 -3.794080669964169);
NIU0017;2021-07-03 21:48:00;Rua Mauriti;;;DAMAS;NIU0017;Queda;Não informado;Não informado;Não informado;Não informado;Não informado;Longo da via;0;1;0;1;0;0;0;0;0;0;0;0;0;(-38.54929641160019 -3.749882622930934);
ELW7060;2021-07-03 21:38:00;Avenida J;;;CONJUNTO CEARA I;ELW7060;Colisão;Não informado;Não informado;Não informado;Não informado;Não informado;Longo da via;0;1;0;2;0;0;0;0;0;0;0;0;0;(-38.61171679269659 -3.75760687127103);
KTD2453;2021-07-03 20:06:00;Avenida Pompílio Gomes;;;BARROSO;KTD2453;Colisão;Não informado;Não informado;Não informado;Não informado;Não informado;Longo da via;0;1;0;2;0;0;0;0;0;0;0;0;0;(-38.52117447381846 -3.825775115717563);
VTA8691;2021-07-03 19:33:00;Avenida Godofredo Maciel;;;MARAPONGA;VTA8691;Colisão;Não informado;Não informado;Não informado;Não informado;Não informado;Longo da via;0;1;0;1;1;0;0;0;0;0;0;0;0;(-38.57420877385665 -3.809881580214563);
IUS9990;2021-07-03 19:05:00;Rua Gomes Brasil;;;PARANGABA;IUS9990;Atropelamento;Não informado;Não informado;Não informado;Não informado;Não informado;Longo da via;0;1;0;1;0;0;0;0;0;0;0;0;0;(-38.56921986720017 -3.771931075846353);
SGU0393;2021-07-31 10:56:00;Rua Coronel Matos Dourado;;;HENRIQUE JORGE;SGU0393;Atropelamento;Não informado;Não informado;Não informado;Não informado;Não informado;Longo da via;0;1;0;1;0;0;0;0;0;0;0;0;0;(-38.583319 -3.7552308);
ODY0551;2021-07-31 10:44:00;Avenida Senador Fernandes Távora;;;HENRIQUE JORGE;ODY0551;Atropelamento de Animal;Não informado;Não informado;Não informado;Meio de quadra;Não informado;Longo da via;0;1;0;1;0;0;0;0;0;0;0;0;0;(-38.5830783 -3.7615844);
CNI5314;2021-07-31 01:11:00;AV JOSE BASTOS;;;RODOLFO TEOFILO;CNI5314;Colisão;Não informado;Não informado;Não informado;Meio de quadra;Não informado;Longo da via;0;1;0;0;0;0;0;0;0;0;1;0;0;(-38.5538192 -3.7537702);
GJL3733;2021-07-30 22:47:00;RUA WALDERY UCHOA;RUA PDE FRANCISCO PINTO;;BENFICA;GJL3733;Colisão;Não informado;Não informado;Não informado;Cruz;Não informado;Cruzamento;0;2;0;1;1;0;0;0;0;0;0;0;0;(-38.538603 -3.744778);
SMG5757;2021-07-30 21:50:00;Avenida Heráclito Graça;;;CENTRO;SMG5757;Atropelamento;Não informado;Não informado;Não informado;Meio de quadra;Não informado;Longo da via;0;1;0;0;0;0;0;0;0;0;1;0;0;(-38.5240316 -3.7340733);
KNB9743;2021-07-30 21:38:00;Rua Américo Vespúcio;RUA OFIR;;SERRINHA;KNB9743;Colisão;Não informado;Não informado;Não informado;Cruz;Não informado;Cruzamento;0;2;0;1;1;0;0;0;0;0;0;0;0;(-38.5503745 -3.7881635);
JLL0953;2021-07-30 20:59:00;Avenida Imperador;;;CENTRO;JLL0953;Colisão;Não informado;Não informado;Não informado;Meio de quadra;Não informado;Longo da via;0;2;0;2;0;0;0;0;0;0;0;0;0;(-38.534303 -3.727546);
PUU8256;2021-07-03 18:29:00;Avenida Desembargador Gonzaga;;;JARDIM DAS OLIVEIRAS;PUU8256;Queda;Não informado;Não informado;Não informado;Não informado;Não informado;Longo da via;0;1;0;0;0;0;0;0;0;1;0;0;0;(-38.50380078041297 -3.788540648192308);
APK5904;2021-07-03 16:59:00;Rua Professor Costa Mendes;;;RODOLFO TEOFILO;APK5904;Queda;Não informado;Não informado;Não informado;Não informado;Não informado;Longo da via;0;1;0;1;0;0;0;0;0;0;0;0;0;(-38.55549768494166 -3.746922445906299);
BBL1363;2021-07-03 15:51:00;Rua Mario Mamede;;;FATIMA;BBL1363;Colisão;Não informado;Não informado;Não informado;Não informado;Não informado;Longo da via;0;1;0;0;0;0;0;0;0;0;0;0;0;(-38.52580561824499 -3.754095371140127);
GAG0737;2021-07-03 15:42:00;Avenida Castelo de Castro;;;JANGURUSSU;GAG0737;Colisão;Não informado;Não informado;Não informado;Não informado;Não informado;Longo da via;0;1;0;1;1;0;0;0;0;0;0;0;0;(-38.52167502504145 -3.843270217153014);
ZXO8654;2021-07-31 16:46:00;Rua José Avelino;;;CENTRO;ZXO8654;Colisão;Não informado;Não informado;Não informado;Meio de quadra;Não informado;Longo da via;0;1;0;1;1;0;0;0;0;0;0;0;0;(-38.5210203 -3.7222887);
LYD1021;2021-07-03 15:08:00;Rua Doutor Perilio Teixeira;;;GENIBAU;LYD1021;Atropelamento de Animal;Não informado;Não informado;Não informado;Não informado;Não informado;Longo da via;0;1;0;1;0;0;0;0;0;0;0;0;0;(-38.60121861300674 -3.756075944597333);
JPZ5919;2021-07-31 15:43:00;Rua Saudade;;;MONTESE;JPZ5919;Colisão;Não informado;Não informado;Não informado;Meio de quadra;Não informado;Longo da via;0;1;0;2;0;0;0;0;0;0;0;0;0;(-38.5473009 -3.7688119);
IHP2179;2021-07-31 15:41:00;Rua José Gáspar;;;JOAO XXIII;IHP2179;Colisão;Não informado;Não informado;Não informado;Meio de quadra;Não informado;Longo da via;0;1;0;1;1;0;0;0;0;0;0;0;0;(-38.5886633 -3.7735245);
OSU8480;2021-07-31 15:31:00;CE 040;;;GUAJERU;OSU8480;Colisão;Não informado;Não informado;Não informado;Meio de quadra;Não informado;Longo da via;0;1;0;2;0;0;0;0;0;0;0;0;0;(-38.48229930000001 -3.8315019);
QFA7859;2021-07-31 15:18:00;Rua 26º Batalhão;;;MONDUBIM;QFA7859;Queda;Não informado;Não informado;Não informado;Meio de quadra;Não informado;Longo da via;0;1;0;1;0;0;0;0;0;0;0;0;0;(-38.5677674 -3.8052594);
XKF4311;2021-07-31 14:52:00;Rua Belos Portos;;;PASSARE;XKF4311;Colisão;Não informado;Não informado;Não informado;Meio de quadra;Não informado;Longo da via;0;1;0;2;0;0;0;0;0;0;0;0;0;(-38.5255329 -3.8133231);
AER6209;2021-07-31 14:16:00;Avenida João Pessoa;;;DAMAS;AER6209;Colisão;Não informado;Não informado;Não informado;Meio de quadra;Não informado;Longo da via;0;1;0;1;1;0;0;0;0;0;0;0;0;(-38.5583261 -3.7640448);
OOG7109;2021-07-31 13:36:00;Avenida Washington Soares;;;MESSEJANA;OOG7109;Atropelamento;Não informado;Não informado;Não informado;Meio de quadra;Não informado;Longo da via;0;1;0;0;1;0;0;0;0;0;0;0;0;(-38.4811111 -3.8427778);
XDA2316;2021-07-03 14:07:00;Avenida Ministro Albuquerque Lima;;;CONJUNTO CEARA I;XDA2316;Atropelamento;Não informado;Não informado;Não informado;Não informado;Não informado;Longo da via;0;1;0;0;1;0;0;0;0;0;0;0;0;(-38.60376671508958 -3.770758812356809);
VYX2334;2021-07-31 12:33:00;Avenida Argentina Pinheiro Tôrres;;;PASSARE;VYX2334;Colisão;Não informado;Não informado;Não informado;Meio de quadra;Não informado;Longo da via;0;1;0;2;0;0;0;0;0;0;0;0;0;(-38.5409504 -3.8135721);
MLS5980;2021-07-03 13:50:00;Rua José Hipólito;RUA ANTONIO BARROS;;MESSEJANA;MLS5980;Colisão;Não informado;Não informado;Não informado;Não informado;Não informado;Longo da via;0;2;0;1;1;0;0;0;0;0;0;0;0;(-38.4896379 -3.8338857);
WBP7476;2021-07-03 11:44:00;Rua Martins de Carvalho;;;GRANJA LISBOA;WBP7476;Colisão;Não informado;Não informado;Não informado;Não informado;Não informado;Longo da via;0;1;0;1;1;0;0;0;0;0;0;0;0;(-38.62736478507644 -3.788604880532144);
MNM1363;2021-07-03 11:14:00;Avenida D;;;CONJUNTO CEARA I;MNM1363;Queda;Não informado;Não informado;Não informado;Não informado;Não informado;Longo da via;0;1;0;1;0;0;0;0;0;0;0;0;0;(-38.6024774 -3.7633473);
WYR5313;2021-07-03 11:03:00;Avenida Desembargador Moreira;;;ALDEOTA;WYR5313;Colisão;Não informado;Não informado;Não informado;Não informado;Não informado;Longo da via;0;1;0;1;1;0;0;0;0;0;0;0;0;(-38.49933222605861 -3.739412223108213);
DSK6373;2021-07-03 10:12:00;Avenida João Pessoa;;;DAMAS;DSK6373;Queda;Não informado;Não informado;Não informado;Não informado;Não informado;Longo da via;0;1;0;1;0;0;0;0;0;0;0;0;0;(-38.55042830779231 -3.753506551137791);
KDB7630;2021-07-03 08:53:00;Avenida Godofredo Maciel;;;MARAPONGA;KDB7630;Queda;Não informado;Não informado;Não informado;Não informado;Não informado;Longo da via;0;1;0;1;0;0;0;0;0;0;0;0;0;(-38.57093111960119 -3.800011397861384);
UAE3916;2021-07-03 08:28:00;Rua Capitão Olavo;;;AEROLANDIA;UAE3916;Queda;Não informado;Não informado;Não informado;Não informado;Não informado;Longo da via;0;1;0;1;0;0;0;0;0;0;0;0;0;(-38.51634815371546 -3.762831272133048);
KWB7696;2021-07-03 07:20:00;Avenida Coronel Carvalho;;;JARDIM GUANABARA;KWB7696;Queda;Não informado;Não informado;Não informado;Não informado;Não informado;Longo da via;0;1;0;1;0;0;0;0;0;0;0;0;0;(-38.58665958740007 -3.722041575553228);
ECK6051;2021-07-03 04:50:00;Rua Pereira Filgueiras;RUA NUNES VALENTE;;ALDEOTA;ECK6051;Colisão;Não informado;Não informado;Não informado;Não informado;Não informado;Longo da via;0;1;0;1;1;0;0;0;0;0;0;0;0;(-38.5023235 -3.7318005);
YYM8513;2021-07-03 04:06:00;Rua José Torres;;;GRANJA PORTUGAL;YYM8513;Atropelamento;Não informado;Não informado;Não informado;Não informado;Não informado;Longo da via;0;1;0;0;1;0;0;0;0;0;0;0;0;(-38.60756472493129 -3.781121780881082);
BYI5992;2021-07-03 03:06:00;Avenida Presidente Castelo Branco;;;CENTRO;BYI5992;Atropelamento;Não informado;Não informado;Não informado;Não informado;Não informado;Longo da via;0;1;0;1;0;0;0;0;0;0;0;0;0;(-38.52718958508194 -3.721399202963237);
BXR0937;2021-07-03 02:25:00;Rua Barão de Aratanha;;;CENTRO;BXR0937;Atropelamento;Não informado;Não informado;Não informado;Não informado;Não informado;Longo da via;0;1;0;1;0;0;0;0;0;0;0;0;0;(-38.52749005676612 -3.736253949107111);
CEX7272;2021-07-03 02:07:00;Avenida Carneiro de Mendonça;AV JOSE BASTOS;;DEMOCRITO ROCHA;CEX7272;Colisão;Não informado;Não informado;Não informado;Não informado;Não informado;Longo da via;0;1;0;0;2;0;0;0;0;0;0;0;0;(-38.56626942227077 -3.764356834099542);
HXS1223;2021-07-31 12:13:00;AV DR ALDY MENTOR;;;CIDADE 2000;HXS1223;Colisão;Não informado;Não informado;Não informado;Meio de quadra;Não informado;Longo da via;0;2;0;1;1;0;0;0;0;0;0;0;0;(-38.467366 -3.7529279);
QFO3013;2021-07-31 11:37:00;Rua Andrade Furtado;;;PAPICU;QFO3013;Atropelamento;Não informado;Não informado;Não informado;Meio de quadra;Não informado;Longo da via;0;1;0;0;1;0;0;0;0;0;0;0;0;(-38.4814195 -3.7454165);
RRY4308;2021-07-31 11:37:00;RUA VIENA WEYNE;RUA MAL LOTT;;CIDADE DOS FUNCIONRAIOS;RRY4308;Queda;Não informado;Não informado;Não informado;Y;Não informado;Cruzamento;0;1;0;1;0;0;0;0;0;0;0;0;0;(-38.4942465 -3.8004084);
KQT7032;2021-07-31 11:35:00;Rua Eduardo Perdigão;;;PARANGABA;KQT7032;Colisão;Não informado;Não informado;Não informado;Meio de quadra;Não informado;Longo da via;0;1;0;2;0;0;0;0;0;0;0;0;0;(-38.56396549999999 -3.7765172);
BFU3943;2021-07-31 11:11:00;RUA ISAIE BORIS;RUA EQUADOR;;MONTESE;BFU3943;Atropelamento;Não informado;Não informado;Não informado;Cruz;Não informado;Cruzamento;0;1;0;1;0;0;0;0;0;0;0;0;0;(-38.550545 -3.7678509);