COD_ACIDENTE;DATA;LOG1;LOG2;NUMERO;BAIRRO;AMC;NATUREZA;ILUMINACAO;TEMPO;SUPERFICIEPISTA;TIPOCRUZAMENTO;CONTROLETRAFEGO;USOSOLO;MORTOS;FERIDOS;ILESOS;MOTOCICLETA;AUTOMOVEL;MICROONIBUS;CAMINHAO;ONIBUS;CICLOMOTOR;BICICLETA;OUTROS;TREM;TRACAOANIMAL;COORDENADAS
KVR3968;2021-07-31 11:04:00;Rua Pôrto Franco;;;MONDUBIM;KVR3968;Queda;Não informado;Não informado;Não informado;Meio de quadra;Não informado;Longo da via;0;1;0;1;0;0;0;0;0;0;0;0;0;(-38.5854949 -3.810805);
RWX2579;2021-07-31 10:59:00;Avenida Senador Fernandes Távora;RUA TUPI D35;;HENRIQUE JORGE;RWX2579;Queda;Não informado;Não informado;Não informado;Cruz;Não informado;Cruzamento;0;1;0;1;0;0;0;0;0;0;0;0;0;(-38.580143 -3.763129);
XBO8499;2021-07-03 01:54:00;Avenida Waldir Diogo;;;MONDUBIM;XBO8499;Atropelamento;Não informado;Não informado;Não informado;Não informado;Não informado;Longo da via;0;1;0;1;0;0;0;0;0;0;0;0;0;(-38.58299032054154 -3.805947437571244);
AEK6680;2021-07-03 01:37:00;Avenida da Abolição;;;MEIRELES;AEK6680;Queda;Não informado;Não informado;Não informado;Não informado;Não informado;Longo da via;0;1;0;1;0;0;0;0;0;0;0;0;0;(-38.49828615750544 -3.726511405181884);
FFW5727;2021-07-03 00:24:00;Rua Emílio de Menezes;;;GRANJA PORTUGAL;FFW5727;Colisão;Não informado;Não informado;Não informado;Não informado;Não informado;Longo da via;0;1;0;1;1;0;0;0;0;0;0;0;0;(-38.60500589706194 -3.776818166410738);
FFN1081;2021-07-03 00:07:00;Avenida General Osório de Paiva;;;CANINDEZINHO;FFN1081;Atropelamento;Não informado;Não informado;Não informado;Não informado;Não informado;Longo da via;0;1;0;1;0;0;0;0;0;0;0;0;0;(-38.60438361729854 -3.807044717259261);
CBT6712;2021-07-03 00:10:00;Rua Pereira de Miranda;;;PAPICU;CBT6712;Colisão;Não informado;Não informado;Não informado;Não informado;Não informado;Longo da via;0;1;0;1;1;0;0;0;0;0;0;0;0;(-38.47765459896011 -3.741168004412138);
JEU0722;2021-07-02 23:35:00;Rua Umarizeira;;;CANINDEZINHO;JEU0722;Colisão;Não informado;Não informado;Não informado;Não informado;Não informado;Longo da via;0;2;0;0;0;0;0;0;0;0;0;0;0;(-38.60952273188229 -3.814243907826627);
AZY6696;2021-07-02 23:23:00;Rua Amaro José Sousa;;;MONDUBIM;AZY6696;Atropelamento de Animal;Não informado;Não informado;Não informado;Não informado;Não informado;Longo da via;0;1;0;1;0;0;0;0;0;0;0;0;0;(-38.56787339029903 -3.825018494458724);
XZR9358;2021-07-02 23:12:00;Avenida Jovita Feitosa;;;PARQUE ARAXA;XZR9358;Colisão;Não informado;Não informado;Não informado;Não informado;Não informado;Longo da via;0;1;0;1;1;0;0;0;0;0;0;0;0;(-38.5554045 -3.7396894);
UTR1703;2021-07-02 23:11:00;BR-116;;;MESSEJANA;UTR1703;Queda;Não informado;Não informado;Não informado;Não informado;Não informado;Longo da via;0;1;0;1;0;0;0;0;0;0;0;0;0;(-38.5051801 -3.8298516);
NTG1861;2021-07-02 22:57:00;Avenida Senador Fernandes Távora;;;AUTRAN NUNES;NTG1861;Atropelamento;Não informado;Não informado;Não informado;Não informado;Não informado;Longo da via;0;1;0;1;0;0;0;0;0;0;0;0;0;(-38.5937402 -3.7561086);
KAC9648;2021-07-02 22:08:00;Rua Maranhão;;;PAN AMERICANO;KAC9648;Colisão;Não informado;Não informado;Não informado;Não informado;Não informado;Longo da via;0;1;0;0;0;0;0;0;0;0;0;0;0;(-38.56637672376776 -3.755289068653678);
PXN5222;2021-07-02 21:45:00;Avenida Godofredo Maciel;;;MONDUBIM;PXN5222;Atropelamento;Não informado;Não informado;Não informado;Não informado;Não informado;Longo da via;0;1;0;1;0;0;0;0;0;0;0;0;0;(-38.5746714 -3.8173139);
AEU6006;2021-07-02 21:14:00;Avenida Bezerra de Menezes;;;FARIAS BRITO;AEU6006;Colisão;Não informado;Não informado;Não informado;Não informado;Não informado;Longo da via;0;1;0;0;0;0;0;0;0;0;0;0;0;(-38.54861512722632 -3.732356944502925);
HJQ0999;2021-07-02 20:25:00;Rua Coronel Honório Vieira;RUA MATIAS BARBOSA;;PARQUE MANIBURA;HJQ0999;Colisão;Não informado;Não informado;Não informado;Não informado;Não informado;Longo da via;0;1;0;1;1;0;0;0;0;0;0;0;0;(-38.4866764 -3.7882806);
KQV0065;2021-07-31 17:33:00;Rodovia Estrada do Guarani (BR116);;;PEDRAS;KQV0065;Colisão;Não informado;Não informado;Não informado;Meio de quadra;Não informado;Longo da via;0;1;0;0;0;0;0;0;0;0;1;0;0;(-38.49997630000001 -3.875589199999999);
JDT0481;2021-07-02 20:20:00;Avenida Almirante Henrique Sabóia;;;DIONISIO TORRES;JDT0481;Colisão;Não informado;Não informado;Não informado;Não informado;Não informado;Longo da via;0;1;0;1;1;0;0;0;0;0;0;0;0;(-38.48796502026566 -3.740830766202909);
MEC5711;2021-07-31 18:25:00;Rua Seis;RUA 9 UI 512;;PASSARE;MEC5711;Colisão;Não informado;Não informado;Não informado;T;Não informado;Cruzamento;0;1;0;1;1;0;0;0;0;0;0;0;0;(-38.53210016583529 -3.818304716477411);
DSG0392;2021-07-02 20:18:00;Rua Coronel Francisco Pereira;;;MESSEJANA;DSG0392;Colisão;Não informado;Não informado;Não informado;Não informado;Não informado;Longo da via;0;1;0;1;1;0;0;0;0;0;0;0;0;(-38.49261060416823 -3.829311163389383);
MVW7755;2021-07-31 19:40:00;Avenida Bezerra de Menezes;;;PARQUELANDIA;MVW7755;Colisão;Não informado;Não informado;Não informado;Meio de quadra;Não informado;Longo da via;0;1;0;1;1;0;0;0;0;0;0;0;0;(-38.5609309 -3.7346557);
NWG8337;2021-07-31 19:56:00;RUA CONSELHEIRO TRISTAO;RUA ANTONIO POMPEU;;CENTRO;NWG8337;Queda;Não informado;Não informado;Não informado;Cruz;Não informado;Cruzamento;0;1;0;1;0;0;0;0;0;0;0;0;0;(-38.5257386 -3.7363158);
PZF1544;2021-07-02 19:38:00;Rua Dinaja Severo;;;SIQUEIRA;PZF1544;Colisão;Não informado;Não informado;Não informado;Não informado;Não informado;Longo da via;0;1;0;2;0;0;0;0;0;0;0;0;0;(-38.62800315551356 -3.809565778951888);
TBB7619;2021-07-02 19:16:00;Avenida Coronel Miguel Dias;;;GUARARAPES;TBB7619;Colisão;Não informado;Não informado;Não informado;Não informado;Não informado;Longo da via;0;1;0;0;1;0;0;0;0;1;0;0;0;(-38.48809377028621 -3.759458967781547);
YFR4918;2021-07-02 18:41:00;Rua Francisco Moreira;AV DIOGUINHO;;PRAIA DO FUTURO I;YFR4918;Colisão;Não informado;Não informado;Não informado;Não informado;Não informado;Longo da via;0;1;0;1;1;0;0;0;0;0;0;0;0;(-38.45112758323634 -3.746071326245709);
NNN4962;2021-07-31 20:26:00;Rua Alberto Ferreira;;;JARDIM IRACEMA;NNN4962;Atropelamento;Não informado;Não informado;Não informado;Meio de quadra;Não informado;Longo da via;0;1;0;0;1;0;0;0;0;0;0;0;0;(-38.5832424553655 -3.722703603585107);
PXY7948;2021-07-31 21:13:00;Rua Coronel Mozart Gondim;;;VILA ELLERY;PXY7948;Queda;Não informado;Não informado;Não informado;Meio de quadra;Não informado;Longo da via;0;1;0;1;0;0;0;0;0;0;0;0;0;(-38.56056239999999 -3.729217);
BQU4363;2021-07-31 21:59:00;Rua General Cordeiro Neto;RUA MIRTYL MEYER;;MARAPONGA;BQU4363;Colisão;Não informado;Não informado;Não informado;Cruz;Não informado;Cruzamento;0;1;0;2;0;0;0;0;0;0;0;0;0;(-38.5711446 -3.8079847);
NZW9035;2021-07-31 23:26:00;RUA PRIMEIRO DE ABRIL;;;CASTELAO;NZW9035;Colisão;Não informado;Não informado;Não informado;Meio de quadra;Não informado;Longo da via;0;1;0;0;0;0;0;0;0;0;1;0;0;(-38.523832 -3.803053299999999);
VTC4029;2021-08-01 00:35:00;RUA MIGUEL GURGEL;;;MESSEJANA;VTC4029;Atropelamento;Não informado;Não informado;Não informado;Meio de quadra;Não informado;Longo da via;0;1;0;1;0;0;0;0;0;0;0;0;0;(-38.4824514 -3.8402533);
PDW7052;2021-08-01 00:57:00;BR-116;;;AEROLANDIA;PDW7052;Colisão;Não informado;Não informado;Não informado;Meio de quadra;Não informado;Longo da via;0;1;0;0;0;0;0;0;0;0;1;0;0;(-38.5153471 -3.7754669);
VHC7503;2021-08-01 01:09:00;Avenida José Bastos;;;RODOLFO TEOFILO;VHC7503;Queda;Não informado;Não informado;Não informado;Meio de quadra;Não informado;Longo da via;0;1;0;1;0;0;0;0;0;0;0;0;0;(-38.5539061 -3.7530803);
SFO5440;2021-08-01 01:25:00;Avenida A;;;CONJUNTO CEARA II;SFO5440;Colisão;Não informado;Não informado;Não informado;Meio de quadra;Não informado;Longo da via;0;1;0;0;0;0;0;0;0;0;1;0;0;(-38.6052264 -3.7722466);
EHX5723;2021-08-01 01:56:00;Rua Catolé;;;CONJUNTO PALMEIRAS;EHX5723;Queda;Não informado;Não informado;Não informado;Meio de quadra;Não informado;Longo da via;0;1;0;1;0;0;0;0;0;0;0;0;0;(-38.5217899 -3.8528676);
JMT3996;2021-07-02 18:03:00;Rua Coronel Matos Dourado;;;HENRIQUE JORGE;JMT3996;Colisão;Não informado;Não informado;Não informado;Não informado;Não informado;Longo da via;0;1;0;1;1;0;0;0;0;0;0;0;0;(-38.58353749493383 -3.755776182416742);
QZW6487;2021-07-02 16:43:00;Avenida Jovita Feitosa;;;PARQUELANDIA;QZW6487;Colisão;Não informado;Não informado;Não informado;Não informado;Não informado;Longo da via;0;1;0;1;1;0;0;0;0;0;0;0;0;(-38.5554045 -3.7396894);
TTC7178;2021-07-02 16:12:00;Rua Major Veríssimo;;;VILA ELLERY;TTC7178;Colisão;Não informado;Não informado;Não informado;Não informado;Não informado;Longo da via;0;1;0;0;0;0;0;0;0;0;0;0;0;(-38.56269136037105 -3.722100459683882);
HIO2069;2021-07-02 15:24:00;Rua Aristídes Barreto Neto;;;MONTE CASTELO;HIO2069;Colisão;Não informado;Não informado;Não informado;Não informado;Não informado;Longo da via;0;2;0;1;1;0;0;0;0;0;0;0;0;(-38.5555884 -3.7282731);
KTX2255;2021-07-02 13:38:00;Avenida General Osório de Paiva;;;PARQUE SAO JOSE;KTX2255;Colisão;Não informado;Não informado;Não informado;Não informado;Não informado;Longo da via;0;1;0;1;1;0;0;0;0;0;0;0;0;(-38.5923619966067 -3.794856805444236);
RVX7315;2021-07-02 13:08:00;Avenida José Bastos;;;RODOLFO TEOFILO;RVX7315;Colisão;Não informado;Não informado;Não informado;Não informado;Não informado;Longo da via;0;1;0;1;1;0;0;0;0;0;0;0;0;(-38.54762271716273 -3.74729715241262);
DIL9497;2021-07-02 12:21:00;Avenida Senador Carlos Jereissati;;;DIAS MACEDO;DIL9497;Colisão;Não informado;Não informado;Não informado;Não informado;Não informado;Longo da via;0;1;0;1;1;0;0;0;0;0;0;0;0;(-38.5353259 -3.7822053);
WLX8277;2021-07-02 11:51:00;Rodovia Anel Viario De Fortaleza;RUA CATOLE;;JANGURUSSU;WLX8277;Queda;Não informado;Não informado;Não informado;Não informado;Não informado;Longo da via;0;1;0;1;0;0;0;0;0;0;0;0;0;(-38.52321997931067 -3.863475114388524);
FTS4657;2021-07-02 11:32:00;Rua Santo Antônio;AV 13 DE MAIO;;BENFICA;FTS4657;Colisão;Não informado;Não informado;Não informado;Cruz;Não informado;Longo da via;0;1;0;1;1;0;0;0;0;0;0;0;0;(-38.53689924411372 -3.743095077403157);
WGD5404;2021-07-02 11:19:00;Rua Raimundo Neri;;;BONSUCESSO;WGD5404;Queda;Não informado;Não informado;Não informado;Não informado;Não informado;Longo da via;0;1;0;1;0;0;0;0;0;0;0;0;0;(-38.587129 -3.7924302);
SGK2193;2021-07-02 11:17:00;Rodovia Br116;;;DIAS MACEDO;SGK2193;Queda;Não informado;Não informado;Não informado;Não informado;Não informado;Longo da via;0;1;0;1;0;0;0;0;0;0;0;0;0;(-38.50649908971931 -3.797436781820372);
XRW4428;2021-08-01 02:18:00;Rua Silvinha Téles;;;CONJUNTO PALMEIRAS;XRW4428;Colisão;Não informado;Não informado;Não informado;Meio de quadra;Não informado;Longo da via;0;1;0;0;0;0;0;0;0;0;1;0;0;(-38.529432 -3.8459021);
KGY7952;2021-08-01 02:19:00;Avenida Professor José Arthur de Carvalho;;;CURIO;KGY7952;Colisão;Não informado;Não informado;Não informado;Meio de quadra;Não informado;Longo da via;0;1;0;2;0;0;0;0;0;0;0;0;0;(-38.4742732 -3.826537);
JYG5638;2021-08-01 02:29:00;Rua José Abílio;;;GRANJA PORTUGAL;JYG5638;Queda;Não informado;Não informado;Não informado;Meio de quadra;Não informado;Longo da via;0;1;0;1;0;0;0;0;0;0;0;0;0;(-38.6073911 -3.7815172);
CIG8135;2021-08-01 02:56:00;Rua Cônego de Castro;RUA LEBOM MAIA;;MANOEL SATIRO;CIG8135;Queda;Não informado;Não informado;Não informado;T;Não informado;Cruzamento;0;1;0;1;0;0;0;0;0;0;0;0;0;(-38.5765499 -3.7883979);
CEG3428;2021-07-02 11:07:00;Avenida Luiz Vieira;;;BONSUCESSO;CEG3428;Atropelamento de Animal;Não informado;Não informado;Não informado;Não informado;Não informado;Longo da via;0;1;0;1;0;0;0;0;0;0;0;0;0;(-38.58873475173951 -3.790663072865408);
YAJ2824;2021-07-02 10:50:00;Rua Mario Mamede;;;FATIMA;YAJ2824;Queda;Não informado;Não informado;Não informado;Não informado;Não informado;Longo da via;0;1;0;1;0;0;0;0;0;0;0;0;0;(-38.52599874409684 -3.75392407808949);
NZC8309;2021-07-02 10:30:00;Avenida Antônio Sales;;;DIONISIO TORRES;NZC8309;Queda;Não informado;Não informado;Não informado;Não informado;Não informado;Longo da via;0;2;0;1;0;0;0;0;0;0;0;0;0;(-38.5068247 -3.7440876);
UAA8546;2021-07-02 10:23:00;Avenida Humberto Monte;;;PICI;UAA8546;Queda;Não informado;Não informado;Não informado;Não informado;Não informado;Longo da via;0;1;0;1;0;0;0;0;0;0;0;0;0;(-38.56278258573817 -3.746296150387458);
RQI3968;2021-07-02 09:47:00;Avenida Dom Manuel;;;CENTRO;RQI3968;Outros;Não informado;Não informado;Não informado;Não informado;Não informado;Longo da via;0;1;0;1;0;0;0;0;0;0;0;0;0;(-38.52171795000341 -3.730290668562529);
HNO2123;2021-07-02 09:47:00;Avenida Mister Hull;;;ANTONIO BEZERRA;HNO2123;Colisão;Não informado;Não informado;Não informado;Não informado;Não informado;Longo da via;0;1;0;1;1;0;0;0;0;0;0;0;0;(-38.59449700894434 -3.740193760342495);
CIW0348;2021-07-02 09:43:00;Avenida Treze de Maio;;;FATIMA;CIW0348;Colisão;Não informado;Não informado;Não informado;Não informado;Não informado;Longo da via;0;1;0;1;1;0;0;0;0;0;0;0;0;(-38.53309051810318 -3.746162326500526);
SIH8441;2021-07-02 08:23:00;Avenida Bernardo Manuel;;;PREFEITO JOSE VALTER;SIH8441;Colisão;Não informado;Não informado;Não informado;Não informado;Não informado;Longo da via;0;1;0;1;1;0;0;0;0;0;0;0;0;(-38.56273965092392 -3.835996336840521);
RYR4089;2021-07-02 03:37:00;Rua Domingos Jaguaribe;;;VILA UNIAO;RYR4089;Queda;Não informado;Não informado;Não informado;Não informado;Não informado;Longo da via;0;1;0;1;0;0;0;0;0;0;0;0;0;(-38.5335356859813 -3.766417676722637);
SWH8587;2021-07-02 01:55:00;Avenida General Osório de Paiva;;;PARANGABA;SWH8587;Colisão;Não informado;Não informado;Não informado;Não informado;Não informado;Longo da via;0;1;0;1;1;0;0;0;0;0;0;0;0;(-38.57110812193833 -3.778552461377579);
OXK0467;2021-07-02 00:41:00;Rua Nereu Ramos;;;VILA PERY;OXK0467;Queda;Não informado;Não informado;Não informado;Não informado;Não informado;Longo da via;0;1;0;1;0;0;0;0;0;0;0;0;0;(-38.57350067255337 -3.784365535878569);
RQU4427;2021-07-01 23:50:00;Avenida Contôrno Sul;;;MESSEJANA;RQU4427;Colisão;Não informado;Não informado;Não informado;Não informado;Não informado;Longo da via;0;1;0;2;0;0;0;0;0;0;0;0;0;(-38.51840273567318 -3.836734967689896);
ZAW8009;2021-07-01 23:29:00;Rua Alberto Magno;RUA RAUL UCHOA;;MONTESE;ZAW8009;Colisão;Não informado;Não informado;Não informado;Não informado;Não informado;Longo da via;0;1;0;1;1;0;0;0;0;0;0;0;0;(-38.54583099450343 -3.760149488306259);
SXS9069;2021-07-01 22:50:00;Rua João Cordeiro;;;JOAQUIM TVORA;SXS9069;Colisão;Não informado;Não informado;Não informado;Não informado;Não informado;Longo da via;0;1;0;1;1;0;0;0;0;0;0;0;0;(-38.51780190560623 -3.739829756785819);
QRG4123;2021-07-01 22:40:00;Avenida Antônio Sales;;;DIONISIO TORRES;QRG4123;Colisão;Não informado;Não informado;Não informado;Não informado;Não informado;Longo da via;0;1;0;1;1;0;0;0;0;0;0;0;0;(-38.49207954273464 -3.748662153328229);
PZW4509;2021-07-01 22:24:00;Rua Tulipa Negra;RUA SAO FIDELIS D71;;PARQUE PRESIDENTE VARGAS;PZW4509;Colisão;Não informado;Não informado;Não informado;Não informado;Não informado;Longo da via;0;1;0;2;0;0;0;0;0;0;0;0;0;(-38.5958056 -3.8207164);
COS9866;2021-07-01 22:23:00;Rua Antônio Monteiro;;;PARQUE PRESIDENTE VARGAS;COS9866;Colisão;Não informado;Não informado;Não informado;Não informado;Não informado;Longo da via;0;1;0;2;0;0;0;0;0;0;0;0;0;(-38.59651938820796 -3.819237809060584);
FOF4369;2021-09-16 21:47:00;Avenida Antônio Sales;;;DIONISIO TORRES;968665;Colisão Traseira;Via Iluminada;Bom;Seca;Meio de quadra;Não há Controle;Longo da via;0;1;0;1;1;0;0;0;0;0;0;0;0;(-38.4989327 -3.7462985);
HKT6972;2021-07-01 22:10:00;Avenida Jovita Feitosa;;;PARQUELANDIA;HKT6972;Colisão;Não informado;Não informado;Não informado;Não informado;Não informado;Longo da via;0;1;0;0;0;0;0;0;0;0;0;0;0;(-38.55518654306606 -3.739653107946485);
XXV6606;2021-09-16 15:40:00;Avenida Rogaciano Leite;RUA HENRIQUE DE CASTRO;;JARDIM DAS OLIVEIRAS;968620;Colisão Lateral;Luz do Dia;Bom;Seca;Cruz;Semáforo;Cruzamento;0;1;0;1;1;0;1;0;0;0;0;0;0;(-38.5006513 -3.7770167);
ZKA2525;2021-07-01 21:27:00;Avenida Domingos Olímpio;RUA PDE MORORO;;CENTRO;ZKA2525;Colisão;Não informado;Não informado;Não informado;Não informado;Não informado;Longo da via;0;1;0;1;1;0;0;0;0;0;0;0;0;(-38.54000525153612 -3.733743380815701);
DCA4229;2021-07-01 21:21:00;Avenida Oscar Araripe;RUA CEL VIRGILIO NOGUEIRA (BOM JARDIM);;BOM JARDIM;DCA4229;Colisão;Não informado;Não informado;Não informado;Não informado;Não informado;Longo da via;0;1;0;0;1;0;0;0;0;1;0;0;0;(-38.6086186 -3.7882278);
RFJ0861;2021-07-01 20:40:00;Avenida Antônio Sales;;;COCO;RFJ0861;Colisão;Não informado;Não informado;Não informado;Não informado;Não informado;Longo da via;0;1;0;2;0;0;0;0;0;0;0;0;0;(-38.49204199016638 -3.748571153333466);
ILX6758;2021-07-01 19:52:00;Rua Dom Pero Fernandes;;;JARDIM CEARENSE;ILX6758;Queda;Não informado;Não informado;Não informado;Não informado;Não informado;Longo da via;0;1;0;1;0;0;0;0;0;0;0;0;0;(-38.56593684055101 -3.799251324902091);
VGJ5764;2021-07-01 19:47:00;Rua 106;;;CONJUNTO ESPERANCA;VGJ5764;Colisão;Não informado;Não informado;Não informado;Não informado;Não informado;Longo da via;0;1;0;0;0;0;0;0;0;0;0;0;0;(-38.58951346060685 -3.812060070512307);
JPP5254;2021-07-01 17:17:00;Rua Alberto Magno;;;MONTESE;JPP5254;Colisão;Não informado;Não informado;Não informado;Não informado;Não informado;Longo da via;0;1;0;0;1;0;0;0;0;1;0;0;0;(-38.54263215250581 -3.75651145269358);
PEI1127;2021-07-01 15:22:00;Rua Doutor Edmilson Barros Oliveira;;;SAO JOAO DO TAUAPE;PEI1127;Colisão;Não informado;Não informado;Não informado;Não informado;Não informado;Longo da via;0;1;0;1;1;0;0;0;0;0;0;0;0;(-38.49480999726335 -3.752184381140669);
RLJ5057;2021-07-01 15:13:00;Avenida A;;;CONJUNTO CEARA I;RLJ5057;Colisão;Não informado;Não informado;Não informado;Não informado;Não informado;Longo da via;0;1;0;1;1;0;0;0;0;0;0;0;0;(-38.60477522075303 -3.77090869088198);
PHR7058;2021-07-01 14:39:00;Rua Doutor João Moreira;;;CENTRO;PHR7058;Atropelamento;Não informado;Não informado;Não informado;Não informado;Não informado;Longo da via;0;1;0;0;1;0;0;0;0;0;0;0;0;(-38.52597038082633 -3.723215828090998);
LRF3320;2021-07-01 14:36:00;Avenida Barão de Studart;RUA PDE VALDEVINO;;ALDEOTA;LRF3320;Colisão;Não informado;Não informado;Não informado;Cruz;Não informado;Longo da via;0;1;0;1;1;0;0;0;0;0;0;0;0;(-38.50888624847061 -3.74183712745888);
SYD3469;2021-07-01 13:55:00;Rua Naturalista Feijó;;;VILA ELLERY;SYD3469;Queda;Não informado;Não informado;Não informado;Não informado;Não informado;Longo da via;0;1;0;1;0;0;0;0;0;0;0;0;0;(-38.5582231 -3.7210628);
DJY2181;2021-07-01 13:26:00;Rua Dona Lúcia Pinheiro;;;QUINTINO CUNHA;DJY2181;Queda;Não informado;Não informado;Não informado;Não informado;Não informado;Longo da via;0;1;0;1;0;0;0;0;0;0;0;0;0;(-38.59718457651282 -3.732212412406104);
TDX2744;2021-07-01 13:18:00;Avenida Américo Barreira;;;RODOLFO TEOFILO;TDX2744;Colisão;Não informado;Não informado;Não informado;Não informado;Não informado;Longo da via;0;1;0;2;0;0;0;0;0;0;0;0;0;(-38.55456963053565 -3.754068606603175);
PYU1519;2021-07-01 13:18:00;Rua Manuel Castelo Branco;RUA BAR AQUIRAZ;;MESSEJANA;PYU1519;Queda;Não informado;Não informado;Não informado;Cruz;Não informado;Longo da via;0;1;0;1;0;0;0;0;0;0;0;0;0;(-38.49184349590867 -3.832067666379317);
MYY0448;2021-07-01 12:48:00;Rua Cônego de Castro;;;PARQUE SANTA ROSA;MYY0448;Colisão;Não informado;Não informado;Não informado;Não informado;Não informado;Longo da via;0;1;0;1;1;0;0;0;0;0;0;0;0;(-38.59231905100185 -3.805476409764108);
YSZ6003;2021-07-01 11:29:00;Avenida Domingos Olímpio;;;JOSE BONIFACIO;YSZ6003;Colisão;Não informado;Não informado;Não informado;Não informado;Não informado;Longo da via;0;1;0;1;1;0;0;0;0;0;0;0;0;(-38.54063286709896 -3.733539965586373);
ETC2505;2021-07-01 11:27:00;Avenida Godofredo Maciel;;;MONDUBIM;ETC2505;Colisão;Não informado;Não informado;Não informado;Não informado;Não informado;Longo da via;0;1;0;1;1;0;0;0;0;0;0;0;0;(-38.57872023206091 -3.824033639700571);
XOU0236;2021-07-01 11:12:00;Avenida Santos Dumont;;;PAPICU;XOU0236;Colisão;Não informado;Não informado;Não informado;Não informado;Não informado;Longo da via;0;1;0;1;1;0;0;0;0;0;0;0;0;(-38.45613792387254 -3.749609623299321);
GAA8793;2021-07-01 11:03:00;Rua Henrique Elery;;;CARLITO PAMPLONA;GAA8793;Colisão;Não informado;Não informado;Não informado;Não informado;Não informado;Longo da via;0;1;0;2;0;0;0;0;0;0;0;0;0;(-38.56151118910824 -3.719595204101625);
RPT8458;2021-07-01 10:30:00;Avenida Governador Raul Barbosa;;;AEROLANDIA;RPT8458;Colisão;Não informado;Não informado;Não informado;Não informado;Não informado;Longo da via;0;1;0;1;1;0;0;0;0;0;0;0;0;(-38.50463226849168 -3.75921808840009);
ZHQ9908;2021-07-01 04:31:00;Rua Nova Esperança;;;DIAS MACEDO;ZHQ9908;Queda;Não informado;Não informado;Não informado;Não informado;Não informado;Longo da via;0;1;0;1;0;0;0;0;0;0;0;0;0;(-38.52023736007116 -3.784199601511686);
GQD7340;2021-07-01 03:27:00;Avenida H;;;CONJUNTO CEARA II;GQD7340;Queda;Não informado;Não informado;Não informado;Não informado;Não informado;Longo da via;0;1;0;1;0;0;0;0;0;0;0;0;0;(-38.61190824647329 -3.776102818909475);
HYJ7615;2021-09-16 11:49:00;Avenida Heráclito Graça;AV RUI BARBOSA;;ALDEOTA;968921;Colisão Lateral;Luz do Dia;Bom;Molhada;Cruz;Semáforo Danificado;Longo da via;0;0;3;0;3;0;0;0;0;0;0;0;0;(-38.5102954509437 -3.7383435467619);
RVR5664;2021-09-17 06:45:00;Rua Padre Valdevino;RUA SILVA PAULET;;DIONISIO TORRES;967070;Choque c/ Obstáculo Fixo;Via Iluminada;Bom;Seca;Cruz;Não informado;Longo da via;0;0;0;0;1;0;0;0;0;0;0;0;0;(-38.5078697 -3.7419315);
ILG5224;2021-09-17 21:00:00;Rua Joãozito Arruda;;;PARQUE IRACEMA;967534;Colisão Lateral;Via Iluminada;Bom;Seca;Meio de quadra;Não há Controle;Longo da via;0;1;1;1;1;0;0;0;0;0;0;0;0;(-38.49783555413204 -3.802933925676725);
HOO1332;2021-09-18 01:00:00;Avenida Bezerra de Menezes;;;;967536;Colisão Transversal;Via Iluminada;Bom;Seca;Cruz;Semáforo Intermitente;Longo da via;0;1;1;1;0;0;0;1;0;0;0;0;0;(-38.5548599 -3.7335861);
FVM0976;2021-09-17 11:00:00;Avenida Presidente Castelo Branco;;;BARRA DO CEARA;968470;Colisão Traseira;Luz do Dia;Bom;Seca;Meio de quadra;Não há Controle;Longo da via;0;0;0;0;1;0;0;0;0;0;0;0;0;(-38.55448381181066 -3.712079394645439);
ZYL8252;2021-09-17 19:00:00;Rua Barão do Crato;;;VILA ELLERY;968614;Colisão Lateral;Luz do Dia;Bom;Seca;Cruz;Pare;Longo da via;0;2;0;2;0;0;0;0;0;0;0;0;0;(-38.5628245 -3.722101);
CWI2309;2021-09-17 14:15:00;Rua Emílio de Menezes;RUA BRAGANCA;;GRANJA PORTUGAL;968631;Choque c/ Obstáculo Fixo;Não informado;Bom;Não informado;Cruz;Não informado;Longo da via;0;2;0;0;0;0;0;1;0;0;0;0;0;(-38.596179 -3.7792879);
WUS8836;2021-09-18 22:29:00;Avenida General Osório de Paiva;RUA PERDIGAO DE OLIVEIRA;;PARANGABA;967737;Colisão Lateral;Anoitecer;Bom;Seca;Duplo T;Semáforo;Longo da via;0;1;1;1;1;0;0;0;0;0;0;0;0;(-38.5701006 -3.7778718);
XEM3099;2021-09-18 19:20:00;Avenida Presidente Juscelino Kubitschek;;;PASSARE;967959;Colisão Transversal;Luz do Dia;Bom;Seca;Cruz;Não há Controle;Longo da via;0;1;1;1;1;0;0;0;0;0;0;0;0;(-38.5321687 -3.8168436);