COD_ACIDENTE;DATA;LOG1;LOG2;NUMERO;BAIRRO;AMC;NATUREZA;ILUMINACAO;TEMPO;SUPERFICIEPISTA;TIPOCRUZAMENTO;CONTROLETRAFEGO;USOSOLO;MORTOS;FERIDOS;ILESOS;MOTOCICLETA;AUTOMOVEL;MICROONIBUS;CAMINHAO;ONIBUS;CICLOMOTOR;BICICLETA;OUTROS;TREM;TRACAOANIMAL;COORDENADAS
AMZ8201;2021-09-18 08:00:00;Avenida Doutor Silas Munguba;;;CASTELAO;968193;Colisão Frontal;Via Iluminada;Bom;Seca;Rotatória;Dê Preferência;Longo da via;0;2;0;2;0;0;0;0;0;0;0;0;0;(-38.5253374 -3.807447899999999);
YOI2674;2021-09-18 10:40:00;Rua Benjamim Brasil;;;MARAPONGA;968480;Colisão Lateral;Luz do Dia;Bom;Seca;Meio de quadra;Outros;Longo da via;0;1;1;1;1;0;0;0;0;0;0;0;0;(-38.5652686 -3.8055698);
COP5648;2021-09-18 22:27:00;Avenida Prudente Brasil;AV HEROIS DO ACRE;;PASSARE;968514;Colisão Frontal;Anoitecer;Bom;Seca;Cruz;Semáforo;Longo da via;0;1;1;1;1;0;0;0;0;0;0;0;0;(-38.53219319999999 -3.8030892);
UMF3773;2021-09-18 13:50:00;Rua José Carlos Gurgel Nogueira;AV ENG ALBERTO SA;;;968541;Colisão Lateral;Luz do Dia;Bom;Seca;Cruz;Semáforo;Longo da via;0;1;1;1;1;0;0;0;0;0;0;0;0;(-38.4750186 -3.7348096);
ELT8372;2021-09-18 15:34:00;Rua Cardoso de Barros;;;VILA PERY;968693;Colisão Frontal;Luz do Dia;Bom;Seca;Meio de quadra;Não informado;Longo da via;0;2;0;2;0;0;0;0;0;0;1;0;0;(-38.5836308 -3.7873058);
PLW6646;2021-12-01 06:00:00;Avenida Presidente Castelo Branco;;;MOURA BRASIL;965996;Atropelamento;Mal Iluminada;Não informado;Seca;Meio de quadra;Não informado;Longo da via;1;0;2;0;2;0;0;0;0;0;0;0;0;(-38.53175900686237 -3.719535650663771);
PLW6646;2021-12-07 00:30:00;Rua Doutor Pergentino Maia;;;MESSEJANA;969371;Colisão;Via Iluminada;Não informado;Seca;Cruz;Semáforo;Longo da via;1;0;1;1;1;0;0;0;0;0;0;0;0;(-38.48919219235081 -3.83141400130363);
PLW6646;2021-12-15 10:00:00;Avenida Washington Soares;;;COACU;PLW6646;Choque c/ Obstáculo Fixo;Luz do Dia;Bom;Não informado;Não informado;Não informado;Longo da via;1;1;0;1;0;0;0;0;0;0;0;0;0;(-38.47515350593179 -3.851255223122465);
PLW6646;2021-12-15 17:30:00;Avenida Lineu Machado;;;JOQUEI CLUBE;969274;Colisão Transversal;Luz do Dia;Bom;Seca;Meio de quadra;Não informado;Longo da via;1;1;1;1;0;0;1;0;0;0;0;0;0;(-38.57764096371788 -3.767262754608425);
PLW6646;2021-12-14 16:50:00;Avenida João Pessoa;;;DAMAS;PLW6646;Colisão Lateral;Luz do Dia;Bom;Seca;Meio de quadra;Não informado;Longo da via;1;2;1;0;2;0;0;0;0;0;0;0;0;(-38.54373996542612 -3.746049245300098);
PLW6646;2021-12-17 21:00:00;Avenida Major Assis;;;VILA VELHA;PLW6646;Atropelamento;Via Iluminada;Bom;Seca;Meio de quadra;Não informado;Longo da via;1;2;0;1;0;0;0;0;0;0;0;0;0;(-38.5989374697094 -3.721007756936504);
PLW6646;2021-12-16 00:20:00;CE-040;;;SAPIRANGA / COITE;PLW6646;Atropelamento;Via Iluminada;Bom;Seca;Meio de quadra;Não informado;Longo da via;1;0;1;0;1;0;0;0;0;0;0;0;0;(-38.47971864341545 -3.799068666423871);
WOR1912;2021-09-19 13:30:00;Rua Osvaldo Cruz;RUA GAL TERTULIANO POTYGUARA;;ALDEOTA;967874;Colisão Transversal;Luz do Dia;Bom;Seca;Cruz;Pare;Longo da via;0;1;1;1;1;0;0;0;0;0;0;0;0;(-38.5025399 -3.742491299999999);
QDD6168;2021-09-19 12:20:00;Avenida Antônio Sales;AV DOMINGOS OLIMPIO;;JOSE BONIFACIO;968401;Colisão Transversal;Luz do Dia;Bom;Seca;Cruz;Semáforo;Longo da via;0;1;0;1;1;0;0;0;0;0;0;0;0;(-38.52359548646154 -3.73852362513237);
KUC1177;2021-09-19 10:00:00;Rua Guilherme Perdigão;;;PARANGABA;968473;Choque c/ Obstáculo Fixo;Amanhecer;Bom;Seca;Não informado;Não há Controle;Longo da via;0;0;0;0;1;0;0;0;0;0;0;0;0;(-38.57024447057471 -3.77440941765259);
OKJ2872;2021-09-19 11:02:00;Rua Professor Costa Mendes;;;DAMAS;968564;Colisão Lateral;Luz do Dia;Bom;Seca;Cruz;Semáforo;Longo da via;0;2;0;1;0;0;0;0;0;0;0;0;0;(-38.54927495181687 -3.752575144141669);
JJT1860;2021-09-20 09:56:00;Avenida José Jatahy;RUA AZEVEDO BOLAO;;PARQUE ARAXA;967353;Colisão Frontal;Não informado;Bom;Seca;Cruz;Semáforo;Longo da via;0;3;0;2;0;0;0;0;0;0;0;0;0;(-38.5445375 -3.7337337);
DSO2713;2021-09-20 10:30:00;Avenida Pedro Lazar;;;CAMBEBA;967741;Colisão Transversal;Luz do Dia;Bom;Seca;Cruz;Pare;Longo da via;0;1;0;1;1;0;0;0;0;0;0;0;0;(-38.4882654290828 -3.804561116356903);
VCW5947;2021-09-20 11:30:00;Rua Nossa Senhora das Graças;;;PIRAMBU;967803;Colisão Lateral;Luz do Dia;Bom;Seca;Meio de quadra;Não há Controle;Longo da via;0;0;2;0;1;0;1;0;0;0;0;0;0;(-38.55407074528875 -3.709873888557673);
KSD1465;2021-09-21 00:03:00;Rua Raimundo Neri;RUA ANTONIO COSTA MENDES;;VILA PERY;968351;Colisão Transversal;Via Iluminada;Bom;Seca;Cruz;Semáforo;Longo da via;0;2;1;1;1;0;0;0;0;0;0;0;0;(-38.58677226645148 -3.793299181121175);
DSO0495;2021-01-20 17:00:00;Rua Cuiabá;RUA BRI TORRES;;HENRIQUE JORGE;968353;Colisão Lateral;Luz do Dia;Bom;Seca;Cruz;Pare;Longo da via;0;0;1;1;1;0;0;0;0;0;0;0;0;(-38.58094111379247 -3.767911115470373);
JPV8186;2021-09-20 16:49:00;Avenida Santos Dumont;;;PAPICU;968433;Colisão Traseira;Luz do Dia;Bom;Seca;Meio de quadra;Não há Controle;Longo da via;0;2;0;1;1;0;0;0;0;0;0;0;0;(-38.48640934630895 -3.740006405589556);
IRV4906;2021-09-20 13:36:00;Avenida Padre Antônio Tomás;RUA BARBOSA DE FREITAS;;ALDEOTA;968566;Colisão Lateral;Luz do Dia;Bom;Molhada;Cruz;Semáforo;Longo da via;0;2;0;2;1;0;0;0;0;0;0;0;0;(-38.49847223325857 -3.740548981498502);
XFJ1740;2021-09-20 09:50:00;Avenida Governador Raul Barbosa;;;AEROLANDIA;968568;Engavetamento;Luz do Dia;Bom;Seca;Meio de quadra;Não há Controle;Longo da via;0;0;3;0;3;0;0;0;0;0;0;0;0;(-38.51273790906082 -3.773124748916337);
YZK5471;2021-09-21 01:30:00;Avenida C;AV N CJ JOSE WALTER;;PREFEITO JOSE VALTER;968664;Colisão Lateral;Via Iluminada;Bom;Seca;T;Semáforo;Longo da via;0;0;1;0;1;0;0;0;0;0;0;0;0;(-38.55565368961501 -3.82885085328716);
DZP1919;2021-09-21 00:42:00;Rua Dona Leopoldina;RUA JOAO BRIGIDO;;CENTRO;968694;Colisão Transversal;Via Iluminada;Bom;Seca;Cruz;Semáforo;Longo da via;0;2;1;1;0;0;0;1;0;0;0;0;0;(-38.52208642066113 -3.738472018840484);
IYI1801;2021-09-16 04:30:00;RUA BATISTA DE OLIVEIRA;RUA BENTO ALBUQUERQUE;;PAPICU;968513;Colisão Transversal;Via Iluminada;Bom;Seca;Cruz;Semáforo;Cruzamento;0;2;0;1;1;0;0;0;0;0;0;0;0;(-38.4810303 -3.744462);
ESH8310;2021-09-16 23:00:00;AV JOSE BASTOS;RUA CEARA;;DEMOCRITO ROCHA;967927;Colisão Traseira;Via Iluminada;Nublado;Seca;Cruz;Semáforo;Cruzamento;0;0;1;0;2;0;0;0;0;0;0;0;0;(-38.5612185 -3.7619321);
YMM1837;2021-09-16 22:50:00;Rua Marechal Bittencourt;;;DIAS MACEDO;967312;Colisão Frontal;Anoitecer;Bom;Seca;Meio de quadra;Não há Controle;Longo da via;0;1;0;1;1;0;0;0;0;0;0;0;0;(-38.530211 -3.793423);
JOX1812;2021-09-16 15:00:00;Rua 8 de Setembro;;;ALDEOTA;966968;Colisão;Luz do Dia;Bom;Seca;Meio de quadra;Não há Controle;Longo da via;0;1;0;1;1;0;0;0;0;0;0;0;0;(-38.487211 -3.7365559);
HMU4651;2021-12-09 09:47:00;Rua Nossa Senhora Aparecida;RUA 4 DE OUTUBRO;;MONDUBIM;969426;Colisão Transversal;Amanhecer;Não informado;Não informado;Cruz;Pare;Cruzamento;1;2;0;2;0;0;0;0;0;0;0;0;0;(-38.58846474641197 -3.835888285263278);
UUL4838;2021-09-03 17:26:00;Rua Conselheiro Lafayette;AV CEL CARVALHO;;JARDIM IRACEMA;958282;Colisão Transversal;Luz do Dia;Bom;Seca;Cruz;Semáforo;Longo da via;0;1;0;1;1;0;0;0;0;0;0;0;0;(-38.58729794610824 -3.717593135760167);
VNF6069;2021-09-22 02:00:00;Rua Monte Líbano;;;MONDUBIM;960584;Colisão Lateral Sentido Oposto;Via Iluminada;Bom;Seca;Meio de quadra;Não há Controle;Longo da via;0;0;2;1;1;0;0;0;0;0;0;0;0;(-38.56489077317074 -3.828567173682278);
HEZ8199;2021-09-21 22:00:00;Avenida Doutor Silas Munguba;;;CASTELAO;966591;Colisão Traseira;Via Iluminada;Bom;Seca;Rotatória;Pare;Longo da via;0;0;1;1;1;0;0;0;0;0;0;0;0;(-38.5253374 -3.807447899999999);
PAK8986;2021-09-21 11:00:00;Avenida Presidente Costa e Silva;;;PREFEITO JOSE VALTER;966974;Colisão Traseira;Amanhecer;Bom;Seca;Duplo T;Não há Controle;Longo da via;0;0;2;1;1;0;0;0;0;0;0;0;0;(-38.55593755549119 -3.821908704656321);
OLQ1716;2021-09-01 20:16:00;Avenida Bernardo Manuel;;;PARQUE DOIS IRMAOS;967538;Colisão Traseira;Via Iluminada;Bom;Seca;Meio de quadra;Semáforo;Longo da via;0;2;1;1;1;0;0;0;0;0;0;0;0;(-38.55352896064895 -3.805872501346425);
MAN5086;2021-09-21 11:18:00;Avenida Rogaciano Leite;RUA LAGO DAS ORQUIDEAS;;ENGENHEIRO LUCIANO CAVALCANTE;967742;Colisão Transversal;Luz do Dia;Bom;Seca;T;Pare;Longo da via;0;1;1;0;1;0;0;0;0;1;0;0;0;(-38.50199297224067 -3.781908633456223);
WPC6096;2021-09-21 22:00:00;Rua Antônio Gadelha;;;MESSEJANA;967924;Colisão Lateral;Via Iluminada;Bom;Seca;Meio de quadra;Outros;Longo da via;0;0;2;0;1;0;1;0;0;0;0;0;0;(-38.50210562830338 -3.832576146543152);
WFG2259;2021-09-16 17:00:00;Rua Professor Joaquim Antônio;AV SGT HERMINIO SAMPAIO;;VILA ELLERY;966608;Colisão Transversal;Luz do Dia;Bom;Seca;T;Pare;Cruzamento;0;1;0;1;1;0;0;0;0;0;0;0;0;(-38.5639192 -3.7269666);
JSQ4605;2021-09-21 13:08:00;Avenida Presidente Castelo Branco;;;BARRA DO CEARA;968156;Choque c/ Obstáculo Fixo;Luz do Dia;Bom;Seca;Meio de quadra;Não há Controle;Longo da via;0;0;0;0;1;0;0;0;0;0;0;0;0;(-38.58112350893165 -3.703064621451329);
OCH2109;2021-09-21 12:05:00;Rua Coronel Matos Dourado;;;ANTONIO BEZERRA;968162;Colisão Traseira;Luz do Dia;Bom;Seca;Meio de quadra;Não há Controle;Longo da via;0;0;2;0;2;0;0;0;0;0;0;0;0;(-38.58478204578121 -3.745750148800162);
DLR3285;2021-09-21 08:20:00;Avenida Tristão Gonçalves;RUA SAO PAULO;;CENTRO;968163;Colisão Lateral;Luz do Dia;Bom;Seca;Cruz;Semáforo;Longo da via;0;0;0;0;2;0;0;0;0;0;0;0;0;(-38.53242531478531 -3.724562883439897);
JSZ5066;2021-12-31 00:00:00;Avenida Presidente Castelo Branco;;;MOURA BRASIL;JSZ5066;Atropelamento;Via Iluminada;Não informado;Não informado;Meio de quadra;Não informado;Longo da via;1;0;1;0;1;0;0;0;0;0;0;0;0;(-38.52911850491826 -3.720640065168353);
TCC9028;2021-06-02 23:20:00;Avenida Presidente Castelo Branco;;;PIRAMBU;TCC9028;Atropelamento;Via Iluminada;Bom;Não informado;Meio de quadra;Não informado;Longo da via;1;0;1;0;1;0;0;0;0;0;0;0;0;(-38.5523643 -3.7125347);
SCF8452;2021-06-02 11:25:00;Rua Costa Barros;;;CENTRO;SCF8452;Atropelamento;Não informado;Não informado;Não informado;Não informado;Não informado;Longo da via;1;0;1;1;0;0;0;0;0;0;0;0;0;(-46.5635520671326 -23.59737269295798);
QBL0347;2021-09-15 14:20:00;Rua A;;;PARQUE DOIS IRMAOS;968540;Colisão Transversal;Luz do Dia;Bom;Seca;Não informado;Pare;Cruzamento;0;1;0;1;1;0;0;0;0;0;0;0;0;(-38.555901 -3.8182807);
RBW8424;2021-09-16 00:30:00;Rua Pinto Madeira;RUA ANTONIO AUGUSTO;;ALDEOTA;967958;Colisão Transversal;Via Iluminada;Bom;Seca;Cruz;Pare;Cruzamento;0;1;0;1;1;0;0;0;0;0;0;0;0;(-38.5143762 -3.7332697);
QVG4411;2021-09-15 14:00:00;Rua Castro e Silva;;;CENTRO;967325;Colisão Traseira;Luz do Dia;Não informado;Seca;Meio de quadra;Não há Controle;Longo da via;0;0;2;0;2;0;0;0;0;0;0;0;0;(-38.52897979999999 -3.7234854);
ZMP1788;2021-09-13 23:10:00;Rua Padre Valdevino;AV VIS RIO BRANCO;;JOSE BONIFACIO;968557;Colisão Transversal;Via Iluminada;Bom;Seca;Não informado;Semáforo;Cruzamento;0;1;0;1;1;0;0;0;0;0;0;0;0;(-38.5239618 -3.7368972);
DOZ8997;2021-09-07 05:00:00;Avenida Barão de Studart;RUA PEREIRA FILGUEIRAS;;ALDEOTA;968558;Colisão Lateral;Não informado;Bom;Seca;Cruz;Semáforo;Cruzamento;0;1;0;1;1;0;0;0;0;0;0;0;0;(-38.5054076 -3.7308008);
BLX6965;2021-09-07 05:00:00;AV 13 DE MAIO;AV VIS RIO BRANCO;;JOAQUIM TVORA;968512;Choque c/ Obstáculo Fixo;Via Iluminada;Bom;Seca;Cruz;Semáforo;Cruzamento;0;1;0;0;1;0;0;0;0;0;0;0;0;(-38.5205024 -3.7534873);
OAS0649;2021-09-07 16:59:00;Avenida Bernardo Manuel;;;ITAPERI;968496;Colisão Traseira;Não informado;Bom;Seca;Meio de quadra;Não há Controle;Longo da via;0;2;0;2;0;0;0;0;0;0;0;0;0;(-38.5515338 -3.7982623);
VHO3397;2021-09-07 23:40:00;Rua I ;RUA GURGEL DO AMARAL;;MESSEJANA;968380;Colisão Transversal;Mal Iluminada;Bom;Seca;T;Semáforo;Cruzamento;0;3;0;2;0;0;0;0;0;0;0;0;0;(-38.48448339999999 -3.8350447);
TLQ4827;2021-09-07 23:30:00;Rua Sete de Setembro;RUA CAIO PRADO;;PARANGABA;968350;Colisão Lateral;Via Iluminada;Bom;Não informado;Não informado;Semáforo;Cruzamento;0;0;2;0;2;0;0;0;0;0;0;0;0;(-38.5630517 -3.7737102);
NUW7137;2021-09-07 22:00:00;Rua Amadeu Furtado;RUA GUSTAVO SAMPAIO;;PARQUELANDIA;968288;Colisão Transversal;Não informado;Não informado;Não informado;Não informado;Não informado;Cruzamento;0;1;0;1;1;0;0;0;0;0;0;0;0;(-38.5638391 -3.736789);
VHJ6729;2021-08-27 15:30:00;Avenida Quarto Anel Viário;;;ANCURI;VHJ6729;Colisão Transversal;Luz do Dia;Não informado;Seca;Não informado;Não informado;Longo da via;1;1;2;1;1;0;0;0;0;0;0;0;0;(-38.50856738001317 -3.868548174161561);
AMK2150;2021-09-29 00:25:00;Avenida Presidente Costa e Silva;;;MONDUBIM;967222;Atropelamento;Via Iluminada;Bom;Seca;Meio de quadra;Não há Controle;Longo da via;0;0;0;1;0;0;0;0;0;0;0;0;0;(-38.55891481547339 -3.820982723758175);
LJF9635;2021-09-22 13:30:00;Rua Tibúrcio Cavalcante;AV JULIO VENTURA;;ALDEOTA;968157;Colisão Traseira;Luz do Dia;Bom;Seca;T;Semáforo Intermitente;Longo da via;0;1;1;1;1;0;0;0;0;0;0;0;0;(-38.504072 -3.7406445);
LEP9237;2021-09-22 13:35:00;Avenida João Pessoa;;;PARANGABA;968679;Colisão Lateral;Luz do Dia;Bom;Seca;Duplo T;Não há Controle;Longo da via;0;1;1;1;1;0;0;0;0;0;0;0;0;(-38.5542564 -3.757797);
REL3522;2021-09-22 22:30:00;Avenida Presidente Costa e Silva;AV GODOFREDO MACIEL;;MONDUBIM;968695;Colisão Lateral;Não informado;Bom;Seca;Cruz;Semáforo;Longo da via;0;0;3;0;2;0;1;0;0;0;0;0;0;(-38.5746862028389 -3.811872731268669);
ROA2533;2021-09-07 05:00:00;AV MONSENHOR TABOSA;RUA ILDEFONSO ALBANO;;PARQUE IRACEMA;968114;Colisão Transversal;Via Iluminada;Bom;Seca;Cruz;Semáforo;Cruzamento;0;0;2;0;2;0;0;0;0;0;0;0;0;(-38.5095697 -3.7213642);
EAM2612;2021-09-07 18:00:00;Avenida Presidente Juscelino Kubitschek;AV PRS COSTA E SILVA;;PREFEITO JOSE VALTER;966609;Colisão Lateral;Luz do Dia;Bom;Seca;T;Semáforo;Cruzamento;0;1;0;1;1;0;0;0;0;0;0;0;0;(-38.5394746 -3.8255934);
HSP3423;2021-09-06 16:24:00;RUA JAIME BENEVOLO;RUA MARIO MAMEDE;;FATIMA;968621;Colisão Lateral;Luz do Dia;Bom;Seca;Cruz;Semáforo;Cruzamento;0;1;0;1;1;0;0;0;0;0;0;0;0;(-38.5315915 -3.7491586);
OIA5844;2021-09-22 23:30:00;Rua Urucutuba;RUA H UI 503;;GRANJA LISBOA;968696;Colisão Transversal;Via Iluminada;Bom;Seca;T;Pare;Longo da via;0;0;2;0;2;0;0;0;0;0;0;0;0;(-38.6131335 -3.7982912);
CFJ3735;2021-09-22 19:38:00;Avenida Oliveira Paiva;;;CIDADE DOS FUNCIONRAIOS;968744;Atropelamento;Não informado;Bom;Seca;Meio de quadra;Não informado;Longo da via;0;1;0;1;0;0;0;0;0;0;0;0;0;(-38.4807015984879 -3.795836340951191);
HEA1991;2021-09-22 15:40:00;Rua Pedro Firmeza;RUA SABINA AUGUSTA;;CIDADE DOS FUNCIONRAIOS;968747;Colisão Lateral;Luz do Dia;Bom;Seca;Não informado;Pare;Longo da via;0;1;1;1;1;0;0;0;0;0;0;0;0;(-38.492403 -3.797794);
PVI9294;2021-09-06 16:40:00;Avenida Doutor Silas Munguba;;;BOA VISTA;968495;Colisão Lateral;Luz do Dia;Bom;Seca;Meio de quadra;Semáforo;Longo da via;0;1;0;0;1;0;1;0;0;0;0;0;0;(-38.5299942 -3.8008318);
IEG6453;2021-09-23 11:52:00;Avenida Bernardo Manuel;;;ITAPERI;967630;Colisão Traseira;Luz do Dia;Bom;Seca;Meio de quadra;Não informado;Longo da via;0;0;1;1;1;0;0;0;0;0;0;0;0;(-38.54951634452917 -3.792539102253441);
FIK4822;2021-09-23 12:40:00;Avenida Bezerra de Menezes;RUA MOREIRA DE SOUSA;;PRESIDENTE KENNEDY;967743;Colisão Traseira;Luz do Dia;Bom;Seca;T;Não há Controle;Longo da via;0;0;1;1;1;0;0;0;0;0;0;0;0;(-38.56656447581843 -3.736435951646473);
AVL4833;2021-09-06 21:50:00;Avenida Historiador Raimundo Girão;RUA FRANCISCO DIAS RIBEIRO;;MEIRELES;968349;Colisão Transversal;Via Iluminada;Bom;Seca;Cruz;Pare;Cruzamento;0;2;0;1;1;0;0;0;0;0;0;0;0;(-38.5044041 -3.7240372);
JQG5478;2021-09-06 18:14:00;Avenida Doutor Silas Munguba;;;SERRINHA;967704;Colisão Lateral;Não informado;Bom;Não informado;Meio de quadra;Não informado;Longo da via;0;1;0;1;1;0;0;0;0;0;0;0;0;(-38.5314324 -3.7980768);
IXF1183;2021-09-06 20:40:00;Avenida Aguanambi;;;CENTRO;967343;Colisão Traseira;Via Iluminada;Bom;Seca;Meio de quadra;Não informado;Longo da via;0;0;2;0;1;0;1;0;0;0;0;0;0;(-38.5248553 -3.738214);
TIG0182;2021-09-06 21:15:00;Avenida da Abolição;;;MEIRELES;964970;Atropelamento;Via Iluminada;Bom;Seca;Meio de quadra;Semáforo;Longo da via;0;1;0;1;0;0;0;0;0;0;0;0;0;(-38.49792679999999 -3.7262198);
RVK9670;2021-09-05 16:10:00;RUA EDILSON BRASIL SOARES;;;EDSON QUEIROZ;968562;Choque c/ Obstáculo Fixo;Luz do Dia;Bom;Seca;Meio de quadra;Não há Controle;Longo da via;0;0;0;0;1;0;0;0;0;0;0;0;0;(-38.4579617 -3.7873144);
AOB0158;2021-09-06 00:00:00;Avenida Santos Dumont;;;ALDEOTA;968510;Colisão Traseira;Não informado;Bom;Seca;Meio de quadra;Não há Controle;Longo da via;0;1;0;1;1;0;0;0;0;0;0;0;1;(-38.4882364 -3.7393479);
YPG5099;2021-09-05 18:00:00;Rua Olegário Memória;;;SAPIRANGA / COITE;968509;Colisão Transversal;Luz do Dia;Bom;Seca;Meio de quadra;Pare;Longo da via;0;1;0;1;1;0;0;0;0;0;0;0;0;(-38.4696734 -3.7910629);
BPM4848;2021-09-05 12:00:00;Avenida General Osório de Paiva;RUA LUIS VIEIRA;;SIQUEIRA;967344;Colisão Lateral;Luz do Dia;Bom;Seca;Não informado;Semáforo;Cruzamento;0;0;1;0;2;0;0;0;0;0;0;0;0;(-38.60589067703972 -3.808515086575562);
NAG5312;2021-07-05 21:15:00;Rua Barão de Sobral;RUA JOAO FIRMINO;;MONTESE;967873;Colisão Lateral Sentido Oposto;Via Iluminada;Bom;Seca;Cruz;Pare;Cruzamento;0;1;0;1;0;0;0;0;0;1;0;0;0;(-38.5565465 -3.7657273);
BFR5924;2021-09-04 11:30:00;RUA CEL JOSE AURELIO CAMARA;RUA DEP MARTINS RODRIGUES;;VICENTE PINZON;968279;Colisão Transversal;Luz do Dia;Bom;Seca;Cruz;Não há Controle;Cruzamento;0;1;0;1;1;0;0;0;0;0;0;0;0;(-38.4619748 -3.7313964);
DTR9680;2021-09-23 12:00:00;Rua Germano Franck;RUA MUNDICA PAULA;;ITAOCA;968536;Colisão Transversal;Luz do Dia;Bom;Seca;Cruz;Pare;Longo da via;0;0;1;1;1;0;0;0;0;0;0;0;0;(-38.55747715073766 -3.773338860504311);
ZWG7949;2021-09-24 21:33:00;Avenida I;AV G CJ JOSE WALTER;;PREFEITO JOSE VALTER;967314;Colisão Transversal;Anoitecer;Bom;Seca;Cruz;Semáforo Intermitente;Longo da via;0;0;1;1;0;0;0;1;0;0;0;0;0;(-38.5549785 -3.838998);
ULM0717;2021-09-24 18:03:00;Rua Sebastião de Abreu;RUA NIGERIA;;MARAPONGA;967702;Colisão Transversal;Luz do Dia;Bom;Seca;Não informado;Pare;Longo da via;0;1;0;1;1;0;0;0;0;0;0;0;0;(-38.56689171024441 -3.792908436434635);
GUL3618;2021-09-24 17:50:00;Rua Armando Monteiro;RUA ESPERANTO D14;;PARREAO;968043;Queda;Luz do Dia;Bom;Seca;Cruz;Pare;Longo da via;0;1;0;1;1;0;0;0;0;0;0;0;0;(-38.53892162642685 -3.762697450780458);
DDP9344;2021-09-24 18:20:00;Rua Professor Heribaldo Costa;;;HENRIQUE JORGE;968210;Colisão Lateral;Luz do Dia;Bom;Seca;Outros;Pare;Longo da via;0;1;1;1;1;0;0;0;0;0;0;0;0;(-38.5856869 -3.7633534);
LZS4191;2021-09-24 10:50:00;Rua Cinqüenta;RUA 65 CJ JOSE WALTER;;PREFEITO JOSE VALTER;968298;Colisão Transversal;Não informado;Bom;Não informado;Cruz;Não informado;Longo da via;0;0;2;0;2;0;0;0;0;0;0;0;0;(-38.55832474497228 -3.829862464697694);
PZR9271;2021-09-24 13:45:00;Avenida General Osório de Paiva;;;CANINDEZINHO;968299;Choque c/ Obstáculo Fixo;Luz do Dia;Bom;Seca;T;Outros;Longo da via;0;0;1;0;0;0;1;0;0;0;1;0;0;(-38.60490933143836 -3.807558564827549);
NFN3152;2021-09-25 00:15:00;Rua Leonardo Mota;RUA MARCOS MACEDO;;ALDEOTA;968378;Colisão Transversal;Mal Iluminada;Bom;Seca;Cruz;Semáforo;Longo da via;0;0;0;0;1;0;0;0;0;1;0;0;0;(-38.49578098132289 -3.735044166562537);
PBC4632;2021-09-24 16:00:00;Rua Alfredo Mamede;RUA WALDIR DIOGO;;MONDUBIM;968434;Colisão Lateral;Luz do Dia;Bom;Seca;Cruz;Não informado;Longo da via;0;1;0;1;1;0;0;0;0;0;0;0;0;(-38.58032421604051 -3.807740552434448);
MEG9677;2021-09-24 17:30:00;Rua Monsenhor Rosa;;;CARLITO PAMPLONA;968622;Outros;Luz do Dia;Bom;Seca;Meio de quadra;Não há Controle;Longo da via;0;0;1;0;1;0;0;0;0;0;0;0;0;(-38.55681196313654 -3.712186457907616);
FRV1727;2021-09-24 15:00:00;Rua Canuto de Aguiar;RUA PRO DIAS DA ROCHA;;MEIRELES;968727;Colisão Lateral;Luz do Dia;Bom;Seca;Cruz;Pare;Longo da via;0;1;1;1;1;0;0;0;0;0;0;0;0;(-38.4906273 -3.7321891);
FUD9842;2021-09-24 04:17:00;Avenida Bezerra de Menezes;;;PARQUE ARAXA;968748;Colisão Frontal;Via Iluminada;Bom;Seca;Meio de quadra;Outros;Longo da via;0;0;1;0;1;0;0;0;0;0;0;0;0;(-38.55198934968572 -3.73299395605358);
DGM5491;2021-09-26 00:15:00;Avenida Desembargador Gonzaga;;;CIDADE DOS FUNCIONRAIOS;964668;Colisão Lateral;Mal Iluminada;Bom;Não informado;Meio de quadra;Outros;Longo da via;0;0;2;0;2;0;0;0;0;0;0;0;0;(-38.50218072499507 -3.79246951753497);
CUH3014;2021-09-25 21:47:00;Rua Raul Uchôa;RUA QUEIROZ RIBEIRO;;MONTESE;964763;Colisão Transversal;Via Iluminada;Bom;Seca;Cruz;Pare;Longo da via;0;1;1;1;1;0;0;0;0;0;0;0;0;(-38.54444697605922 -3.761493057682179);
YAR4117;2021-09-26 22:34:00;Rua Bento Albuquerque;RUA PRO OTAVIO LOBO;;PAPICU;968024;Colisão Lateral;Via Iluminada;Bom;Seca;Cruz;Semáforo;Longo da via;0;0;0;0;1;0;0;0;0;0;0;0;0;(-38.47916738220333 -3.745048910967762);
XVW4025;2021-09-26 10:01:00;AV SARGENTO HERMINIO DE SAMPAIO;RUA DEMETRIO MENEZES;;ANTONIO BEZERRA;968105;Colisão Frontal;Luz do Dia;Bom;Seca;Cruz;Semáforo;Longo da via;0;0;1;1;1;0;0;0;0;0;0;0;0;(-38.58417418790051 -3.734157487907085);
JCL2004;2021-09-26 22:00:00;Avenida da Abolição;RUA JULIO IBIAPINA;;MUCURIPE;968773;Colisão Transversal;Via Iluminada;Bom;Seca;Cruz;Semáforo;Longo da via;0;1;0;1;1;0;0;0;0;0;0;0;0;(-38.4913127 -3.7266417);
MUP5011;2021-09-26 16:35:00;Rua João Brígido;RUA JOAO CORDEIRO;;JOAQUIM TVORA;968786;Colisão;Luz do Dia;Bom;Seca;Cruz;Semáforo;Longo da via;0;1;1;1;1;0;0;0;0;0;0;0;0;(-38.517871 -3.7399567);
QZF3434;2021-09-04 22:00:00;Rua Professor Joaquim Antônio;AV SGT HERMINIO SAMPAIO;;VILA ELLERY;968259;Colisão Transversal;Luz do Dia;Bom;Seca;T;Pare;Cruzamento;0;1;0;1;1;0;0;0;0;0;0;0;0;(-38.5639192 -3.7269666);
HLX7124;2021-09-04 20:00:00;Rua Professor Jacinto Botelho;RUA JUSTINO CAFE NETO;;GUARARAPES;968258;Colisão Transversal;Luz do Dia;Bom;Seca;Cruz;Pare;Cruzamento;0;1;0;1;1;0;0;0;0;0;0;0;0;(-38.4906246 -3.7589408);
SHL9438;2021-09-12 20:36:00;Avenida Alberto Craveiro;;;BOA VISTA;SHL9438;Choque c/ Obstáculo Fixo;Via Iluminada;Não informado;Não informado;Não informado;Não informado;Longo da via;1;0;0;0;1;0;0;0;0;0;0;0;0;(-38.51900682558631 -3.798813078305199);
SHL9438;2021-09-16 18:10:00;Avenida Coronel Carvalho;RUA COS LAFAYETE;;BARRA DO CEARA;SHL9438;Colisão Transversal;Luz do Dia;Bom;Seca;Não informado;Não informado;Cruzamento;1;1;0;2;0;0;0;0;0;0;0;0;0;(-38.58791282671787 -3.717518861078495);
SHL9438;2021-09-16 17:50:00;Rua Meton de Alencar;;;CENTRO;SHL9438;Atropelamento;Luz do Dia;Bom;Seca;Não informado;Não informado;Longo da via;1;0;1;1;0;0;0;0;0;0;0;0;0;(-38.53902149614535 -3.730917644644794);
SHL9438;2021-09-26 02:30:00;Avenida Engenheiro Santana Júnior;;;PAPICU;SHL9438;Colisão;Via Iluminada;Bom;Seca;Não informado;Não informado;Longo da via;1;0;1;0;2;0;0;0;0;0;0;0;0;(-38.48219457107206 -3.735887685610397);
SHL9438;2021-09-18 21:30:00;Avenida General Osório de Paiva;;;CANINDEZINHO;SHL9438;Choque c/ Obstáculo Fixo;Anoitecer;Bom;Não informado;Não informado;Não informado;Longo da via;1;0;0;0;0;0;0;0;1;0;0;0;0;(-38.60900562205551 -3.811755644220674);
SHL9438;2021-09-15 19:16:00;Rua Francisco Nepomuceno;RUA MANUEL ARRUDA;;BARROSO;SHL9438;Colisão Transversal;Não informado;Não informado;Seca;Cruz;Não informado;Cruzamento;1;1;1;1;0;0;1;0;0;0;0;0;0;(-38.50761431200736 -3.828054007743155);