COD_ACIDENTE;DATA;LOG1;LOG2;NUMERO;BAIRRO;AMC;NATUREZA;ILUMINACAO;TEMPO;SUPERFICIEPISTA;TIPOCRUZAMENTO;CONTROLETRAFEGO;USOSOLO;MORTOS;FERIDOS;ILESOS;MOTOCICLETA;AUTOMOVEL;MICROONIBUS;CAMINHAO;ONIBUS;CICLOMOTOR;BICICLETA;OUTROS;TREM;TRACAOANIMAL;COORDENADAS
SHL9438;2021-09-05 11:15:00;Rua Pontamar;;;CAIS DO PORTO;SHL9438;Atropelamento;Luz do Dia;Bom;Não informado;Não informado;Não informado;Longo da via;1;0;1;0;1;0;0;0;0;0;0;0;0;(-38.46421469344246 -3.714494337196435);
PPM7184;2021-09-11 04:10:00;Jóquei Clube;;;JOQUEI CLUBE;PPM7184;Colisão;Via Iluminada;Bom;Não informado;Não informado;Não informado;Longo da via;1;0;1;1;1;0;0;0;0;0;0;0;0;(-38.57679784891566 -3.771423229015011);
PPM7184;2021-09-21 13:30:00;Avenida Mister Hull;;;ANTONIO BEZERRA;PPM7184;Choque c/ Obstáculo Fixo;Não informado;Bom;Não informado;Não informado;Não informado;Longo da via;1;0;0;1;0;0;0;0;0;0;0;0;0;(-38.58403983566412 -3.738668825314981);
PPM7184;2021-09-08 16:45:00;Rua Olegário Memória;RUA ERNESTO MONTEIRO;;SAPIRANGA / COITE;PPM7184;Colisão Transversal;Luz do Dia;Bom;Seca;Não informado;Não informado;Cruzamento;1;0;1;1;1;0;0;0;0;0;0;0;0;(-38.47090962831565 -3.791158781262665);
FDV1156;2021-09-05 08:15:00;Rua Desembargador Lauro Nogueira;;;PAPICU;FDV1156;Choque c/ Obstáculo Fixo;Amanhecer;Não informado;Seca;Não informado;Não informado;Longo da via;1;0;0;1;0;0;0;0;0;0;0;0;0;(-38.48160617702987 -3.739043535352545);
IXK1593;2021-09-07 08:50:00;Rua Roberto Gradvohl;;;JOSE DE ALENCAR;968404;Choque c/ Obstáculo Fixo;Amanhecer;Bom;Seca;Não informado;Não informado;Longo da via;1;0;0;0;1;0;0;0;0;0;0;0;0;(-38.4725671236864 -3.809004428539971);
IXK1593;2021-09-05 23:00:00;Avenida Francisco Sá;;;BARRA DO CEARA;964710;Colisão;Mal Iluminada;Não informado;Seca;Não informado;Não informado;Longo da via;1;0;1;0;0;0;0;1;0;1;0;0;0;(-38.58580467317528 -3.706587701042229);
IXK1593;2021-09-02 14:50:00;Avenida dos Paroaras;;;;966966;Atropelamento;Não informado;Não informado;Não informado;Não informado;Não informado;Longo da via;1;0;1;0;0;0;0;1;0;0;0;0;0;(-38.54241177024613 -3.808881319461472);
MJI6509;2021-10-02 21:30:00;Rua Santa Inês;;;PIRAMBU;967838;Choque c/ Obstáculo Fixo;Anoitecer;Bom;Não informado;Não informado;Não informado;Longo da via;1;1;0;2;0;0;0;0;0;0;0;0;0;(-38.5476626 -3.7119343);
MJI6509;2021-10-08 02:30:00;Avenida Washington Soares;;;MESSEJANA;MJI6509;Choque c/ Obstáculo Fixo;Via Iluminada;Bom;Seca;Não informado;Não informado;Longo da via;1;0;0;0;1;0;0;0;0;0;0;0;0;(-38.48082838123207 -3.842484089772304);
ALH3373;2021-10-12 10:00:00;Rua Primavera;;;ITAPERI;ALH3373;Colisão;Não informado;Bom;Seca;Não informado;Não informado;Longo da via;1;0;1;0;1;0;0;0;0;1;0;0;0;(-38.54800158122535 -3.80812125432591);
ALH3373;2021-10-06 11:20:00;Rua Padre Perdigão Sampaio;RUA ALINE VIEIRA COLARES;;QUINTINO CUNHA;ALH3373;Colisão Transversal;Luz do Dia;Bom;Seca;Não informado;Não informado;Cruzamento;1;1;0;2;0;0;0;0;0;0;0;0;0;(-38.59615259970153 -3.733995642399763);
ROX1949;2021-10-15 13:20:00;Rua Carlos Vasconcelos;RUA TOMAS POMPEU;;MEIRELES;952799;Atropelamento;Não informado;Não informado;Seca;Não informado;Não informado;Cruzamento;1;0;1;0;1;0;0;0;0;0;0;0;0;(-38.50837996052664 -3.725735877986245);
ROX1949;2021-10-20 14:15:00;BR-116;;;MESSEJANA;ROX1949;Atropelamento;Luz do Dia;Bom;Seca;Não informado;Não informado;Longo da via;1;0;1;0;1;0;0;0;0;0;0;0;0;(-38.50037779417013 -3.840624059326609);
IOU7737;2021-09-05 01:00:00;Avenida Engenheiro Leal Lima Verde;;;JOSE DE ALENCAR;IOU7737;Queda;Mal Iluminada;Nublado;Seca;Meio de quadra;Outros;Longo da via;0;2;0;1;0;1;0;0;0;0;0;0;0;(-38.475206 -3.8018557);
ROX1949;2021-10-23 22:00:00;BR-116;;;ANCURI;ROX1949;Choque c/ Obstáculo Fixo;Não informado;Não informado;Seca;Não informado;Não informado;Longo da via;1;0;0;1;0;0;0;0;0;0;0;0;0;(-38.49644959790637 -3.857829165114697);
OFM9263;2021-09-04 07:00:00;Avenida Monsenhor Tabosa;RUA MON BRUNO;;PRAIA DE IRACEMA;967892;Colisão Traseira;Via Iluminada;Bom;Seca;Cruz;Semáforo;Cruzamento;0;0;2;0;2;0;0;0;0;0;0;0;0;(-38.5068292 -3.7243785);
PNB1537;2021-10-28 23:10:00;Rua Capitão Nestor Góis;;;VILA ELLERY;PNB1537;Colisão;Não informado;Não informado;Não informado;Não informado;Não informado;Longo da via;1;1;0;2;0;0;0;0;0;0;0;0;0;(-38.5620510570293 -3.720441665451742);
ESP7454;2021-10-31 01:00:00;Avenida Alberto Craveiro;;;BOA VISTA;ESP7454;Colisão;Não informado;Não informado;Não informado;Não informado;Não informado;Longo da via;1;0;1;1;1;0;0;0;0;0;0;0;0;(-38.51896926345596 -3.798716730931914);
ESP7454;2021-10-06 13:00:00;Rua 24 de Maio;;;CENTRO;ESP7454;Atropelamento;Não informado;Não informado;Não informado;Não informado;Não informado;Longo da via;1;0;1;0;1;0;0;0;0;0;0;0;0;(-38.53070133083848 -3.723000449599764);
ESP7454;2021-10-05 21:00:00;Avenida Mozart Pinheiro de Lucena;;;VILA VELHA;ESP7454;Atropelamento;Não informado;Não informado;Não informado;Não informado;Não informado;Longo da via;1;1;0;1;0;0;0;0;0;0;0;0;0;(-38.59343276133155 -3.710367049832548);
ESP7454;2021-10-11 19:40:00;Avenida Sargento Hermínio Sampaio;RUA PDE ANCHIETA;;MONTE CASTELO;ESP7454;Atropelamento;Não informado;Não informado;Não informado;Não informado;Não informado;Cruzamento;1;0;1;0;1;0;0;0;0;0;0;0;0;(-38.55111021062041 -3.72472832728908);
OSL8094;2021-09-03 21:28:00;Rua Frei Mansueto;RUA REPUBLICA DO LIBANO;;VARJOTA;968399;Colisão Lateral;Via Iluminada;Bom;Seca;Cruz;Pare;Cruzamento;0;1;0;1;1;0;0;0;0;0;0;0;0;(-38.4887183 -3.7337501);
CHU0834;2021-09-03 19:00:00;Avenida Francisco Sá;;;BARRA DO CEARA;968086;Colisão Frontal;Não informado;Bom;Seca;Meio de quadra;Não informado;Longo da via;0;0;3;0;3;0;0;0;0;0;0;0;0;(-38.5816002 -3.7089462);
DLX7902;2021-09-03 13:00:00;RUA MANUEL MOURA;RUA AMOR PERFEITO;;JARDIM IRACEMA;967234;Colisão Transversal;Luz do Dia;Bom;Seca;Cruz;Pare;Cruzamento;0;1;0;1;2;0;0;0;0;0;0;0;0;(-38.5823575 -3.7151323);
RUQ7366;2021-09-02 19:30:00;Rua 15 de Novembro;;;ITAOCA;968539;Colisão Traseira;Luz do Dia;Bom;Seca;Meio de quadra;Não há Controle;Longo da via;0;1;0;1;1;0;0;0;0;0;0;0;0;(-38.5526765 -3.7698836);
EGQ2597;2021-09-02 12:45:00;Avenida Imperador;RUA METON DE ALENCAR;;CENTRO;968535;Colisão Traseira;Luz do Dia;Bom;Seca;Cruz;Semáforo;Cruzamento;0;2;0;2;0;0;0;0;0;0;0;0;0;(-38.5358268 -3.7319841);
ESP7454;2021-11-07 21:30:00;BR-116;;;PEDRAS;ESP7454;Colisão;Anoitecer;Bom;Não informado;Não informado;Não informado;Longo da via;1;0;1;0;1;0;0;0;0;0;0;0;0;(-38.50078696236444 -3.879410049742929);
ESP7454;2021-11-08 06:40:00;Avenida Odilon Guimarães;;;MESSEJANA;ESP7454;Colisão;Não informado;Não informado;Não informado;Não informado;Não informado;Longo da via;1;0;1;1;1;0;0;0;0;0;0;0;0;(-38.46370809449495 -3.812682471402807);
VEJ4207;2021-09-02 16:00:00;Avenida Presidente Costa e Silva;;;PREFEITO JOSE VALTER;968500;Colisão Traseira;Luz do Dia;Bom;Seca;Meio de quadra;Não há Controle;Longo da via;0;1;0;1;1;0;0;0;0;0;0;0;0;(-38.5457191 -3.8240399);
SGB2645;2021-11-12 12:00:00;Avenida Mister Hull;;;ANTONIO BEZERRA;SGB2645;Queda;Não informado;Não informado;Não informado;Não informado;Não informado;Longo da via;1;0;0;0;0;0;0;0;0;1;0;0;0;(-38.58026192530205 -3.737970676521);
DNP9814;2021-09-02 18:15:00;Avenida Godofredo Maciel;RUA CEL MANUEL ALBANO;;MARAPONGA;968499;Colisão Transversal;Luz do Dia;Bom;Seca;Cruz;Não há Controle;Cruzamento;0;1;0;1;1;0;0;0;0;0;0;0;0;(-38.5728245 -3.8056261);
GEN1385;2021-09-02 23:00:00;Rua Professor Solon Farias;AV EDILSON B SOARES;;PARQUE MANIBURA;968289;Colisão Transversal;Via Iluminada;Bom;Seca;Cruz;Não há Controle;Cruzamento;0;1;0;0;2;0;0;0;0;0;0;0;0;(-38.4771335 -3.789191);
HCI8491;2021-09-02 11:00:00;Avenida Governador Raul Barbosa;;;AEROLANDIA;968104;Colisão Transversal;Luz do Dia;Bom;Seca;Meio de quadra;Outros;Longo da via;0;1;0;1;1;0;1;0;0;0;0;0;0;(-38.50723 -3.761531);
DLB2106;2021-09-02 10:45:00;Avenida Governador Raul Barbosa;;;AEROLANDIA;968103;Colisão Traseira;Luz do Dia;Bom;Seca;Meio de quadra;Outros;Longo da via;0;0;4;0;4;0;0;0;0;0;0;0;0;(-38.510285 -3.769273);
ODX5799;2021-09-26 11:49:00;Avenida Heráclito Graça;AV RUI BARBOSA;;ALDEOTA;968787;Colisão Lateral;Luz do Dia;Bom;Molhada;Cruz;Semáforo Danificado;Longo da via;0;0;3;0;3;0;0;0;0;0;0;0;0;(-38.51034001631272 -3.738266680971512);
KUD2466;2021-09-27 06:50:00;Avenida Humberto Monte;AV JOVITA FEITOSA;;PARQUELANDIA;964764;Choque c/ Obstáculo Fixo;Via Iluminada;Bom;Seca;Cruz;Semáforo;Longo da via;0;0;0;0;1;0;0;0;0;0;0;0;0;(-38.56659667569759 -3.741831774476537);
DWZ1924;2021-09-27 22:50:00;Rua Gomes Brasil;;;PARANGABA;967032;Choque c/ Obstáculo Fixo;Via Iluminada;Bom;Seca;Meio de quadra;Não há Controle;Longo da via;0;0;1;0;1;0;0;0;0;0;0;0;0;(-38.568247 -3.7729331);
KYY4686;2021-09-02 10:49:00;Avenida Governador Raul Barbosa;;;AEROLANDIA;968102;Colisão Traseira;Luz do Dia;Bom;Seca;Não informado;Outros;Longo da via;0;0;2;0;2;0;0;0;0;0;0;0;0;(-38.510285 -3.769273);
QSL7177;2021-09-02 17:55:00;AV DOMINGOS OLIMPIO;RUA CARLOS SEVERO;;FARIAS BRITO;968006;Colisão Lateral;Não informado;Bom;Seca;T;Pare;Cruzamento;0;0;2;0;2;0;0;0;0;0;0;0;0;(-38.5416302 -3.7330697);
SGB2645;2021-11-09 21:10:00;Avenida Mister Hull;;;QUINTINO CUNHA;SGB2645;Colisão;Não informado;Não informado;Não informado;Não informado;Não informado;Longo da via;1;1;1;0;1;0;0;0;0;1;0;0;0;(-38.59834720546363 -3.740618821289722);
EEL8619;2021-09-27 11:00:00;Avenida L;;;VILA VELHA;967694;Choque c/ Obstáculo Fixo;Não informado;Bom;Seca;Não informado;Não informado;Longo da via;0;0;0;0;1;0;0;0;0;0;0;0;0;(-38.60002619999999 -3.7134732);
ISR7699;2021-09-28 15:00:00;Avenida Governador Raul Barbosa;;;AEROLANDIA;967991;Choque c/ Obstáculo Fixo;Luz do Dia;Bom;Seca;Meio de quadra;Não há Controle;Longo da via;0;1;0;0;1;0;0;0;0;0;0;0;0;(-38.51345136586817 -3.777021571555404);
PUC2621;2021-09-27 07:05:00;Avenida Presidente Costa e Silva;RUA CEL TIBURCIO;;MONDUBIM;968532;Colisão Traseira;Amanhecer;Bom;Seca;Cruz;Semáforo;Longo da via;0;0;0;0;1;0;1;0;0;0;0;0;0;(-38.57381181442896 -3.812167121490343);
HUZ3143;2021-09-27 16:00:00;Avenida Padre Antônio Tomás;RUA VICENTE LEITE;;ALDEOTA;968678;Colisão Transversal;Luz do Dia;Bom;Seca;Cruz;Semáforo;Longo da via;0;0;0;2;0;0;0;0;0;0;0;0;0;(-38.49666982164156 -3.741191340086991);
YPA6956;2021-09-28 12:30:00;Rua Martins de Carvalho;;;GRANJA LISBOA;968336;Colisão Transversal;Luz do Dia;Bom;Seca;Cruz;Pare;Longo da via;0;1;1;0;2;0;0;0;0;0;0;0;0;(-38.6139112 -3.7925838);
VJW0902;2021-09-28 15:55:00;Travessa Inácio;AV PRS CASTELO BRANCO;;MOURA BRASIL;968355;Colisão Transversal;Luz do Dia;Bom;Seca;T;Pare;Longo da via;0;0;1;1;1;0;0;0;0;0;0;0;0;(-38.53846564549902 -3.717951795396257);
CSR5036;2021-05-23 19:30:00;Avenida Governador Raul Barbosa;;;SAO JOAO DO TAUAPE;968681;Choque c/ Obstáculo Fixo;Luz do Dia;Bom;Seca;Meio de quadra;Não há Controle;Longo da via;0;0;0;0;1;0;0;0;0;0;0;0;0;(-38.50723 -3.761531);
TAV6516;2021-09-29 09:20:00;Rua Demétrio Menezes;;;ANTONIO BEZERRA;920434;Colisão Transversal;Luz do Dia;Bom;Seca;Outros;Não há Controle;Longo da via;0;1;1;1;0;0;0;1;0;0;0;0;0;(-38.5837037881395 -3.738866217229738);
SSU9810;2021-09-29 04:20:00;Rua Coronel Ernesto Matos;;;MESSEJANA;966908;Colisão Lateral;Via Iluminada;Bom;Seca;Meio de quadra;Outros;Longo da via;0;0;2;0;2;0;0;0;0;0;0;0;0;(-38.48974063723821 -3.83062251057931);
GLL6315;2021-09-29 19:09:00;Rua Quixada;;;PLANALTO AYRTON SENNA;968240;Atropelamento;Luz do Dia;Bom;Seca;Meio de quadra;Não há Controle;Longo da via;0;1;0;1;0;0;0;0;0;0;0;0;0;(-38.57214346822362 -3.832511917486514);
QOM2451;2021-09-29 07:00:00;Avenida Presidente Castelo Branco;;;MOURA BRASIL;968556;Colisão Traseira;Não informado;Nublado;Seca;Meio de quadra;Não informado;Longo da via;0;0;0;0;1;0;2;0;0;0;0;0;0;(-38.53803113397222 -3.718021386055024);
AYE8298;2021-11-08 19:40:00;Avenida Aldir Mentor;;;MANOEL SATIRO;AYE8298;Queda;Não informado;Não informado;Não informado;Não informado;Não informado;Longo da via;1;1;0;1;0;0;0;0;0;0;0;0;0;(-38.46127307729878 -3.752533240840212);
WZV5059;2021-09-29 18:25:00;Rua José Carlos Gurgel Nogueira;RUA PRO HERACLITO;;VICENTE PINZON;968683;Colisão Transversal;Luz do Dia;Bom;Seca;Cruz;Pare;Longo da via;0;1;1;1;1;0;0;0;0;0;0;0;0;(-38.47383514599016 -3.732951131762148);
TLP2433;2021-09-02 22:00:00;Avenida Bernardo Manuel;;;SERRINHA;967979;Colisão Lateral;Via Iluminada;Bom;Seca;Meio de quadra;Não há Controle;Longo da via;0;1;0;1;1;0;0;0;0;0;0;0;0;(-38.5530446 -3.806188);
TPS1508;2021-09-02 18:55:00;AV JUSCELINO KUBTISHECK;AV PAROARAS;;PASSARE;966967;Colisão Frontal;Luz do Dia;Bom;Seca;Cruz;Semáforo;Cruzamento;0;1;0;1;1;0;0;0;0;0;0;0;0;(-38.5315521 -3.8162976);
AHB7693;2021-09-30 01:21:00;Rua Araripe Prata;RUA MARACANA;;PARANGABA;965048;Colisão Frontal;Mal Iluminada;Bom;Seca;T;Pare;Longo da via;0;3;0;2;0;0;0;0;0;0;0;0;0;(-38.56981530939124 -3.774072192293233);
EKR2458;2021-11-29 02:10:00;Avenida Mister Hull;;;ANTONIO BEZERRA;EKR2458;Atropelamento;Não informado;Não informado;Seca;Não informado;Não informado;Longo da via;1;2;0;1;0;0;0;0;0;0;0;0;0;(-38.58605973047067 -3.738814192754821);
WMC3256;2021-12-01 00:40:00;Rua Barão do Crato;;;VILA ELLERY;969382;Choque c/ Obstáculo Fixo;Via Iluminada;Bom;Seca;Não informado;Não informado;Longo da via;1;0;0;1;0;0;0;0;0;0;0;0;0;(-38.55874173186852 -3.721048072539604);
WMC3256;2021-11-23 12:50:00;Rua Monsenhor Salazar;RUA ESV PINHEIRO;;JOAQUIM TVORA;WMC3256;Colisão Transversal;Luz do Dia;Bom;Seca;Não informado;Não informado;Cruzamento;1;0;1;0;1;0;0;0;0;1;0;0;0;(-38.50782813304325 -3.755564241125356);
WMC3256;2021-12-28 13:00:00;BR116;;;CAJAZEIRAS;WMC3256;Colisão Transversal;Não informado;Não informado;Seca;Não informado;Não informado;Longo da via;1;1;1;1;0;0;1;0;0;0;0;0;0;(-38.505044 -3.79986);
LYJ0382;2021-09-02 18:45:00;Estrada Barão de Aquiraz;;;MESSEJANA;966521;Colisão Frontal;Luz do Dia;Bom;Seca;Não informado;Não há Controle;Longo da via;0;1;0;1;2;0;0;0;0;0;0;0;0;(-38.4830576 -3.8426697);
QON7093;2021-09-02 19:00:00;Avenida Deputado Paulino Rocha;RUA ENF JOAQUIM PINTO;;CAJAZEIRAS;965700;Colisão Traseira;Luz do Dia;Bom;Seca;Não informado;Não há Controle;Cruzamento;0;0;3;0;1;0;2;0;0;0;0;0;0;(-38.5077271 -3.803141);
BSQ7646;2021-09-02 08:08:00;Avenida Senador Virgílio Távora;;;MEIRELES;965223;Capotamento;Via Iluminada;Bom;Seca;Não informado;Outros;Longo da via;0;1;0;0;1;0;0;0;0;0;0;0;0;(-38.491193 -3.731576099999999);
GBS5195;2021-09-02 02:00:00;RUA GOMES BRASIL;;;PARANGABA;968718;Choque c/ Obstáculo Fixo;Via Iluminada;Bom;Não informado;Meio de quadra;Não informado;Longo da via;0;0;0;0;0;0;0;0;0;0;1;0;0;(-38.5702057 -3.7714418);
LZN7140;2021-09-01 15:50:00;Rua Lauro Maia;RUA GUILHERME MOREIRA;;JOSE BONIFACIO;968341;Capotamento;Luz do Dia;Bom;Seca;Cruz;Pare;Cruzamento;0;1;0;0;2;0;0;0;0;0;0;0;0;(-38.522398 -3.7496536);
YEO4590;2021-09-01 09:15:00;RUA JOAO CARVALHO;RUA JOSE VILAR;;ALDEOTA;967556;Colisão Lateral;Luz do Dia;Bom;Seca;Cruz;Semáforo;Cruzamento;0;1;0;1;1;0;0;0;0;0;0;0;0;(-38.5054836 -3.7382973);
SHB0404;2021-09-30 19:20:00;Avenida General Osório de Paiva;RUA DOM HENRIQUE;;VILA PERY;965631;Colisão Lateral;Luz do Dia;Bom;Seca;Cruz;Semáforo;Longo da via;0;1;1;1;0;0;0;1;0;0;0;0;0;(-38.58319953331387 -3.786180106396414);
CER9654;2021-09-30 18:52:00;Rua Desembargador João Firmino;RUA ROMEU MARTINS;;DAMAS;968046;Colisão Transversal;Luz do Dia;Bom;Seca;Cruz;Pare;Longo da via;0;1;1;1;1;0;0;0;0;0;0;0;0;(-38.55552449835242 -3.764255130051571);
CZY3959;2021-09-30 23:09:00;Rua Coronel Alves Teixeira;RUA TIBURCIO CAVALCANTI;;DIONISIO TORRES;968090;Colisão Transversal;Anoitecer;Bom;Seca;Cruz;Pare;Longo da via;0;2;0;1;1;0;0;0;0;0;0;0;0;(-38.50613430389797 -3.747034857875046);
KTE9396;2021-09-30 22:00:00;Rua Tenente Francisco Paiva;;;GRANJA LISBOA;968811;Atropelamento;Anoitecer;Bom;Seca;Meio de quadra;Não há Controle;Longo da via;0;2;0;0;1;0;0;0;0;0;0;0;0;(-38.61430778760412 -3.791067116630229);
PNO4817;2021-08-24 13:00:00;Rua Visconde de Mauá;;;ALDEOTA;967693;Colisão Transversal;Luz do Dia;Bom;Seca;Meio de quadra;Não há Controle;Longo da via;0;1;1;1;1;0;0;0;0;0;0;0;0;(-38.5011239358161 -3.741505242491563);
FCE1756;2021-09-01 21:13:00;AV PRE CASTELO BRANCO;RUA ADOLFO CAMINHA;;MOURA BRASIL;967311;Colisão Traseira;Via Iluminada;Bom;Seca;Y;Pare;Cruzamento;0;2;0;1;0;0;0;1;0;0;0;0;0;(-38.5283553 -3.7208802);
TUY1129;2021-08-29 05:30:00;Avenida Rui Barbosa;;;ALDEOTA;966909;Colisão Lateral;Via Iluminada;Bom;Não informado;Cruz;Não há Controle;Longo da via;0;0;2;0;2;0;0;0;0;0;0;0;0;(-38.5100337 -3.7378812);
LFT6002;2021-08-26 13:20:00;Rua Ildefonso Albano;RUA JOAO BRIGIDO;;JOAQUIM TVORA;966815;Colisão Lateral;Luz do Dia;Bom;Seca;Cruz;Semáforo;Longo da via;0;1;1;1;0;0;1;0;0;0;0;0;0;(-38.5157708 -3.7406232);
BCV1685;2021-08-29 11:00:00;Avenida Senador Fernandes Távora;RUA TUPI D35;;HENRIQUE JORGE;966769;Colisão Traseira;Luz do Dia;Bom;Seca;Cruz;Semáforo;Longo da via;0;0;2;0;2;0;0;0;0;0;0;0;0;(-38.58040700000001 -3.7630855);
JCO6569;2021-08-25 20:10:00;Avenida Presidente Costa e Silva;;;PREFEITO JOSE VALTER;966645;Engavetamento;Luz do Dia;Bom;Seca;Meio de quadra;Não há Controle;Longo da via;0;1;2;0;3;0;0;0;0;0;0;0;0;(-38.5443558 -3.8244455);
TYM8802;2021-07-24 11:40:00;Avenida João Pessoa;;;DAMAS;967942;Colisão Lateral;Luz do Dia;Bom;Seca;Meio de quadra;Não há Controle;Longo da via;0;1;1;0;0;0;0;1;0;1;0;0;0;(-38.55659738195838 -3.760518836269395);
YYT4998;2021-08-24 22:00:00;Rua José Meneleu;RUA SUECIA;;MARAPONGA;964767;Colisão Transversal;Não informado;Bom;Seca;Cruz;Pare;Longo da via;0;1;1;1;1;0;0;0;0;0;0;0;0;(-38.5592404071465 -3.7824940051414);
YOS2293;2021-07-24 11:10:00;Avenida Carapinima;;;BENFICA;967683;Colisão Lateral;Luz do Dia;Bom;Seca;Meio de quadra;Outros;Longo da via;0;1;1;1;1;0;0;0;0;0;0;0;0;(-38.53723719775803 -3.737185373469532);
JVH3517;2021-08-24 00:00:00;Rua Antônio Bento;RUA PDE ASCENCO GAGO;;SERRINHA;968506;Colisão Transversal;Via Iluminada;Bom;Seca;Cruz;Pare;Longo da via;0;0;1;1;1;0;0;0;0;0;0;0;0;(-38.54697362445776 -3.780174345200123);
JGJ2801;2021-08-23 21:12:00;Avenida da Abolição;RUA LEONARDO MOTA;;MEIRELES;968339;Colisão Transversal;Anoitecer;Bom;Seca;T;Não há Controle;Longo da via;0;1;1;1;1;0;0;0;0;0;0;0;0;(-38.493269 -3.7270512);
NQQ1844;2021-08-23 21:31:00;Avenida Augusto dos Anjos;;;PARANGABA;968318;Colisão Transversal;Anoitecer;Bom;Seca;T;Não há Controle;Longo da via;0;1;1;1;1;0;0;0;0;0;0;0;0;(-38.57513681160762 -3.775629851191914);
OKK0614;2021-08-23 22:00:00;Avenida Augusto dos Anjos;RUA SOBREIRA FILHO;;BONSUCESSO;968276;Colisão Lateral;Não informado;Bom;Seca;T;Pare;Longo da via;0;2;1;1;1;0;0;0;0;0;0;0;0;(-38.57927278213099 -3.78032957484588);
JET3186;2021-08-23 21:30:00;Rua Conselheiro Lafayette;RUA ALBERTO DE OLIVEIRA;;JARDIM IRACEMA;968135;Colisão Lateral;Via Iluminada;Nublado;Seca;Cruz;Pare;Longo da via;0;0;2;0;0;0;1;0;0;0;1;0;0;(-38.57939080495754 -3.718310454886474);
RZD0623;2021-08-24 10:00:00;AV AMERICO BARREIRA;RUA DIAMANTINA;;PARANGABA;967802;Colisão Traseira;Luz do Dia;Bom;Seca;T;Semáforo;Cruzamento;0;1;0;1;1;0;0;0;0;0;0;0;0;(-38.5696285 -3.763804099999999);
HLM7893;2021-08-24 11:00:00;Avenida Senador Fernandes Távora;RUA SAO LUIS D30;;HENRIQUE JORGE;967824;Colisão Lateral;Luz do Dia;Bom;Seca;Não informado;Pare;Cruzamento;0;1;0;1;1;0;0;0;0;0;0;0;0;(-38.5862531 -3.7598496);
ASY1356;2021-08-23 10:30:00;Avenida I Cj Prefeito Jose Walter;AV A CJ JOSE WALTER;;PREFEITO JOSE VALTER;967914;Colisão Lateral;Luz do Dia;Bom;Seca;Cruz;Semáforo;Longo da via;0;2;0;2;0;0;0;0;0;0;0;0;0;(-38.55266526940699 -3.831436080070726);
ADM5601;2021-08-23 22:25:00;Rua do Pocinho;RUA GOV SAMPAIO;;CENTRO;967224;Colisão Transversal;Via Iluminada;Bom;Seca;Cruz;Pare;Longo da via;0;0;0;1;1;0;0;0;0;0;0;0;0;(-38.52454499173691 -3.728020971256777);
GSJ0590;2021-08-23 00:00:00;Avenida Jovita Feitosa;;;PARQUELANDIA;968285;Colisão Traseira;Via Iluminada;Bom;Seca;Não informado;Semáforo;Longo da via;0;0;0;1;1;0;0;0;0;0;0;0;0;(-38.55708555150558 -3.740022464569953);
YKD7522;2021-08-22 14:40:00;Rua Ipê;AV OLAVO BILAC;;PRESIDENTE KENNEDY;968214;Colisão Transversal;Luz do Dia;Bom;Seca;T;Pare;Longo da via;0;1;0;1;1;0;0;0;0;0;0;0;0;(-38.56446162160497 -3.731875170754395);
LQV9191;2021-08-24 12:40:00;RUA CRUZEIRO;;;ANCURI;968213;Colisão Lateral;Luz do Dia;Bom;Seca;Meio de quadra;Não há Controle;Longo da via;0;1;0;1;1;0;0;0;0;0;0;0;0;(-38.5074143 -3.8654471);
CRM9506;2021-08-24 22:50:00;Travessa Inácio;AV PRS CASTELO BRANCO;;MOURA BRASIL;968449;Colisão Frontal;Via Iluminada;Não informado;Seca;Cruz;Pare;Cruzamento;0;0;2;0;2;0;0;0;0;0;0;0;0;(-38.5384278 -3.7177365);
HRM6084;2021-08-22 09:59:00;Travessa Ana Julião;;;ANTONIO BEZERRA;968164;Choque c/ Obstáculo Fixo;Amanhecer;Bom;Seca;T;Pare;Longo da via;0;0;0;0;1;0;0;0;0;0;0;0;0;(-38.59216884729702 -3.736816015651028);
RQV0621;2021-08-22 03:30:00;Rua Carlos Chagas;;;BONSUCESSO;968080;Choque c/ Obstáculo Fixo;Via Iluminada;Bom;Seca;Cruz;Pare;Longo da via;0;0;0;0;1;0;0;0;0;0;0;0;0;(-38.5881616223372 -3.779317905275697);
JEA7818;2021-08-25 12:30:00;Avenida Dioguinho;;;PRAIA DO FUTURO I;967609;Colisão;Via Iluminada;Bom;Não informado;Não informado;Não há Controle;Longo da via;0;0;2;0;2;0;0;0;0;0;0;0;0;(-38.4575347 -3.7341926);
HGK4863;2021-08-22 10:40:00;Rua Anselmo Nogueira;RUA VITAL BRASIL;;BONSUCESSO;967682;Colisão Transversal;Luz do Dia;Bom;Seca;Cruz;Semáforo;Longo da via;0;2;0;2;0;0;0;0;0;0;1;0;0;(-38.58713165407548 -3.780961198635146);
GYD6300;2021-08-26 00:30:00;Avenida Borges de Melo;;;AEROLANDIA;968523;Colisão;Via Iluminada;Bom;Seca;T;Semáforo;Longo da via;0;0;2;0;1;0;0;1;0;0;0;0;0;(-38.5380687 -3.7532862);
YKU7881;2021-08-26 23:00:00;Rua Vital Brasil;RUA TAMIARANA;;BONSUCESSO;960583;Colisão Lateral;Via Iluminada;Bom;Seca;Cruz;Não há Controle;Cruzamento;0;1;0;1;1;0;0;0;0;0;0;0;0;(-38.5915289 -3.779842599999999);
UHC2535;2021-08-26 23:00:00;AV POMPILIO GOMES;RUA MARIA AMALIA;;CASTELAO;967332;Colisão Frontal;Não informado;Bom;Seca;Cruz;Semáforo;Cruzamento;0;1;0;1;1;0;0;0;0;0;0;0;0;(-38.5204194 -3.8127478);
DRX6269;2021-08-26 12:40:00;Avenida Francisco Sá;;;ALVARO WEYNE;967409;Colisão Lateral;Luz do Dia;Bom;Seca;Não informado;Não informado;Longo da via;0;1;0;1;0;0;0;0;0;0;0;0;0;(-38.5710557 -3.7125885);
BMT1417;2021-08-26 14:35:00;RUA PEREIRA FILGUEIRAS;RUA GONCALVES LEDO;;ALDEOTA;967598;Colisão Transversal;Luz do Dia;Bom;Seca;Cruz;Pare;Cruzamento;0;1;0;1;1;0;0;0;0;0;0;0;0;(-38.5149865 -3.7276677);
CRC9524;2021-08-26 08:25:00;Avenida Governador Raul Barbosa;;;AEROLANDIA;967907;Colisão Traseira;Amanhecer;Bom;Seca;Meio de quadra;Não há Controle;Longo da via;0;1;0;1;0;0;0;1;0;0;0;0;0;(-38.5090036 -3.7666333);
IKH7740;2021-08-26 09:40:00;RUA COSTA BARROS;RUA JOAO CORDEIRO;;ALDEOTA;968266;Colisão Lateral;Luz do Dia;Bom;Seca;Não informado;Semáforo;Cruzamento;0;1;0;0;2;0;0;0;0;0;0;0;0;(-38.5143081 -3.7294352);
YWG9547;2021-08-26 17:00:00;Avenida Pontes Vieira;RUA SILVA PAULET;;SAO JOAO DO TAUAPE;968340;Colisão Transversal;Luz do Dia;Bom;Seca;Cruz;Pare;Cruzamento;0;0;1;0;2;0;0;0;0;0;0;0;0;(-38.5108357 -3.7525752);
XGU7870;2021-08-26 19:40:00;AV OLIVEIRA PAIVA;RUA CHICO LEMOS;;CIDADE DOS FUNCIONRAIOS;968517;Colisão Lateral;Luz do Dia;Bom;Seca;Cruz;Semáforo Danificado;Cruzamento;0;1;0;0;2;0;0;0;0;0;0;0;0;(-38.49707859999999 -3.7958774);