COD_ACIDENTE;DATA;LOG1;LOG2;NUMERO;BAIRRO;AMC;NATUREZA;ILUMINACAO;TEMPO;SUPERFICIEPISTA;TIPOCRUZAMENTO;CONTROLETRAFEGO;USOSOLO;MORTOS;FERIDOS;ILESOS;MOTOCICLETA;AUTOMOVEL;MICROONIBUS;CAMINHAO;ONIBUS;CICLOMOTOR;BICICLETA;OUTROS;TREM;TRACAOANIMAL;COORDENADAS
FEZ7845;2021-08-21 17:25:00;Rua Tibúrcio Frota;RUA CAP GUSTAVO;;SAO JOAO DO TAUAPE;968481;Colisão Lateral;Luz do Dia;Bom;Seca;Cruz;Pare;Longo da via;0;2;1;1;1;0;0;0;0;0;0;0;0;(-38.51678804350043 -3.755246245452719);
USS5097;2021-08-22 00:00:00;Rua Professor Heribaldo Costa;;;HENRIQUE JORGE;968112;Colisão Transversal;Via Iluminada;Bom;Seca;Meio de quadra;Não há Controle;Longo da via;0;1;1;1;1;0;0;0;0;0;0;0;0;(-38.5832478165948 -3.758961150319855);
XGU7870;2021-08-28 01:00:00;Avenida Domingos Olímpio;RUA ASSUNCAO;;CENTRO;968174;Colisão Traseira;Via Iluminada;Bom;Seca;Não informado;Semáforo;Cruzamento;0;1;0;1;1;0;0;0;0;0;0;0;0;(-38.5295194 -3.7371579);
BQC6748;2021-08-27 12:00:00;Avenida Antônio Sales;AV VIS RIO BRANCO;;JOAQUIM TVORA;968278;Atropelamento;Luz do Dia;Bom;Seca;Cruz;Semáforo;Cruzamento;0;1;0;0;0;0;1;0;0;0;0;0;0;(-38.5235987 -3.7386121);
GLW1055;2021-08-28 12:08:00;Avenida Senador Virgílio Távora;;;ALDEOTA;968215;Colisão Transversal;Não informado;Bom;Seca;Meio de quadra;Outros;Longo da via;0;1;0;1;1;0;0;0;0;0;0;0;0;(-38.494211 -3.7406738);
DXK2158;2021-08-21 16:20:00;Rua Padre Pedro de Alencar;;;MESSEJANA;968039;Colisão Traseira;Luz do Dia;Bom;Seca;Meio de quadra;Outros;Longo da via;0;0;0;2;0;0;0;0;0;0;0;0;0;(-38.49413945533107 -3.834583302132373);
BVE8351;2021-08-21 17:10:00;Rua José de Barcelos;RUA GAL BERNARDO FIGUEIREDO;;RODOLFO TEOFILO;967472;Colisão Traseira;Luz do Dia;Bom;Seca;Y;Não há Controle;Longo da via;0;1;0;1;1;0;0;0;0;0;0;0;0;(-38.54980603178219 -3.739074984223421);
FMF2920;2021-08-21 16:00:00;Avenida José Jatahy;;;JACARECANGA;965853;Colisão Transversal;Luz do Dia;Bom;Seca;Cruz;Não informado;Longo da via;0;0;2;1;1;0;0;0;0;0;0;0;0;(-38.54661421056096 -3.722833834435649);
HEO4164;2021-08-28 15:48:00;RUA PROF TEODORICO;RUA ANTONIO FIUZA;;PARANGABA;968507;Colisão Transversal;Luz do Dia;Bom;Seca;Cruz;Gesto;Cruzamento;0;1;0;1;1;0;0;0;0;0;0;0;0;(-38.5519061 -3.769324);
PGO4205;2021-08-21 12:20:00;Avenida João de Araújo Lima;;;PREFEITO JOSE VALTER;965826;Tombamento;Não informado;Bom;Não informado;Meio de quadra;Não informado;Longo da via;0;0;1;0;1;0;1;0;0;0;0;0;0;(-38.56228902972255 -3.840272893553464);
HYT3669;2021-08-20 11:40:00;Rua Desembargador Lauro Nogueira;;;PAPICU;967915;Colisão Lateral;Luz do Dia;Bom;Seca;Meio de quadra;Semáforo;Longo da via;0;1;1;0;1;0;0;0;0;1;0;0;0;(-38.47573414270075 -3.740927119990214);
QNR2039;2021-08-20 14:40:00;Avenida Presidente Costa e Silva;;;PREFEITO JOSE VALTER;967605;Colisão Lateral;Luz do Dia;Bom;Seca;Meio de quadra;Não há Controle;Longo da via;0;0;1;1;1;0;0;0;0;0;0;0;0;(-38.54310587741625 -3.824708051233196);
AMS5233;2021-08-20 16:05:00;Avenida Borges de Melo;;;PARREAO;967596;Colisão Lateral;Luz do Dia;Bom;Seca;Meio de quadra;Semáforo;Longo da via;0;0;1;1;1;0;0;0;0;0;0;0;0;(-38.53258088455022 -3.757895927054789);
BWB0277;2021-08-20 10:39:00;Rua Desembargador Feliciano de Ataíde;;;EDSON QUEIROZ;967324;Colisão Transversal;Luz do Dia;Bom;Seca;Meio de quadra;Não há Controle;Longo da via;0;1;1;1;1;0;0;0;0;0;0;0;0;(-38.47980038001216 -3.787025834129114);
QPB0793;2021-08-20 19:51:00;Avenida dos Expedicionários;RUA TEODORICO BARROSO;;VILA UNIAO;967130;Colisão Traseira;Luz do Dia;Não informado;Seca;Cruz;Pare;Longo da via;0;1;1;1;1;0;0;0;0;0;0;0;0;(-38.5417547 -3.7666195);
DNL7190;2021-08-20 22:00:00;Avenida José Jatahy;AV JOVITA FEITOSA;;BENFICA;963289;Colisão Transversal;Via Iluminada;Bom;Seca;Cruz;Não informado;Longo da via;0;2;0;2;0;0;0;0;0;0;0;0;0;(-38.54384080526668 -3.73706225421397);
UNJ1447;2021-08-29 00:00:00;AV CESAR CALS;;;PRAIA DO FUTURO I;968508;Choque c/ Obstáculo Fixo;Via Iluminada;Bom;Seca;Meio de quadra;Não há Controle;Longo da via;0;0;1;0;1;0;0;0;0;0;0;0;0;(-38.4593767 -3.7304845);
ZSN4864;2021-08-28 07:40:00;RUA PRI IZABEL;RUA SAO PAULO;;CENTRO;968511;Colisão Transversal;Via Iluminada;Bom;Seca;Cruz;Pare;Cruzamento;0;1;0;1;1;0;0;0;0;0;0;0;0;(-38.53462529999999 -3.723705399999999);
ZSN4864;2021-08-28 11:30:00;AV COND'EU;;;CENTRO;968518;Colisão Lateral;Luz do Dia;Bom;Seca;Meio de quadra;Semáforo;Longo da via;0;0;2;0;1;0;1;0;0;0;0;0;0;(-38.5255143 -3.7257166);
AOV9156;2021-08-28 13:00:00;AV JOSE LEON;AV DR JOAO MACIEL FILHO;;JARDIM DAS OLIVEIRAS;968534;Colisão Transversal;Luz do Dia;Bom;Seca;Cruz;Semáforo;Cruzamento;0;1;0;1;1;0;0;0;0;0;0;0;0;(-38.4955822 -3.7856465);
MAL2463;2021-08-28 19:00:00;Rua Suécia;RUA CARLOS JUACABA;;ITAPERI;968544;Colisão Lateral;Luz do Dia;Bom;Seca;Y;Não há Controle;Cruzamento;0;2;0;1;1;0;0;0;0;0;0;0;0;(-38.55720558301565 -3.784465481210204);
BOA0199;2021-08-29 14:00:00;Rua Sabiaguaba;;;SABIAGUABA;968479;Colisão Transversal;Luz do Dia;Bom;Seca;Meio de quadra;Outros;Longo da via;0;1;0;1;2;0;0;0;0;0;0;0;0;(-38.4446611 -3.7910926);
LTV2448;2021-08-30 13:26:00;Avenida Major Assis;RUA PEDRO FERREIRA;;VILA VELHA;966371;Colisão Transversal;Luz do Dia;Bom;Seca;Cruz;Pare;Cruzamento;0;1;0;1;1;0;0;0;0;0;0;0;0;(-38.598406 -3.7212051);
NST7735;2021-08-30 20:00:00;Avenida Presidente Costa e Silva;RUA GAL CORDEIRO NETO;;MONDUBIM;966611;Colisão Traseira;Luz do Dia;Bom;Seca;T;Pare;Cruzamento;0;1;0;1;1;0;0;0;0;0;0;0;0;(-38.5726661 -3.8124981);
AFO2342;2021-08-30 22:15:00;Rua José Alencar Ramos;;;ENGENHEIRO LUCIANO CAVALCANTE;967837;Colisão Transversal;Via Iluminada;Bom;Seca;Não informado;Pare;Longo da via;0;1;0;1;1;0;0;0;0;0;0;0;0;(-38.4831078 -3.7779218);
PFZ9132;2021-08-30 19:36:00;Rua Júlio Verne;RUA GOV JOAO CARLOS;;ITAOCA;968085;Colisão Transversal;Luz do Dia;Bom;Seca;T;Pare;Cruzamento;0;1;0;0;1;0;0;0;0;1;0;0;0;(-38.5509596 -3.7761105);
AGD4268;2021-08-20 23:50:00;Avenida Pompílio Gomes;;;JANGURUSSU;960744;Colisão Traseira;Via Iluminada;Bom;Seca;Duplo T;Outros;Longo da via;0;1;2;1;2;0;0;0;0;0;0;0;0;(-38.52018907092576 -3.812049365413777);
DAQ2981;2021-08-20 21:25:00;Avenida Odilon Guimarães;;;LAGOA REDONDA;948109;Colisão Lateral;Via Iluminada;Bom;Seca;Meio de quadra;Outros;Longo da via;0;1;0;1;1;0;0;0;0;0;0;0;0;(-38.47159817241196 -3.816823826130643);
MGD8018;2021-08-30 21:17:00;Avenida Sargento Hermínio Sampaio;;;MONTE CASTELO;968348;Colisão Traseira;Via Iluminada;Bom;Seca;Não informado;Semáforo;Longo da via;0;1;0;1;1;0;0;0;0;0;0;0;0;(-38.5471574 -3.7247672);
WSJ5525;2021-08-19 23:00:00;Avenida Engenheiro Santana Júnior;;;PAPICU;968176;Colisão Lateral;Via Iluminada;Bom;Seca;Outros;Outros;Longo da via;0;0;2;0;2;0;0;0;0;0;0;0;0;(-38.48626987308224 -3.742468779146088);
TAF5111;2021-08-31 00:20:00;RUA CEL FRANCISCO BENTO;RUA PRO EDGAR DE ARRUDA;;AUTRAN NUNES;968398;Colisão Transversal;Via Iluminada;Bom;Seca;Cruz;Pare;Cruzamento;0;1;1;1;1;0;0;0;0;0;0;0;0;(-38.585608 -3.7577865);
ODL3840;2021-08-19 16:50:00;Rua Padre Ambrósio Machado;AV EXPEDICIONARIOS (INVALIDA);;PARREAO;968133;Colisão Transversal;Luz do Dia;Bom;Seca;Cruz;Pare;Longo da via;0;2;0;1;1;0;0;0;0;0;0;0;0;(-38.53982821049353 -3.760877478344701);
INE2095;2021-08-31 20:00:00;Avenida Presidente Costa e Silva;;;MONDUBIM;966610;Colisão Traseira;Luz do Dia;Bom;Seca;Meio de quadra;Semáforo;Longo da via;0;1;0;1;1;0;0;0;0;0;0;0;0;(-38.5503326 -3.823450799999999);
GLS3169;2021-08-19 09:30:00;Avenida Desembargador Gonzaga;;;CIDADE DOS FUNCIONRAIOS;967744;Colisão Lateral;Luz do Dia;Bom;Seca;T;Pare;Longo da via;0;1;0;1;1;0;0;0;0;0;0;0;0;(-38.50313022815925 -3.790376620692566);
GZV0985;2021-08-19 15:15:00;Rua Gontran Giffoni;RUA JOR CESAR MAGALHAES;;GUARARAPES;967604;Colisão Transversal;Luz do Dia;Bom;Seca;Cruz;Pare;Longo da via;0;0;0;0;2;0;0;0;0;0;0;0;0;(-38.48914430000001 -3.7694514);
NOL3107;2021-08-19 18:00:00;Avenida I Cj Prefeito Jose Walter;;;PREFEITO JOSE VALTER;965852;Colisão Lateral;Luz do Dia;Bom;Seca;Meio de quadra;Não há Controle;Longo da via;0;0;1;1;1;0;0;0;0;0;0;0;0;(-38.5526491728688 -3.83137185092848);
DOM1975;2021-08-31 15:00:00;Avenida Bernardo Manuel;AV BENJAMIM BRASIL;;ITAPERI;968000;Colisão Lateral;Luz do Dia;Bom;Seca;T;Não informado;Cruzamento;0;1;0;1;1;0;0;0;0;0;0;0;0;(-38.5562721 -3.8140913);
BFY3720;2021-08-18 16:20:00;Avenida Evilásio Almeida Miranda;AV EDILSON B SOARES;;EDSON QUEIROZ;968405;Colisão Lateral;Luz do Dia;Bom;Seca;T;Não há Controle;Longo da via;0;0;0;1;1;0;0;0;0;0;0;0;0;(-38.46794878803131 -3.788649625713977);
SYU2608;2021-08-31 19:25:00;AV 8 DE SETEMBRO;AV ALM HENRIQUE SABOIA;;VARJOTA;968561;Colisão Traseira;Luz do Dia;Bom;Seca;Y;Pare;Cruzamento;0;0;2;0;2;0;0;0;0;0;0;0;0;(-38.4870353 -3.7352613);
FGF9070;2021-08-18 19:12:00;Avenida Santos Dumont;;;ALDEOTA;968337;Colisão Lateral;Luz do Dia;Bom;Seca;Meio de quadra;Não há Controle;Longo da via;0;1;1;1;1;0;0;0;0;0;0;0;0;(-38.4916557382281 -3.738400506064689);
CUP2873;2021-08-18 21:30:00;Avenida Santos Dumont;;;CIDADE 2000;967812;Colisão Transversal;Mal Iluminada;Bom;Seca;Meio de quadra;Pare;Longo da via;0;0;2;0;1;0;0;1;0;0;0;0;0;(-38.46158281521013 -3.747966270774684);
CEB8580;2021-08-18 19:10:00;Rua Jaime Benévolo;RUA PDE MIGUELINHO;;BENFICA;967719;Colisão Transversal;Luz do Dia;Bom;Seca;Cruz;Pare;Longo da via;0;1;1;1;1;0;0;0;0;0;0;0;0;(-38.52935739999999 -3.7440781);
SQX8886;2021-08-18 16:45:00;Demócrito Rocha;;;DEMOCRITO ROCHA;966612;Colisão Lateral;Luz do Dia;Bom;Seca;Meio de quadra;Pare;Longo da via;0;1;0;1;0;0;0;0;0;1;0;0;0;(-38.56614604042149 -3.763088209072405);
OFA7071;2021-08-18 09:50:00;Rua Conde d'Eu;RUA SOBRAL D03;;CENTRO;960766;Colisão Traseira;Luz do Dia;Bom;Seca;Y;Não informado;Longo da via;0;0;2;0;2;0;0;0;0;0;0;0;0;(-38.52528528846238 -3.725215959889095);
XZX6401;2021-08-18 09:40:00;Rua Carlos Vasconcelos;;;MEIRELES;920435;Colisão Lateral;Luz do Dia;Bom;Seca;Meio de quadra;Semáforo;Longo da via;0;0;2;1;0;0;0;0;0;0;1;0;0;(-38.50851073475155 -3.725943978966078);
SFO2042;2021-08-17 09:30:00;Avenida João Pessoa;;;DAMAS;968460;Atropelamento;Luz do Dia;Bom;Seca;Meio de quadra;Não há Controle;Longo da via;0;1;1;0;0;0;0;1;0;0;0;0;0;(-38.547891 -3.750754);
YYX5506;2021-08-17 16:03:00;Avenida Domingos Olímpio;RUA DOM JERONIMO D06;;PARQUE ARAXA;968455;Colisão Transversal;Luz do Dia;Bom;Seca;Cruz;Pare;Longo da via;0;0;0;2;1;0;0;0;0;0;0;0;0;(-38.543459 -3.7332012);
EOD5960;2021-08-17 09:00:00;Avenida General Osório de Paiva;;;CANINDEZINHO;968360;Choque c/ Obstáculo Fixo;Luz do Dia;Bom;Seca;Meio de quadra;Não há Controle;Longo da via;0;0;0;0;1;0;0;0;0;0;0;0;0;(-38.6085785729624 -3.811283950522966);
ZYX7159;2021-08-17 23:00:00;Rua Bento Albuquerque;;;PAPICU;968274;Colisão Traseira;Não informado;Bom;Seca;Meio de quadra;Não há Controle;Longo da via;0;0;2;0;2;0;0;0;0;0;0;0;0;(-38.48530426751541 -3.743079018479095);
PSN6261;2021-08-17 23:50:00;Avenida Senador Virgílio Távora;RUA BENI DE CARVALHO;;ALDEOTA;968023;Colisão Lateral;Via Iluminada;Bom;Seca;Cruz;Semáforo;Longo da via;0;0;0;0;2;0;0;0;0;0;0;0;0;(-38.4959798 -3.7456611);
XXC0004;2021-08-17 19:30:00;Avenida Américo Barreira;RUA PORFIRIO SAMPAIO;;RODOLFO TEOFILO;967982;Colisão Lateral;Luz do Dia;Bom;Seca;T;Semáforo;Longo da via;0;1;1;0;2;0;0;0;0;0;0;0;0;(-38.54621723658941 -3.745894678665238);
UOZ0615;2021-08-16 11:00:00;Rua Professor Heráclito;;;PAPICU;968291;Choque c/ Obstáculo Fixo;Anoitecer;Não informado;Seca;Meio de quadra;Não há Controle;Longo da via;0;0;0;0;1;0;0;0;0;0;0;0;0;(-38.47374394642665 -3.732844071024402);
WQM0759;2021-08-16 22:00:00;Avenida Senador Fernandes Távora;RUA PRO HERIBALDO COSTA;;HENRIQUE JORGE;968269;Colisão Traseira;Via Iluminada;Bom;Seca;Cruz;Semáforo;Longo da via;0;2;0;2;0;0;0;0;0;0;0;0;0;(-38.5844382 -3.761015);
KQM5438;2021-08-16 11:02:00;Avenida Barão de Studart;AV MON TABOSA;;MEIRELES;968245;Colisão Lateral;Luz do Dia;Bom;Seca;Cruz;Semáforo;Longo da via;0;1;1;1;1;0;0;0;0;0;0;0;0;(-38.503469 -3.7248063);
ZCY2537;2021-08-16 17:30:00;Rua João Cordeiro;RUA JOAO BRIGIDO;;JOAQUIM TVORA;968070;Colisão Lateral;Luz do Dia;Bom;Seca;Cruz;Semáforo;Longo da via;0;1;1;1;1;0;0;0;0;0;0;0;0;(-38.51782873543748 -3.739872580741511);
BYK5477;2021-08-16 16:30:00;Rua Costa Barros;;;ALDEOTA;967639;Colisão Traseira;Luz do Dia;Bom;Seca;Meio de quadra;Semáforo;Longo da via;0;0;3;0;3;0;0;0;0;0;0;0;0;(-38.50424603438137 -3.732747716349289);
CXL1502;2021-08-16 16:41:00;Avenida Godofredo Maciel;RUA NEREU RAMOS;;MARAPONGA;967603;Colisão Traseira;Luz do Dia;Bom;Seca;T;Semáforo;Longo da via;0;0;2;1;2;0;0;0;0;0;0;0;0;(-38.5669536 -3.7871717);
WPZ8183;2021-08-16 17:20:00;Rua Isac Amaral;;;SAO JOAO DO TAUAPE;961800;Colisão Lateral;Luz do Dia;Não informado;Seca;Meio de quadra;Outros;Longo da via;0;1;0;1;1;0;0;0;0;0;0;0;0;(-38.50394561430447 -3.753420904558932);
OPY7077;2021-08-17 01:30:00;Avenida Jovita Feitosa;RUA AMADEU FURTADO;;PARQUELANDIA;960581;Colisão Lateral;Via Iluminada;Bom;Seca;Cruz;Semáforo;Longo da via;0;0;0;0;1;0;0;0;0;0;0;0;0;(-38.5629171 -3.7412043);
YQC2481;2021-08-16 00:35:00;Rua 15 de Novembro;;;MONTESE;968501;Colisão Traseira;Via Iluminada;Bom;Seca;Meio de quadra;Não há Controle;Longo da via;0;0;3;0;3;0;0;0;0;0;0;0;0;(-38.5587945 -3.767857);
VNV3580;2021-08-15 06:00:00;Avenida Doutor Silas Munguba;;;PASSARE;968317;Choque c/ Obstáculo Fixo;Via Iluminada;Bom;Seca;Meio de quadra;Não há Controle;Longo da via;0;0;0;1;0;0;0;0;0;0;0;0;0;(-38.53552594864112 -3.792688977012671);
QIZ8364;2021-08-15 05:11:00;Rua Professora Maria Clara;RUA RIO ARAGUAIA;;JARDIM IRACEMA;968261;Colisão Transversal;Via Iluminada;Bom;Seca;Cruz;Pare;Longo da via;0;0;0;1;1;0;0;0;0;0;0;0;0;(-38.58204617780756 -3.725735208851189);
ZZK1625;2021-08-15 17:26:00;Avenida Porto Velho;;;HENRIQUE JORGE;968044;Atropelamento;Luz do Dia;Bom;Seca;Meio de quadra;Não há Controle;Longo da via;0;2;0;1;0;0;0;0;0;0;0;0;0;(-38.5892537 -3.7648039);
XAF4162;2021-08-15 05:10:00;Rua Emílio de Menezes;;;BONSUCESSO;967891;Choque c/ Obstáculo Fixo;Via Iluminada;Bom;Seca;Meio de quadra;Não há Controle;Longo da via;0;0;0;0;1;0;0;0;0;0;0;0;0;(-38.58670786364365 -3.781988924495155);
NUI1462;2021-08-15 10:30:00;Avenida Barão de Studart;AV JULIO VENTURA;;ALDEOTA;967411;Colisão Lateral;Luz do Dia;Não informado;Seca;Cruz;Semáforo;Longo da via;0;1;1;1;1;0;0;0;0;0;0;0;0;(-38.5080871 -3.7391039);
GSK2778;2021-08-15 14:00:00;Rua Almira;RUA ALVES RIBEIRO;;MESSEJANA;967078;Choque c/ Obstáculo Fixo;Luz do Dia;Bom;Seca;Cruz;Pare;Longo da via;0;0;3;0;1;0;1;0;0;0;1;0;0;(-38.4988011449204 -3.822122804143658);
UOR9179;2021-08-15 17:50:00;Avenida Castelo de Castro;AV MON AMARILIO RODRIGUES;;JANGURUSSU;966114;Colisão Transversal;Luz do Dia;Bom;Seca;Cruz;Semáforo;Longo da via;0;0;1;0;1;0;0;0;1;0;0;0;0;(-38.52165129999999 -3.8351466);
AGM3152;2021-08-16 00:30:00;Via Férrea Parangaba Mucuripe;;;VICENTE PINZON;960772;Colisão Lateral;Anoitecer;Bom;Seca;Outros;Outros;Longo da via;0;0;2;0;2;0;0;0;0;0;0;0;0;(-38.47917276937546 -3.722293171356639);
PNT4626;2021-08-14 21:55:00;Rua Raimundo Arruda;AV BEZERRA DE MENEZES;;FARIAS BRITO;968381;Colisão Lateral;Via Iluminada;Bom;Seca;Cruz;Semáforo;Longo da via;0;1;1;0;1;0;0;0;0;1;0;0;0;(-38.55216220000001 -3.7332317);
ZSB5807;2021-08-14 12:03:00;Avenida José Leon;;;JARDIM DAS OLIVEIRAS;968316;Colisão Lateral Sentido Oposto;Luz do Dia;Bom;Seca;Meio de quadra;Não há Controle;Longo da via;0;2;1;1;1;0;0;0;0;0;0;0;0;(-38.5019124984637 -3.787807328641231);
TIH4819;2021-08-14 22:00:00;Avenida Treze de Maio;;;FATIMA;968271;Colisão Traseira;Via Iluminada;Bom;Seca;Meio de quadra;Semáforo;Longo da via;0;0;0;0;2;0;0;0;0;0;0;0;0;(-38.52691605957993 -3.751461736774242);
ATO6376;2021-08-14 21:30:00;Avenida Santos Dumont;RUA ANTONIO AUGUSTO;;ALDEOTA;968016;Colisão Transversal;Via Iluminada;Bom;Seca;Cruz;Pare;Longo da via;0;0;0;0;3;0;0;0;0;0;0;0;0;(-38.5137408 -3.7312204);
TCA7007;2021-08-14 07:40:00;Rua César Correia;RUA IRINEU DE SOUZA;;CRISTO REDENTOR;967331;Colisão Transversal;Via Iluminada;Bom;Seca;Cruz;Pare;Longo da via;0;0;2;0;2;0;0;0;0;0;0;0;0;(-38.572382 -3.709326);
TFS6746;2021-08-13 14:40:00;Avenida Ministro Albuquerque Lima;AV A CJ CEARA;;CONJUNTO CEARA I;968132;Colisão Lateral;Luz do Dia;Bom;Seca;Cruz;Semáforo;Longo da via;0;0;1;1;0;0;0;1;0;0;0;0;0;(-38.6047081 -3.7705666);
QTK7785;2021-08-13 21:00:00;Avenida João Pessoa;RUA PDE CICERO;;BENFICA;967735;Colisão Lateral;Anoitecer;Bom;Seca;Cruz;Semáforo;Longo da via;0;0;2;1;1;0;0;0;0;0;0;0;0;(-38.5434501 -3.7456965);
UKH4585;2021-08-12 11:30:00;Rua Almirante Rubim;;;PARANGABA;968296;Colisão Lateral;Luz do Dia;Bom;Seca;Meio de quadra;Outros;Longo da via;0;0;1;1;1;0;0;0;0;0;0;0;0;(-38.55711772886522 -3.772353946762733);
GMP7732;2021-08-13 01:00:00;Avenida Santos Dumont;;;MEIRELES;968326;Colisão Lateral;Via Iluminada;Bom;Seca;Duplo T;Semáforo Intermitente;Longo da via;0;0;2;1;1;0;0;0;0;0;0;0;0;(-38.4876998 -3.7396796);
NTM9872;2021-08-12 22:30:00;Rua Frederico Borges;RUA PEREIRA VALENTE;;VARJOTA;968325;Colisão Transversal;Via Iluminada;Bom;Seca;Duplo T;Pare;Longo da via;0;1;1;1;1;0;0;0;0;0;0;0;0;(-38.4891804 -3.7348116);
FOF9596;2021-08-12 22:45:00;Rua Cônego Penaforte;RUA AMADEU FURTADO;;AMADEU FURTADO;967098;Colisão Lateral;Não informado;Bom;Seca;Cruz;Pare;Longo da via;0;0;0;1;1;0;0;0;0;0;0;0;0;(-38.5618957 -3.7460958);
OYH3391;2021-08-12 19:30:00;Rua Osvaldo Cruz;;;MEIRELES;966614;Colisão Lateral;Não informado;Bom;Seca;Meio de quadra;Pare;Longo da via;0;1;1;1;1;0;0;0;0;0;0;0;0;(-38.49888161752448 -3.73114180354109);
WJQ2873;2021-08-12 14:30:00;Rua Frei Vidal;;;SAO JOAO DO TAUAPE;966100;Colisão Traseira;Não informado;Bom;Seca;Meio de quadra;Não há Controle;Longo da via;0;1;1;0;2;0;0;0;0;0;0;0;0;(-38.5175709 -3.7568622);
EEI4370;2021-08-12 13:30:00;Rua Capitão Gustavo;;;SAO JOAO DO TAUAPE;966097;Colisão Lateral Sentido Oposto;Não informado;Bom;Não informado;Meio de quadra;Não informado;Longo da via;0;1;1;1;1;0;0;0;0;0;0;0;0;(-38.51683632396644 -3.754630661706789);
PYW2351;2021-08-11 22:52:00;Avenida da Abolição;;;MEIRELES;967649;Colisão Lateral;Via Iluminada;Bom;Seca;Cruz;Semáforo;Longo da via;0;0;2;0;0;0;0;1;0;0;1;0;0;(-38.497343 -3.7266097);
TJW8177;2021-08-11 22:00:00;RUA ARISTOTELES BEZERRA;RUA CATARINA LABOURE D20;;CARLITO PAMPLONA;968397;Colisão Transversal;Via Iluminada;Bom;Seca;T;Pare;Cruzamento;0;1;0;1;1;0;0;0;0;0;0;0;0;(-38.5585182 -3.7198371);
KMZ2532;2021-08-11 10:42:00;Avenida Pompílio Gomes;RUA PRO MOREIRA DE SOUSA (PASSARE);;PASSARE;968295;Colisão Lateral;Luz do Dia;Bom;Seca;Cruz;Pare;Cruzamento;0;1;0;1;1;0;0;0;0;0;0;0;0;(-38.5208293 -3.8145325);
QKZ3934;2021-08-11 13:40:00;Rua Antônio Costa Mendes;RUA DOM HENRIQUE;;VILA PERY;966859;Colisão Transversal;Luz do Dia;Bom;Seca;Cruz;Pare;Cruzamento;0;1;0;1;1;0;0;0;0;0;0;0;0;(-38.5814686 -3.7875763);
PNA4902;2021-08-12 01:00:00;Rua Antônio Nery;;;GRANJA PORTUGAL;965702;Atropelamento;Via Iluminada;Bom;Seca;Não informado;Não há Controle;Longo da via;0;1;0;1;0;0;0;0;0;0;0;0;0;(-38.6004346 -3.7788292);
DTJ2384;2021-08-11 04:00:00;Avenida Dom Manuel;;;CENTRO;964234;Choque c/ Obstáculo Fixo;Via Iluminada;Bom;Seca;Meio de quadra;Não há Controle;Longo da via;0;0;1;0;0;0;0;1;0;0;0;0;0;(-38.5215719 -3.7315932);
ZYN8198;2021-08-11 12:30:00;Rua Naturalista Feijó;RUA PDE ANCHIETA;;MONTE CASTELO;963955;Colisão Lateral;Não informado;Bom;Seca;Não informado;Pare;Cruzamento;0;1;0;1;1;0;0;0;0;0;0;0;0;(-38.5505076 -3.7229295);
UCG3641;2021-08-10 16:40:00;Avenida Borges de Melo;AV LUCIANO CARNEIRO;;PARREAO;968358;Colisão Traseira;Luz do Dia;Bom;Seca;Cruz;Semáforo;Cruzamento;0;0;2;0;2;0;0;0;0;0;0;0;0;(-38.5341213 -3.7563791);
KKI2715;2021-08-10 11:30:00;Avenida General Osório de Paiva;;;PARANGABA;968357;Colisão Transversal;Luz do Dia;Bom;Seca;Meio de quadra;Não há Controle;Longo da via;0;2;0;2;0;0;0;0;0;0;0;0;0;(-38.5904377 -3.7925595);
YOR3063;2021-08-10 21:45:00;Rua Barbosa de Freitas;;;ALDEOTA;967648;Colisão Transversal;Via Iluminada;Bom;Seca;Meio de quadra;Outros;Longo da via;0;1;0;1;1;0;0;0;0;0;0;0;0;(-38.49680022426723 -3.734830045584485);
KJC7444;2021-08-10 22:05:00;Avenida Aguanambi;;;JOSE BONIFACIO;967647;Engavetamento;Via Iluminada;Bom;Seca;Meio de quadra;Outros;Longo da via;0;0;3;0;3;0;0;0;0;0;0;0;0;(-38.5253101 -3.7448229);
SJB2108;2021-08-10 19:00:00;JOR TOMAZ COELHO;RUA PAULINA ARRUDA;;JANGURUSSU;967076;Colisão Transversal;Luz do Dia;Bom;Seca;Cruz;Pare;Cruzamento;0;1;0;1;0;0;1;0;0;0;0;0;0;(-38.5127435 -3.830296599999999);
DPQ2023;2021-08-10 19:50:00;Avenida Monsenhor Tabosa;RUA CARLOS VASCONCELOS;;MEIRELES;962559;Colisão Transversal;Luz do Dia;Bom;Seca;Cruz;Semáforo;Cruzamento;0;1;0;1;0;0;1;0;0;0;0;0;0;(-38.5079822 -3.7243065);
JMX5603;2021-08-09 22:30:00;Avenida João Pessoa;;;DAMAS;968439;Colisão Traseira;Via Iluminada;Bom;Seca;Meio de quadra;Não há Controle;Longo da via;0;2;0;1;1;0;0;0;0;0;0;0;0;(-38.56106595038742 -3.770362704701647);
FGO3931;2021-08-09 18:43:00;AV H;AV J CJ CEARA;;CONJUNTO CEARA II;968239;Colisão Transversal;Luz do Dia;Bom;Seca;T;Semáforo;Cruzamento;0;1;0;0;0;0;0;1;0;0;1;0;0;(-38.621396 -3.7769774);
JJF3413;2021-08-09 22:00:00;Rua João Cordeiro;;;PARQUE IRACEMA;967646;Atropelamento;Via Iluminada;Bom;Seca;Meio de quadra;Outros;Longo da via;0;1;0;0;0;0;0;0;0;0;1;0;0;(-38.5130091 -3.7250509);
XGN3850;2021-08-09 12:00:00;Avenida Historiador Raimundo Girão;RUA FRANCISCO DIAS RIBEIRO;;MEIRELES;967617;Colisão Transversal;Luz do Dia;Bom;Seca;Cruz;Pare;Cruzamento;0;2;0;1;1;0;0;0;0;0;0;0;0;(-38.5044041 -3.7240372);
WLJ3009;2021-08-09 07:50:00;Avenida General Osório de Paiva;;;PARANGABA;967890;Colisão Transversal;Via Iluminada;Bom;Seca;Meio de quadra;Não há Controle;Longo da via;0;1;0;1;1;0;0;0;0;0;0;0;0;(-38.56871559876897 -3.777037629854259);
CRT8968;2021-08-08 17:07:00;Quadra D;;;PRESIDENTE KENNEDY;968415;Colisão Lateral;Luz do Dia;Bom;Seca;T;Pare;Longo da via;0;1;0;1;1;0;0;0;0;0;0;0;0;(-38.569748 -3.7289304);
DVD2130;2021-08-08 19:02:00;Rua Joaquim Ferreira;;;LAGOA REDONDA;968414;Colisão Traseira;Luz do Dia;Bom;Seca;Meio de quadra;Não informado;Longo da via;0;0;3;0;3;0;0;0;0;0;0;0;0;(-38.4693654 -3.8160279);
DEU3735;2021-08-08 10:50:00;AV GAL OSORIO DE PAIVA;AV AUGUSTO DOS ANJOS;;SIQUEIRA;968406;Colisão Traseira;Luz do Dia;Bom;Seca;Não informado;Semáforo;Cruzamento;0;1;0;1;1;0;0;0;0;0;0;0;0;(-38.5852051 -3.7873732);
PPI0791;2021-08-08 10:00:00;RUA PEDRO MELO;RUA CEL MATOS DOURADO;;ANTONIO BEZERRA;968359;Colisão Transversal;Luz do Dia;Bom;Seca;T;Não há Controle;Cruzamento;0;0;2;0;1;0;1;0;0;0;0;0;0;(-38.5851542 -3.7431497);
WCP4408;2021-08-08 23:00:00;SANTA LIDUINA;RUA ALBANO AMARAL;;PARQUE SAO JOSE;968347;Colisão Lateral;Via Iluminada;Bom;Seca;Cruz;Pare;Cruzamento;0;0;0;0;2;0;0;0;0;0;0;0;0;(-38.5850505 -3.7978366);
ZBL6292;2021-08-08 00:00:00;Avenida Presidente Castelo Branco;;;PRAIA DE IRACEMA;968141;Choque c/ Obstáculo Fixo;Anoitecer;Bom;Seca;Meio de quadra;Não há Controle;Longo da via;0;0;1;0;0;0;1;0;0;0;0;0;0;(-38.54306077673921 -3.714779308680518);
NZJ9948;2021-08-07 00:30:00;Avenida Dioguinho;;;PRAIA DO FUTURO II;968272;Colisão;Via Iluminada;Bom;Seca;Meio de quadra;Não há Controle;Longo da via;0;1;0;2;0;0;0;0;0;0;0;0;0;(-38.4456294 -3.756658799999999);