COD_ACIDENTE;DATA;LOG1;LOG2;NUMERO;BAIRRO;AMC;NATUREZA;ILUMINACAO;TEMPO;SUPERFICIEPISTA;TIPOCRUZAMENTO;CONTROLETRAFEGO;USOSOLO;MORTOS;FERIDOS;ILESOS;MOTOCICLETA;AUTOMOVEL;MICROONIBUS;CAMINHAO;ONIBUS;CICLOMOTOR;BICICLETA;OUTROS;TREM;TRACAOANIMAL;COORDENADAS
CZY6999;2021-08-06 10:55:00;Avenida Jovita Feitosa;;;PARQUELANDIA;968155;Colisão Traseira;Luz do Dia;Bom;Seca;Não informado;Semáforo Manual;Longo da via;0;1;0;1;1;0;0;0;0;0;0;0;0;(-38.5526548 -3.7389466);
SXZ2012;2021-08-07 01:10:00;AV MON CARNEIRO CUNHA ;RUA ZEZA PONTES;;ENGENHEIRO LUCIANO CAVALCANTE;968143;Colisão Lateral;Anoitecer;Bom;Seca;Cruz;Não há Controle;Cruzamento;0;2;0;0;1;0;0;0;0;1;0;0;0;(-38.4875961 -3.7769865);
SXZ2012;2021-08-06 16:30:00;AV 13 DE MAIO;RUA MAL DEODORO;;BENFICA;SXZ2012;Colisão Traseira;Luz do Dia;Bom;Seca;Cruz;Semáforo;Longo da via;0;1;0;1;1;0;0;0;0;0;0;0;0;(-38.5366052 -3.7431387);
PVX2321;2021-08-06 16:50:00;RUA MAJOR WEYNE;;;MONTESE;967659;Colisão Traseira;Luz do Dia;Nublado;Seca;Meio de quadra;Não há Controle;Longo da via;0;0;2;0;2;0;0;0;0;0;0;0;0;(-38.54027884201635 -3.752280733677699);
GFK6247;2021-08-07 00:00:00;Avenida Pasteur;;;CARLITO PAMPLONA;966981;Colisão Lateral;Via Iluminada;Bom;Seca;Meio de quadra;Outros;Longo da via;0;0;2;1;1;0;0;0;0;0;0;0;0;(-38.5587864 -3.7107327);
CBP2307;2021-08-07 00:00:00;Avenida Augusto dos Anjos;RUA ARARIPE PRATA;;PARANGABA;966594;Colisão;Via Iluminada;Bom;Seca;Cruz;Semáforo;Cruzamento;0;2;0;2;0;0;0;0;0;0;0;0;0;(-38.5717402 -3.7719241);
TYG9745;2021-08-06 21:45:00;Rua Acapulco;RUA AFONSO LOPES;;ITAPERI;966132;Colisão Transversal;Via Iluminada;Bom;Seca;Cruz;Pare;Cruzamento;0;1;0;2;0;0;0;0;0;0;0;0;0;(-38.5478954 -3.7920134);
EID8351;2021-08-06 21:30:00;Rua Benjamim Brasil;;;MARAPONGA;965851;Colisão Traseira;Via Iluminada;Bom;Seca;Meio de quadra;Não há Controle;Longo da via;0;1;0;1;1;0;0;0;0;0;0;0;0;(-38.5712873 -3.8032156);
HWX3230;2021-08-06 04:10:00;Avenida Presidente Costa e Silva;RUA 17 GLEBA 5S;;PARQUE DOIS IRMAOS;964233;Choque c/ Obstáculo Fixo;Via Iluminada;Bom;Seca;T;Não há Controle;Cruzamento;1;0;0;0;1;0;0;0;0;0;0;0;0;(-38.5503326 -3.8234508);
NSK2847;2021-08-05 22:00:00;AV JUSCELINO KUBITSCHECK;RUA ELDORADO;;PASSARE;968387;Colisão Transversal;Anoitecer;Bom;Seca;Cruz;Semáforo;Cruzamento;0;1;0;1;1;0;0;0;0;0;0;0;0;(-38.5315521 -3.8162976);
QXR3227;2021-08-05 16:42:00;Rua Monsenhor Dantas;AV JOSE JATAHY;;JACARECANGA;968238;Colisão Transversal;Luz do Dia;Bom;Seca;Não informado;Semáforo;Cruzamento;0;0;2;0;2;0;0;0;0;0;0;0;0;(-38.54667970000001 -3.7197536);
UYT1776;2021-08-05 09:40:00;Rua Professor Edgard de Arruda;RUA PRO HERIBALDO COSTA;;HENRIQUE JORGE;968183;Colisão Traseira;Luz do Dia;Bom;Seca;T;Pare;Cruzamento;0;0;2;0;1;0;1;0;0;0;0;0;0;(-38.5866371 -3.7574258);
XPR6904;2021-08-05 10:20:00;AV BEZERRA DE MENEZES;AV JOSE JATAHY;;FARIAS BRITO;968160;Colisão Lateral;Luz do Dia;Bom;Seca;Cruz;Semáforo;Cruzamento;0;0;2;0;2;0;0;0;0;0;0;0;0;(-38.5450206 -3.7315183);
XPR6904;2021-08-05 06:30:00;Rua Joaquim Nabuco;;;ALDEOTA;967374;Choque c/ Obstáculo Fixo;Via Iluminada;Bom;Seca;Meio de quadra;Não há Controle;Longo da via;0;0;2;0;1;0;1;0;0;0;0;0;0;(-38.5025932 -3.7389281);
AAO2203;2021-08-05 20:20:00;Avenida Alberto Craveiro;;;CASTELAO;967030;Colisão Traseira;Anoitecer;Bom;Seca;Rotatória;Pare;Longo da via;0;1;0;1;2;0;0;0;0;0;0;0;0;(-38.5187133 -3.7973303);
JVS7927;2021-08-05 20:30:00;Rua Beatriz Gurgel;;;;965459;Choque c/ Obstáculo Fixo;Anoitecer;Bom;Seca;T;Pare;Longo da via;0;0;1;0;0;0;1;0;0;0;0;0;0;(-38.4824514 -3.8402533);
GWB7956;2021-08-05 20:20:00;AV DEP PAULINO ROCHA;;;CASTELAO;963288;Outros;Anoitecer;Bom;Seca;Meio de quadra;Outros;Longo da via;0;2;0;2;1;0;0;0;0;0;0;0;0;(-38.5247688 -3.8078318);
MGN1996;2021-08-04 10:30:00;Avenida Frei Cirilo;RUA VASCO DE ATAIDE;;MESSEJANA;968212;Colisão Traseira;Luz do Dia;Bom;Seca;T;Semáforo;Cruzamento;0;1;0;1;0;0;0;0;0;0;1;0;0;(-38.4947028 -3.823372);
WJU9359;2021-08-04 14:15:00;Rua Torres Câmara;;;ALDEOTA;968110;Colisão Lateral;Luz do Dia;Bom;Seca;Meio de quadra;Não há Controle;Longo da via;0;0;2;0;2;0;0;0;0;0;0;0;0;(-38.505349 -3.7361431);
LSI1447;2021-08-04 15:00:00;Rua Coronel Linhares;RUA ANA BILHAR;;ALDEOTA;967690;Colisão Transversal;Luz do Dia;Bom;Seca;Cruz;Pare;Cruzamento;0;0;2;0;2;0;0;0;0;0;0;0;0;(-38.4922476 -3.7305709);
TDI4377;2021-08-04 17:00:00;Avenida Dom Luís;;;VARJOTA;967658;Colisão Lateral;Luz do Dia;Bom;Seca;Meio de quadra;Não há Controle;Longo da via;0;0;2;0;2;0;0;0;0;0;0;0;0;(-38.4902132 -3.7350881);
TDI4377;2021-08-04 17:30:00;;RUA SOBRAL D03;;CENTRO;964579;Colisão Traseira;Luz do Dia;Bom;Seca;T;Não informado;Cruzamento;0;0;0;0;0;0;0;0;0;0;0;0;0;(-38.5246582 -3.7255049);
HMQ0230;2021-08-04 11:30:00;Rua Antônio Augusto;RUA TEN BENEVOLO;;ALDEOTA;963950;Colisão Lateral;Luz do Dia;Bom;Seca;Cruz;Pare;Cruzamento;0;1;0;1;0;0;1;0;0;0;0;0;0;(-38.5123859 -3.726941);
SMD6951;2021-08-05 22:30:00;Avenida João Pessoa;;;PARANGABA;968323;Colisão Traseira;Via Iluminada;Bom;Seca;Meio de quadra;Semáforo;Longo da via;0;0;2;0;2;0;0;0;0;0;0;0;0;(-38.5610557 -3.7702737);
EAT5498;2021-08-03 11:00:00;Avenida Heráclito Graça;;;CENTRO;968254;Atropelamento;Luz do Dia;Bom;Seca;Meio de quadra;Não há Controle;Longo da via;0;1;0;0;1;0;0;0;0;0;0;0;0;(-38.5210589 -3.7348722);
NQJ0250;2021-08-03 17:30:00;Avenida Contôrno Norte;RUA DIONISIO SERQUEIRA;;CONJUNTO ESPERANCA;968253;Colisão Transversal;Luz do Dia;Bom;Seca;T;Pare;Cruzamento;0;2;0;2;0;0;0;0;0;0;0;0;0;(-38.5894856 -3.8117893);
QBW3308;2021-08-03 16:31:00;Rua Engenheiro Antônio Ferreira Antero;RUA JOAO REGINO;;PARQUE MANIBURA;968087;Colisão Transversal;Luz do Dia;Bom;Seca;Cruz;Pare;Cruzamento;0;1;0;1;1;0;0;0;0;0;0;0;0;(-38.48315 -3.7883561);
RZW1978;2021-08-03 22:40:00;Avenida Antônio Sales;AV DES MOREIRA;;ALDEOTA;967783;Colisão Lateral;Via Iluminada;Bom;Seca;Cruz;Gesto;Cruzamento;0;1;0;1;1;0;0;0;0;0;0;0;0;(-38.5013685 -3.7457558);
QVV4908;2021-08-03 21:15:00;Rua Coreaú;RUA AZEVEDO BOLAO;;PARQUE ARAXA;967080;Colisão Lateral;Via Iluminada;Bom;Seca;T;Pare;Cruzamento;0;1;0;1;1;0;0;0;0;0;0;0;0;(-38.547585 -3.7345599);
DAH5564;2021-08-02 13:00:00;Rua Carlos Juaçaba;;;MARAPONGA;968131;Colisão Lateral;Não informado;Bom;Seca;Meio de quadra;Não há Controle;Longo da via;0;2;0;1;1;0;0;0;0;0;0;0;0;(-38.5619058 -3.7913568);
UNP2840;2021-08-02 21:45:00;RUA BRISA LESTE;AV DEP PAULINO ROCHA;;CAJAZEIRAS;967784;Colisão Traseira;Via Iluminada;Bom;Seca;Cruz;Gesto;Cruzamento;0;1;0;1;1;0;0;0;0;0;0;0;0;(-38.5130122 -3.8120247);
UCO7870;2021-08-02 04:30:00;Avenida General Osório de Paiva;;;VILA PERY;967757;Queda;Via Iluminada;Bom;Seca;Não informado;Não há Controle;Longo da via;0;0;0;1;0;0;0;0;0;0;0;0;0;(-38.57915089999999 -3.7831679);
HKL2405;2021-08-02 12:55:00;Avenida da Abolição;;;MEIRELES;967692;Colisão Lateral;Luz do Dia;Bom;Seca;Meio de quadra;Não há Controle;Longo da via;0;0;3;0;2;0;0;1;0;0;0;0;0;(-38.5007187 -3.7253717);
BCP0569;2021-08-03 00:00:00;Rua Santa Esmeralda;;;DIONISIO TORRES;967645;Choque c/ Obstáculo Fixo;Mal Iluminada;Bom;Seca;Outros;Não informado;Longo da via;0;1;0;0;1;0;0;0;0;0;0;0;0;(-38.4975573 -3.7521691);
KWK1360;2021-08-02 16:42:00;Avenida Doutor Silas Munguba;;;CASTELAO;966768;Colisão Traseira;Luz do Dia;Não informado;Seca;Meio de quadra;Semáforo;Longo da via;0;0;3;0;2;0;1;0;0;0;0;0;0;(-38.5292359 -3.802261);
DLN1100;2021-08-02 18:26:00;Rua Leão XIII;RUA BERNARDO MANUEL;;SERRINHA;966776;Colisão Traseira;Não informado;Bom;Seca;Cruz;Semáforo;Cruzamento;0;0;2;0;2;0;0;0;0;0;0;0;0;(-38.5466455 -3.7834131);
CEE2514;2021-08-02 20:00:00;RUA ALUIZIO AZEVEDO;RUA AGUAPE;;JOAO XXIII;966615;Colisão Transversal;Luz do Dia;Bom;Seca;Cruz;Pare;Cruzamento;0;1;0;1;1;0;0;0;0;0;0;0;0;(-38.5742564 -3.7728815);
VXG8346;2021-08-01 22:10:00;RUA FLORES;RUA FRANCISCO JOSE A PEREIRA;;CAJAZEIRAS;968322;Colisão Transversal;Não informado;Bom;Seca;T;Não informado;Cruzamento;0;1;0;1;1;0;0;0;0;0;0;0;0;(-38.5084762 -3.8116102);
WVM4911;2021-08-01 08:30:00;Rua Pinto Madeira;RUA SENA MADUREIRA;;CENTRO;968255;Queda;Luz do Dia;Bom;Seca;Y;Semáforo;Cruzamento;0;1;0;1;0;0;0;0;0;0;0;0;0;(-38.5240727 -3.7306591);
WMS4411;2021-08-01 17:00:00;Avenida General Osório de Paiva;RUA LEBOM MAIA;;VILA PERY;968140;Colisão Lateral;Luz do Dia;Bom;Seca;Cruz;Não informado;Cruzamento;0;1;0;1;1;0;0;0;0;0;0;0;0;(-38.580471 -3.7843992);
WMS4411;2021-08-02 01:00:00;Avenida Humberto Monte;AV JOSE BASTOS;;COUTO FERNANDES;967762;Colisão Transversal;Via Iluminada;Bom;Seca;T;Semáforo Manual;Longo da via;0;2;0;0;2;0;0;0;0;0;0;0;0;(-38.5554949 -3.7549281);
WMS4411;2021-08-01 22:00:00;Avenida Duque de Caxias;;;CENTRO;967761;Atropelamento;Via Iluminada;Bom;Seca;Meio de quadra;Semáforo Manual;Longo da via;0;1;0;1;0;0;0;0;0;0;0;0;0;(-38.5348839 -3.7301883);
ZPR1930;2021-08-01 15:20:00;Avenida Augusto dos Anjos;RUA ALUISIO AZEVEDO;;PARANGABA;966858;Colisão Transversal;Luz do Dia;Não informado;Seca;Cruz;Semáforo;Longo da via;0;1;0;0;1;0;0;0;0;1;0;0;0;(-38.5731614 -3.77339);
PNZ1285;2021-08-01 19:15:00;RUA PAULO MARCELO;RUA TANCREDO S CARVALHO;;EDSON QUEIROZ;966588;Colisão Transversal;Via Iluminada;Bom;Seca;Cruz;Não informado;Cruzamento;0;0;0;0;2;0;0;0;0;0;0;0;0;(-38.4580443 -3.785680599999999);
YQD1504;2021-08-31 11:20:00;Rodovia Br116;;;ALTO DA BALANCA;YQD1504;Tombamento;Não informado;Bom;Seca;Não informado;Não informado;Longo da via;0;2;1;1;1;0;0;0;0;0;0;0;0;(-38.51746396040676 -3.768002113447404);
KLZ7595;2021-08-30 11:15:00;BR-116;;;PARQUE IRACEMA;KLZ7595;Colisão Lateral;Não informado;Bom;Seca;Não informado;Não informado;Longo da via;0;1;0;1;0;0;0;0;0;0;0;0;0;(-38.50071624426824 -3.810630938679052);
PUO7552;2021-08-30 02:40:00;Avenida Mister Hull;;;ANTONIO BEZERRA;PUO7552;Queda;Não informado;Bom;Seca;Não informado;Não informado;Longo da via;0;1;0;1;0;0;0;0;0;0;0;0;0;(-38.59405175521053 -3.740011758583056);
QNA6659;2021-08-29 10:10:00;Rodovia Estrada do Guarani (BR116);;;PEDRAS;QNA6659;Queda;Não informado;Bom;Seca;Não informado;Não informado;Longo da via;0;2;0;1;0;0;0;0;0;0;0;0;0;(-38.50097373750658 -3.880618124138743);
TQN8122;2021-08-28 10:40:00;Rodovia Br116;;;CAJAZEIRAS;TQN8122;Colisão Transversal;Não informado;Bom;Seca;Não informado;Não informado;Longo da via;0;2;0;1;1;0;0;0;0;0;0;0;0;(-38.50111857702795 -3.813296508496609);
JPS2751;2021-08-27 10:45:00;Avenida Quarto Anel Viário;;;CONJUNTO PALMEIRAS;JPS2751;Colisão Traseira;Não informado;Bom;Seca;Não informado;Não informado;Longo da via;0;2;1;0;1;0;1;0;0;0;0;0;0;(-38.52847174385809 -3.862436781707776);
QVE0666;2021-09-30 23:55:00;BR 020;;;ANCURI;QVE0666;Tombamento;Não informado;Não informado;Não informado;Meio de quadra;Não informado;Longo da via;0;2;0;1;0;0;0;0;0;0;0;0;0;(-38.54129 -3.85914);
DQR3509;2021-09-30 11:10:00;BR 116;;;AEROLANDIA;DQR3509;Colisão Traseira;Não informado;Não informado;Seca;Meio de quadra;Não informado;Longo da via;0;1;0;0;0;0;1;0;1;0;0;0;0;(-38.5143094 -3.78008723);
ULT7657;2021-08-25 19:40:00;Rodovia Estrada do Guarani (BR116);;;MESSEJANA;ULT7657;Queda;Não informado;Bom;Seca;Não informado;Não informado;Longo da via;0;1;0;1;0;0;0;0;0;0;0;0;0;(-38.50104347001481 -3.839009732597824);
WTE1596;2021-08-25 10:50:00;BR-116;;;AEROLANDIA;WTE1596;Tombamento;Não informado;Bom;Seca;Não informado;Não informado;Longo da via;0;1;1;1;1;0;0;0;0;0;0;0;0;(-38.51425066790787 -3.780195756187398);
YRX1261;2021-08-25 10:10:00;Avenida Mister Hull;;;ANTONIO BEZERRA;YRX1261;Tombamento;Não informado;Bom;Seca;Não informado;Não informado;Longo da via;0;2;1;1;1;0;0;0;0;0;0;0;0;(-38.59583810664903 -3.740252643256575);
JKT5928;2021-09-30 10:50:00;BR 116;;;CIDADE DOS FUNCIONRAIOS;JKT5928;Colisão Lateral;Não informado;Não informado;Seca;Meio de quadra;Não informado;Longo da via;0;1;0;1;2;0;0;0;0;0;0;0;0;(-38.5052616 -3.79980008);
GYY2575;2021-09-28 09:55:00;BR 116;;;PEDRAS;GYY2575;Colisão;Não informado;Não informado;Seca;Meio de quadra;Não informado;Longo da via;0;1;0;1;0;0;1;0;0;0;0;0;0;(-38.4992282 -3.87357517);
WMX0822;2021-09-24 19:20:00;BR 116;;;JARDIM DAS OLIVEIRAS;WMX0822;Colisão Traseira;Não informado;Não informado;Seca;Meio de quadra;Não informado;Longo da via;0;1;0;1;1;0;0;0;0;0;0;0;0;(-38.5106231 -3.78833739);
JEE7848;2021-09-27 11:10:00;BR 020;;;ANCURI;JEE7848;Colisão;Não informado;Não informado;Seca;Meio de quadra;Não informado;Longo da via;0;2;0;2;0;0;0;0;0;0;0;0;0;(-38.54129 -3.85914);
SAZ7826;2021-08-24 09:25:00;Rodovia Estrada do Guarani (BR116);;;PAUPINA;SAZ7826;Capotamento;Não informado;Bom;Seca;Não informado;Não informado;Longo da via;0;0;1;0;1;0;0;0;0;0;0;0;0;(-38.49608138451015 -3.855623361015701);
NIA6826;2021-08-23 15:00:00;Rodovia Estrada do Guarani (BR116);;;BARROSO;NIA6826;Queda;Não informado;Bom;Seca;Não informado;Não informado;Longo da via;0;1;0;1;0;0;0;0;0;0;0;0;0;(-38.50345209840174 -3.822401133397304);
KZH5661;2021-09-26 06:40:00;BR 020;;;ANCURI;KZH5661;Capotamento;Não informado;Não informado;Seca;Meio de quadra;Não informado;Longo da via;0;2;0;0;1;0;0;0;0;0;0;0;0;(-38.501104 -3.870603);
WUC8504;2021-08-22 19:54:00;Rodovia Estrada do Guarani (BR116);;;PEDRAS;WUC8504;Colisão Lateral;Não informado;Bom;Seca;Não informado;Não informado;Longo da via;0;1;1;1;1;0;0;0;0;0;0;0;0;(-38.4992088413944 -3.87382625827879);
TDE9252;2021-09-25 16:10:00;BR 116;;;MESSEJANA;TDE9252;Colisão Traseira;Não informado;Não informado;Seca;Meio de quadra;Não informado;Longo da via;0;1;0;0;2;0;0;0;0;0;0;0;0;(-38.5022965 -3.83662659);
HYS8334;2021-08-21 23:45:00;BR-116;;;JARDIM DAS OLIVEIRAS;HYS8334;Tombamento;Não informado;Bom;Seca;Não informado;Não informado;Longo da via;0;1;0;0;1;0;0;0;0;0;0;0;0;(-38.51103202107783 -3.787491519300062);
DGC1095;2021-08-21 22:00:00;Rodovia Estrada do Guarani (BR116);;;PAUPINA;DGC1095;Choque c/ Obstáculo Fixo;Não informado;Bom;Seca;Não informado;Não informado;Longo da via;0;0;0;0;1;0;0;0;0;0;0;0;0;(-38.49711671672074 -3.847182779072561);
WKG0880;2021-09-25 12:20:00;BR 116;;;MESSEJANA;WKG0880;Colisão Traseira;Não informado;Não informado;Seca;Meio de quadra;Não informado;Longo da via;0;1;0;0;1;0;0;1;0;0;0;0;0;(-38.5011188 -3.83906922);
GCI8873;2021-09-25 10:10:00;BR 116;;;CAJAZEIRAS;GCI8873;Colisão Traseira;Não informado;Não informado;Seca;Meio de quadra;Não informado;Longo da via;0;1;0;0;2;0;0;0;0;0;0;0;0;(-38.5011304 -3.81326203);
MBA6576;2021-08-19 09:55:00;BR-116;;;AEROLANDIA;MBA6576;Engavetamento;Não informado;Bom;Seca;Não informado;Não informado;Longo da via;0;0;3;0;3;0;0;0;0;0;0;0;0;(-38.51429358512875 -3.780120817729626);
YIG3152;2021-08-19 10:10:00;Rodovia Estrada do Guarani (BR116);;;PAUPINA;YIG3152;Queda;Não informado;Bom;Não informado;Não informado;Não informado;Longo da via;0;2;0;1;0;0;0;0;0;0;0;0;0;(-38.49635497663245 -3.856854383724118);
ZQO1516;2021-08-18 19:00:00;Rodovia Br116;;;PARQUE IRACEMA;ZQO1516;Queda;Não informado;Bom;Seca;Não informado;Não informado;Longo da via;0;1;0;1;0;0;0;0;0;0;0;0;0;(-38.50112394027308 -3.813424969483912);
MXB7870;2021-09-24 21:30:00;BR 116;;;CIDADE DOS FUNCIONRAIOS;MXB7870;Atropelamento;Não informado;Não informado;Seca;Meio de quadra;Não informado;Longo da via;0;1;0;0;1;0;0;0;0;0;0;0;0;(-38.506801 -3.79652855);
XMH3330;2021-09-24 19:25:00;BR 116;;;MESSEJANA;XMH3330;Colisão;Não informado;Não informado;Seca;Meio de quadra;Não informado;Longo da via;0;0;2;0;1;0;1;0;0;0;0;0;0;(-38.5048778 -3.83086803);
SAX9512;2021-09-21 01:15:00;BR 020;;;ANCURI;SAX9512;Choque c/ Obstáculo Fixo;Não informado;Não informado;Seca;Meio de quadra;Não informado;Longo da via;0;1;0;1;0;0;0;0;0;0;0;0;0;(-38.54129 -3.85914);
TTO8194;2021-09-20 17:55:00;BR 116;;;PARQUE IRACEMA;TTO8194;Colisão Lateral;Não informado;Não informado;Seca;Meio de quadra;Não informado;Longo da via;0;1;0;1;1;0;0;0;0;0;0;0;0;(-38.5011304 -3.81326203);
UAE6816;2021-09-18 04:25:00;BR 116;;;CIDADE DOS FUNCIONRAIOS;UAE6816;Tombamento;Não informado;Não informado;Seca;Meio de quadra;Não informado;Longo da via;0;1;0;1;0;0;0;0;0;0;0;0;0;(-38.5075804 -3.79489748);
LYQ6148;2021-08-18 10:30:00;Rodovia Br116;;;ALTO DA BALANCA;LYQ6148;Queda;Não informado;Bom;Seca;Não informado;Não informado;Longo da via;0;1;2;1;1;0;0;0;0;0;0;0;0;(-38.51861193788947 -3.762649275088489);
JOA5563;2021-08-16 23:45:00;Avenida Mister Hull;;;ANTONIO BEZERRA;JOA5563;Colisão Transversal;Não informado;Bom;Seca;Não informado;Não informado;Longo da via;0;1;1;1;1;0;0;0;0;0;0;0;0;(-38.58688489084611 -3.738930453233077);
HXZ3367;2021-08-16 20:10:00;BR-116;;;CAJAZEIRAS;HXZ3367;Choque c/ Obstáculo Fixo;Não informado;Bom;Seca;Não informado;Não informado;Longo da via;0;1;0;1;0;0;0;0;0;0;0;0;0;(-38.50413337855322 -3.80232372837966);
LWT6657;2021-08-15 18:30:00;Avenida Quarto Anel Viário;;;CONJUNTO PALMEIRAS;LWT6657;Colisão Transversal;Não informado;Bom;Seca;Não informado;Não informado;Longo da via;0;0;2;0;2;0;0;0;0;0;0;0;0;(-38.52845564990026 -3.862431429474175);
CQI7663;2021-08-14 23:00:00;Rodovia 4º Anel Viário;;;CONJUNTO PALMEIRAS;CQI7663;Queda;Não informado;Bom;Não informado;Não informado;Não informado;Longo da via;0;1;0;1;0;0;0;0;0;0;0;0;0;(-38.54133561923182 -3.859337832803869);
ULE9131;2021-08-14 14:00:00;BR-116;;;JARDIM DAS OLIVEIRAS;ULE9131;Colisão Lateral;Não informado;Bom;Seca;Não informado;Não informado;Longo da via;0;1;1;1;1;0;0;0;0;0;0;0;0;(-38.51427749117093 -3.780147581465282);
NPD4219;2021-08-14 10:25:00;BR-116;;;PEDRAS;NPD4219;Colisão Traseira;Não informado;Bom;Seca;Não informado;Não informado;Longo da via;0;1;1;0;1;0;0;1;0;0;0;0;0;(-38.49911764511501 -3.873360620087052);
EJD2646;2021-08-12 12:30:00;BR 222;;;CAJAZEIRAS;EJD2646;Queda;Não informado;Bom;Seca;Não informado;Não informado;Longo da via;0;2;0;1;0;0;0;0;0;0;0;0;0;(-38.50308732008693 -3.804801983137295);
UJB6473;2021-09-17 11:55:00;BR 020;;;PEDRAS;UJB6473;Colisão Lateral;Não informado;Não informado;Seca;Meio de quadra;Não informado;Longo da via;0;1;0;1;1;0;0;0;0;0;0;0;0;(-38.510225 -3.867971);
VDI1041;2021-09-16 07:00:00;BR 020;;;ANCURI;VDI1041;Colisão Lateral;Não informado;Não informado;Seca;Meio de quadra;Não informado;Longo da via;0;1;0;1;0;0;1;0;0;0;0;0;0;(-38.528444 -3.862365);
KNT8262;2021-09-15 11:00:00;BR 222;;;ANTONIO BEZERRA;KNT8262;Colisão;Não informado;Não informado;Seca;Meio de quadra;Não informado;Longo da via;0;1;0;1;1;0;0;0;0;0;0;0;0;(-38.5850972 -3.73870458);
ABT0860;2021-08-10 10:30:00;BR-116;;;CIDADE DOS FUNCIONRAIOS;ABT0860;Colisão Lateral;Não informado;Bom;Seca;Não informado;Não informado;Longo da via;0;0;3;0;2;0;1;0;0;0;0;0;0;(-38.51063881029186 -3.788360580162114);
UDI1186;2021-08-08 09:30:00;Rodovia Estrada do Guarani (BR116);;;PAUPINA;UDI1186;Queda;Não informado;Bom;Seca;Não informado;Não informado;Longo da via;0;1;0;1;0;0;0;0;0;0;0;0;0;(-38.49610820683487 -3.855714349711682);
HOJ1665;2021-09-13 21:30:00;BR 116;;;CIDADE DOS FUNCIONRAIOS;HOJ1665;Colisão Traseira;Não informado;Não informado;Seca;Meio de quadra;Não informado;Longo da via;0;0;2;0;2;0;0;0;0;0;0;0;0;(-38.506801 -3.79652855);
XES1472;2021-09-13 00:20:00;BR 116;;;AEROLANDIA;XES1472;Colisão Traseira;Não informado;Não informado;Seca;Meio de quadra;Não informado;Longo da via;0;0;0;0;2;0;0;0;0;0;0;0;0;(-38.516755 -3.77138362);
DEW8464;2021-08-07 21:45:00;BR-116;;;ANCURI;DEW8464;Atropelamento;Não informado;Bom;Seca;Não informado;Não informado;Longo da via;0;1;0;0;1;0;0;0;0;0;0;0;0;(-38.49778727319688 -3.864743591248236);
MWT2201;2021-09-12 13:40:00;BR 222;;;PADRE ANDRADE;MWT2201;Queda;Não informado;Não informado;Seca;Meio de quadra;Não informado;Longo da via;0;1;0;1;0;0;0;0;0;0;0;0;0;(-38.5833143 -3.73844961);
EDT9425;2021-09-12 09:45:00;BR 222;;;PRESIDENTE KENNEDY;EDT9425;Colisão Traseira;Não informado;Não informado;Seca;Meio de quadra;Não informado;Longo da via;0;1;0;0;2;0;0;0;0;0;0;0;0;(-38.573489 -3.73720038);
TSK0524;2021-09-08 10:00:00;BR 222;;;ANTONIO BEZERRA;TSK0524;Colisão;Não informado;Não informado;Seca;Meio de quadra;Não informado;Longo da via;0;1;0;1;2;0;0;0;0;0;0;0;0;(-38.5997868 -3.74085444);
RGF3685;2021-09-08 02:40:00;BR 116;;;PARQUE MANIBURA;RGF3685;Colisão;Não informado;Não informado;Seca;Meio de quadra;Não informado;Longo da via;0;2;0;0;2;0;0;0;0;0;0;0;0;(-38.5106231 -3.78833739);
RQA4655;2021-09-06 12:20:00;BR 222;;;ANTONIO BEZERRA;RQA4655;Colisão Traseira;Não informado;Não informado;Seca;Meio de quadra;Não informado;Longo da via;0;0;0;0;1;0;0;1;0;0;0;0;0;(-38.5842052 -3.7385805);
LUN2803;2021-09-05 23:00:00;BR 116;;;PAUPINA;LUN2803;Tombamento;Não informado;Não informado;Não informado;Meio de quadra;Não informado;Longo da via;0;1;0;1;0;0;0;0;0;0;0;0;0;(-38.4964162 -3.85762333);
KXY6829;2021-09-05 16:30:00;BR 116;;;BARROSO;KXY6829;Colisão Traseira;Não informado;Não informado;Seca;Meio de quadra;Não informado;Longo da via;0;2;0;1;1;0;0;0;0;0;0;0;0;(-38.5032523 -3.82205237);
CJE0589;2021-09-05 12:40:00;BR 020;;;ANCURI;CJE0589;Colisão Transversal;Não informado;Não informado;Seca;Meio de quadra;Não informado;Longo da via;0;1;0;0;2;0;0;0;0;0;0;0;0;(-38.528444 -3.862365);
AUD6426;2021-09-03 16:40:00;BR 116;;;AEROLANDIA;AUD6426;Colisão Lateral;Não informado;Não informado;Seca;Meio de quadra;Não informado;Longo da via;0;1;0;1;1;0;0;0;0;0;0;0;0;(-38.5143094 -3.78008723);
UOJ8427;2021-09-03 14:50:00;BR 222;;;PADRE ANDRADE;UOJ8427;Colisão Lateral;Não informado;Não informado;Seca;Meio de quadra;Não informado;Longo da via;0;1;0;1;0;0;0;1;0;0;0;0;0;(-38.5779559 -3.73776914);
MCU2458;2021-09-03 11:15:00;BR 116;;;BARROSO;MCU2458;Queda;Não informado;Não informado;Seca;Meio de quadra;Não informado;Longo da via;0;1;0;0;0;0;0;0;0;1;0;0;0;(-38.5032523 -3.82205237);
JMW1591;2021-09-02 20:00:00;BR 222;;;ANTONIO BEZERRA;JMW1591;Atropelamento;Não informado;Não informado;Seca;Meio de quadra;Não informado;Longo da via;0;2;0;1;1;0;0;0;0;0;0;0;0;(-38.5868801 -3.73896016);
IYY5607;2021-09-01 16:00:00;BR 222;;;ANTONIO BEZERRA;IYY5607;Colisão Traseira;Não informado;Não informado;Seca;Meio de quadra;Não informado;Longo da via;0;1;0;1;1;0;0;0;0;0;0;0;0;(-38.5770627 -3.73765404);
UDF7400;2021-08-01 00:40:00;BR 116;;;AEROLANDIA;UDF7400;Colisão Transversal;Não informado;Não informado;Seca;Meio de quadra;Não informado;Longo da via;0;0;0;1;0;0;0;1;0;0;0;0;0;(-38.5136402 -3.78176573);
RSU5438;2021-07-31 03:40:00;BR 116;;;MESSEJANA;RSU5438;Colisão Traseira;Não informado;Não informado;Seca;Meio de quadra;Não informado;Longo da via;0;1;0;0;2;0;0;0;0;0;0;0;0;(-38.5048778 -3.83086803);
IBW9870;2021-07-29 20:40:00;BR 020;;;PEDRAS;IBW9870;Colisão;Não informado;Não informado;Seca;Meio de quadra;Não informado;Longo da via;0;0;2;0;2;0;0;0;0;0;0;0;0;(-38.519005 -3.864645);
NHL4292;2021-07-29 14:00:00;BR 116;;;ANCURI;NHL4292;Colisão Traseira;Não informado;Não informado;Seca;Meio de quadra;Não informado;Longo da via;0;1;0;0;0;0;2;0;0;0;0;0;0;(-38.4977525 -3.86472317);
FXR2079;2021-07-29 08:40:00;BR 222;;;PRESIDENTE KENNEDY;FXR2079;Colisão Transversal;Não informado;Não informado;Seca;Meio de quadra;Não informado;Longo da via;0;1;0;1;1;0;0;0;0;0;0;0;0;(-38.5699182 -3.73672384);
DKT7403;2021-07-28 12:25:00;BR 222;;;ANTONIO BEZERRA;DKT7403;Colisão;Não informado;Não informado;Seca;Meio de quadra;Não informado;Longo da via;0;1;0;1;0;0;0;1;0;0;0;0;0;(-38.5868801 -3.73896016);