COD_ACIDENTE;DATA;LOG1;LOG2;NUMERO;BAIRRO;AMC;NATUREZA;ILUMINACAO;TEMPO;SUPERFICIEPISTA;TIPOCRUZAMENTO;CONTROLETRAFEGO;USOSOLO;MORTOS;FERIDOS;ILESOS;MOTOCICLETA;AUTOMOVEL;MICROONIBUS;CAMINHAO;ONIBUS;CICLOMOTOR;BICICLETA;OUTROS;TREM;TRACAOANIMAL;COORDENADAS
MWS2632;2021-07-27 21:25:00;BR 116;;;BARROSO;MWS2632;Colisão;Não informado;Não informado;Seca;Meio de quadra;Não informado;Longo da via;0;1;0;1;1;0;0;0;0;0;0;0;0;(-38.5032523 -3.82205237);
VBV0887;2021-07-27 20:25:00;BR 116;;;MESSEJANA;VBV0887;Colisão Transversal;Não informado;Não informado;Seca;Meio de quadra;Não informado;Longo da via;0;1;0;0;1;0;0;0;0;1;0;0;0;(-38.5030743 -3.83499488);
YLY7821;2021-07-27 14:30:00;BR 116;;;PAUPINA;YLY7821;Choque c/ Obstáculo Fixo;Não informado;Não informado;Seca;Meio de quadra;Não informado;Longo da via;0;0;1;0;0;0;1;0;0;0;0;0;0;(-38.4977525 -3.86472317);
UOD8381;2021-07-27 10:20:00;BR 116;;;CIDADE DOS FUNCIONRAIOS;UOD8381;Colisão;Não informado;Não informado;Seca;Meio de quadra;Não informado;Longo da via;0;2;0;1;0;0;0;0;0;1;0;0;0;(-38.506801 -3.79652855);
AYK7290;2021-07-24 15:40:00;BR 116;;;PEDRAS;AYK7290;Colisão Lateral;Não informado;Não informado;Seca;Meio de quadra;Não informado;Longo da via;0;1;0;1;1;0;0;0;0;0;0;0;0;(-38.4992282 -3.87357517);
TIM9663;2021-07-23 09:50:00;BR 222;;;PRESIDENTE KENNEDY;TIM9663;Colisão Lateral;Não informado;Não informado;Seca;Meio de quadra;Não informado;Longo da via;0;2;0;1;1;0;0;0;0;0;0;0;0;(-38.569125 -3.736591);
YTO3902;2021-07-22 17:55:00;BR 222;;;PADRE ANDRADE;YTO3902;Colisão Traseira;Não informado;Não informado;Seca;Meio de quadra;Não informado;Longo da via;0;1;0;1;1;0;0;0;0;0;0;0;0;(-38.5868801 -3.73896016);
FYM3173;2021-07-19 10:30:00;BR 116;;;FATIMA;FYM3173;Colisão Lateral;Não informado;Não informado;Seca;Meio de quadra;Não informado;Longo da via;0;0;2;0;2;0;0;0;0;0;0;0;0;(-38.5187179 -3.76256621);
FYM3173;2021-07-17 10:55:00;BR 116;;;MESSEJANA;FYM3173;Colisão Traseira;Não informado;Não informado;Seca;Meio de quadra;Não informado;Longo da via;0;2;0;2;1;0;0;0;0;0;0;0;0;(-38.5011188 -3.83906922);
GYL9342;2021-07-18 16:10:00;BR 116;;;DIAS MACEDO;GYL9342;Colisão Traseira;Não informado;Não informado;Seca;Meio de quadra;Não informado;Longo da via;0;0;0;0;2;0;0;0;0;0;0;0;0;(-38.5106231 -3.78833739);
LQW7171;2021-07-17 18:00:00;BR 116;;;CIDADE DOS FUNCIONRAIOS;LQW7171;Colisão Traseira;Não informado;Não informado;Seca;Meio de quadra;Não informado;Longo da via;0;0;1;1;1;0;0;0;0;0;0;0;0;(-38.506801 -3.79652855);
GNJ7245;2021-07-16 10:55:00;BR 116;;;MESSEJANA;GNJ7245;Colisão Traseira;Não informado;Não informado;Seca;Meio de quadra;Não informado;Longo da via;0;0;0;0;3;0;0;0;0;0;0;0;0;(-38.5011188 -3.83906922);
GNJ7245;2021-07-14 23:00:00;BR 020;;;ANCURI;GNJ7245;Choque c/ Obstáculo Fixo;Não informado;Não informado;Seca;Meio de quadra;Não informado;Longo da via;0;0;0;0;0;0;0;0;0;0;0;0;0;(-38.54129 -3.85914);
YNV9024;2021-07-16 11:00:00;BR 116;;;BARROSO;YNV9024;Colisão Traseira;Não informado;Não informado;Seca;Meio de quadra;Não informado;Longo da via;0;1;0;1;1;0;0;0;0;0;0;0;0;(-38.5030171 -3.82117927);
CVD9766;2021-07-14 17:15:00;BR 222;;;ANTONIO BEZERRA;CVD9766;Colisão Traseira;Não informado;Não informado;Seca;Meio de quadra;Não informado;Longo da via;0;0;1;1;1;0;0;0;0;0;0;0;0;(-38.6006766 -3.74099331);
KEL9816;2021-07-14 10:30:00;BR 116;;;BARROSO;KEL9816;Colisão Lateral;Não informado;Não informado;Seca;Meio de quadra;Não informado;Longo da via;0;0;1;0;1;0;0;1;0;0;0;0;0;(-38.50277085390621 -3.837698398272845);
HGJ3907;2021-08-06 20:43:00;BR-116;;;JARDIM DAS OLIVEIRAS;HGJ3907;Colisão Lateral;Não informado;Não informado;Seca;Não informado;Não informado;Longo da via;0;1;1;1;1;0;0;0;0;0;0;0;0;(-38.51066724135555 -3.788342598447802);
JIY5854;2021-07-13 11:00:00;BR 116;;;ALTO DA BALANCA;JIY5854;Engavetamento;Não informado;Não informado;Não informado;Meio de quadra;Não informado;Longo da via;0;0;4;0;4;0;0;0;0;0;0;0;0;(-38.516755 -3.77138362);
EPE5776;2021-07-13 00:40:00;BR 222;;;ANTONIO BEZERRA;EPE5776;Queda;Não informado;Não informado;Não informado;Meio de quadra;Não informado;Longo da via;0;2;0;1;1;0;0;0;0;0;0;0;0;(-38.5948969 -3.74015207);
GID6785;2021-07-11 23:35:00;Avenida Mister Hull;;;ANTONIO BEZERRA;GID6785;Queda;Não informado;Não informado;Não informado;Meio de quadra;Não informado;Longo da via;0;1;0;0;0;0;0;0;1;0;0;0;0;(-38.5779559 -3.73776914);
SPT6382;2021-08-05 20:45:00;Rodovia Br116;;;ALTO DA BALANCA;SPT6382;Colisão Traseira;Não informado;Bom;Seca;Não informado;Não informado;Longo da via;0;2;1;2;1;0;0;0;0;0;0;0;0;(-38.51864248680553 -3.762603023076153);
HMK3785;2021-08-01 09:50:00;BR-116;;;AEROLANDIA;HMK3785;Colisão Lateral;Não informado;Bom;Seca;Não informado;Não informado;Longo da via;0;2;0;1;0;0;0;0;0;1;0;0;0;(-38.51429719701122 -3.780085272141922);
VYD3031;2021-07-10 14:15:00;BR 222;;;ANTONIO BEZERRA;VYD3031;Colisão Lateral;Não informado;Não informado;Seca;Meio de quadra;Não informado;Longo da via;0;1;0;1;1;0;0;0;0;0;0;0;0;(-38.5957887 -3.74027784);
GVB2546;2021-07-02 11:15:00;BR-116;;;AEROLANDIA;GVB2546;Queda;Não informado;Bom;Seca;Não informado;Não informado;Longo da via;0;1;0;1;0;0;0;0;0;0;0;0;0;(-38.51429743581208 -3.780117388625932);
YDJ2264;2021-07-02 00:30:00;Rodovia Estrada do Guarani (BR116);;;PAUPINA;YDJ2264;Colisão Lateral;Não informado;Chuva;Molhada;Não informado;Não informado;Longo da via;0;2;1;1;1;0;0;0;0;0;0;0;0;(-38.49712208137334 -3.847204188390694);
AEM9674;2021-07-08 20:10:00;BR-116;;;AEROLANDIA;AEM9674;Atropelamento;Não informado;Não informado;Seca;Meio de quadra;Não informado;Longo da via;0;1;0;1;0;0;0;0;0;0;0;0;0;(-38.5043651 -3.82643493);
TAA7654;2021-07-08 13:10:00;Avenida Mister Hull;;;ANTONIO BEZERRA;TAA7654;Colisão Lateral;Não informado;Não informado;Seca;Meio de quadra;Não informado;Longo da via;0;1;0;1;0;0;1;0;0;0;0;0;0;(-38.59181481189297 -3.740225878296125);
UTJ1916;2021-07-07 10:25:00;BR-116;;;ANCURI;UTJ1916;Colisão;Não informado;Não informado;Seca;Meio de quadra;Não informado;Longo da via;0;2;0;0;0;0;0;1;0;1;0;0;0;(-38.49777654389166 -3.864679364617381);
BKJ6883;2021-07-06 15:00:00;BR 116;;;;BKJ6883;Colisão Transversal;Não informado;Não informado;Seca;Meio de quadra;Não informado;Longo da via;0;0;1;0;1;0;1;0;0;0;0;0;0;(-38.4971788 -3.84719949);
UPB6382;2021-06-29 20:30:00;Rodovia Anel Viario De Fortaleza;;;ANCURI;UPB6382;Tombamento;Não informado;Bom;Seca;Não informado;Não informado;Longo da via;0;1;0;1;0;0;0;0;0;0;0;0;0;(-38.5011400344655 -3.870727351009831);
PLM3408;2021-06-29 21:10:00;BR-116;;;AEROLANDIA;PLM3408;Colisão Traseira;Não informado;Bom;Seca;Não informado;Não informado;Longo da via;0;1;1;1;0;0;1;0;0;0;0;0;0;(-38.51660564695381 -3.771609907924264);
CJM6843;2021-07-03 23:50:00;BR 222;;;;CJM6843;Colisão Transversal;Não informado;Não informado;Não informado;Meio de quadra;Não informado;Longo da via;0;1;0;1;1;0;0;0;0;0;0;0;0;(-38.5940063 -3.74001783);
OKB3919;2021-06-29 20:15:00;BR-116;;;JARDIM DAS OLIVEIRAS;OKB3919;Atropelamento;Não informado;Bom;Seca;Não informado;Não informado;Longo da via;0;1;0;1;0;0;0;0;0;0;0;0;0;(-38.51064578274512 -3.78835865653688);
YDD0644;2021-06-28 20:25:00;Rodovia 4º Anel Viário;;;ANCURI;YDD0644;Colisão Traseira;Não informado;Bom;Seca;Não informado;Não informado;Longo da via;0;2;0;2;0;0;0;0;0;0;0;0;0;(-38.5104365732569 -3.867863929203998);
RBA2584;2021-07-02 23:20:00;BR 116;;;ANTONIO BEZERRA;RBA2584;Queda;Não informado;Nublado;Não informado;Meio de quadra;Não informado;Longo da via;0;1;0;0;0;0;0;0;1;0;0;0;0;(-38.4960621 -3.85584941);
HKT0514;2021-06-28 13:30:00;Rodovia Br116;;;ALTO DA BALANCA;HKT0514;Engavetamento;Não informado;Bom;Seca;Não informado;Não informado;Longo da via;0;0;3;0;3;0;0;0;0;0;0;0;0;(-38.51864412580512 -3.762547570841148);
BYL6621;2021-06-27 18:00:00;BR-116;;;AEROLANDIA;BYL6621;Tombamento;Não informado;Não informado;Seca;Não informado;Não informado;Longo da via;0;2;0;1;0;0;0;0;0;0;0;0;0;(-38.51426501566377 -3.780235149057135);
WMC8765;2021-07-02 16:50:00;BR 222;;;ANTONIO BEZERRA;WMC8765;Colisão Traseira;Não informado;Bom;Seca;Meio de quadra;Não informado;Longo da via;0;1;1;1;1;0;0;0;0;0;0;0;0;(-38.5868801 -3.73896016);
IYL5098;2021-07-02 12:00:00;BR 020;;;CONJUNTO PALMEIRAS;IYL5098;Colisão Traseira;Não informado;Bom;Seca;Meio de quadra;Não informado;Longo da via;0;1;1;1;0;0;1;0;0;0;0;0;0;(-38.52846637920549 -3.862426077240523);
QEG7950;2021-06-22 21:00:00;Rodovia Estrada do Guarani (BR116);;;MESSEJANA;QEG7950;Colisão Lateral;Não informado;Não informado;Não informado;Não informado;Não informado;Longo da via;0;1;1;1;1;0;0;0;0;0;0;0;0;(-38.50104883466742 -3.839057904024478);
QSM9546;2021-06-22 11:30:00;BR-116;;;AEROLANDIA;QSM9546;Colisão Lateral;Não informado;Bom;Seca;Não informado;Não informado;Longo da via;0;1;2;1;2;0;0;0;0;0;0;0;0;(-38.51568833100155 -3.774859051261365);
WWA6280;2021-06-22 10:30:00;BR-116;;;JARDIM DAS OLIVEIRAS;WWA6280;Colisão Traseira;Não informado;Bom;Seca;Não informado;Não informado;Longo da via;0;2;1;1;1;0;0;0;0;0;0;0;0;(-38.5131831480162 -3.782609841611744);
SYL6363;2021-07-02 11:15:00;BR-116;;;DIAS MACEDO;SYL6363;Queda;Não informado;Não informado;Não informado;Meio de quadra;Não informado;Longo da via;0;1;0;1;0;0;0;0;0;0;0;0;0;(-38.5143094 -3.78008723);
OOS3490;2021-06-20 22:00:00;Rodovia 4º Anel Viário;;;CONJUNTO PALMEIRAS;OOS3490;Tombamento;Não informado;Bom;Seca;Não informado;Não informado;Longo da via;0;1;1;0;1;0;0;0;0;0;0;0;0;(-38.54132488992662 -3.859278958017467);
LHX8506;2021-06-20 09:45:00;Rodovia Anel Viario De Fortaleza;;;ANCURI;LHX8506;Colisão Lateral;Não informado;Bom;Seca;Não informado;Não informado;Longo da via;0;1;2;1;0;0;1;0;0;0;0;0;0;(-38.50115612842333 -3.870679181377251);
RRW3087;2021-06-19 08:30:00;Rodovia Br116;;;PARQUE IRACEMA;RRW3087;Colisão Transversal;Não informado;Bom;Seca;Não informado;Não informado;Longo da via;0;0;2;1;1;0;0;0;0;0;0;0;0;(-38.50114003423091 -3.813344681369093);
SYL6363;2021-07-02 00:30:00;BR 116;;;FATIMA;SYL6363;Colisão Lateral;Não informado;Chuva;Molhada;Meio de quadra;Não informado;Longo da via;0;2;0;1;1;0;0;0;0;0;0;0;0;(-38.5234993 -3.7538019);
BTN3860;2021-11-28 20:50:00;Avenida Jornalista Tomaz Coelho;;;JANGURUSSU;968947;Choque c/ Obstáculo Fixo;Não informado;Não informado;Não informado;Meio de quadra;Não informado;Longo da via;2;0;0;1;0;0;0;0;0;0;0;0;0;(-38.5196941515688 -3.828371307579484);
AIZ2152;2021-06-19 01:15:00;BR 116;;;CIDADE DOS FUNCIONRAIOS;AIZ2152;Colisão Traseira;Não informado;Chuva;Molhada;Não informado;Não informado;Longo da via;0;0;2;0;2;0;0;0;0;0;0;0;0;(-38.5094919 -3.79080203);
XIX6151;2021-06-16 01:45:00;BR 116;;;BARROSO;XIX6151;Colisão Lateral;Não informado;Bom;Seca;Não informado;Não informado;Longo da via;0;1;0;1;1;0;0;0;0;0;0;0;0;(-38.5032523 -3.82205237);
FLK4191;2021-06-15 21:55:00;Rodovia Estrada do Guarani (BR116);;;PEDRAS;FLK4191;Queda;Não informado;Bom;Seca;Não informado;Não informado;Longo da via;0;1;1;0;1;0;0;0;0;1;0;0;0;(-38.50118294816767 -3.882304039831347);
XXN3131;2021-10-13 18:20:00;Avenida Presidente Costa e Silva;;;JANGURUSSU;968616;Atropelamento;Não informado;Não informado;Não informado;Meio de quadra;Não informado;Longo da via;1;0;1;0;0;0;1;0;0;0;0;0;0;(-38.5295538 -3.8288214);
AWL3175;2021-10-18 09:50:00;BR-116;;;ALTO DA BALANCA;AWL3175;Colisão Traseira;Não informado;Não informado;Não informado;Meio de quadra;Não informado;Longo da via;1;1;1;1;0;0;1;0;0;0;0;0;0;(-38.5153471 -3.7754669);
ICD2554;2021-06-12 23:30:00;Rodovia Br116;;;ALTO DA BALANCA;ICD2554;Colisão Frontal;Não informado;Bom;Seca;Não informado;Não informado;Longo da via;0;0;1;0;1;0;0;0;0;1;0;0;0;(-38.51870314003332 -3.76255292369656);
EPE6986;2021-10-25 04:30:00;Estrada Do Siqueira;RUA CON DE CASTRO;;MONDUBIM;EPE6986;Colisão;Não informado;Não informado;Não informado;Cruz;Não informado;Cruzamento;1;0;1;1;1;0;0;0;0;0;0;0;0;(-38.5943041 -3.8076285);
DEP2211;2021-06-11 12:15:00;Rodovia Anel Viario De Fortaleza;;;ANCURI;DEP2211;Tombamento;Não informado;Bom;Seca;Não informado;Não informado;Longo da via;0;1;0;1;0;0;0;0;0;0;0;0;0;(-38.50105788790967 -3.870702513543379);
GHE7248;2021-10-27 00:50:00;Rua Capitão Nestor Góis;RUA DR ATUALPA (V. ELERY);;VILA ELLERY;968976;Colisão;Via Iluminada;Não informado;Não informado;Cruz;Não informado;Cruzamento;1;0;1;1;1;0;0;0;0;0;0;0;0;(-38.5614261 -3.7228695);
RCI2394;2021-10-28 15:55:00;Avenida Presidente Costa e Silva;;;JANGURUSSU;968618;Atropelamento;Luz do Dia;Bom;Seca;Meio de quadra;Não há Controle;Longo da via;1;0;1;0;0;0;1;0;0;0;0;0;0;(-38.5270481173437 -3.829595511802702);
JBE7953;2021-06-09 18:30:00;BR 222;;;PADRE ANDRADE;JBE7953;Queda;Não informado;Bom;Seca;Não informado;Não informado;Longo da via;0;1;0;1;0;0;0;0;0;0;0;0;0;(-38.5779559 -3.73776914);
PPP9018;2021-06-07 21:20:00;BR-116;;;PEDRAS;PPP9018;Colisão Traseira;Anoitecer;Bom;Seca;Não informado;Não informado;Longo da via;0;1;1;1;1;0;0;0;0;0;0;0;0;(-38.49925712373705 -3.873927949344042);
KTS4183;2021-06-07 14:00:00;Rodovia Estrada do Guarani (BR116);;;PAUPINA;KTS4183;Colisão Lateral;Não informado;Bom;Seca;Não informado;Não informado;Longo da via;0;0;3;0;3;0;0;0;0;0;0;0;0;(-38.49578630750464 -3.854017676543326);
LVZ7973;2021-11-23 21:00:00;Avenida Deputado Paulino Rocha;;;CAJAZEIRAS;969173;Atropelamento;Não informado;Não informado;Não informado;Meio de quadra;Não informado;Longo da via;1;0;0;0;1;0;0;0;0;0;0;0;0;(-38.5081884 -3.8061682);
NRY9229;2021-11-21 02:40:00;Avenida José Leon;;;JARDIM DAS OLIVEIRAS;969157;Atropelamento de Animal;Não informado;Não informado;Não informado;Meio de quadra;Não informado;Longo da via;1;0;0;1;0;0;0;0;0;0;0;0;0;(-38.50780126151553 -3.786712199039819);
ZGD9200;2021-06-05 14:40:00;Rodovia Anel Viario De Fortaleza;;;PAUPINA;ZGD9200;Colisão Traseira;Não informado;Bom;Seca;Não informado;Não informado;Longo da via;0;2;2;0;2;0;0;0;0;0;0;0;0;(-38.49199906309322 -3.873408789567041);
VUG8129;2021-11-19 10:00:00;Avenida da Abolição;RUA JOSE AUGUSTO;;MUCURIPE;968997;Atropelamento;Não informado;Não informado;Não informado;Cruz;Não informado;Cruzamento;1;0;0;0;0;0;0;1;0;0;0;0;0;(-38.482356 -3.7245076);
NNO5948;2021-06-04 20:00:00;Rodovia Anel Viario De Fortaleza;;;PAUPINA;NNO5948;Colisão Transversal;Não informado;Bom;Seca;Não informado;Não informado;Longo da via;0;1;1;0;0;0;1;0;0;1;0;0;0;(-38.49200442774583 -3.873424846059774);
RNT1252;2021-11-13 21:36:00;Rua Doutor João Moreira;;;CENTRO;964766;Colisão;Não informado;Não informado;Não informado;Não informado;Não informado;Longo da via;1;0;0;0;0;0;0;1;0;1;0;0;0;(-38.52647744137233 -3.723028153523872);
YGA1792;2021-06-04 00:00:00;Avenida Mister Hull;;;ANTONIO BEZERRA;YGA1792;Atropelamento;Não informado;Bom;Seca;Não informado;Não informado;Longo da via;0;1;1;0;1;0;0;0;0;0;0;0;0;(-38.58679905640437 -3.738919747232847);
ZCS9391;2021-06-02 17:00:00;Rodovia Br116;;;PARQUE IRACEMA;ZCS9391;Choque c/ Obstáculo Fixo;Não informado;Bom;Seca;Não informado;Não informado;Longo da via;0;0;1;0;0;0;1;0;0;0;0;0;0;(-38.50099519048712 -3.812830837256719);
TGA8433;2021-11-12 11:00:00;Avenida Doutor Silas Munguba;;;ITAPERI;967452;Colisão Lateral;Não informado;Não informado;Não informado;Não informado;Não informado;Longo da via;1;0;1;1;0;0;1;0;0;0;0;0;0;(-38.55419949366725 -3.783487689189881);
GZI1958;2021-06-02 14:45:00;Avenida Quarto Anel Viário;;;CONJUNTO PALMEIRAS;GZI1958;Colisão Transversal;Não informado;Bom;Seca;Não informado;Não informado;Longo da via;0;1;1;2;0;0;0;0;0;0;0;0;0;(-38.52845564990026 -3.862436781707776);
TXD8797;2021-04-28 21:00:00;BR 222;;;PADRE ANDRADE;TXD8797;Colisão Traseira;Anoitecer;Não informado;Seca;Meio de quadra;Não informado;Longo da via;0;1;0;1;1;0;0;0;0;0;0;0;0;(-38.5770627 -3.73765404);
EOF0586;2021-05-31 17:10:00;BR-116;;;SAO JOAO DO TAUAPE;EOF0586;Tombamento;Não informado;Bom;Seca;Não informado;Não informado;Longo da via;0;0;1;0;0;0;0;1;0;1;0;0;0;(-38.51904645598445 -3.759828316037217);
AIO4348;2021-05-27 12:10:00;BR-116;;;JANGURUSSU;AIO4348;Tombamento;Não informado;Nublado;Seca;Não informado;Não informado;Longo da via;0;1;1;1;1;0;0;0;0;0;0;0;0;(-38.49684849253516 -3.847664488600578);
LQI3202;2021-04-25 07:15:00;BR 116;;;CAJAZEIRAS;LQI3202;Colisão Traseira;Amanhecer;Não informado;Seca;Meio de quadra;Não informado;Longo da via;0;1;0;1;1;0;0;0;0;0;0;0;0;(-38.5011304 -3.81326203);
IMQ1641;2021-05-23 04:55:00;BR-116;;;JARDIM DAS OLIVEIRAS;IMQ1641;Tombamento;Não informado;Bom;Seca;Não informado;Não informado;Longo da via;0;1;0;1;0;0;0;0;0;0;0;0;0;(-38.51046376676291 -3.788428659765496);
LNE7810;2021-05-22 13:40:00;Avenida Quarto Anel Viário;;;ANCURI;LNE7810;Colisão Lateral;Não informado;Bom;Seca;Não informado;Não informado;Longo da via;0;1;1;1;0;0;1;0;0;0;0;0;0;(-38.51850465492418 -3.864893453367967);
HPS5428;2021-05-18 20:50:00;BR-116;;;AEROLANDIA;HPS5428;Colisão Lateral;Não informado;Bom;Seca;Não informado;Não informado;Longo da via;0;1;0;1;1;0;0;0;0;0;0;0;0;(-38.514200686279 -3.780267265535599);
GGF1536;2021-04-22 21:45:00;BR 116;;;MESSEJANA;GGF1536;Colisão Traseira;Anoitecer;Não informado;Seca;Meio de quadra;Não informado;Longo da via;0;1;0;1;1;0;0;0;0;0;0;0;0;(-38.4975844 -3.84639172);
ZFL0195;2021-05-17 22:25:00;Avenida Mister Hull;;;ANTONIO BEZERRA;ZFL0195;Engavetamento;Não informado;Bom;Seca;Não informado;Não informado;Longo da via;0;1;2;0;3;0;0;0;0;0;0;0;0;(-38.58298495471604 -3.738507566124532);
YPE5817;2021-05-17 10:20:00;Rodovia Br116;;;CIDADE DOS FUNCIONRAIOS;YPE5817;Engavetamento;Não informado;Bom;Seca;Não informado;Não informado;Longo da via;0;2;6;0;5;0;1;0;0;0;0;0;0;(-38.50633279276038 -3.797543834615458);
JDJ5409;2021-04-22 11:30:00;Avenida Quarto Anel Viário;;;ANCURI;JDJ5409;Queda;Luz do Dia;Não informado;Seca;Meio de quadra;Não informado;Longo da via;0;1;0;1;0;0;0;0;0;0;0;0;0;(-38.51960975060736 -3.864411753603159);
JDJ5409;2021-04-21 19:20:00;BR 222;;;PADRE ANDRADE;JDJ5409;Colisão Traseira;Anoitecer;Não informado;Seca;Meio de quadra;Não informado;Longo da via;0;2;0;1;1;0;0;0;0;0;0;0;0;(-38.5770627 -3.73765404);
TCE3126;2021-05-16 21:20:00;Rodovia Estrada do Guarani (BR116);;;BARROSO;TCE3126;Tombamento;Não informado;Bom;Seca;Não informado;Não informado;Longo da via;0;1;1;1;1;0;0;0;0;0;0;0;0;(-38.50181953580863 -3.81612992186874);
QJO1690;2021-04-19 17:15:00;BR 116;;;ALTO DA BALANCA;QJO1690;Colisão Lateral;Luz do Dia;Não informado;Seca;Meio de quadra;Não informado;Longo da via;0;1;0;1;1;0;0;0;0;0;0;0;0;(-38.5187179 -3.76256621);
VTA7516;2021-05-14 20:40:00;BR-116;;;PARQUE IRACEMA;VTA7516;Colisão Traseira;Anoitecer;Bom;Seca;Não informado;Não informado;Longo da via;0;0;3;0;2;0;0;0;0;0;0;0;0;(-38.50054458265672 -3.810962797219063);
TIL6461;2021-04-18 22:25:00;BR 116;;;PEDRAS;TIL6461;Colisão Traseira;Via Iluminada;Não informado;Seca;Meio de quadra;Não informado;Longo da via;0;3;0;0;1;0;1;0;0;0;0;0;0;(-38.5018991 -3.88867148);
GWM2133;2021-05-14 00:40:00;Rodovia Estrada do Guarani (BR116);;;PAUPINA;GWM2133;Colisão;Luz do Dia;Chuva;Molhada;Não informado;Não informado;Longo da via;0;0;1;1;0;0;1;0;0;0;0;0;0;(-38.49612430478054 -3.855810690673287);
QHY2677;2021-04-17 22:45:00;BR 116;;;AEROLANDIA;QHY2677;Queda;Via Iluminada;Não informado;Seca;Meio de quadra;Não informado;Longo da via;0;2;0;1;0;0;0;0;0;0;0;0;0;(-38.516755 -3.77138362);
GGH6511;2021-05-12 20:30:00;Rodovia Br116;;;CAJAZEIRAS;GGH6511;Colisão Lateral;Não informado;Chuva;Molhada;Não informado;Não informado;Longo da via;0;0;1;1;1;0;0;0;0;0;0;0;0;(-38.50370422206131 -3.803169440307432);
SBJ8304;2021-05-11 22:30:00;Rodovia Br116;;;CIDADE DOS FUNCIONRAIOS;SBJ8304;Atropelamento;Não informado;Não informado;Seca;Não informado;Não informado;Longo da via;0;0;0;0;1;0;0;0;0;0;0;0;0;(-38.50678339988705 -3.796591064272508);
NJR7321;2021-05-09 14:00:00;BR-116;;;DIAS MACEDO;NJR7321;Colisão Traseira;Não informado;Bom;Seca;Não informado;Não informado;Longo da via;0;0;4;0;1;0;0;0;0;0;0;0;0;(-38.51127877938106 -3.78696160167208);
ZCE6792;2021-04-15 22:30:00;BR 116;;;PEDRAS;ZCE6792;Atropelamento;Via Iluminada;Não informado;Seca;Meio de quadra;Não informado;Longo da via;0;3;0;1;0;0;0;0;0;0;0;0;0;(-38.5011385 -3.88238515);
GBF8985;2021-04-12 12:45:00;BR 020;;;ANCURI;GBF8985;Colisão Lateral;Luz do Dia;Não informado;Seca;Meio de quadra;Não informado;Longo da via;0;1;0;1;0;0;1;0;0;0;0;0;0;(-38.519005 -3.864645);
MWV7860;2021-04-12 11:10:00;BR 020;;;ANCURI;MWV7860;Colisão Traseira;Luz do Dia;Não informado;Seca;Meio de quadra;Não informado;Longo da via;0;1;0;0;2;0;1;0;0;0;0;0;0;(-38.510225 -3.867971);
RFT4906;2021-04-09 23:30:00;BR 116;;;MESSEJANA;RFT4906;Queda;Via Iluminada;Não informado;Seca;Meio de quadra;Não informado;Longo da via;0;1;0;1;0;0;0;0;0;0;0;0;0;(-38.4971788 -3.84719949);
ESH7421;2021-04-09 10:45:00;BR 116;;;MESSEJANA;ESH7421;Colisão Lateral;Luz do Dia;Não informado;Seca;Meio de quadra;Não informado;Longo da via;0;0;1;0;1;0;0;0;0;0;1;0;0;(-38.5011188 -3.83906922);
BWF5771;2021-04-06 18:45:00;BR 116;;;AEROPORTO;BWF5771;Colisão;Luz do Dia;Não informado;Seca;Meio de quadra;Não informado;Longo da via;0;1;0;1;1;0;0;0;0;0;0;0;0;(-38.5143094 -3.78008723);
YHX3300;2021-04-05 07:00:00;BR 020;;;ANCURI;YHX3300;Outros;Amanhecer;Não informado;Seca;Meio de quadra;Não informado;Longo da via;0;0;3;0;1;0;0;0;0;0;0;0;0;(-38.492035 -3.873371);
ELC4470;2021-05-09 12:00:00;BR-116;;;AEROLANDIA;ELC4470;Queda;Não informado;Nublado;Seca;Não informado;Não informado;Longo da via;0;2;0;1;0;0;0;0;0;0;0;0;0;(-38.51424347542005 -3.780181621590391);
DFO9767;2021-05-05 10:45:00;Rodovia Estrada do Guarani (BR116);;;PEDRAS;DFO9767;Queda;Não informado;Chuva;Molhada;Não informado;Não informado;Longo da via;0;1;0;1;1;0;0;0;0;0;0;0;0;(-38.50086644938055 -3.880660941086884);
NER4323;2021-04-01 22:40:00;BR 222;;;ANTONIO BEZERRA;NER4323;Colisão Traseira;Via Iluminada;Não informado;Seca;Meio de quadra;Não informado;Longo da via;0;1;0;1;0;0;0;1;0;0;0;0;0;(-38.571704 -3.7369591);
YKE5930;2021-04-01 18:00:00;BR 116;;;BARROSO;YKE5930;Colisão Lateral;Luz do Dia;Não informado;Seca;Meio de quadra;Não informado;Longo da via;0;1;0;2;0;0;0;0;0;0;0;0;0;(-38.5011304 -3.81326203);
UUM2377;2021-04-01 14:45:00;BR 222;;;ANTONIO BEZERRA;UUM2377;Colisão Traseira;Luz do Dia;Bom;Seca;Meio de quadra;Não informado;Longo da via;0;0;2;0;2;0;0;0;0;0;0;0;0;(-38.573489 -3.73720038);
JJH4398;2021-05-04 13:30:00;BR-116;;;AEROLANDIA;JJH4398;Colisão Traseira;Não informado;Nublado;Molhada;Não informado;Não informado;Longo da via;0;1;1;1;0;0;1;0;0;0;0;0;0;(-38.51257697581619 -3.784226365121392);
YEO9391;2021-05-28 01:21:00;Rua Teodomiro de Castro;;;ALVARO WEYNE;YEO9391;Colisão;Não informado;Não informado;Não informado;Meio de quadra;Não informado;Longo da via;0;1;0;0;0;0;0;0;0;0;0;0;0;(-38.57258334815628 -3.718620936118371);
CQI9398;2021-05-27 23:05:00;Avenida Senador Fernandes Távora;;;JOQUEI CLUBE;CQI9398;Colisão;Não informado;Não informado;Não informado;Meio de quadra;Não informado;Longo da via;0;1;0;1;1;0;0;0;0;0;0;0;0;(-38.5730901 -3.767857);
EMN9579;2021-05-27 23:03:00;Rua Samuel Gurgel;;;PARANGABA;EMN9579;Queda;Não informado;Não informado;Não informado;Meio de quadra;Não informado;Longo da via;0;1;0;0;0;0;0;0;0;1;0;0;0;(-38.55942980734533 -3.777332031947442);