COD_ACIDENTE;DATA;LOG1;LOG2;NUMERO;BAIRRO;AMC;NATUREZA;ILUMINACAO;TEMPO;SUPERFICIEPISTA;TIPOCRUZAMENTO;CONTROLETRAFEGO;USOSOLO;MORTOS;FERIDOS;ILESOS;MOTOCICLETA;AUTOMOVEL;MICROONIBUS;CAMINHAO;ONIBUS;CICLOMOTOR;BICICLETA;OUTROS;TREM;TRACAOANIMAL;COORDENADAS
IQU9574;2021-05-27 22:44:00;Rua Teodomiro de Castro;;;ALVARO WEYNE;IQU9574;Queda;Não informado;Não informado;Não informado;Meio de quadra;Não informado;Longo da via;0;1;0;1;0;0;0;0;0;0;0;0;0;(-38.56915012648168 -3.720312521598713);
WAF4114;2021-05-27 21:52:00;Rua Soriano Albuquerque;;;JOAQUIM TVORA;WAF4114;Atropelamento;Não informado;Não informado;Não informado;Meio de quadra;Não informado;Longo da via;0;1;0;0;0;0;1;0;0;0;0;0;0;(-38.5146529983218 -3.749149270786232);
FPI3990;2021-05-27 20:42:00;Rua Germano Franck;;;PARANGABA;FPI3990;Queda;Não informado;Não informado;Não informado;Meio de quadra;Não informado;Longo da via;0;1;0;0;0;0;0;0;0;1;0;0;0;(-38.56073334028366 -3.77618118683355);
OHG7871;2021-05-27 20:33:00;Avenida Senador Fernandes Távora;;;PICI;OHG7871;Colisão;Não informado;Não informado;Não informado;Meio de quadra;Não informado;Longo da via;0;1;0;1;1;0;0;0;0;0;0;0;0;(-38.5730901 -3.767857);
GOR9710;2021-05-27 20:32:00;Rua Recanto Verde;;;JANGURUSSU;GOR9710;Atropelamento;Não informado;Não informado;Não informado;Meio de quadra;Não informado;Longo da via;0;1;0;1;0;0;0;0;0;0;0;0;0;(-38.5141632 -3.8453426);
JNN1236;2021-05-27 20:10:00;Avenida Porto Velho;RUA BELEM;;GENIBAU;JNN1236;Colisão;Não informado;Não informado;Não informado;Cruz;Não informado;Longo da via;0;1;0;1;1;0;0;0;0;0;0;0;0;(-38.5947035 -3.7619389);
ZLK5157;2021-05-27 20:07:00;Rua José Roberto Sáles;;;BARRA DO CEARA;ZLK5157;Colisão;Não informado;Não informado;Não informado;Meio de quadra;Não informado;Longo da via;0;1;0;0;0;0;0;0;0;0;0;0;0;(-38.57616718694114 -3.698520145920718);
ZMB4718;2021-05-27 20:04:00;Rua Senador Alencar;;;CENTRO;ZMB4718;Atropelamento;Não informado;Não informado;Não informado;Meio de quadra;Não informado;Longo da via;0;1;0;0;1;0;0;0;0;0;0;0;0;(-38.53508070194465 -3.72260365118516);
SQK0955;2021-05-27 19:46:00;Avenida Godofredo Maciel;;;MARAPONGA;SQK0955;Queda;Não informado;Não informado;Não informado;Meio de quadra;Não informado;Longo da via;0;1;0;0;0;0;0;0;0;1;0;0;0;(-38.56450990089809 -3.77899674008601);
KCM9855;2021-05-27 19:43:00;Rua José Martins;;;GRANJA LISBOA;KCM9855;Queda;Não informado;Não informado;Não informado;Meio de quadra;Não informado;Longo da via;0;1;0;1;0;0;0;0;0;0;0;0;0;(-38.61760154285476 -3.783889143578625);
PCI0136;2021-05-27 19:31:00;Avenida Deputado Paulino Rocha;;;BOA VISTA;PCI0136;Atropelamento;Não informado;Não informado;Não informado;Meio de quadra;Não informado;Longo da via;0;1;0;0;0;0;0;0;0;0;0;0;0;(-38.5162212 -3.8108679);
SAL8451;2021-05-27 19:27:00;Avenida Godofredo Maciel;;;MARAPONGA;SAL8451;Queda;Não informado;Não informado;Não informado;Meio de quadra;Não informado;Longo da via;0;1;0;0;0;0;0;0;0;1;0;0;0;(-38.56609240234023 -3.783905201750295);
ASE7826;2021-05-27 16:02:00;Avenida Pompílio Gomes;;;PASSARE;ASE7826;Colisão;Não informado;Não informado;Não informado;Meio de quadra;Não informado;Longo da via;0;2;0;2;0;0;0;0;0;0;0;0;0;(-38.52135851827867 -3.827127364427375);
CUH4667;2021-05-27 15:40:00;Avenida Presidente Costa e Silva;;;MONDUBIM;CUH4667;Colisão;Não informado;Não informado;Não informado;Meio de quadra;Não informado;Longo da via;0;1;0;0;0;0;0;0;0;0;0;0;0;(-38.57046977683568 -3.813205515285652);
MQC3512;2021-05-27 15:38:00;Avenida Dolor Barreira;;;VICENTE PINZON;MQC3512;Colisão;Não informado;Não informado;Não informado;Meio de quadra;Não informado;Longo da via;0;1;0;0;1;0;0;0;0;1;0;0;0;(-38.47235457505876 -3.729819599792342);
XII5440;2021-05-27 15:17:00;Avenida General Osório de Paiva;;;PARANGABA;XII5440;Queda;Não informado;Não informado;Não informado;Meio de quadra;Não informado;Longo da via;0;1;0;1;0;0;0;0;0;0;0;0;0;(-38.56987959678645 -3.777808427850305);
XSM0377;2021-05-27 14:59:00;Rua Olavo Bilac;;;PRESIDENTE KENNEDY;XSM0377;Colisão;Não informado;Não informado;Não informado;Meio de quadra;Não informado;Longo da via;0;1;0;1;1;0;0;0;0;0;0;0;0;(-38.56476203464453 -3.729701832560349);
ZHC3090;2021-05-27 13:38:00;Avenida General Osório de Paiva;;;SIQUEIRA;ZHC3090;Colisão;Não informado;Não informado;Não informado;Meio de quadra;Não informado;Longo da via;0;2;0;1;1;0;0;0;0;0;0;0;0;(-38.5949496 -3.7975027);
IXB7966;2021-05-27 12:21:00;Rodovia Estrada do Guarani (BR116);;;MESSEJANA;IXB7966;Colisão;Não informado;Não informado;Não informado;Meio de quadra;Não informado;Longo da via;0;1;0;1;1;0;0;0;0;0;0;0;0;(-38.5020858 -3.8367365);
IIB8319;2021-05-27 11:50:00;Avenida Presidente Juscelino Kubitschek;;;PASSARE;IIB8319;Colisão;Não informado;Não informado;Não informado;Meio de quadra;Não informado;Longo da via;0;1;0;1;1;0;0;0;0;0;0;0;0;(-38.5364647307103 -3.823091603655704);
IVR0178;2021-05-27 11:48:00;Rua Irmã Bazet;AV PRO GOMES DE MATOS;;MONTESE;IVR0178;Colisão;Não informado;Não informado;Não informado;Cruz;Não informado;Longo da via;0;1;0;1;1;0;0;0;0;0;0;0;0;(-38.54995087435308 -3.765951980244868);
UAD6797;2021-05-27 11:32:00;Rua Amazonas;AV JOSE BASTOS;;RODOLFO TEOFILO;UAD6797;Colisão;Não informado;Não informado;Não informado;Cruz;Não informado;Longo da via;0;1;0;1;1;0;0;0;0;0;0;0;0;(-38.55932770066615 -3.756889584282815);
RFW4462;2021-05-27 11:20:00;Rua Júlio Braga;AV PERIMETRAL;;BONSUCESSO;RFW4462;Colisão;Não informado;Não informado;Não informado;Meio de quadra;Não informado;Longo da via;0;1;0;1;1;0;0;0;0;0;0;0;0;(-38.57240632306504 -3.778322292800604);
UOC3254;2021-05-27 11:10:00;Avenida Santos Dumont;;;;UOC3254;Colisão;Não informado;Não informado;Não informado;Meio de quadra;Não informado;Longo da via;0;1;0;0;1;0;0;0;0;1;0;0;0;(-38.46583143077103 -3.746804680971176);
GTM7063;2021-05-27 11:09:00;Rua Elcias Lopes;RUA EQUADOR;;ITAOCA;GTM7063;Colisão;Não informado;Não informado;Não informado;Meio de quadra;Não informado;Longo da via;0;1;0;1;0;0;0;0;0;0;0;0;0;(-38.55196789459398 -3.772434238685642);
EDU9262;2021-05-27 10:02:00;Avenida Padre Antônio Tomás;;;COCO;EDU9262;Atropelamento;Não informado;Não informado;Não informado;Meio de quadra;Não informado;Longo da via;0;2;0;0;0;0;0;0;0;0;0;0;0;(-38.48909154570614 -3.743528668241856);
LFH9737;2021-05-27 09:12:00;Avenida Coronel Carvalho;;;ANTONIO BEZERRA;LFH9737;Colisão;Não informado;Não informado;Não informado;Meio de quadra;Não informado;Longo da via;0;1;0;1;1;0;0;0;0;0;0;0;0;(-38.5848088662293 -3.72953588779757);
RTX1591;2021-05-27 01:30:00;Rua G;;;BARROSO;RTX1591;Atropelamento;Não informado;Não informado;Não informado;Meio de quadra;Não informado;Longo da via;0;1;0;1;0;0;0;0;0;0;0;0;0;(-38.5178847 -3.8273986);
ITI0972;2021-05-26 21:25:00;Rua Miguel Gurgel;;;MESSEJANA;ITI0972;Queda;Não informado;Não informado;Não informado;Meio de quadra;Não informado;Longo da via;0;1;0;1;0;0;0;0;0;0;0;0;0;(-38.48213388989162 -3.839694837076906);
SSH2231;2021-05-26 21:24:00;Rua Raimundo Neri;;;BONSUCESSO;SSH2231;Atropelamento de Animal;Não informado;Não informado;Não informado;Meio de quadra;Não informado;Longo da via;0;1;0;1;0;0;0;0;0;0;0;0;0;(-38.5864203 -3.794134);
FMN5535;2021-05-26 21:13:00;Rua Vitória;;;BONSUCESSO;FMN5535;Colisão;Não informado;Não informado;Não informado;Meio de quadra;Não informado;Longo da via;0;1;0;1;1;0;0;0;0;0;0;0;0;(-38.5906185241528 -3.769425962907254);
EAV1632;2021-05-26 20:50:00;Avenida Lauro Viêira Chaves;;;VILA UNIAO;EAV1632;Colisão;Não informado;Não informado;Não informado;Meio de quadra;Não informado;Longo da via;0;1;0;0;0;0;0;0;0;0;0;0;0;(-38.535515 -3.7717381);
QZK7521;2021-05-26 20:23:00;Rua Padre Pedro de Alencar;;;MESSEJANA;QZK7521;Queda;Não informado;Não informado;Não informado;Meio de quadra;Não informado;Longo da via;0;1;0;1;0;0;0;0;0;0;0;0;0;(-38.49347429494106 -3.827962347041083);
YTF2174;2021-05-29 02:48:00;AV L;AV H CJ CEARA;;CONJUNTO CEARA I;YTF2174;Colisão;Não informado;Não informado;Não informado;Cruz;Não informado;Cruzamento;0;1;0;1;1;0;0;0;0;0;0;0;0;(-38.60752189999999 -3.775299199999999);
HEV9456;2021-05-29 02:26:00;Rua Belos Portos;;;PASSARE;HEV9456;Colisão;Não informado;Não informado;Não informado;Meio de quadra;Não informado;Longo da via;0;1;0;2;0;0;0;0;0;0;0;0;0;(-38.5256864 -3.8136797);
LWZ7179;2021-05-28 23:08:00;Rua Anário Braga;;;ANTONIO BEZERRA;LWZ7179;Queda;Não informado;Não informado;Não informado;Meio de quadra;Não informado;Longo da via;0;1;0;0;0;0;0;0;0;1;0;0;0;(-38.5955265 -3.7358903);
AAE9877;2021-05-28 22:58:00;Avenida Presidente Costa e Silva;;;PREFEITO JOSE VALTER;AAE9877;Colisão;Não informado;Não informado;Não informado;Meio de quadra;Não informado;Longo da via;0;1;0;2;0;0;0;0;0;0;0;0;0;(-38.5503326 -3.823450799999999);
GDT6095;2021-05-28 22:53:00;Avenida Professor Gomes de Matos;;;MONTESE;GDT6095;Colisão;Não informado;Não informado;Não informado;Meio de quadra;Não informado;Longo da via;0;1;0;2;0;0;0;0;0;0;0;0;0;(-38.54376033242803 -3.758982561829441);
BME9575;2021-05-28 22:31:00;Avenida Professor José Arthur de Carvalho;;;LAGOA REDONDA;BME9575;Colisão;Não informado;Não informado;Não informado;Meio de quadra;Não informado;Longo da via;0;1;0;2;0;0;0;0;0;0;0;0;0;(-38.4650107 -3.8260883);
GKE8786;2021-05-28 22:04:00;Avenida Antônio Sales;;;JOAQUIM TVORA;GKE8786;Colisão;Não informado;Não informado;Não informado;Meio de quadra;Não informado;Longo da via;0;2;0;2;0;0;0;0;0;0;0;0;0;(-38.5059689 -3.7442098);
ZAL9977;2021-05-28 21:35:00;Rua Coronel Fabriciano;;;GRANJA PORTUGAL;ZAL9977;Atropelamento;Não informado;Não informado;Não informado;Meio de quadra;Não informado;Longo da via;0;1;0;0;1;0;0;0;0;0;0;0;0;(-38.6017944 -3.7845473);
AZU3832;2021-05-28 21:11:00;Avenida Senador Carlos Jereissati;;;DIAS MACEDO;AZU3832;Queda;Não informado;Não informado;Não informado;Meio de quadra;Não informado;Longo da via;0;1;0;1;0;0;0;0;0;0;0;0;0;(-38.51753 -3.7844614);
FZE4465;2021-05-28 17:45:00;Rua General Mário Hermes;;;FLORESTA;FZE4465;Colisão;Não informado;Não informado;Não informado;Meio de quadra;Não informado;Longo da via;0;1;0;0;0;0;0;0;0;0;1;0;0;(-38.576798 -3.7141254);
UCY2036;2021-05-28 16:51:00;Rua Benjamim Brasil;;;MARAPONGA;UCY2036;Colisão;Não informado;Não informado;Não informado;Meio de quadra;Não informado;Longo da via;0;1;0;1;1;0;0;0;0;0;0;0;0;(-38.5652686 -3.8055698);
QDU4993;2021-05-28 16:26:00;Avenida Bernardo Manuel;;;MONDUBIM;QDU4993;Colisão;Não informado;Não informado;Não informado;Meio de quadra;Não informado;Longo da via;0;1;0;2;0;0;0;0;0;0;0;0;0;(-38.559292 -3.8262739);
CZO5612;2021-05-28 16:19:00;Rua Viriato Ribeiro;RUA BOLIVIA;;BELA VISTA;CZO5612;Colisão;Não informado;Não informado;Não informado;Cruz;Não informado;Cruzamento;0;1;0;0;1;0;0;0;0;1;0;0;0;(-38.5661005 -3.7453397);
VOM7718;2021-05-28 16:14:00;Avenida Mozart Pinheiro de Lucena;;;VILA VELHA;VOM7718;Colisão;Não informado;Não informado;Não informado;Meio de quadra;Não informado;Longo da via;0;1;0;1;1;0;0;0;0;0;0;0;0;(-38.5979553 -3.7255429);
SES0830;2021-05-28 13:22:00;Avenida Washington Soares;;;EDSON QUEIROZ;SES0830;Colisão;Não informado;Não informado;Não informado;Meio de quadra;Não informado;Longo da via;0;2;0;1;1;0;0;0;0;0;0;0;0;(-38.4798948 -3.7977666);
KHR0880;2021-05-26 20:17:00;Avenida Governador Raul Barbosa;;;AEROLANDIA;KHR0880;Colisão;Não informado;Não informado;Não informado;Meio de quadra;Não informado;Longo da via;0;1;0;1;1;0;0;0;0;0;0;0;0;(-38.51053848945838 -3.769773895691551);
OSR4236;2021-05-28 13:06:00;Avenida Frei Cirilo;;;MESSEJANA;OSR4236;Colisão;Não informado;Não informado;Não informado;Meio de quadra;Não informado;Longo da via;0;1;0;1;1;0;0;0;0;0;0;0;0;(-38.49349900000001 -3.825816);
WPU3640;2021-05-28 13:02:00;Avenida Washington Soares;;;EDSON QUEIROZ;WPU3640;Queda;Não informado;Não informado;Não informado;Meio de quadra;Não informado;Longo da via;0;1;0;1;0;0;0;0;0;0;0;0;0;(-38.481665 -3.7762191);
YUM1678;2021-05-26 19:42:00;Avenida Dom Luís;;;MEIRELES;YUM1678;Colisão;Não informado;Não informado;Não informado;Meio de quadra;Não informado;Longo da via;0;1;0;0;1;0;0;0;0;1;0;0;0;(-38.50101519494577 -3.732080510118761);
CIC8507;2021-05-28 11:54:00;Rua Emílio de Menezes;RUA ANTONIO NERY;;GRANJA PORTUGAL;CIC8507;Colisão;Não informado;Não informado;Não informado;Cruz;Não informado;Cruzamento;0;1;0;1;1;0;0;0;0;0;0;0;0;(-38.6001791 -3.7781269);
LQH8599;2021-05-26 19:12:00;Avenida Mister Hull;;;ANTONIO BEZERRA;LQH8599;Queda;Não informado;Não informado;Não informado;Meio de quadra;Não informado;Longo da via;0;1;0;1;0;0;0;0;0;0;0;0;0;(-38.59245686951223 -3.739638972692184);
UJL3102;2021-05-26 18:06:00;Avenida Rogaciano Leite;;;GUARARAPES;UJL3102;Colisão;Não informado;Não informado;Não informado;Meio de quadra;Não informado;Longo da via;0;1;0;1;1;0;0;0;0;0;0;0;0;(-38.49349574721788 -3.761915933670767);
EXT6863;2021-05-26 17:20:00;Rua Domingos da Veiga;;;BARRA DO CEARA;EXT6863;Colisão;Não informado;Não informado;Não informado;Meio de quadra;Não informado;Longo da via;0;1;0;1;1;0;0;0;0;0;0;0;0;(-38.57572153974105 -3.704574227643106);
KOY7967;2021-05-28 11:34:00;AV FRANCISCO SA ;;;ALVARO WEYNE;KOY7967;Colisão;Não informado;Não informado;Não informado;Meio de quadra;Não informado;Longo da via;0;1;0;1;1;0;0;0;0;0;0;0;0;(-38.56083 -3.7162);
HFE8144;2021-05-28 11:29:00;Avenida Genibaú;;;GENIBAU;HFE8144;Atropelamento;Não informado;Não informado;Não informado;Meio de quadra;Não informado;Longo da via;0;1;0;1;0;0;0;0;0;0;0;0;0;(-38.5980023 -3.7612611);
ATK4628;2021-05-26 16:54:00;Rua Padre Januário Campos;;;PARQUE MANIBURA;ATK4628;Colisão;Não informado;Não informado;Não informado;Meio de quadra;Não informado;Longo da via;0;1;0;1;1;0;0;0;0;0;0;0;0;(-38.48948315971666 -3.794717636374979);
UCN1581;2021-05-26 16:50:00;Avenida Presidente Costa e Silva;;;PREFEITO JOSE VALTER;UCN1581;Colisão;Não informado;Não informado;Não informado;Meio de quadra;Não informado;Longo da via;0;2;0;1;1;0;0;0;0;0;0;0;0;(-38.5544787 -3.8222232);
HFE8144;2021-05-28 10:45:00;Avenida Monsenhor Tabosa;;;MEIRELES;HFE8144;Colisão;Não informado;Não informado;Não informado;Meio de quadra;Não informado;Longo da via;0;2;0;1;1;0;0;0;0;0;0;0;0;(-38.50602703547654 -3.724332700641492);
SPQ1501;2021-05-28 10:41:00;Rua Benjamim Brasil;;;MARAPONGA;SPQ1501;Colisão;Não informado;Não informado;Não informado;Meio de quadra;Não informado;Longo da via;0;1;0;1;1;0;0;0;0;0;0;0;0;(-38.5610745 -3.8071383);
USN5007;2021-05-26 16:08:00;Rua Paraíba;;;DEMOCRITO ROCHA;USN5007;Colisão;Não informado;Não informado;Não informado;Meio de quadra;Não informado;Longo da via;0;1;0;1;1;0;0;0;0;0;0;0;0;(-38.56547549403224 -3.760936359865354);
OMD6209;2021-05-30 02:05:00;Rua Tenente Benévolo;;;MEIRELES;OMD6209;Colisão;Não informado;Não informado;Não informado;Meio de quadra;Não informado;Longo da via;0;1;0;1;1;0;0;0;0;0;0;0;0;(-38.5151643 -3.7261439);
WHE5842;2021-05-26 15:08:00;Rua Ciranda;;;GRANJA LISBOA;WHE5842;Colisão;Não informado;Não informado;Não informado;Meio de quadra;Não informado;Longo da via;0;1;0;0;0;0;0;0;0;0;0;0;0;(-38.61196355217271 -3.797260144679461);
HOX3192;2021-05-30 01:19:00;Avenida Washington Soares;;;JOSE DE ALENCAR;HOX3192;Colisão;Não informado;Não informado;Não informado;Meio de quadra;Não informado;Longo da via;0;1;0;0;2;0;0;0;0;0;0;0;0;(-38.4785102 -3.8064091);
ZKF3214;2021-05-30 00:47:00;Avenida Desembargador Gonzaga;;;PARQUE IRACEMA;ZKF3214;Colisão;Não informado;Não informado;Não informado;Meio de quadra;Não informado;Longo da via;0;1;0;1;1;0;0;0;0;0;0;0;0;(-38.4963969 -3.8018829);
RRF1913;2021-05-26 14:33:00;Rua Bady Miguel;AV FRE CIRILO;;MESSEJANA;RRF1913;Colisão;Não informado;Não informado;Não informado;T;Não informado;Longo da via;0;1;0;1;1;0;0;0;0;0;0;0;0;(-38.49277689479356 -3.827737544109791);
XOW4718;2021-05-30 00:22:00;RUA PADRE PEDRO DE ALENCAR;;;MESSEJANA;XOW4718;Colisão;Não informado;Não informado;Não informado;Meio de quadra;Não informado;Longo da via;0;1;0;1;1;0;0;0;0;0;0;0;0;(-38.494095 -3.8355645);
NTU1178;2021-05-26 12:41:00;Rua Coronel Guilherme Alencar;;;MESSEJANA;NTU1178;Atropelamento;Não informado;Não informado;Não informado;Meio de quadra;Não informado;Longo da via;0;1;0;0;1;0;0;0;0;0;0;0;0;(-38.4925001 -3.8349257);
WDP7773;2021-05-26 12:32:00;Avenida Sargento Hermínio Sampaio;;;PADRE ANDRADE;WDP7773;Colisão;Não informado;Não informado;Não informado;Meio de quadra;Não informado;Longo da via;0;2;0;0;0;0;0;0;0;0;0;0;0;(-38.58050123456355 -3.732025055948923);
MYJ7093;2021-05-26 12:05:00;Avenida Presidente Juscelino Kubitschek;;;PASSARE;MYJ7093;Colisão;Não informado;Não informado;Não informado;Meio de quadra;Não informado;Longo da via;0;1;0;1;1;0;0;0;0;0;0;0;0;(-38.5351377 -3.8214241);
THX8212;2021-05-29 23:21:00;Avenida Humberto Monte;;;PARQUELANDIA;THX8212;Colisão;Não informado;Não informado;Não informado;Meio de quadra;Não informado;Longo da via;0;2;0;1;1;0;0;0;0;0;0;0;0;(-38.5646148 -3.7443045);
JJP8181;2021-05-26 11:27:00;Avenida Santos Dumont;RUA DR JOSE LOURENCO;;ALDEOTA;JJP8181;Colisão;Não informado;Não informado;Não informado;Cruz;Não informado;Longo da via;0;1;0;0;2;0;0;0;0;0;0;0;0;(-38.5073708 -3.7333035);
PQH1533;2021-05-26 10:51:00;Avenida João Pessoa;RUA BAR SOBRAL;;PARANGABA;PQH1533;Colisão;Não informado;Não informado;Não informado;Cruz;Não informado;Longo da via;0;1;0;0;0;0;0;0;0;0;0;0;0;(-38.5587057 -3.7645096);
NDG7873;2021-05-26 10:26:00;Rua Chastinet Guimarães;RUA BAR CRATO;;VILA ELLERY;NDG7873;Colisão;Não informado;Não informado;Não informado;Cruz;Não informado;Longo da via;0;1;0;1;1;0;0;0;0;0;0;0;0;(-38.5658525 -3.7229085);
DBG2112;2021-05-26 10:25:00;Rua Júlio Braga;;;JOAO XXIII;DBG2112;Colisão;Não informado;Não informado;Não informado;Meio de quadra;Não informado;Longo da via;0;1;0;1;1;0;0;0;0;0;0;0;0;(-38.58715316124365 -3.773975842166517);
YMR5515;2021-05-26 10:20:00;Avenida Engenheiro Leal Lima Verde;;;EDSON QUEIROZ;YMR5515;Colisão;Não informado;Não informado;Não informado;Meio de quadra;Não informado;Longo da via;0;1;0;1;1;0;0;0;0;0;0;0;0;(-38.47638323446743 -3.786672555556445);
KAH4434;2021-05-26 09:50:00;Avenida Luciano Carneiro;;;VILA UNIAO;KAH4434;Colisão;Não informado;Não informado;Não informado;Meio de quadra;Não informado;Longo da via;0;2;0;1;1;0;0;0;0;0;0;0;0;(-38.53665247126664 -3.764710121752797);
GVU5822;2021-05-29 23:14:00;Avenida Washington Soares;;;PAUPINA;GVU5822;Colisão;Não informado;Não informado;Não informado;Meio de quadra;Não informado;Longo da via;0;1;0;0;0;0;0;0;0;0;1;0;0;(-38.4805975 -3.8446245);
WPD4185;2021-05-29 23:07:00;Rua Virgílio Brigido;;;PRESIDENTE KENNEDY;WPD4185;Colisão;Não informado;Não informado;Não informado;Meio de quadra;Não informado;Longo da via;0;1;0;0;0;0;0;0;0;0;1;0;0;(-38.5697769 -3.7259005);
XTC9795;2021-05-26 09:10:00;Avenida Genibaú;RUA ALVES BATISTA;;GENIBAU;XTC9795;Colisão;Não informado;Não informado;Não informado;Cruz;Não informado;Longo da via;0;1;0;0;1;0;0;0;0;1;0;0;0;(-38.6013392 -3.7605093);
QWU2379;2021-05-29 23:05:00;Rua Frei Odilon;;;FLORESTA;QWU2379;Atropelamento;Não informado;Não informado;Não informado;Meio de quadra;Não informado;Longo da via;0;1;0;1;0;0;0;0;0;0;0;0;0;(-38.5721054 -3.724008);
GZR8488;2021-05-29 22:46:00;Avenida Borges de Melo;;;AEROLANDIA;GZR8488;Colisão;Não informado;Não informado;Não informado;Meio de quadra;Não informado;Longo da via;0;1;0;1;1;0;0;0;0;0;0;0;0;(-38.5280016 -3.7602835);
XLB9700;2021-05-29 22:25:00;Rua Padre Valdevino;RUA GONCALVES LEDO;;JOAQUIM TVORA;XLB9700;Colisão;Não informado;Não informado;Não informado;Cruz;Não informado;Cruzamento;0;1;0;1;1;0;0;0;0;0;0;0;0;(-38.5186071 -3.738573299999999);
WJN0022;2021-05-29 22:00:00;Rua Euclídes Onófre de Souza;;;SAPIRANGA / COITE;WJN0022;Atropelamento;Não informado;Não informado;Não informado;Meio de quadra;Não informado;Longo da via;0;1;0;0;1;0;0;0;0;0;0;0;0;(-38.469019 -3.79754);
TRZ3191;2021-05-29 21:45:00;AV DUQUE DE CAXIAS;;;CENTRO;TRZ3191;Atropelamento;Não informado;Não informado;Não informado;Meio de quadra;Não informado;Longo da via;0;1;0;0;1;0;0;0;0;0;0;0;0;(-38.5332576 -3.7307412);
JNN6155;2021-05-29 21:40:00;Rua Xavier da Silveira;;;BOM JARDIM;JNN6155;Queda;Não informado;Não informado;Não informado;Meio de quadra;Não informado;Longo da via;0;1;0;0;0;0;0;0;0;1;0;0;0;(-38.6187272 -3.7902327);
IWN4707;2021-05-26 01:22:00;Avenida Humberto Monte;;;PARQUELANDIA;IWN4707;Atropelamento;Não informado;Não informado;Não informado;Meio de quadra;Não informado;Longo da via;0;1;0;0;0;0;0;0;0;0;0;0;0;(-38.56728331041479 -3.74104488571587);
JPO5570;2021-05-26 00:26:00;Rua Dona Leopoldina;RUA PINTO MADEIRA;;CENTRO;JPO5570;Colisão;Não informado;Não informado;Não informado;Meio de quadra;Não informado;Longo da via;0;1;0;1;1;0;0;0;0;0;0;0;0;(-38.5196763 -3.7316618);
UQB8413;2021-05-29 21:40:00;Rua Coronel Mozart Gondim;;;PARQUELANDIA;UQB8413;Queda;Não informado;Não informado;Não informado;Meio de quadra;Não informado;Longo da via;0;1;0;0;0;0;0;0;0;1;0;0;0;(-38.55939 -3.7320487);
VMP3541;2021-05-20 23:05:00;Avenida Augusto dos Anjos;;;VILA PERY;VMP3541;Queda;Não informado;Não informado;Não informado;Meio de quadra;Não informado;Longo da via;0;1;0;1;0;0;0;0;0;0;0;0;0;(-38.58127907893113 -3.782674074391528);
CMY2091;2021-05-25 22:48:00;Avenida Treze de Maio;;;FATIMA;CMY2091;Atropelamento;Não informado;Não informado;Não informado;Meio de quadra;Não informado;Longo da via;0;1;0;1;0;0;0;0;0;0;0;0;0;(-38.53228047643683 -3.746745798497654);
TCI3544;2021-05-25 21:52:00;Rua Brigadeiro Torres;RUA MON HIPOLITO BRASIL;;JOQUEI CLUBE;TCI3544;Colisão;Não informado;Não informado;Não informado;Meio de quadra;Não informado;Longo da via;0;2;0;0;0;0;0;0;0;0;0;0;0;(-38.57691990000001 -3.7599372);
TNG2250;2021-05-29 21:36:00;AV RAUL BARBOSA;;;AEROLANDIA;TNG2250;Colisão;Não informado;Não informado;Não informado;Meio de quadra;Não informado;Longo da via;0;1;0;1;1;0;0;0;0;0;0;0;0;(-38.5129508 -3.7779506);
HEL7202;2021-05-25 21:45:00;Rua Valdetário Mota;;;PAPICU;HEL7202;Colisão;Não informado;Não informado;Não informado;Meio de quadra;Não informado;Longo da via;0;1;0;1;1;0;0;0;0;0;0;0;0;(-38.47930148069057 -3.734728338101604);
PDF9696;2021-05-29 21:22:00;Avenida Sargento Hermínio Sampaio;;;MONTE CASTELO;PDF9696;Colisão;Não informado;Não informado;Não informado;Meio de quadra;Não informado;Longo da via;0;1;0;1;1;0;0;0;0;0;0;0;0;(-38.5536455 -3.7251204);
JIF1079;2021-05-25 21:40:00;Rua Oliveira Sobrinho;;;BONSUCESSO;JIF1079;Queda;Não informado;Não informado;Não informado;Meio de quadra;Não informado;Longo da via;0;1;0;1;0;0;0;0;0;0;0;0;0;(-38.590833 -3.781537699999999);
ZEL0337;2021-05-25 21:05:00;Avenida Humberto Monte;;;BELA VISTA;ZEL0337;Atropelamento;Não informado;Não informado;Não informado;Meio de quadra;Não informado;Longo da via;0;1;0;0;1;0;0;0;0;0;0;0;0;(-38.55856076599463 -3.751547383545194);
JNW8292;2021-05-25 20:00:00;CE-040;;;MESSEJANA;JNW8292;Colisão;Não informado;Não informado;Não informado;Meio de quadra;Não informado;Longo da via;0;1;0;2;0;0;0;0;0;0;0;0;0;(-38.47748295189245 -3.847086437134271);
SLR0427;2021-05-25 19:58:00;Rua Cidade Ecolơgica;;;EDSON QUEIROZ;SLR0427;Queda;Não informado;Não informado;Não informado;Meio de quadra;Não informado;Longo da via;0;1;0;1;0;0;0;0;0;0;0;0;0;(-38.46706525817766 -3.773729614016342);