COD_ACIDENTE;DATA;LOG1;LOG2;NUMERO;BAIRRO;AMC;NATUREZA;ILUMINACAO;TEMPO;SUPERFICIEPISTA;TIPOCRUZAMENTO;CONTROLETRAFEGO;USOSOLO;MORTOS;FERIDOS;ILESOS;MOTOCICLETA;AUTOMOVEL;MICROONIBUS;CAMINHAO;ONIBUS;CICLOMOTOR;BICICLETA;OUTROS;TREM;TRACAOANIMAL;COORDENADAS
YHD1582;2021-05-29 20:54:00;Avenida João Pessoa;;;PARANGABA;YHD1582;Colisão;Não informado;Não informado;Não informado;Meio de quadra;Não informado;Longo da via;0;1;0;1;1;0;0;0;0;0;0;0;0;(-38.5601806 -3.7681754);
PAL9700;2021-05-25 19:39:00;Avenida Rui Barbosa;;;MEIRELES;PAL9700;Queda;Não informado;Não informado;Não informado;Meio de quadra;Não informado;Longo da via;0;1;0;0;0;0;0;0;0;1;0;0;0;(-38.50606992384427 -3.725649559558948);
VVR5339;2021-05-25 19:27:00;Avenida General Osório de Paiva;;;CANINDEZINHO;VVR5339;Colisão;Não informado;Não informado;Não informado;Meio de quadra;Não informado;Longo da via;0;1;0;1;1;0;0;0;0;0;0;0;0;(-38.60431387986416 -3.807232057554059);
PER5173;2021-05-29 20:54:00;Avenida Rogaciano Leite;;;COCO;PER5173;Queda;Não informado;Não informado;Não informado;Meio de quadra;Não informado;Longo da via;0;1;0;0;0;0;0;0;0;1;0;0;0;(-38.4920396 -3.7584627);
IQE1012;2021-05-25 19:10:00;Rua Vilebaldo Aguiar;;;PAPICU;IQE1012;Colisão;Não informado;Não informado;Não informado;Meio de quadra;Não informado;Longo da via;0;1;0;1;1;0;0;0;0;0;0;0;0;(-38.48446741431493 -3.741692596924055);
CGF4764;2021-05-29 20:32:00;Rua Delmiro Gouvêia;RUA JULIO ABREU;;ALDEOTA;CGF4764;Colisão;Não informado;Não informado;Não informado;Meio de quadra;Não informado;Cruzamento;0;1;0;1;1;0;0;0;0;0;0;0;0;(-38.4880793 -3.7359429);
STS5266;2021-05-29 20:16:00;Avenida Aguanambi;;;FATIMA;STS5266;Queda;Não informado;Não informado;Não informado;Meio de quadra;Não informado;Longo da via;0;1;0;1;0;0;0;0;0;0;0;0;0;(-38.524527 -3.7376598);
RLS2791;2021-05-25 18:24:00;Rua Teodomiro de Castro;;;ALVARO WEYNE;RLS2791;Colisão;Não informado;Não informado;Não informado;Meio de quadra;Não informado;Longo da via;0;1;0;1;0;0;0;0;0;0;0;0;0;(-38.57645646594946 -3.717004291265156);
HGH2189;2021-05-25 16:22:00;Rua Cônego de Castro;;;PARQUE SANTA ROSA;HGH2189;Colisão;Não informado;Não informado;Não informado;Meio de quadra;Não informado;Longo da via;0;2;0;2;0;0;0;0;0;0;0;0;0;(-38.59580055525366 -3.80943196482258);
DDJ9123;2021-05-29 19:21:00;Avenida Sargento Hermínio Sampaio;;;MONTE CASTELO;DDJ9123;Queda;Não informado;Não informado;Não informado;Meio de quadra;Não informado;Longo da via;0;2;0;1;0;0;0;0;0;0;0;0;0;(-38.5620335 -3.7263302);
DJE8127;2021-05-29 18:35:00;Rua Bento Albuquerque;;;COCO;DJE8127;Colisão;Não informado;Não informado;Não informado;Meio de quadra;Não informado;Longo da via;0;1;0;1;1;0;0;0;0;0;0;0;0;(-38.4778054 -3.7452862);
PAR6240;2021-05-25 15:28:00;Avenida Presidente Costa e Silva;;;PREFEITO JOSE VALTER;PAR6240;Colisão;Não informado;Não informado;Não informado;Meio de quadra;Não informado;Longo da via;0;1;0;1;1;0;0;0;0;0;0;0;0;(-38.5458256387648 -3.824220976290647);
ESS0526;2021-05-29 16:47:00;Rua Doutor Francisco Gadelha;;;ENGENHEIRO LUCIANO CAVALCANTE;ESS0526;Colisão;Não informado;Não informado;Não informado;Meio de quadra;Não informado;Longo da via;0;1;0;0;1;0;0;0;0;1;0;0;0;(-38.4874842 -3.7759426);
DQX7336;2021-05-29 15:26:00;Rua INGLATERRA;;;MARAPONGA;DQX7336;Queda;Não informado;Não informado;Não informado;Meio de quadra;Não informado;Longo da via;0;1;0;0;0;0;0;0;0;1;0;0;0;(-38.5600478 -3.7833264);
WAU2291;2021-05-25 14:13:00;Avenida Professor José Arthur de Carvalho;;;LAGOA REDONDA;WAU2291;Colisão;Não informado;Não informado;Não informado;Meio de quadra;Não informado;Longo da via;0;1;0;2;0;0;0;0;0;0;0;0;0;(-38.4702731752333 -3.827052430050445);
JWU9125;2021-05-25 12:13:00;Rua Dezesseis;;;PREFEITO JOSE VALTER;JWU9125;Colisão;Não informado;Não informado;Não informado;Meio de quadra;Não informado;Longo da via;0;1;0;1;1;0;0;0;0;0;0;0;0;(-38.55600730043208 -3.823766015929462);
ONX4429;2021-05-29 15:02:00;Rua Carlos Câmara;RUA JOAO SORONGO;;JARDIM AMERICA;ONX4429;Colisão;Não informado;Não informado;Não informado;Cruz;Não informado;Cruzamento;0;1;0;2;0;0;0;0;0;0;0;0;0;(-38.5452405 -3.7493897);
DBL3223;2021-05-25 11:14:00;Avenida Lineu Machado;;;JOAO XXIII;DBL3223;Queda;Não informado;Não informado;Não informado;Meio de quadra;Não informado;Longo da via;0;1;0;1;0;0;0;0;0;0;0;0;0;(-38.579614 -3.771146);
AFL0728;2021-05-25 10:46:00;Rua Professor Heribaldo Costa;;;HENRIQUE JORGE;AFL0728;Colisão;Não informado;Não informado;Não informado;Meio de quadra;Não informado;Longo da via;0;2;0;2;0;0;0;0;0;0;0;0;0;(-38.58204080916713 -3.754978600399132);
CQB3108;2021-05-25 07:44:00;BR-116;;;MESSEJANA;CQB3108;Atropelamento;Não informado;Não informado;Não informado;Meio de quadra;Não informado;Longo da via;0;2;0;1;0;0;0;0;0;0;0;0;0;(-38.50093618681493 -3.839298761116977);
INU7646;2021-05-29 14:04:00;AV PRE CASTELO BRANCO;;;BARRA DO CEARA;INU7646;Colisão;Não informado;Não informado;Não informado;Meio de quadra;Não informado;Longo da via;0;1;0;0;2;0;0;0;0;0;0;0;0;(-38.5783717 -3.704415099999999);
RMF7204;2021-05-25 05:21:00;Rua Luiz Francisco Xavier;;;PAUPINA;RMF7204;Não informado;Não informado;Não informado;Não informado;Meio de quadra;Não informado;Longo da via;0;1;0;1;0;0;0;0;0;0;0;0;0;(-38.48745370877309 -3.846521013438364);
DUN7692;2021-05-29 13:53:00;AV MAJOR ASSIS;;;BARRA DO CEARA;DUN7692;Colisão;Não informado;Não informado;Não informado;Meio de quadra;Não informado;Longo da via;0;1;0;2;0;0;0;0;0;0;0;0;0;(-38.5995761 -3.7208003);
LER9806;2021-05-29 13:53:00;Avenida 20 de Janeiro;RUA POTI;;BARRA DO CEARA;LER9806;Colisão;Não informado;Não informado;Não informado;Cruz;Não informado;Cruzamento;0;1;0;1;1;0;0;0;0;0;0;0;0;(-38.5833548 -3.704698);
PNW3240;2021-05-29 13:29:00;Rua Ana Néri;RUA ALBERTO MAGNO;;MONTESE;PNW3240;Colisão;Não informado;Não informado;Não informado;Cruz;Não informado;Cruzamento;0;1;0;0;1;0;0;0;0;1;0;0;0;(-38.5410669 -3.7547101);
UDR4429;2021-05-29 13:17:00;Avenida Godofredo Maciel;;;MARAPONGA;UDR4429;Colisão;Não informado;Não informado;Não informado;Meio de quadra;Não informado;Longo da via;0;1;0;1;1;0;0;0;0;0;0;0;0;(-38.5662379 -3.7843739);
MXL3033;2021-05-29 12:51:00;Rua Delta;;;MANOEL SATIRO;MXL3033;Queda;Não informado;Não informado;Não informado;Meio de quadra;Não informado;Longo da via;0;1;0;1;0;0;0;0;0;0;0;0;0;(-38.5769508 -3.7910678);
QCU5085;2021-05-29 11:59:00;Rua Sargento João Pinheiro;;;BOM JARDIM;QCU5085;Colisão;Não informado;Não informado;Não informado;Meio de quadra;Não informado;Longo da via;0;1;0;1;1;0;0;0;0;0;0;0;0;(-38.6231858 -3.7841572);
CWW4293;2021-05-29 10:54:00;Rua Boaventura;;;DIAS MACEDO;CWW4293;Queda;Não informado;Não informado;Não informado;Meio de quadra;Não informado;Longo da via;0;1;0;1;0;0;0;0;0;0;0;0;0;(-38.5241048 -3.7865263);
KDD2828;2021-05-29 10:52:00;Rua Cosma Bezerra;;;MONDUBIM;KDD2828;Atropelamento;Não informado;Não informado;Não informado;Meio de quadra;Não informado;Longo da via;0;1;0;0;1;0;0;0;0;0;0;0;0;(-38.5888334 -3.825534);
VAN9234;2021-05-29 10:20:00;Avenida Washington Soares;;;MESSEJANA;VAN9234;Atropelamento;Não informado;Não informado;Não informado;Meio de quadra;Não informado;Longo da via;0;1;0;1;0;0;0;0;0;0;0;0;0;(-38.48134530000001 -3.8376824);
LTF6652;2021-05-29 09:24:00;AV WASHINGTON SOARES;;;JOSE DE ALENCAR;LTF6652;Colisão;Não informado;Não informado;Não informado;Meio de quadra;Não informado;Longo da via;0;1;0;0;1;0;0;0;0;1;0;0;0;(-38.4794868 -3.8019547);
JYN1598;2021-05-29 03:28:00;Rua Nereide;;;GRANJA PORTUGAL;JYN1598;Colisão;Não informado;Não informado;Não informado;Meio de quadra;Não informado;Longo da via;0;1;0;1;1;0;0;0;0;0;0;0;0;(-38.5959848 -3.7882788);
LGI6968;2021-05-31 01:00:00;CE-040;;;CAMBEBA;LGI6968;Queda;Não informado;Não informado;Não informado;Meio de quadra;Não informado;Longo da via;0;1;0;1;0;0;0;0;0;0;0;0;0;(-38.4805365 -3.8135908);
FYS0866;2021-05-25 02:43:00;Avenida Deputado Paulino Rocha;;;CASTELAO;FYS0866;Queda;Não informado;Não informado;Não informado;Meio de quadra;Não informado;Longo da via;0;1;0;1;0;0;0;0;0;0;0;0;0;(-38.5162212 -3.8108679);
DQU1582;2021-05-31 00:32:00;Avenida Coronel Carvalho;;;BARRA DO CEARA;DQU1582;Queda;Não informado;Não informado;Não informado;Meio de quadra;Não informado;Longo da via;0;1;0;1;0;0;0;0;0;0;0;0;0;(-38.5915171 -3.7027706);
NEE2463;2021-05-25 00:18:00;Avenida Treze de Maio;;;FATIMA;NEE2463;Atropelamento;Não informado;Não informado;Não informado;Meio de quadra;Não informado;Longo da via;0;1;0;1;0;0;0;0;0;0;0;0;0;(-38.52856829681441 -3.750016446248636);
TAH1139;2021-05-24 23:11:00;Avenida Domingos Olímpio;;;JOSE BONIFACIO;TAH1139;Atropelamento;Não informado;Não informado;Não informado;Meio de quadra;Não informado;Longo da via;0;1;0;0;1;0;0;0;0;0;0;0;0;(-38.53464617047868 -3.735536644613823);
VSD6821;2021-05-24 22:34:00;Avenida Governador Raul Barbosa;;;SAO JOAO DO TAUAPE;VSD6821;Colisão;Não informado;Não informado;Não informado;Meio de quadra;Não informado;Longo da via;0;1;0;2;0;0;0;0;0;0;0;0;0;(-38.5088994 -3.7657658);
VXB4135;2021-05-24 22:29:00;Avenida Barão de Studart;;;MEIRELES;VXB4135;Colisão;Não informado;Não informado;Não informado;Meio de quadra;Não informado;Longo da via;0;1;0;1;1;0;0;0;0;0;0;0;0;(-38.50422456052333 -3.727180539400031);
LNK3872;2021-05-31 00:15:00;Rua Graça Aranha;;;BARRA DO CEARA;LNK3872;Colisão;Não informado;Não informado;Não informado;Meio de quadra;Não informado;Longo da via;0;1;0;1;0;0;0;0;1;0;0;0;0;(-38.5740748 -3.710577);
FOI8713;2021-05-24 22:28:00;Avenida C;;;PREFEITO JOSE VALTER;FOI8713;Queda;Não informado;Não informado;Não informado;Meio de quadra;Não informado;Longo da via;0;1;0;0;0;0;0;0;0;1;0;0;0;(-38.5558816 -3.8287325);
BLO5559;2021-05-31 00:07:00;RUA GUILHERME DE ALMEIDA ;RUA PEDRO DE SOUZA;;MESSEJANA;BLO5559;Colisão;Não informado;Não informado;Não informado;Cruz;Não informado;Cruzamento;0;1;0;1;1;0;0;0;0;0;0;0;0;(-38.4975762 -3.8546023);
QYS7909;2021-05-24 21:55:00;Avenida Treze de Maio;;;FATIMA;QYS7909;Colisão;Não informado;Não informado;Não informado;Meio de quadra;Não informado;Longo da via;0;1;0;2;0;0;0;0;0;0;0;0;0;(-38.5330046876493 -3.74610879694001);
BRO6340;2021-05-24 21:42:00;Rua Argentina;;;BELA VISTA;BRO6340;Colisão;Não informado;Não informado;Não informado;Meio de quadra;Não informado;Longo da via;0;1;0;0;1;0;1;0;0;0;0;0;0;(-38.56555060174913 -3.748399859199992);
SMP4019;2021-05-30 23:10:00;Avenida Quarto Anel Viario;;;PEDRAS;SMP4019;Queda;Não informado;Não informado;Não informado;Meio de quadra;Não informado;Longo da via;0;2;0;1;0;0;0;0;0;0;0;0;0;(-38.5779401 -3.8450854);
OKI4729;2021-05-24 20:23:00;Jangurussu;;;JANGURUSSU;OKI4729;Queda;Não informado;Não informado;Não informado;Meio de quadra;Não informado;Longo da via;0;1;0;0;0;0;0;0;0;1;0;0;0;(-38.51156309822821 -3.858251324724729);
ENH1327;2021-05-30 22:44:00;Avenida Historiador Raimundo Girão;RUA JOAO CORDEIRO;;PRAIA DE IRACEMA;ENH1327;Atropelamento;Não informado;Não informado;Não informado;Cruz;Não informado;Cruzamento;0;1;0;1;0;0;0;0;0;0;0;0;0;(-38.511874 -3.7209205);
RFH1698;2021-05-24 20:01:00;Avenida Edilson Brasil Soares;AV WASHINGTON SOARES;;SAPIRANGA / COITE;RFH1698;Colisão;Não informado;Não informado;Não informado;Meio de quadra;Não informado;Longo da via;0;1;0;1;1;0;0;0;0;0;0;0;0;(-38.48073378569982 -3.789530896234832);
MDK8775;2021-05-30 22:42:00;Rua João Bezerra;;;LAGOA REDONDA;MDK8775;Colisão;Não informado;Não informado;Não informado;Meio de quadra;Não informado;Longo da via;0;1;0;0;0;0;0;0;0;0;1;0;0;(-38.4537953 -3.8080963);
MWD2705;2021-05-30 22:18:00;AV DOLOR BARREIRA;;;VICENTE PINZON;MWD2705;Queda;Não informado;Não informado;Não informado;Meio de quadra;Não informado;Longo da via;0;1;0;1;0;0;0;0;0;0;0;0;0;(-38.4724491 -3.729857399999999);
OPA7970;2021-05-30 21:18:00;Rua São Francisco;;;BOM JARDIM;OPA7970;Queda;Não informado;Não informado;Não informado;Meio de quadra;Não informado;Longo da via;0;1;0;1;0;0;0;0;0;0;0;0;0;(-38.6029719 -3.7981374);
PRN4719;2021-05-24 15:54:00;Avenida Jornalista Tomaz Coelho;;;JANGURUSSU;PRN4719;Atropelamento;Não informado;Não informado;Não informado;Meio de quadra;Não informado;Longo da via;0;1;0;0;1;0;0;0;0;0;0;0;0;(-38.51730302035934 -3.828122920527301);
MUW1783;2021-05-24 15:35:00;Avenida Pontes Vieira;;;FATIMA;MUW1783;Colisão;Não informado;Não informado;Não informado;Meio de quadra;Não informado;Longo da via;0;1;0;1;1;0;0;0;0;0;0;0;0;(-38.52001206671198 -3.753527962781202);
YAI9064;2021-05-30 21:03:00;Avenida General Osório de Paiva;;;PARANGABA;YAI9064;Colisão;Não informado;Não informado;Não informado;Meio de quadra;Não informado;Longo da via;0;2;0;1;0;0;0;1;0;0;0;0;0;(-38.6046507 -3.8079129);
NBZ1624;2021-05-24 15:33:00;Rua Capitão Justino Ferreira Ramos;;;CURIO;NBZ1624;Atropelamento;Não informado;Não informado;Não informado;Meio de quadra;Não informado;Longo da via;0;2;0;1;0;0;0;0;0;0;0;0;0;(-38.47460064480703 -3.827562836731427);
YVT7007;2021-05-30 20:54:00;Avenida José Bastos;;;DAMAS;YVT7007;Colisão;Não informado;Não informado;Não informado;Meio de quadra;Não informado;Longo da via;0;1;0;1;1;0;0;0;0;0;0;0;0;(-38.55380252391812 -3.753688550089996);
GJU1413;2021-05-24 14:38:00;Avenida Maestro Lisboa;;;LAGOA REDONDA;GJU1413;Queda;Não informado;Não informado;Não informado;Meio de quadra;Não informado;Longo da via;0;1;0;1;0;0;0;0;0;0;0;0;0;(-38.4644437 -3.8077861);
MGO1823;2021-05-30 20:43:00;Rua Rosa Cruz;;;MARAPONGA;MGO1823;Queda;Não informado;Não informado;Não informado;Meio de quadra;Não informado;Longo da via;0;1;0;1;0;0;0;0;0;0;0;0;0;(-38.5687558 -3.798425899999999);
YTN1028;2021-05-30 20:07:00;Avenida J;;;CONJUNTO CEARA II;YTN1028;Queda;Não informado;Não informado;Não informado;Meio de quadra;Não informado;Longo da via;0;1;0;1;0;0;0;0;0;0;0;0;0;(-38.6141691 -3.76342);
WPY2553;2021-05-24 14:31:00;Avenida Major Assis;;;VILA VELHA;WPY2553;Atropelamento;Não informado;Não informado;Não informado;Meio de quadra;Não informado;Longo da via;0;2;0;1;0;0;0;0;0;0;0;0;0;(-38.5985062 -3.7212431);
RRX7506;2021-05-24 13:58:00;Avenida Santos Dumont;AV RUI BARBOSA;;MEIRELES;RRX7506;Colisão;Não informado;Não informado;Não informado;Cruz;Não informado;Longo da via;0;1;0;1;1;0;0;0;0;0;0;0;0;(-38.5084479 -3.7329451);
VAL2428;2021-05-30 19:36:00;Avenida Francisco Sá;;;CARLITO PAMPLONA;VAL2428;Atropelamento;Não informado;Não informado;Não informado;Meio de quadra;Não informado;Longo da via;0;1;0;1;0;0;0;0;0;0;0;0;0;(-38.5692879 -3.7126712);
ZGZ8468;2021-05-24 13:57:00;Avenida Bezerra de Menezes;RUA DOM LINO;;PARQUELANDIA;ZGZ8468;Colisão;Não informado;Não informado;Não informado;Cruz;Não informado;Longo da via;0;1;0;1;1;0;0;0;0;0;0;0;0;(-38.5575619 -3.7343141);
URD7771;2021-05-30 19:15:00;Rua Coronel Matos Dourado;;;PADRE ANDRADE;URD7771;Colisão;Não informado;Não informado;Não informado;Meio de quadra;Não informado;Longo da via;0;1;0;1;1;0;0;0;0;0;0;0;0;(-38.5828855 -3.7541442);
YCR0756;2021-05-24 12:48:00;Rua Via Láctea;;;AEROPORTO;YCR0756;Colisão;Não informado;Não informado;Não informado;Meio de quadra;Não informado;Longo da via;0;1;0;2;0;0;0;0;0;0;0;0;0;(-38.52920130775966 -3.762295986599333);
ZMS8121;2021-05-30 19:08:00;Avenida Doutor Silas Munguba;;;PARANGABA;ZMS8121;Queda;Não informado;Não informado;Não informado;Meio de quadra;Não informado;Longo da via;0;1;0;1;0;0;0;0;0;0;0;0;0;(-38.5474414 -3.7877277);
OUP8782;2021-05-24 11:11:00;Avenida Senador Fernandes Távora;;;AUTRAN NUNES;OUP8782;Queda;Não informado;Não informado;Não informado;Meio de quadra;Não informado;Longo da via;0;1;0;1;0;0;0;0;0;0;0;0;0;(-38.59374597775295 -3.756070591702164);
FXI7950;2021-05-24 10:43:00;Avenida da Liberdade;;;GENIBAU;FXI7950;Queda;Não informado;Não informado;Não informado;Meio de quadra;Não informado;Longo da via;0;1;0;1;0;0;0;0;0;0;0;0;0;(-38.6012451 -3.7498857);
SZR0737;2021-05-30 18:42:00;Rua Afrodísio Gondim;;;BOM FUTURO;SZR0737;Queda;Não informado;Não informado;Não informado;Meio de quadra;Não informado;Longo da via;0;1;0;1;0;0;0;0;0;0;0;0;0;(-38.5444009 -3.758324);
AMD4806;2021-05-30 18:08:00;AV JOSE BASTOS;;;RODOLFO TEOFILO;AMD4806;Colisão;Não informado;Não informado;Não informado;Meio de quadra;Não informado;Longo da via;0;1;0;1;1;0;0;0;0;0;0;0;0;(-38.5538192 -3.7537702);
ICJ8804;2021-05-24 10:15:00;Rua Emílio de Menezes;;;BONSUCESSO;2105240141;Colisão;Não informado;Não informado;Não informado;Meio de quadra;Não informado;Longo da via;0;1;0;2;0;0;0;0;0;0;0;0;0;(-50.15974238691921 -25.11078896463673);
ZNQ1735;2021-05-30 17:23:00;Rua 8;;;MONDUBIM;ZNQ1735;Colisão;Não informado;Não informado;Não informado;Meio de quadra;Não informado;Longo da via;0;1;0;1;1;0;0;0;0;0;0;0;0;(-38.5783707 -3.8116264);
LUQ2577;2021-05-24 10:03:00;Avenida Antônio Sales;;;DIONISIO TORRES;LUQ2577;Colisão;Não informado;Não informado;Não informado;Meio de quadra;Não informado;Longo da via;0;1;0;1;1;0;0;0;0;0;0;0;0;(-38.51290956246212 -3.742190424221408);
GWL1343;2021-05-30 16:52:00;Avenida Castelo de Castro;;;JANGURUSSU;GWL1343;Colisão;Não informado;Não informado;Não informado;Meio de quadra;Não informado;Longo da via;0;2;0;0;0;0;0;0;0;0;1;0;0;(-38.5217297 -3.8404068);
LDF3666;2021-05-30 15:02:00;Rua Betel;;;ITAPERI;LDF3666;Atropelamento;Não informado;Não informado;Não informado;Meio de quadra;Não informado;Longo da via;0;2;0;1;0;0;0;0;0;0;0;0;0;(-38.5526492 -3.7922126);
RLD4179;2021-05-30 12:37:00;Avenida João Pessoa;;;DAMAS;RLD4179;Queda;Não informado;Não informado;Não informado;Meio de quadra;Não informado;Longo da via;0;1;0;1;0;0;0;0;0;0;0;0;0;(-38.5517113 -3.7552097);
AMT6073;2021-05-30 11:31:00;Rua Galileu;RUA PERU;;SERRINHA;AMT6073;Colisão;Não informado;Não informado;Não informado;Meio de quadra;Não informado;Cruzamento;0;1;0;1;1;0;0;0;0;0;0;0;0;(-38.5522978 -3.7765226);
AQH8276;2021-05-24 10:01:00;Avenida Presidente Costa e Silva;;;PREFEITO JOSE VALTER;AQH8276;Colisão;Não informado;Não informado;Não informado;Meio de quadra;Não informado;Longo da via;0;1;0;1;1;0;0;0;0;0;0;0;0;(-46.4135454 -24.0065743);
HHX5634;2021-05-30 11:09:00;Rua Dezenove de Março;;;PLANALTO AYRTON SENNA;HHX5634;Queda;Não informado;Não informado;Não informado;Meio de quadra;Não informado;Longo da via;0;1;0;1;0;0;0;0;0;0;0;0;0;(-38.5655052 -3.8365471);
ULY0740;2021-05-24 04:09:00;Rua Benjamim Brasil;;;MARAPONGA;ULY0740;Colisão;Não informado;Não informado;Não informado;Meio de quadra;Não informado;Longo da via;0;1;0;1;1;0;0;0;0;0;0;0;0;(-38.57041076471869 -3.803736816198962);
IZQ2691;2021-05-30 10:16:00;Rodovia Br116;;;MESSEJANA;IZQ2691;Colisão;Não informado;Não informado;Não informado;Meio de quadra;Não informado;Longo da via;0;1;0;1;1;0;0;0;0;0;0;0;0;(-38.50612227119673 -3.797043446319432);
KDS5965;2021-05-24 00:25:00;Rua Natal;;;HENRIQUE JORGE;KDS5965;Queda;Não informado;Não informado;Não informado;Meio de quadra;Não informado;Longo da via;0;1;0;1;0;0;0;0;0;0;0;0;0;(-38.59169140330175 -3.760823949686115);
RAR3237;2021-05-30 09:17:00;Avenida Doutor Theberge;;;ALVARO WEYNE;RAR3237;Queda;Não informado;Não informado;Não informado;Meio de quadra;Não informado;Longo da via;0;1;0;1;0;0;0;0;0;0;0;0;0;(-38.5660899 -3.7177026);
KDE8674;2021-05-24 00:14:00;Rua São Francisco;;;BOM JARDIM;KDE8674;Colisão;Não informado;Não informado;Não informado;Meio de quadra;Não informado;Longo da via;0;1;0;0;0;0;0;0;0;0;0;0;0;(-38.60267236794704 -3.800969517046014);
AMS4190;2021-05-30 08:34:00;Rua Astrogildo Fontoura;;;BARRA DO CEARA;AMS4190;Colisão;Não informado;Não informado;Não informado;Meio de quadra;Não informado;Longo da via;0;1;0;0;0;0;0;0;0;0;1;0;0;(-38.5794778 -3.7124456);
VYQ3573;2021-05-24 00:11:00;Rua Luiza Miranda Coelho;AV PINTO BANDEIRA D56;;ENGENHEIRO LUCIANO CAVALCANTE;VYQ3573;Colisão;Não informado;Não informado;Não informado;Cruz;Não informado;Longo da via;0;1;0;1;1;0;0;0;0;0;0;0;0;(-38.48719629318023 -3.774957324945086);
SIW3714;2021-05-30 07:46:00;Rua 541 E;;;CONJUNTO CEARA I;SIW3714;Queda;Não informado;Não informado;Não informado;Meio de quadra;Não informado;Longo da via;0;1;0;1;0;0;0;0;0;0;0;0;0;(-38.6111563 -3.769474299999999);
HQX0185;2021-05-23 23:08:00;Rua Comendador Garcia;RUA ARRUDA CAMARA;;VILA PERY;HQX0185;Colisão;Não informado;Não informado;Não informado;Cruz;Não informado;Longo da via;0;2;0;2;0;0;0;0;0;0;0;0;0;(-38.5816399 -3.7914114);
XDV3584;2021-05-23 22:53:00;Rua P;;;VILA VELHA;XDV3584;Colisão;Não informado;Não informado;Não informado;Meio de quadra;Não informado;Longo da via;0;1;0;2;0;0;0;0;0;0;0;0;0;(-38.60670105339393 -3.716078198673079);
FHI8742;2021-05-30 07:36:00;TR PROGRESSO;RUA DO CANAL (TAUAPE);;SAO JOAO DO TAUAPE;FHI8742;Colisão;Não informado;Não informado;Não informado;T;Não informado;Cruzamento;0;1;0;0;0;0;0;0;0;0;1;0;0;(-38.51287038754934 -3.762110560268236);
CQV8196;2021-05-23 22:40:00;Rua da Amizade;;;JARDIM DAS OLIVEIRAS;CQV8196;Queda;Não informado;Não informado;Não informado;Meio de quadra;Não informado;Longo da via;0;1;0;1;0;0;0;0;0;0;0;0;0;(-38.50687995659663 -3.783316401927396);
LMY9587;2021-05-23 22:37:00;Rua Meton de Alencar;;;CENTRO;LMY9587;Colisão;Não informado;Não informado;Não informado;Meio de quadra;Não informado;Longo da via;0;1;0;1;1;0;0;0;0;0;0;0;0;(-38.52535501721736 -3.735359994909823);
WMK3809;2021-05-30 07:30:00;Rua Vitória da Conquista;;;MANUEL DIAS BRANCO;WMK3809;Queda;Não informado;Não informado;Não informado;Meio de quadra;Não informado;Longo da via;0;1;0;1;0;0;0;0;0;0;0;0;0;(-38.4688611 -3.7566244);
XDA2603;2021-05-30 03:57:00;Rua 5 CONJUNTO TAMANDARE;;;JANGURUSSU;XDA2603;Colisão;Não informado;Não informado;Não informado;Meio de quadra;Não informado;Longo da via;0;2;0;0;0;0;0;0;0;0;1;0;0;(-38.5196114 -3.8394436);
FSR3382;2021-05-23 22:25:00;Avenida Almirante Barroso;;;PRAIA DE IRACEMA;FSR3382;Colisão;Não informado;Não informado;Não informado;Meio de quadra;Não informado;Longo da via;0;2;0;1;1;0;0;0;0;0;0;0;0;(-38.51821497118984 -3.720606942790453);
KDQ4326;2021-05-23 22:11:00;Avenida Alberto Craveiro;;;DIAS MACEDO;KDQ4326;Atropelamento de Animal;Não informado;Não informado;Não informado;Meio de quadra;Não informado;Longo da via;0;1;0;1;0;0;0;0;0;0;0;0;0;(-38.52082207506822 -3.802163150071797);
NBU5860;2021-05-23 21:43:00;Avenida Evilásio Almeida Miranda;;;SAPIRANGA / COITE;NBU5860;Colisão;Não informado;Não informado;Não informado;Meio de quadra;Não informado;Longo da via;0;1;0;2;0;0;0;0;0;0;0;0;0;(-38.46699387423718 -3.797577874056112);
OWY4176;2021-05-23 21:05:00;Avenida Washington Soares;;;MESSEJANA;OWY4176;Colisão;Não informado;Não informado;Não informado;Meio de quadra;Não informado;Longo da via;0;1;0;1;1;0;0;0;0;0;0;0;0;(-38.48140368035197 -3.825048016666949);
ZKO0372;2021-05-23 20:20:00;Rua 12;;;MONDUBIM;ZKO0372;Queda;Não informado;Não informado;Não informado;Meio de quadra;Não informado;Longo da via;0;1;0;0;0;0;0;0;0;1;0;0;0;(-38.58067825683986 -3.814072626669166);
GLK5372;2021-05-31 23:43:00;Avenida Major Assis;;;VILA VELHA;GLK5372;Colisão;Não informado;Não informado;Não informado;Meio de quadra;Não informado;Longo da via;0;1;0;2;0;0;0;0;0;0;0;0;0;(-38.6044959 -3.7195183);