COD_ACIDENTE;DATA;LOG1;LOG2;NUMERO;BAIRRO;AMC;NATUREZA;ILUMINACAO;TEMPO;SUPERFICIEPISTA;TIPOCRUZAMENTO;CONTROLETRAFEGO;USOSOLO;MORTOS;FERIDOS;ILESOS;MOTOCICLETA;AUTOMOVEL;MICROONIBUS;CAMINHAO;ONIBUS;CICLOMOTOR;BICICLETA;OUTROS;TREM;TRACAOANIMAL;COORDENADAS
DXW4962;2021-05-23 20:03:00;Avenida Antônio Justa;;;MEIRELES;DXW4962;Atropelamento;Não informado;Não informado;Não informado;Meio de quadra;Não informado;Longo da via;0;1;0;0;1;0;0;0;0;0;0;0;0;(-38.4914108 -3.7287445);
HTZ2529;2021-05-31 23:07:00;AV CONTORNO NORTE;;;CONJUNTO ESPERANCA;HTZ2529;Queda;Não informado;Não informado;Não informado;Meio de quadra;Não informado;Longo da via;0;1;0;1;0;0;0;0;0;0;0;0;0;(-38.5872718 -3.8146685);
RIO7768;2021-05-23 19:58:00;Rua Manuel Dias Branco;;;VICENTE PINZON;RIO7768;Colisão;Não informado;Não informado;Não informado;Meio de quadra;Não informado;Longo da via;0;1;0;0;0;0;0;0;0;0;0;0;0;(-38.47718790491299 -3.721645445844775);
LMW1846;2021-05-31 22:43:00;Avenida H;;;PREFEITO JOSE VALTER;LMW1846;Atropelamento;Não informado;Não informado;Não informado;Meio de quadra;Não informado;Longo da via;0;1;0;1;0;0;0;0;0;0;0;0;0;(-38.5572418 -3.8415778);
GXG1189;2021-05-23 18:14:00;Avenida Bezerra de Menezes;;;FARIAS BRITO;GXG1189;Colisão;Não informado;Não informado;Não informado;Meio de quadra;Não informado;Longo da via;0;1;0;1;1;0;0;0;0;0;0;0;0;(-38.55783120537715 -3.734412509527036);
EYQ5687;2021-05-23 18:02:00;Avenida Bernardo Manuel;;;ITAPERI;EYQ5687;Queda;Não informado;Não informado;Não informado;Meio de quadra;Não informado;Longo da via;0;1;0;0;0;0;0;0;0;1;0;0;0;(-38.54930714465868 -3.791944955630829);
VOW0012;2021-05-31 22:13:00;Rua José Dantas Pereira;;;CANINDEZINHO;VOW0012;Atropelamento;Não informado;Não informado;Não informado;Meio de quadra;Não informado;Longo da via;0;1;0;0;0;0;0;0;0;0;1;0;0;(-38.607706 -3.8224972);
VLP6861;2021-05-23 16:47:00;Avenida Washington Soares;;;MESSEJANA;VLP6861;Colisão;Não informado;Não informado;Não informado;Meio de quadra;Não informado;Longo da via;0;1;0;0;0;0;0;0;0;0;0;0;0;(-38.4796922 -3.8399574);
QWM3385;2021-05-31 22:05:00;Avenida Bernardo Manuel;;;MONDUBIM;QWM3385;Colisão;Não informado;Não informado;Não informado;Meio de quadra;Não informado;Longo da via;0;1;0;0;0;0;0;0;0;0;1;0;0;(-38.5557726 -3.8121928);
CMV1583;2021-05-31 22:04:00;Avenida Rui Barbosa;;;JOAQUIM TVORA;CMV1583;Queda;Não informado;Não informado;Não informado;Meio de quadra;Não informado;Longo da via;0;1;0;0;0;0;0;0;0;1;0;0;0;(-38.5121377 -3.7447435);
LKE3328;2021-05-23 16:45:00;Rua Guilherme Pessoa;;;MESSEJANA;LKE3328;Colisão;Não informado;Não informado;Não informado;Cruz;Não informado;Longo da via;0;2;0;1;1;0;0;0;0;0;0;0;0;(-38.49019661933895 -3.826838331794504);
CTR0527;2021-05-31 20:31:00;Avenida Luciano Carneiro;;;FATIMA;CTR0527;Colisão;Não informado;Não informado;Não informado;Meio de quadra;Não informado;Longo da via;0;1;0;0;0;0;0;0;0;0;1;0;0;(-38.5316975 -3.7486269);
VMA7600;2021-05-23 16:43:00;Avenida Rui Barbosa;;;JOAQUIM TVORA;VMA7600;Colisão;Não informado;Não informado;Não informado;Meio de quadra;Não informado;Longo da via;0;1;0;1;1;0;0;0;0;0;0;0;0;(-38.51118221422664 -3.741355358916727);
YHB4087;2021-05-31 20:12:00;Rua Monte Líbano;RUA 5;;MONDUBIM;YHB4087;Colisão;Não informado;Não informado;Não informado;T;Não informado;Cruzamento;0;1;0;2;0;0;0;0;0;0;0;0;0;(-38.566139 -3.8292032);
RQN5214;2021-05-31 20:04:00;Rua CEL MATOS DOURADO;;;HENRIQUE JORGE;RQN5214;Colisão;Não informado;Não informado;Não informado;Meio de quadra;Não informado;Longo da via;0;1;0;1;1;0;0;0;0;0;0;0;0;(-38.5852001 -3.759076);
LJP1879;2021-05-23 16:18:00;Avenida Presidente Costa e Silva;;;PREFEITO JOSE VALTER;LJP1879;Queda;Não informado;Não informado;Não informado;Meio de quadra;Não informado;Longo da via;0;1;0;1;0;0;0;0;0;0;0;0;0;(-38.5503326 -3.823450799999999);
RQU3507;2021-05-23 15:00:00;Rua Capitão Melo;;;JOAQUIM TVORA;RQU3507;Colisão;Não informado;Não informado;Não informado;Meio de quadra;Não informado;Longo da via;0;1;0;1;1;0;0;0;0;0;0;0;0;(-38.51353553409924 -3.754059824489315);
CTT6322;2021-05-23 13:43:00;Rua Costa Barros;RUA JOSE VILAR;;ALDEOTA;CTT6322;Colisão;Não informado;Não informado;Não informado;Cruz;Não informado;Longo da via;0;1;0;1;1;0;0;0;0;0;0;0;0;(-38.5037402 -3.73291);
OFF8140;2021-05-23 11:57:00;Rua Jorge Dumar;;;JARDIM AMERICA;OFF8140;Queda;Não informado;Não informado;Não informado;Meio de quadra;Não informado;Longo da via;0;1;0;1;0;0;0;0;0;0;0;0;0;(-38.539514 -3.7532604);
DWM1412;2021-05-31 18:28:00;Rua João Brígido;RUA DNA LEOPOLDINA;;JOAQUIM TVORA;DWM1412;Colisão;Não informado;Não informado;Não informado;Cruz;Não informado;Cruzamento;0;2;0;0;0;0;0;0;0;0;1;0;0;(-38.522189 -3.7386523);
KFC5948;2021-05-31 18:24:00;Rua Padre Frota;;;MONTE CASTELO;KFC5948;Colisão;Não informado;Não informado;Não informado;Meio de quadra;Não informado;Longo da via;0;1;0;2;0;0;0;0;0;0;0;0;0;(-38.5485779 -3.7276087);
OQX5967;2021-05-31 17:43:00;Rua Elvira Pinho;;;MONTESE;OQX5967;Colisão;Não informado;Não informado;Não informado;Meio de quadra;Não informado;Longo da via;0;1;0;1;1;0;0;0;0;0;0;0;0;(-38.5578131 -3.7659144);
LXH2188;2021-05-31 17:13:00;AV AGUANAMBI;RD BR 116;;JOSE BONIFACIO;LXH2188;Colisão;Não informado;Não informado;Não informado;Rotatória;Não informado;Cruzamento;0;1;0;0;0;0;0;0;0;0;1;0;0;(-38.5235792 -3.753750299999999);
VZO8958;2021-05-31 17:13:00;Rua Ovídio Nogueira;;;JARDIM CEARENSE;VZO8958;Colisão;Não informado;Não informado;Não informado;Meio de quadra;Não informado;Longo da via;0;1;0;1;1;0;0;0;0;0;0;0;0;(-38.57040060000001 -3.8027913);
QVR6729;2021-05-31 16:39:00;Rua Osvaldo Cruz;RUA MARIA TOMASIA;;ALDEOTA;QVR6729;Colisão;Não informado;Não informado;Não informado;Cruz;Não informado;Cruzamento;0;1;0;1;1;0;0;0;0;0;0;0;0;(-38.5000022 -3.7345975);
XXM1997;2021-05-31 15:30:00;Avenida Presidente Costa e Silva;;;PREFEITO JOSE VALTER;XXM1997;Colisão;Não informado;Não informado;Não informado;Meio de quadra;Não informado;Longo da via;0;1;0;0;1;0;0;0;1;0;0;0;0;(-38.5699057 -3.8143512);
VXM6655;2021-05-31 15:25:00;Rua Doutor Joaquim Bento;;;MESSEJANA;VXM6655;Colisão;Não informado;Não informado;Não informado;Meio de quadra;Não informado;Longo da via;0;1;0;1;1;0;0;0;0;0;0;0;0;(-38.4905126 -3.8294191);
EDW2604;2021-05-23 08:11:00;Avenida I;;;CONJUNTO CEARA I;EDW2604;Colisão;Não informado;Não informado;Não informado;Meio de quadra;Não informado;Longo da via;0;1;0;0;1;0;0;0;0;1;0;0;0;(-38.5975226 -3.7700292);
HYP0143;2021-05-31 15:01:00;Rua General Bernardo Figueiredo;;;PARQUELANDIA;HYP0143;Colisão;Não informado;Não informado;Não informado;Meio de quadra;Não informado;Longo da via;0;1;0;1;1;0;0;0;0;0;0;0;0;(-38.5553624 -3.7405193);
FFH7412;2021-05-23 06:47:00;Avenida Augusto dos Anjos;;;PARANGABA;FFH7412;Colisão;Não informado;Não informado;Não informado;Meio de quadra;Não informado;Longo da via;0;1;0;1;1;0;0;0;0;0;0;0;0;(-38.5779167 -3.7787229);
FAU0395;2021-05-23 04:53:00;BR-116;;;JARDIM DAS OLIVEIRAS;FAU0395;Queda;Não informado;Não informado;Não informado;Meio de quadra;Não informado;Longo da via;0;1;0;1;0;0;0;0;0;0;0;0;0;(-38.51160600935005 -3.785891060019858);
YTA3167;2021-05-31 13:04:00;Avenida Presidente Costa e Silva;;;PREFEITO JOSE VALTER;YTA3167;Queda;Não informado;Não informado;Não informado;Meio de quadra;Não informado;Longo da via;0;1;0;1;0;0;0;0;0;0;0;0;0;(-38.5443558 -3.8244455);
KIR1668;2021-05-23 03:03:00;Rua Brilhante;;;SIQUEIRA;KIR1668;Colisão;Não informado;Não informado;Não informado;Meio de quadra;Não informado;Longo da via;0;2;0;0;0;0;0;0;0;0;0;0;0;(-38.6254498 -3.8069827);
MAB3063;2021-05-23 02:34:00;Avenida Almirante Henrique Sabóia;;;COCO;MAB3063;Queda;Não informado;Não informado;Não informado;Meio de quadra;Não informado;Longo da via;0;1;0;1;0;0;0;0;0;0;0;0;0;(-38.48912910531174 -3.743073665504335);
YSC7683;2021-05-23 02:22:00;Rua Conselheiro Lafayette;;;JARDIM IRACEMA;YSC7683;Atropelamento;Não informado;Não informado;Não informado;Meio de quadra;Não informado;Longo da via;0;1;0;1;0;0;0;0;0;0;0;0;0;(-38.58579054909887 -3.717668079576779);
YTZ8952;2021-05-31 12:48:00;Rua do Canal;;;SAO JOAO DO TAUAPE;YTZ8952;Colisão;Não informado;Não informado;Não informado;Meio de quadra;Não informado;Longo da via;0;2;0;2;0;0;0;0;0;0;0;0;0;(-38.5161092 -3.7613498);
PDM2403;2021-05-31 11:45:00;Rua José Torres;;;GRANJA PORTUGAL;PDM2403;Colisão;Não informado;Não informado;Não informado;Meio de quadra;Não informado;Longo da via;0;1;0;0;0;0;0;0;0;0;1;0;0;(-38.6062512 -3.776762);
PHN5272;2021-05-23 01:54:00;Rua Carlos Chagas;;;GRANJA PORTUGAL;PHN5272;Queda;Não informado;Não informado;Não informado;Meio de quadra;Não informado;Longo da via;0;1;0;1;0;0;0;0;0;0;0;0;0;(-38.59819845222419 -3.776438119828498);
KPH0912;2021-05-31 10:32:00;Avenida Monte Pascoal;;;SIQUEIRA;KPH0912;Queda;Não informado;Não informado;Não informado;Meio de quadra;Não informado;Longo da via;0;1;0;1;0;0;0;0;0;0;0;0;0;(-38.5991185 -3.8051996);
GQH9128;2021-05-31 09:53:00;Avenida Deputado Paulino Rocha;;;CAJAZEIRAS;GQH9128;Queda;Não informado;Não informado;Não informado;Meio de quadra;Não informado;Longo da via;0;2;0;1;0;0;0;0;0;0;0;0;0;(-38.5125524 -3.8119698);
LCP3009;2021-05-31 09:42:00;Avenida Domingos Olímpio;;;CENTRO;LCP3009;Colisão;Não informado;Não informado;Não informado;Meio de quadra;Não informado;Longo da via;0;2;0;0;0;0;0;0;0;0;1;0;0;(-38.53514029999999 -3.735455);
ACI6851;2021-05-23 01:01:00;Rua Carlos Juaçaba;;;MARAPONGA;ACI6851;Não informado;Não informado;Não informado;Não informado;Meio de quadra;Não informado;Longo da via;0;1;0;1;0;0;0;0;0;0;0;0;0;(-38.56186524421688 -3.791398982698651);
UAP4642;2021-05-31 09:20:00;Avenida Jornalista Tomaz Coelho;;;JANGURUSSU;UAP4642;Colisão;Não informado;Não informado;Não informado;Meio de quadra;Não informado;Longo da via;0;1;0;0;0;0;0;0;0;0;1;0;0;(-38.5061655 -3.8306921);
ZNO3774;2021-05-23 00:36:00;Rua Manoel Teixeira;;;JOSE DE ALENCAR;ZNO3774;Queda;Não informado;Não informado;Não informado;Meio de quadra;Não informado;Longo da via;0;1;0;0;0;0;0;0;0;1;0;0;0;(-38.47698406242316 -3.814029806374458);
IBV6559;2021-05-22 22:31:00;Rua Irineu de Souza;;;ALVARO WEYNE;IBV6559;Colisão;Não informado;Não informado;Não informado;Meio de quadra;Não informado;Longo da via;0;1;0;1;1;0;0;0;0;0;0;0;0;(-38.56714382921241 -3.711105118363303);
QXT2022;2021-05-31 09:18:00;Rua General Tertuliano Potiguara;AV SEN VIRGILIO TAVORA;;;QXT2022;Colisão;Não informado;Não informado;Não informado;Cruz;Não informado;Cruzamento;0;1;0;1;1;0;0;0;0;0;0;0;0;(-38.4956627 -3.7446995);
ZDH7263;2021-05-22 22:28:00;Avenida Bernardo Manuel;;;ITAPERI;ZDH7263;Não informado;Não informado;Não informado;Não informado;Meio de quadra;Não informado;Longo da via;0;1;0;1;0;0;0;0;0;0;0;0;0;(-38.55653301058406 -3.815228773819593);
KQP0027;2021-05-22 22:24:00;Rua Ribeiro Leitão;RUA MON HIPOLITO BRASIL;;JOQUEI CLUBE;KQP0027;Colisão;Não informado;Não informado;Não informado;Cruz;Não informado;Longo da via;0;1;0;2;0;0;0;0;0;0;0;0;0;(-38.57608095879857 -3.7603368387419);
FPA5531;2021-05-31 09:15:00;Avenida Dionísio Leonel Alencar;;;MESSEJANA;FPA5531;Colisão;Não informado;Não informado;Não informado;Meio de quadra;Não informado;Longo da via;0;1;0;0;0;0;0;0;0;0;1;0;0;(-38.50185889999999 -3.845166);
IUU7462;2021-05-22 22:16:00;Rua Capitão Melo;RUA EDUARDO BEZERRA;;SAO JOAO DO TAUAPE;IUU7462;Colisão;Não informado;Não informado;Não informado;Cruz;Não informado;Longo da via;0;2;0;1;1;0;0;0;0;0;0;0;0;(-38.5135958 -3.7538029);
TEZ1708;2021-05-22 22:15:00;Rua Duarte da Costa;;;MESSEJANA;TEZ1708;Colisão;Não informado;Não informado;Não informado;Meio de quadra;Não informado;Longo da via;0;1;0;0;0;0;0;0;0;0;0;0;0;(-38.48688676966132 -3.827287938070153);
NTT2042;2021-05-22 22:13:00;Rua Monte Líbano;;;MONDUBIM;NTT2042;Atropelamento;Não informado;Não informado;Não informado;Meio de quadra;Não informado;Longo da via;0;1;0;0;1;0;0;0;0;0;0;0;0;(-38.56310979342219 -3.826238856393203);
FPA5531;2021-05-31 05:21:00;Avenida Major Assis;;;JARDIM GUANABARA;FPA5531;Queda;Não informado;Não informado;Não informado;Meio de quadra;Não informado;Longo da via;0;2;0;1;0;0;0;0;0;0;0;0;0;(-38.5924445 -3.7227549);
RCU5276;2021-05-31 05:12:00;Rua Carlos Chagas;;;BONSUCESSO;RCU5276;Queda;Não informado;Não informado;Não informado;Meio de quadra;Não informado;Longo da via;0;1;0;1;0;0;0;0;0;0;0;0;0;(-38.5897126 -3.7789088);
SXW1313;2021-05-31 03:49:00;Avenida Leste Oeste;;;PIRAMBU;SXW1313;Colisão;Não informado;Não informado;Não informado;Meio de quadra;Não informado;Longo da via;0;1;0;0;0;0;0;0;0;0;1;0;0;(-38.5552486 -3.7117794);
BEK1924;2021-06-01 00:30:00;Rua Tereza Cristina;;;;BEK1924;Atropelamento;Não informado;Não informado;Não informado;Meio de quadra;Não informado;Longo da via;0;1;0;0;1;0;0;0;0;0;0;0;0;(-38.5364792 -3.7253742);
ZUP6802;2021-05-01 02:03:00;Avenida Jornalista Tomaz Coelho;;;MESSEJANA;ZUP6802;Colisão;Não informado;Não informado;Não informado;Meio de quadra;Não informado;Longo da via;0;1;0;1;1;0;0;0;0;0;0;0;0;(-38.5045163 -3.8312239);
KKS3413;2021-05-01 01:44:00;Rua Antônio Nery;;;GRANJA PORTUGAL;KKS3413;Colisão;Não informado;Não informado;Não informado;Meio de quadra;Não informado;Longo da via;0;1;0;0;1;0;0;0;0;1;0;0;0;(-38.6016731 -3.7831127);
RLE2335;2021-05-22 21:04:00;Avenida Doutor Silas Munguba;;;SERRINHA;RLE2335;Colisão;Não informado;Não informado;Não informado;Meio de quadra;Não informado;Longo da via;0;1;0;0;0;0;0;0;0;0;0;0;0;(-38.55500414956893 -3.782679427122949);
LJH6182;2021-05-01 01:13:00;Avenida Domingos Olímpio;;;JOSE BONIFACIO;LJH6182;Queda;Não informado;Não informado;Não informado;Meio de quadra;Não informado;Longo da via;0;1;0;1;0;0;0;0;0;0;0;0;0;(-38.52897979999999 -3.737476699999999);
LFQ3060;2021-05-22 20:04:00;Avenida Washington Soares;;;EDSON QUEIROZ;LFQ3060;Colisão;Não informado;Não informado;Não informado;Meio de quadra;Não informado;Longo da via;0;2;0;0;2;0;0;0;0;0;0;0;0;(-38.48121858044517 -3.779673277764963);
HQT5867;2021-05-01 00:27:00;Avenida José Bastos;;;DEMOCRITO ROCHA;HQT5867;Queda;Não informado;Não informado;Não informado;Meio de quadra;Não informado;Longo da via;0;2;0;1;0;0;0;0;0;0;0;0;0;(-38.5660601 -3.7627584);
ZTQ7706;2021-05-22 19:14:00;Rua Raimundo Pinheiro;;;BOM JARDIM;ZTQ7706;Atropelamento;Não informado;Não informado;Não informado;Meio de quadra;Não informado;Longo da via;0;2;0;1;0;0;0;0;0;0;0;0;0;(-38.59723127990795 -3.789827217704906);
GUJ4505;2021-05-01 00:18:00;Rua Joaquim Lino;;;MONTE CASTELO;GUJ4505;Colisão;Não informado;Não informado;Não informado;Meio de quadra;Não informado;Longo da via;0;1;0;1;1;0;0;0;0;0;0;0;0;(-38.5490036 -3.7217543);
EOO3921;2021-05-22 17:45:00;Avenida Dioguinho;;;VICENTE PINZON;EOO3921;Colisão;Não informado;Não informado;Não informado;Meio de quadra;Não informado;Longo da via;0;1;0;0;2;0;0;0;0;0;0;0;0;(-38.4473673 -3.753054);
UIR6475;2021-04-30 23:42:00;Rua Taubaté;RUA LONDRINA;;GRANJA PORTUGAL;UIR6475;Colisão;Não informado;Não informado;Não informado;Cruz;Não informado;Cruzamento;0;2;0;2;0;0;0;0;0;0;0;0;0;(-38.5988441 -3.7806178);
GCE7967;2021-05-22 17:54:00;Avenida Deputado Paulino Rocha;;;CAJAZEIRAS;GCE7967;Queda;Não informado;Não informado;Não informado;Meio de quadra;Não informado;Longo da via;0;1;0;1;0;0;0;0;0;0;0;0;0;(-38.51118587349397 -3.81190141759299);
UIH2324;2021-04-30 22:36:00;Rua Honorino Maia;RUA AUGUSTA BENEVIDES;;JANGURUSSU;UIH2324;Colisão;Não informado;Não informado;Não informado;T;Não informado;Cruzamento;0;1;0;1;1;0;0;0;0;0;0;0;0;(-38.5014712 -3.8497412);
UFI1295;2021-05-22 17:30:00;Rua Rio Grande do Norte;;;DEMOCRITO ROCHA;UFI1295;Colisão;Não informado;Não informado;Não informado;Meio de quadra;Não informado;Longo da via;0;1;0;0;0;0;0;0;0;0;0;0;0;(-38.56249824484065 -3.761819582197748);
HIA3166;2021-04-30 21:27:00;Rua João Ramalho;RUA COSTA FREIRE;;PARQUE SAO JOSE;HIA3166;Colisão;Não informado;Não informado;Não informado;Cruz;Não informado;Cruzamento;0;1;0;2;0;0;0;0;0;0;0;0;0;(-38.589973 -3.7985424);
FYC5244;2021-04-30 20:28:00;Avenida Professor Gomes de Matos;;;MONTESE;FYC5244;Colisão;Não informado;Não informado;Não informado;Meio de quadra;Não informado;Longo da via;0;1;0;0;0;0;0;0;0;0;1;0;0;(-38.5417704 -3.7564427);
XIK0953;2021-05-22 17:01:00;Avenida Pompílio Gomes;;;JANGURUSSU;XIK0953;Queda;Não informado;Não informado;Não informado;Meio de quadra;Não informado;Longo da via;0;1;0;0;0;0;0;0;0;1;0;0;0;(-38.521196 -3.8237341);
EXT9179;2021-04-30 19:52:00;Rua Adolfo Siqueira;RUA ANTONIO AUGUSTO;;JOAQUIM TVORA;EXT9179;Colisão;Não informado;Não informado;Não informado;Cruz;Não informado;Cruzamento;0;1;0;1;1;0;0;0;0;0;0;0;0;(-38.517283 -3.742908);
RXL0993;2021-04-30 18:11:00;Rua Emílio de Menezes;;;GRANJA PORTUGAL;RXL0993;Colisão;Não informado;Não informado;Não informado;Meio de quadra;Não informado;Longo da via;0;1;0;1;1;0;0;0;0;0;0;0;0;(-38.5936983 -3.7799081);
DXE6263;2021-05-22 16:29:00;Rua Verde Quinze;RUA 35 CJ HAB ST S JOAO;;JANGURUSSU;DXE6263;Queda;Não informado;Não informado;Não informado;Cruz;Não informado;Longo da via;0;1;0;1;0;0;0;0;0;0;0;0;0;(-38.51172213185662 -3.849625361362608);
TNQ8733;2021-04-30 16:28:00;Avenida Senador Fernandes Távora;RUA ARACAJU;;HENRIQUE JORGE;TNQ8733;Atropelamento;Não informado;Não informado;Não informado;Meio de quadra;Não informado;Longo da via;0;1;0;0;0;0;0;1;0;0;0;0;0;(-38.5874287 -3.7594793);
JOI5526;2021-04-30 16:25:00;BR-116;;;MESSEJANA;JOI5526;Colisão;Não informado;Não informado;Não informado;Meio de quadra;Não informado;Longo da via;0;1;0;1;1;0;0;0;0;0;0;0;0;(-51.16386929999999 -29.3309846);
SJM3984;2021-04-30 16:18:00;Rua Cônego de Castro;RUA NAPOLEAO QUEZADO;;PARANGABA;SJM3984;Colisão;Não informado;Não informado;Não informado;Cruz;Não informado;Cruzamento;0;1;0;1;1;0;0;0;0;0;0;0;0;(-38.5661559 -3.7772929);
CQY3938;2021-05-22 15:40:00;Avenida Presidente Costa e Silva;;;PREFEITO JOSE VALTER;CQY3938;Colisão;Não informado;Não informado;Não informado;Meio de quadra;Não informado;Longo da via;0;1;0;1;1;0;0;0;0;0;0;0;0;(-38.5503326 -3.823450799999999);
ZLN5628;2021-04-30 14:59:00;Avenida 24 de Novembro;RUA JOHN LENNON;;MESSEJANA;ZLN5628;Colisão;Não informado;Não informado;Não informado;Cruz;Não informado;Cruzamento;0;1;0;1;1;0;0;0;0;0;0;0;0;(-38.4905511 -3.8213879);
HTX7683;2021-05-22 15:16:00;Avenida Senador Fernandes Távora;;;JOQUEI CLUBE;HTX7683;Colisão;Não informado;Não informado;Não informado;Meio de quadra;Não informado;Longo da via;0;2;0;2;0;0;0;0;0;0;0;0;0;(-38.578360828251 -3.764265835741392);
DGH4357;2021-04-30 12:37:00;Rua Marechal Deodoro;RUA JOAQUIM MAGALHAES;;;DGH4357;Colisão;Não informado;Não informado;Não informado;Cruz;Não informado;Cruzamento;0;1;0;1;1;0;0;0;0;0;0;0;0;(-38.5342326 -3.7379979);
XKJ0446;2021-05-22 14:31:00;Rua IV Cj Planalto Mondubim;;;MONDUBIM;XKJ0446;Queda;Não informado;Não informado;Não informado;Meio de quadra;Não informado;Longo da via;0;1;0;0;0;0;0;0;0;1;0;0;0;(-38.5818575 -3.81778);
VAV6403;2021-04-30 12:33:00;AV EMILIO DE MENEZES;;;GRANJA PORTUGAL;VAV6403;Colisão;Não informado;Não informado;Não informado;Meio de quadra;Não informado;Longo da via;0;1;0;1;1;0;0;0;0;0;0;0;0;(-38.59994723913091 -3.778167062795623);
UPB3647;2021-05-22 14:18:00;Rua Meton de Alencar;;;CENTRO;UPB3647;Colisão;Não informado;Não informado;Não informado;Meio de quadra;Não informado;Longo da via;0;1;0;1;1;0;0;0;0;0;0;0;0;(-38.53238620696199 -3.733151117839628);
MOT5931;2021-04-30 12:04:00;Avenida General Murilo Borges;;;AEROLANDIA;MOT5931;Choque c/ Obstáculo Fixo;Não informado;Não informado;Não informado;Meio de quadra;Não informado;Longo da via;0;1;0;0;1;0;0;0;0;0;0;0;0;(-38.5030506 -3.765086);
WST4379;2021-04-30 10:13:00;Avenida Professor José Arthur de Carvalho;;;CURIO;WST4379;Colisão;Não informado;Não informado;Não informado;Meio de quadra;Não informado;Longo da via;0;2;0;2;0;0;0;0;0;0;0;0;0;(-38.4613241 -3.8250273);
WIW3458;2021-05-22 14:06:00;Avenida Rui Barbosa;;;ALDEOTA;WIW3458;Colisão;Não informado;Não informado;Não informado;Meio de quadra;Não informado;Longo da via;0;1;0;0;0;0;0;0;0;0;0;0;0;(-38.50976602452184 -3.737094372282304);
GFD3477;2021-04-30 09:59:00;Avenida Recreio;;;LAGOA REDONDA;GFD3477;Colisão;Não informado;Não informado;Não informado;Meio de quadra;Não informado;Longo da via;0;1;0;1;1;0;0;0;0;0;0;0;0;(-38.4487425 -3.8088743);
BWA6536;2021-04-30 08:55:00;AV GAL OSORIO DE PAIVA;;;CANINDEZINHO;BWA6536;Colisão;Não informado;Não informado;Não informado;Meio de quadra;Não informado;Longo da via;0;1;0;1;1;0;0;0;0;0;0;0;0;(-38.6047281 -3.8076064);
JHO8091;2021-04-30 08:45:00;Avenida da Abolição;;;MEIRELES;JHO8091;Colisão;Não informado;Não informado;Não informado;Meio de quadra;Não informado;Longo da via;0;1;0;1;1;0;0;0;0;0;0;0;0;(-38.500106 -3.725724);
EKD1564;2021-05-22 12:55:00;Rua Professor Joaquim Antônio;AV SGT HERMINIO SAMPAIO;;VILA ELLERY;EKD1564;Colisão;Não informado;Não informado;Não informado;T;Não informado;Longo da via;0;1;0;1;1;0;0;0;0;0;0;0;0;(-38.5639192 -3.7269666);
ELV7754;2021-05-22 10:09:00;Avenida Alberto Craveiro;;;CASTELAO;ELV7754;Colisão;Não informado;Não informado;Não informado;Meio de quadra;Não informado;Longo da via;0;1;0;0;0;0;0;0;0;0;0;0;0;(-38.51869241424679 -3.798352082789791);
XLR5353;2021-05-22 09:04:00;Rua Cônego de Castro;;;CANINDEZINHO;XLR5353;Colisão;Não informado;Não informado;Não informado;Meio de quadra;Não informado;Longo da via;0;1;0;1;1;0;0;0;0;0;0;0;0;(-38.59629944589586 -3.810133150628992);
SOT5405;2021-05-22 03:30:00;Rua Piauí;;;PICI;SOT5405;Atropelamento;Não informado;Não informado;Não informado;Meio de quadra;Não informado;Longo da via;0;1;0;0;1;0;0;0;0;0;0;0;0;(-38.57100621511999 -3.753570786066433);
VPE2793;2021-04-30 06:09:00;Avenida Antônio Sales;;;COCO;VPE2793;Capotamento;Não informado;Não informado;Não informado;Meio de quadra;Não informado;Longo da via;0;1;0;0;0;0;0;0;0;0;1;0;0;(-38.4916241 -3.7487775);
ECH7658;2021-04-30 01:47:00;Avenida Jornalista Tomaz Coelho;;;MESSEJANA;ECH7658;Colisão;Não informado;Não informado;Não informado;Meio de quadra;Não informado;Longo da via;0;1;0;0;0;0;0;0;0;0;1;0;0;(-38.5168161 -3.8282317);
XUJ6032;2021-05-22 02:47:00;Rua Conselheiro Lafayette;;;JARDIM IRACEMA;XUJ6032;Colisão;Não informado;Não informado;Não informado;Meio de quadra;Não informado;Longo da via;0;1;0;1;1;0;0;0;0;0;0;0;0;(-38.58276871084584 -3.718076841107302);
LIV3940;2021-04-30 01:44:00;Avenida Presidente Costa e Silva;;;PASSARE;LIV3940;Atropelamento;Não informado;Não informado;Não informado;Meio de quadra;Não informado;Longo da via;0;1;0;1;0;0;0;0;0;0;0;0;0;(-38.5503326 -3.823450799999999);
UXQ7849;2021-05-22 01:33:00;Rua Carnaubal;;;JARDIM IRACEMA;UXQ7849;Colisão;Não informado;Não informado;Não informado;Meio de quadra;Não informado;Longo da via;0;1;0;2;0;0;0;0;0;0;0;0;0;(-38.58457282644068 -3.722437705083532);
FMB6936;2021-05-21 22:44:00;Rua Senador Robert Kennedy;;;BARRA DO CEARA;FMB6936;Queda;Não informado;Não informado;Não informado;Meio de quadra;Não informado;Longo da via;0;1;0;1;0;0;0;0;0;0;0;0;0;(-38.5790774 -3.7040902);
YBB7587;2021-05-21 22:11:00;Avenida Alberto Craveiro;RUA PEDRO DANTAS;;DIAS MACEDO;YBB7587;Queda;Não informado;Não informado;Não informado;Meio de quadra;Não informado;Longo da via;0;1;0;1;0;0;0;0;0;0;0;0;0;(-38.5172818 -3.7867358);