COD_ACIDENTE;DATA;LOG1;LOG2;NUMERO;BAIRRO;AMC;NATUREZA;ILUMINACAO;TEMPO;SUPERFICIEPISTA;TIPOCRUZAMENTO;CONTROLETRAFEGO;USOSOLO;MORTOS;FERIDOS;ILESOS;MOTOCICLETA;AUTOMOVEL;MICROONIBUS;CAMINHAO;ONIBUS;CICLOMOTOR;BICICLETA;OUTROS;TREM;TRACAOANIMAL;COORDENADAS
GRA0130;2021-05-21 21:59:00;Avenida Godofredo Maciel;;;PARANGABA;GRA0130;Colisão;Não informado;Não informado;Não informado;Meio de quadra;Não informado;Longo da via;0;1;0;1;1;0;0;0;0;0;0;0;0;(-38.56420420000001 -3.778087);
BSG9397;2021-05-21 20:36:00;Avenida Washington Soares;;;PAUPINA;BSG9397;Colisão;Não informado;Não informado;Não informado;Meio de quadra;Não informado;Longo da via;0;2;0;2;0;0;0;0;0;0;0;0;0;(-38.4803358 -3.8407359);
JXU3509;2021-05-21 20:25:00;Avenida C;;;CONJUNTO CEARA I;JXU3509;Queda;Não informado;Não informado;Não informado;Meio de quadra;Não informado;Longo da via;0;1;0;0;0;0;0;0;0;1;0;0;0;(-38.61247868666835 -3.767482889568257);
MNX5129;2021-05-21 20:06:00;Avenida Washington Soares;;;EDSON QUEIROZ;MNX5129;Colisão;Não informado;Não informado;Não informado;Meio de quadra;Não informado;Longo da via;0;1;0;2;0;0;0;0;0;0;0;0;0;(-38.4767542236375 -3.848012807907316);
MED3368;2021-04-30 00:20:00;Avenida Presidente Costa e Silva;;;PREFEITO JOSE VALTER;MED3368;Colisão;Não informado;Não informado;Não informado;Meio de quadra;Não informado;Longo da via;0;2;0;2;0;0;0;0;0;0;0;0;0;(-38.5443558 -3.8244455);
KKF4144;2021-04-29 22:28:00;Rua Abílio Farias;;;PICI;KKF4144;Queda;Não informado;Não informado;Não informado;Meio de quadra;Não informado;Longo da via;0;1;0;0;0;0;0;0;0;1;0;0;0;(-38.5815306 -3.7498373);
USM7370;2021-04-29 22:13:00;Rua Senador Pompeu;;;CENTRO;USM7370;Colisão;Não informado;Não informado;Não informado;Meio de quadra;Não informado;Longo da via;0;1;0;1;1;0;0;0;0;0;0;0;0;(-38.5335555 -3.7414442);
DUS7227;2021-04-29 20:47:00;Avenida B;AV N CJ JOSE WALTER;;PREFEITO JOSE VALTER;DUS7227;Colisão;Não informado;Não informado;Não informado;T;Não informado;Cruzamento;0;1;0;1;1;0;0;0;0;0;0;0;0;(-38.5563073 -3.8265397);
SIM1819;2021-04-29 20:47:00;Avenida Bernardo Manuel;;;PREFEITO JOSE VALTER;SIM1819;Colisão;Não informado;Não informado;Não informado;Meio de quadra;Não informado;Longo da via;0;2;0;1;1;0;0;0;0;0;0;0;0;(-38.5592038 -3.8254957);
MYM0544;2021-04-29 20:16:00;Rua Benjamim Brasil;;;MARAPONGA;MYM0544;Atropelamento;Não informado;Não informado;Não informado;Meio de quadra;Não informado;Longo da via;0;1;0;1;0;0;0;0;0;0;0;0;0;(-38.5700941 -3.8040889);
HYE6657;2021-04-29 20:11:00;Avenida Senador Fernandes Távora;;;GENIBAU;HYE6657;Colisão;Não informado;Não informado;Não informado;Meio de quadra;Não informado;Longo da via;0;1;0;1;0;0;1;0;0;0;0;0;0;(-38.5970609 -3.755587);
XCM2556;2021-04-29 19:37:00;Rua Betel;;;ITAPERI;XCM2556;Atropelamento;Não informado;Não informado;Não informado;Meio de quadra;Não informado;Longo da via;0;1;0;0;1;0;0;0;0;0;0;0;0;(-38.5526492 -3.7922126);
DZY6745;2021-04-29 18:15:00;Avenida Benjamim Brasil;RUA BERNARDO MANUEL;;ITAPERI;DZY6745;Colisão;Não informado;Não informado;Não informado;Cruz;Não informado;Cruzamento;0;1;0;0;0;0;0;0;0;0;1;0;0;(-38.5548758 -3.8099178);
CGU2455;2021-04-29 17:42:00;Rua São Domingos;;;ANTONIO BEZERRA;CGU2455;Colisão;Não informado;Não informado;Não informado;Meio de quadra;Não informado;Longo da via;0;1;0;0;0;0;0;0;0;0;1;0;0;(-38.5916263 -3.7356802);
NJN0088;2021-04-29 16:40:00;Avenida Carapinima;RUA JUVENAL GALENO;;BENFICA;NJN0088;Colisão;Não informado;Não informado;Não informado;Cruz;Não informado;Cruzamento;0;1;0;1;1;0;0;0;0;0;0;0;0;(-38.5392609 -3.7389644);
EIX6411;2021-04-29 16:38:00;Rua Frei Serafim;;;PARANGABA;EIX6411;Colisão;Não informado;Não informado;Não informado;Meio de quadra;Não informado;Longo da via;0;1;0;1;1;0;0;0;0;0;0;0;0;(-38.5726917 -3.781648);
PCL6878;2021-04-29 16:24:00;Avenida Francisco Sá;;;CARLITO PAMPLONA;PCL6878;Colisão;Não informado;Não informado;Não informado;Meio de quadra;Não informado;Longo da via;0;1;0;1;1;0;0;0;0;0;0;0;0;(-38.56391199999999 -3.715387);
DCL3556;2021-04-29 16:04:00;Rua Padre Guerra;;;PARQUE ARAXA;DCL3556;Atropelamento;Não informado;Não informado;Não informado;Meio de quadra;Não informado;Longo da via;0;1;0;0;1;0;0;0;0;0;0;0;0;(-38.5519012 -3.737850399999999);
RQD5730;2021-04-29 15:36:00;Rua Cônego de Castro;;;PARQUE SAO JOSE;RQD5730;Colisão;Não informado;Não informado;Não informado;Meio de quadra;Não informado;Longo da via;0;1;0;1;1;0;0;0;0;0;0;0;0;(-38.5914212 -3.8048045);
NPG0863;2021-04-29 15:32:00;Rua Coronel Fabriciano;;;GRANJA PORTUGAL;NPG0863;Atropelamento;Não informado;Não informado;Não informado;Meio de quadra;Não informado;Longo da via;0;1;0;1;0;0;0;0;0;0;0;0;0;(-38.6102304 -3.7821898);
VBA2838;2021-04-29 13:30:00;Avenida Coronel Virgílio Nogueira;RUA BOM JESUS (GRANJA LISBOA);;BOM JARDIM;VBA2838;Atropelamento;Não informado;Não informado;Não informado;Cruz;Não informado;Cruzamento;0;1;0;0;0;0;0;1;0;0;0;0;0;(-38.609635 -3.7916918);
GYY4327;2021-04-29 13:20:00;AV CEL MIGUEL DIAS;;;GUARARAPES;GYY4327;Colisão;Não informado;Não informado;Não informado;Meio de quadra;Não informado;Longo da via;0;1;0;1;1;0;0;0;0;0;0;0;0;(-38.4884828 -3.7583893);
TMX3091;2021-05-21 20:01:00;Avenida Humberto Monte;;;BELA VISTA;TMX3091;Queda;Não informado;Não informado;Não informado;Meio de quadra;Não informado;Longo da via;0;1;0;0;0;0;0;0;0;1;0;0;0;(-38.56491223131201 -3.743855199472479);
UAT6162;2021-04-29 12:22:00;Rua Dom Henrique;AV GAL OSORIO DE PAIVA;;VILA PERY;UAT6162;Colisão;Não informado;Não informado;Não informado;Cruz;Não informado;Cruzamento;0;2;0;0;0;0;0;0;0;0;1;0;0;(-38.5829919 -3.7860109);
TRN7706;2021-05-21 19:55:00;BR-116;;;JANGURUSSU;TRN7706;Colisão;Não informado;Não informado;Não informado;Meio de quadra;Não informado;Longo da via;0;1;0;1;1;0;0;0;0;0;0;0;0;(-38.50405290806037 -3.833293370681355);
KQV6799;2021-05-21 19:47:00;Avenida Duque de Caxias;RUA ASSUNCAO;;CENTRO;KQV6799;Atropelamento;Não informado;Não informado;Não informado;Cruz;Não informado;Longo da via;0;1;0;1;0;0;0;0;0;0;0;0;0;(-38.5279469 -3.7323803);
FMO9027;2021-04-29 12:20:00;Rua B;;;PARQUE DOIS IRMAOS;FMO9027;Queda;Não informado;Não informado;Não informado;Meio de quadra;Não informado;Longo da via;0;1;0;1;0;0;0;0;0;0;0;0;0;(-38.5502336 -3.8030515);
ZZI3920;2021-04-29 11:27:00;RUA AZEVEDO BOLAO;RUA AMADEU FURTADO;;PARQUELANDIA;ZZI3920;Colisão;Não informado;Não informado;Não informado;Cruz;Não informado;Cruzamento;0;1;0;1;1;0;0;0;0;0;0;0;0;(-38.552803 -3.7394407);
APR3076;2021-05-21 19:44:00;Rua Beni Carvalho;;;DIONISIO TORRES;APR3076;Colisão;Não informado;Não informado;Não informado;Meio de quadra;Não informado;Longo da via;0;1;0;1;1;0;0;0;0;0;0;0;0;(-38.49881187727514 -3.744786615756317);
PAK8326;2021-05-21 18:36:00;Rua João Carvalho;RUA DR JOSE LOURENCO;;ALDEOTA;PAK8326;Capotamento;Não informado;Não informado;Não informado;Cruz;Não informado;Longo da via;0;1;0;0;0;0;0;0;0;0;0;0;0;(-38.5086365 -3.7373127);
QOR6294;2021-04-29 10:37:00;Rua Haroldo Torres;;;PRESIDENTE KENNEDY;QOR6294;Colisão;Não informado;Não informado;Não informado;Meio de quadra;Não informado;Longo da via;0;1;0;1;1;0;0;0;0;0;0;0;0;(-38.574394 -3.73091);
MKQ6229;2021-05-21 14:57:00;Avenida José Jatahy;;;JACARECANGA;MKQ6229;Colisão;Não informado;Não informado;Não informado;Meio de quadra;Não informado;Longo da via;0;1;0;1;1;0;0;0;0;0;0;0;0;(-38.54647472701279 -3.722892718513315);
QOR6294;2021-04-29 09:57:00;Avenida Val Paraíso;;;CONJUNTO PALMEIRAS;QOR6294;Colisão;Não informado;Não informado;Não informado;Meio de quadra;Não informado;Longo da via;0;1;0;1;1;0;0;0;0;0;0;0;0;(-38.5291338 -3.8412735);
OYZ6962;2021-04-29 09:55:00;Avenida Francisco Sá;;;MONTE CASTELO;OYZ6962;Colisão;Não informado;Não informado;Não informado;Meio de quadra;Não informado;Longo da via;0;1;0;2;0;0;0;0;0;0;0;0;0;(-38.5419215 -3.7221548);
QJK7461;2021-04-29 08:32:00;Avenida José Jatahy;;;RODOLFO TEOFILO;QJK7461;Queda;Não informado;Não informado;Não informado;Meio de quadra;Não informado;Longo da via;0;1;0;1;0;0;0;0;0;0;0;0;0;(-38.5438627 -3.7380733);
OLV9657;2021-04-29 01:13:00;Avenida Presidente Castelo Branco;;;BARRA DO CEARA;OLV9657;Colisão;Não informado;Não informado;Não informado;Meio de quadra;Não informado;Longo da via;0;1;0;0;0;0;0;0;0;0;1;0;0;(-38.57399119999999 -3.7064554);
VTG2811;2021-05-21 13:59:00;Rua Londrina;RUA TAUBATE;;GRANJA PORTUGAL;VTG2811;Colisão;Não informado;Não informado;Não informado;Cruz;Não informado;Longo da via;0;1;0;1;1;0;0;0;0;0;0;0;0;(-38.59911576278112 -3.782170917489201);
VTP6258;2021-04-29 00:17:00;Rua Joaquim Correia;;;PLANALTO AYRTON SENNA;VTP6258;Queda;Não informado;Não informado;Não informado;Meio de quadra;Não informado;Longo da via;0;1;0;1;0;0;0;0;0;0;0;0;0;(-38.5772115 -3.83101);
NIG8116;2021-05-21 13:50:00;Rua Recanto Verde;;;JANGURUSSU;NIG8116;Colisão;Não informado;Não informado;Não informado;Meio de quadra;Não informado;Longo da via;0;1;0;0;0;0;0;0;0;0;0;0;0;(-38.51251631437815 -3.840868930254142);
SYO6291;2021-04-28 23:58:00;RUA PRISCO BEZERRA;;;PAPICU;SYO6291;Queda;Não informado;Não informado;Não informado;Meio de quadra;Não informado;Longo da via;0;1;0;1;0;0;0;0;0;0;0;0;0;(-38.4712426 -3.7352928);
QAQ5493;2021-04-28 23:19:00;Rua 2;;;PARQUE DOIS IRMAOS;QAQ5493;Colisão;Não informado;Não informado;Não informado;Meio de quadra;Não informado;Longo da via;0;1;0;1;1;0;0;0;0;0;0;0;0;(-38.54236558491318 -3.796810522703132);
QSN5449;2021-05-21 12:54:00;Avenida Américo Barreira;AV CARNEIRO DE MENDONCA;;DEMOCRITO ROCHA;QSN5449;Colisão;Não informado;Não informado;Não informado;Cruz;Não informado;Longo da via;0;1;0;1;1;0;0;0;0;0;0;0;0;(-38.56676833261755 -3.764335422722013);
NHX9469;2021-05-21 11:35:00;Avenida Duque de Caxias;;;CENTRO;NHX9469;Colisão;Não informado;Não informado;Não informado;Meio de quadra;Não informado;Longo da via;0;2;0;1;0;0;1;0;0;0;0;0;0;(-38.52524236467332 -3.733277666931621);
CSP6152;2021-05-21 11:11:00;Avenida José Tavares;;;CANINDEZINHO;CSP6152;Colisão;Não informado;Não informado;Não informado;Meio de quadra;Não informado;Longo da via;0;1;0;1;1;0;0;0;0;0;0;0;0;(-38.5992265 -3.8121644);
LLD2657;2021-05-21 10:52:00;Avenida Augusto dos Anjos;;;VILA PERY;LLD2657;Colisão;Não informado;Não informado;Não informado;Meio de quadra;Não informado;Longo da via;0;1;0;0;0;0;0;0;0;0;0;0;0;(-38.58046369067468 -3.781737345881637);
AVG1831;2021-05-21 10:26:00;Rua Wenefrido Melo;;;MONDUBIM;AVG1831;Queda;Não informado;Não informado;Não informado;Meio de quadra;Não informado;Longo da via;0;1;0;1;0;0;0;0;0;0;0;0;0;(-38.57916013850092 -3.807719142129745);
PBO6664;2021-05-21 10:20:00;Avenida Deputado Paulino Rocha;;;BARROSO;PBO6664;Colisão;Não informado;Não informado;Não informado;Meio de quadra;Não informado;Longo da via;0;1;0;1;1;0;0;0;0;0;0;0;0;(-38.51299578051779 -3.811744688217498);
FBQ8497;2021-05-21 10:12:00;Rua Wenefrido Melo;;;MONDUBIM;FBQ8497;Queda;Não informado;Não informado;Não informado;Meio de quadra;Não informado;Longo da via;0;1;0;1;0;0;0;0;0;0;0;0;0;(-38.5771836 -3.8093876);
HGK6666;2021-05-21 09:58:00;Avenida Bezerra de Menezes;;;PARQUELANDIA;HGK6666;Colisão;Não informado;Não informado;Não informado;Meio de quadra;Não informado;Longo da via;0;1;0;2;0;0;0;0;0;0;0;0;0;(-38.55680659824937 -3.734187682336928);
LKE0291;2021-05-20 21:52:00;Avenida João Pessoa;;;DAMAS;LKE0291;Colisão;Não informado;Não informado;Não informado;Meio de quadra;Não informado;Longo da via;0;3;0;2;0;0;0;0;0;0;0;0;0;(-38.556509 -3.760392);
GDM1307;2021-04-28 23:10:00;Avenida Doutor Mendel Steinbruch;;;MONDUBIM;GDM1307;Colisão;Não informado;Não informado;Não informado;Meio de quadra;Não informado;Longo da via;0;2;0;1;1;0;0;0;0;0;0;0;0;(-38.5792836 -3.8263956);
HRE0355;2021-04-28 22:49:00;Avenida Contôrno Norte;;;CONJUNTO ESPERANCA;HRE0355;Atropelamento;Não informado;Não informado;Não informado;Meio de quadra;Não informado;Longo da via;0;1;0;1;0;0;0;0;0;0;0;0;0;(-38.5907956 -3.810104399999999);
JLP2922;2021-05-20 21:34:00;Avenida Engenheiro Santana Júnior;;;PAPICU;JLP2922;Colisão;Não informado;Não informado;Não informado;Meio de quadra;Não informado;Longo da via;0;1;0;2;0;0;0;0;0;0;0;0;0;(-38.4823162979326 -3.7361147706692);
CKO0971;2021-05-20 21:15:00;Avenida José Jatahy;;;ALVARO WEYNE;CKO0971;Queda;Não informado;Não informado;Não informado;Meio de quadra;Não informado;Longo da via;0;1;0;1;0;0;0;0;0;0;0;0;0;(-38.54667793207481 -3.721803446081346);
AMB8036;2021-05-20 20:34:00;Avenida Oliveira Paiva;;;CIDADE DOS FUNCIONRAIOS;AMB8036;Atropelamento;Não informado;Não informado;Não informado;Meio de quadra;Não informado;Longo da via;0;1;0;1;0;0;0;0;0;0;0;0;0;(-38.492164 -3.795765);
UWN3339;2021-05-20 20:26:00;Rodovia Br116;;;CAJAZEIRAS;UWN3339;Atropelamento;Não informado;Não informado;Não informado;Meio de quadra;Não informado;Longo da via;0;1;0;1;0;0;0;0;0;0;0;0;0;(-38.50568905462112 -3.798475193372438);
AOP9165;2021-05-20 17:48:00;Avenida Coronel Virgílio Nogueira;;;BOM JARDIM;AOP9165;Queda;Não informado;Não informado;Não informado;Meio de quadra;Não informado;Longo da via;0;1;0;1;0;0;0;0;0;0;0;0;0;(-38.60975339951177 -3.791784375392446);
IAB8953;2021-05-20 17:22:00;Rua Marechal Deodoro;RUA PAULINO NOGUEIRA;;BENFICA;IAB8953;Colisão;Não informado;Não informado;Não informado;Cruz;Não informado;Longo da via;0;1;0;1;1;0;0;0;0;0;0;0;0;(-38.5371924 -3.7444064);
LZY3516;2021-05-20 17:08:00;Rua Leonardo Mota;RUA HENRIQUETA GALENO;;ALDEOTA;LZY3516;Colisão;Não informado;Não informado;Não informado;Cruz;Não informado;Longo da via;0;1;0;0;2;0;0;0;0;0;0;0;0;(-38.49909618322047 -3.745321912022737);
WQQ8952;2021-05-20 16:16:00;Rua Coronel Pergentino Ferreira;RUA DOM SEBASTIAO LEME;;FATIMA;WQQ8952;Colisão;Não informado;Não informado;Não informado;Cruz;Não informado;Longo da via;0;1;0;1;1;0;0;0;0;0;0;0;0;(-38.52535500830339 -3.748844153289344);
QRB5805;2021-05-20 14:52:00;Rua Valdetário Mota;;;PAPICU;QRB5805;Colisão;Não informado;Não informado;Não informado;Meio de quadra;Não informado;Longo da via;0;1;0;0;0;0;0;0;0;0;0;0;0;(-38.47982552932343 -3.735559980438543);
YXM5866;2021-05-20 11:35:00;Rua Siqueira Campos;;;SIQUEIRA;YXM5866;Colisão;Não informado;Não informado;Não informado;Meio de quadra;Não informado;Longo da via;0;1;0;1;1;0;0;0;0;0;0;0;0;(-38.6242098 -3.816545999999999);
UMW1557;2021-05-20 11:11:00;Rua Francisco Calaça;;;CRISTO REDENTOR;UMW1557;Queda;Não informado;Não informado;Não informado;Meio de quadra;Não informado;Longo da via;0;1;0;1;0;0;0;0;0;0;0;0;0;(-38.5700359 -3.7065553);
VOK5275;2021-05-20 10:37:00;Avenida Duque de Caxias;AV TRISTAO GONCALVES;;CENTRO;VOK5275;Queda;Não informado;Não informado;Não informado;Meio de quadra;Não informado;Longo da via;0;1;0;0;0;0;0;0;0;1;0;0;0;(-38.5342362 -3.7304373);
KDH5746;2021-05-20 04:07:00;Rua Júlio Braga;;;JOAO XXIII;KDH5746;Queda;Não informado;Não informado;Não informado;Meio de quadra;Não informado;Longo da via;0;1;0;1;0;0;0;0;0;0;0;0;0;(-38.58044222690355 -3.775603087316899);
HSI1788;2021-04-28 22:41:00;Avenida Areia Branca;;;VICENTE PINZON;HSI1788;Queda;Não informado;Não informado;Não informado;Meio de quadra;Não informado;Longo da via;0;2;0;1;0;0;0;0;0;0;0;0;0;(-38.47477234324737 -3.728258429913125);
KJR0879;2021-04-28 22:33:00;Avenida Presidente Castelo Branco;;;MOURA BRASIL;KJR0879;Atropelamento;Não informado;Não informado;Não informado;Meio de quadra;Não informado;Longo da via;0;1;0;1;0;0;0;0;0;0;0;0;0;(-38.56229760000001 -3.7101713);
LWT1174;2021-04-28 22:06:00;Rua Rui Monte;;;ANTONIO BEZERRA;LWT1174;Atropelamento de Animal;Não informado;Não informado;Não informado;Meio de quadra;Não informado;Longo da via;0;1;0;0;0;0;0;0;0;1;0;0;0;(-38.5856006 -3.748162);
ZHZ6626;2021-05-20 02:02:00;Avenida Senador Fernandes Távora;;;HENRIQUE JORGE;ZHZ6626;Colisão;Não informado;Não informado;Não informado;Meio de quadra;Não informado;Longo da via;0;1;0;1;1;0;0;0;0;0;0;0;0;(-38.58276501240393 -3.761915933670767);
EVR0299;2021-05-19 23:38:00;Rua Saudade;;;MONTESE;EVR0299;Atropelamento;Não informado;Não informado;Não informado;Meio de quadra;Não informado;Longo da via;0;1;0;1;0;0;0;0;0;0;0;0;0;(-38.5452348 -3.7699017);
HLC1522;2021-04-28 21:55:00;Avenida Castelo de Castro;;;JANGURUSSU;HLC1522;Colisão;Não informado;Não informado;Não informado;Meio de quadra;Não informado;Longo da via;0;2;0;2;0;0;0;0;0;0;0;0;0;(-38.5218695 -3.836429699999999);
TXR9747;2021-05-19 22:55:00;Rua Porto Alegre;RUA MANAUS;;HENRIQUE JORGE;TXR9747;Colisão;Não informado;Não informado;Não informado;Cruz;Não informado;Longo da via;0;1;0;1;1;0;0;0;0;0;0;0;0;(-38.5938199 -3.7585721);
TVT6865;2021-05-19 22:35:00;Rua 3 Corações;RUA CEL JOAO CORREIA;;BOM JARDIM;TVT6865;Colisão;Não informado;Não informado;Não informado;Cruz;Não informado;Longo da via;0;1;0;1;1;0;0;0;0;0;0;0;0;(-38.6107548 -3.7898223);
YAU6855;2021-05-19 22:24:00;Avenida Beira Mar;;;PRAIA DE IRACEMA;YAU6855;Colisão;Não informado;Não informado;Não informado;Meio de quadra;Não informado;Longo da via;0;1;0;0;0;0;0;0;0;0;0;0;0;(-38.49140269999999 -3.725483);
VGY8206;2021-04-28 21:42:00;Avenida Borges de Melo;;;FATIMA;VGY8206;Colisão;Não informado;Não informado;Não informado;Meio de quadra;Não informado;Longo da via;0;1;0;1;1;0;0;0;0;0;0;0;0;(-38.5317617 -3.758423);
QMF6575;2021-04-28 21:30:00;Rua Emílio de Menezes;;;BONSUCESSO;QMF6575;Colisão;Não informado;Não informado;Não informado;Meio de quadra;Não informado;Longo da via;0;1;0;1;1;0;0;0;0;0;0;0;0;(-38.5928649 -3.7803526);
YAU6855;2021-05-19 21:58:00;Avenida Dionísio Leonel Alencar;;;PEDRAS;YAU6855;Queda;Não informado;Não informado;Não informado;Meio de quadra;Não informado;Longo da via;0;2;0;1;0;0;0;0;0;0;0;0;0;(-38.50286737871313 -3.847113198784883);
EIE3817;2021-05-19 20:55:00;Avenida Desembargador Moreira;;;MEIRELES;EIE3817;Queda;Não informado;Não informado;Não informado;Meio de quadra;Não informado;Longo da via;0;1;0;1;0;0;0;0;0;0;0;0;0;(-38.49696650691686 -3.732046468117481);
RXB2546;2021-04-28 20:43:00;Avenida Deputado Paulino Rocha;;;CAJAZEIRAS;RXB2546;Colisão;Não informado;Não informado;Não informado;Meio de quadra;Não informado;Longo da via;0;1;0;0;2;0;0;0;0;0;0;0;0;(-38.5073067 -3.8014157);
XQH6164;2021-05-19 20:29:00;Rua José Torres;;;GRANJA PORTUGAL;XQH6164;Colisão;Não informado;Não informado;Não informado;Meio de quadra;Não informado;Longo da via;0;1;0;2;0;0;0;0;0;0;0;0;0;(-38.60650256218573 -3.777150037937997);
HZS4080;2021-05-19 20:27:00;Rua Padre Pedro de Alencar;;;MESSEJANA;HZS4080;Colisão;Não informado;Não informado;Não informado;Meio de quadra;Não informado;Longo da via;0;1;0;1;1;0;0;0;0;0;0;0;0;(-38.49379077167782 -3.829846407383056);
IUU9470;2021-04-28 20:32:00;Avenida Mister Hull;;;ANTONIO BEZERRA;IUU9470;Colisão;Não informado;Não informado;Não informado;Meio de quadra;Não informado;Longo da via;0;1;0;0;0;0;0;0;0;0;1;0;0;(-38.5785563 -3.7390143);
NIU9425;2021-04-28 19:53:00;Avenida Augusto dos Anjos;;;PARANGABA;NIU9425;Colisão;Não informado;Não informado;Não informado;Meio de quadra;Não informado;Longo da via;0;1;0;1;1;0;0;0;0;0;0;0;0;(-38.5721028 -3.7721126);
CGY0091;2021-05-19 20:23:00;Avenida Castelo de Castro;;;JANGURUSSU;CGY0091;Atropelamento;Não informado;Não informado;Não informado;Meio de quadra;Não informado;Longo da via;0;1;0;0;0;0;0;0;0;0;0;0;0;(-38.52164310415428 -3.843152883505915);
YLK4380;2021-04-28 19:49:00;Avenida Radialista Jose Lima Verde;;;BARRA DO CEARA;YLK4380;Queda;Não informado;Não informado;Não informado;Meio de quadra;Não informado;Longo da via;0;1;0;1;0;0;0;0;0;0;0;0;0;(-38.5898182 -3.7023369);
AGX6130;2021-05-19 19:46:00;Avenida Coronel Virgílio Nogueira;RUA DR FERNANDO AUGUSTO;;BOM JARDIM;AGX6130;Colisão;Não informado;Não informado;Não informado;Cruz;Não informado;Longo da via;0;2;0;0;2;0;0;0;0;0;0;0;0;(-38.6094874 -3.7909627);
BZU3710;2021-05-19 19:32:00;Avenida Val Paraíso;;;CONJUNTO PALMEIRAS;BZU3710;Atropelamento;Não informado;Não informado;Não informado;Meio de quadra;Não informado;Longo da via;0;1;0;0;1;0;0;0;0;0;0;0;0;(-38.5189138 -3.8463738);
WNX9728;2021-04-28 19:45:00;Avenida Conselheiro Gomes de Freitas;;;SAPIRANGA / COITE;WNX9728;Colisão;Não informado;Não informado;Não informado;Meio de quadra;Não informado;Longo da via;0;1;0;1;1;0;0;0;0;0;0;0;0;(-38.474951 -3.7954349);
AUK4716;2021-05-19 19:13:00;Rua Doutor Quixadá Felício;;;VILA VELHA;AUK4716;Colisão;Não informado;Não informado;Não informado;Meio de quadra;Não informado;Longo da via;0;1;0;1;1;0;0;0;0;0;0;0;0;(-38.59694853766251 -3.709616936034018);
LQC5713;2021-04-28 19:19:00;Avenida Washington Soares;;;EDSON QUEIROZ;LQC5713;Colisão;Não informado;Não informado;Não informado;Meio de quadra;Não informado;Longo da via;0;1;0;1;1;0;0;0;0;0;0;0;0;(-38.481665 -3.7762191);
XSA2152;2021-04-28 17:21:00;CE 401;;;SERRINHA;XSA2152;Colisão;Não informado;Não informado;Não informado;Meio de quadra;Não informado;Longo da via;0;1;0;0;0;0;0;0;0;0;1;0;0;(-38.545443 -3.7793258);
ZXP6706;2021-04-28 17:11:00;Avenida Francisco Sá;RUA CRUZEIRO DO SUL;;CARLITO PAMPLONA;ZXP6706;Colisão;Não informado;Não informado;Não informado;Cruz;Não informado;Cruzamento;0;1;0;1;1;0;0;0;0;0;0;0;0;(-38.5630383 -3.7154959);
XZR9048;2021-05-19 18:38:00;Rua Joaquim Nabuco;;;SAO JOAO DO TAUAPE;XZR9048;Colisão;Não informado;Não informado;Não informado;Meio de quadra;Não informado;Longo da via;0;1;0;1;1;0;0;0;0;0;0;0;0;(-38.5075022333105 -3.754571779760514);
PVG5041;2021-05-19 16:46:00;Avenida Major Assis;;;JARDIM GUANABARA;PVG5041;Colisão;Não informado;Não informado;Não informado;Meio de quadra;Não informado;Longo da via;0;1;0;0;0;0;0;0;0;0;0;0;0;(-38.5935382 -3.722315);
UMP8967;2021-05-19 15:41:00;Avenida Américo Barreira;;;RODOLFO TEOFILO;UMP8967;Queda;Não informado;Não informado;Não informado;Meio de quadra;Não informado;Longo da via;0;2;0;1;0;0;0;0;0;0;0;0;0;(-38.55255260912188 -3.752029146475335);
XFU5051;2021-04-28 15:30:00;Avenida Senador Fernandes Távora;;;AUTRAN NUNES;XFU5051;Colisão;Não informado;Não informado;Não informado;Meio de quadra;Não informado;Longo da via;0;1;0;1;1;0;0;0;0;0;0;0;0;(-38.6003349 -3.7546459);
AGM3216;2021-05-19 15:04:00;Avenida José Tavares;;;CANINDEZINHO;AGM3216;Colisão;Não informado;Não informado;Não informado;Meio de quadra;Não informado;Longo da via;0;1;0;1;1;0;0;0;0;0;0;0;0;(-38.60034419926234 -3.811374943937275);
YPN9111;2021-04-28 15:02:00;RUA TERTULIANO POTIGUAR;AV SEN VIRGILIO TAVORA;;DIONISIO TORRES;YPN9111;Colisão;Não informado;Não informado;Não informado;Cruz;Não informado;Cruzamento;0;1;0;1;1;0;0;0;0;0;0;0;0;(-38.4956952008342 -3.74477590982765);
VEA1352;2021-05-19 14:59:00;Avenida Humberto Monte;;;BELA VISTA;VEA1352;Colisão;Não informado;Não informado;Não informado;Meio de quadra;Não informado;Longo da via;0;2;0;1;1;0;0;0;0;0;0;0;0;(-38.5557925 -3.7546219);
HMF8321;2021-05-19 11:04:00;Rua Érico Mota;RUA GUSTAVO SAMPAIO;;PARQUELANDIA;HMF8321;Colisão;Não informado;Não informado;Não informado;Cruz;Não informado;Longo da via;0;1;0;1;1;0;0;0;0;0;0;0;0;(-38.5627398 -3.7365657);
ORX9351;2021-05-19 11:04:00;Rua Guilherme Mendes;RUA ALBERTO FERREIRA;;JARDIM IRACEMA;ORX9351;Colisão;Não informado;Não informado;Não informado;Meio de quadra;Não informado;Longo da via;0;2;0;1;1;0;0;0;0;0;0;0;0;(-38.5831327 -3.7210302);