COD_ACIDENTE;DATA;LOG1;LOG2;NUMERO;BAIRRO;AMC;NATUREZA;ILUMINACAO;TEMPO;SUPERFICIEPISTA;TIPOCRUZAMENTO;CONTROLETRAFEGO;USOSOLO;MORTOS;FERIDOS;ILESOS;MOTOCICLETA;AUTOMOVEL;MICROONIBUS;CAMINHAO;ONIBUS;CICLOMOTOR;BICICLETA;OUTROS;TREM;TRACAOANIMAL;COORDENADAS
MUI5479;2021-04-28 14:00:00;AV DES MOREIRA;;;ALDEOTA;MUI5479;Colisão;Não informado;Não informado;Não informado;Meio de quadra;Não informado;Longo da via;0;1;0;1;1;0;0;0;0;0;0;0;0;(-38.5004806 -3.7432858);
QOS3084;2021-05-19 10:43:00;Rua Doutor Edmilson Barros Oliveira;;;DIONISIO TORRES;QOS3084;Queda;Não informado;Não informado;Não informado;Meio de quadra;Não informado;Longo da via;0;1;0;1;0;0;0;0;0;0;0;0;0;(-38.49561468436396 -3.752714319962823);
MRD0213;2021-05-19 10:40:00;Avenida Bernardo Manuel;;;ITAPERI;MRD0213;Colisão;Não informado;Não informado;Não informado;Meio de quadra;Não informado;Longo da via;0;1;0;1;1;0;0;0;0;0;0;0;0;(-38.55480030801744 -3.810127798067743);
SEV0040;2021-05-19 09:37:00;Avenida General Osório de Paiva;;;CANINDEZINHO;SEV0040;Colisão;Não informado;Não informado;Não informado;Meio de quadra;Não informado;Longo da via;0;2;0;2;0;0;0;0;0;0;0;0;0;(-38.59501734177649 -3.797367197496455);
XIF6108;2021-04-28 12:54:00;Avenida Imperador;AV DUQ CAXIAS;;CENTRO;XIF6108;Colisão;Não informado;Não informado;Não informado;Cruz;Não informado;Cruzamento;0;1;0;1;1;0;0;0;0;0;0;0;0;(-38.5353476 -3.7300665);
MXK1412;2021-05-19 09:27:00;Avenida Presidente Costa e Silva;;;PREFEITO JOSE VALTER;MXK1412;Colisão;Não informado;Não informado;Não informado;Meio de quadra;Não informado;Longo da via;0;1;0;2;0;0;0;0;0;0;0;0;0;(-38.54838969710791 -3.823948000102914);
HZO3561;2021-04-28 10:32:00;Rua Emílio de Menezes;;;BONSUCESSO;HZO3561;Colisão;Não informado;Não informado;Não informado;Meio de quadra;Não informado;Longo da via;0;1;0;0;1;0;0;0;0;1;0;0;0;(-38.5904064 -3.7810108);
QZT7832;2021-05-19 02:43:00;Rua Antônieta Clotilde;;;JARDIM IRACEMA;QZT7832;Queda;Não informado;Não informado;Não informado;Meio de quadra;Não informado;Longo da via;0;1;0;1;0;0;0;0;0;0;0;0;0;(-38.58008817484442 -3.717518191937193);
EOO6914;2021-05-19 01:04:00;Rua Pedro Cabral;;;CONJUNTO ESPERANCA;EOO6914;Colisão;Não informado;Não informado;Não informado;Meio de quadra;Não informado;Longo da via;0;1;0;0;1;0;0;0;0;0;0;0;0;(-38.59197572238347 -3.822684815043619);
PWW4359;2021-05-19 00:33:00;Avenida Frei Cirilo;;;MESSEJANA;PWW4359;Colisão;Não informado;Não informado;Não informado;Meio de quadra;Não informado;Longo da via;0;1;0;1;1;0;0;0;0;0;0;0;0;(-38.4979833 -3.8161503);
KCK4290;2021-05-19 00:16:00;Rua Miguel Gurgel;;;MESSEJANA;KCK4290;Colisão;Não informado;Não informado;Não informado;Meio de quadra;Não informado;Longo da via;0;1;0;0;1;0;0;0;0;1;0;0;0;(-38.48220363037553 -3.839823294105525);
SCZ3412;2021-04-28 10:05:00;Avenida Godofredo Maciel;;;MONDUBIM;SCZ3412;Colisão;Não informado;Não informado;Não informado;Meio de quadra;Não informado;Longo da via;0;1;0;1;1;0;0;0;0;0;0;0;0;(-38.5780232 -3.8228202);
VPI8100;2021-04-28 09:59:00;AV BERNARDO MANUEL;AV DR SILAS MUNGUBA;;SERRINHA;VPI8100;Colisão;Não informado;Não informado;Não informado;Cruz;Não informado;Cruzamento;0;1;0;0;1;0;0;0;0;1;0;0;0;(-38.54847 -3.78858);
ACI5410;2021-04-28 09:57:00;Avenida Presidente Costa e Silva;;;PREFEITO JOSE VALTER;ACI5410;Colisão;Não informado;Não informado;Não informado;Meio de quadra;Não informado;Longo da via;0;1;0;1;1;0;0;0;0;0;0;0;0;(-38.5397433 -3.8254252);
ZLH4414;2021-04-28 07:46:00;Rua Carneiro da Cunha;AV FILOMENO GOMES;;CENTRO;ZLH4414;Colisão;Não informado;Não informado;Não informado;T;Não informado;Cruzamento;0;1;0;0;0;0;0;0;0;0;1;0;0;(-38.5417568 -3.7246101);
QVG9842;2021-04-28 01:24:00;Rua Professor José Henrique;;;MESSEJANA;QVG9842;Choque c/ Obstáculo Fixo;Não informado;Não informado;Não informado;Meio de quadra;Não informado;Longo da via;0;1;0;0;1;0;0;0;0;0;0;0;0;(-38.4768135 -3.8307791);
FME1715;2021-04-28 00:06:00;Rua Minas Gerais;;;DEMOCRITO ROCHA;FME1715;Colisão;Não informado;Não informado;Não informado;Meio de quadra;Não informado;Longo da via;0;1;0;1;1;0;0;0;0;0;0;0;0;(-38.56823480000001 -3.761122);
PBL1800;2021-04-27 23:28:00;Rua Miguel Gonçalves;;;BELA VISTA;PBL1800;Queda;Não informado;Não informado;Não informado;Meio de quadra;Não informado;Longo da via;0;1;0;1;0;0;0;0;0;0;0;0;0;(-38.5584849 -3.7556883);
LEU5214;2021-04-27 21:48:00;AV G;AV I CJ JOSE WALTER;;PREFEITO JOSE VALTER;LEU5214;Atropelamento;Não informado;Não informado;Não informado;Cruz;Não informado;Cruzamento;0;1;0;0;1;0;0;0;0;0;0;0;0;(-38.5532325 -3.8396712);
LET7293;2021-04-27 21:21:00;AV HERACLITO GRAÇA;RUA SILVA PAULET;;ALDEOTA;LET7293;Colisão;Não informado;Não informado;Não informado;Cruz;Não informado;Cruzamento;0;1;0;1;1;0;0;0;0;0;0;0;0;(-38.50711975018768 -3.739606854717053);
IRX5872;2021-04-27 20:12:00;Rua Coronel Jucá;AV PDE ANTONIO TOMAS;;ALDEOTA;IRX5872;Queda;Não informado;Não informado;Não informado;Cruz;Não informado;Cruzamento;0;1;0;1;0;0;0;0;0;0;0;0;0;(-38.4927688 -3.7423362);
WSD7793;2021-04-27 18:20:00;Rua Senador Pompeu;;;CENTRO;WSD7793;Colisão;Não informado;Não informado;Não informado;Meio de quadra;Não informado;Longo da via;0;1;0;1;1;0;0;0;0;0;0;0;0;(-38.53388899999999 -3.740382099999999);
KRZ5675;2021-04-27 17:12:00;Rua Pôrto Velho;;;JOAO XXIII;KRZ5675;Queda;Não informado;Não informado;Não informado;Meio de quadra;Não informado;Longo da via;0;1;0;1;0;0;0;0;0;0;0;0;0;(-38.581744 -3.769014);
SID3316;2021-04-27 15:14:00;Rua Professor Lino Encarnação;RUA CESAR FONTENELE;;PARQUELANDIA;SID3316;Colisão;Não informado;Não informado;Não informado;Cruz;Não informado;Cruzamento;0;1;0;0;1;0;0;0;0;1;0;0;0;(-38.5595892 -3.7463488);
VSF9852;2021-05-18 23:30:00;Avenida Sebastião de Abreu;;;COCO;VSF9852;Queda;Não informado;Não informado;Não informado;Meio de quadra;Não informado;Longo da via;0;1;0;1;0;0;0;0;0;0;0;0;0;(-38.48319 -3.7548815);
LWE2629;2021-05-18 23:27:00;Rua Senador Pompeu;;;BENFICA;LWE2629;Colisão;Não informado;Não informado;Não informado;Meio de quadra;Não informado;Longo da via;0;1;0;1;1;0;0;0;0;0;0;0;0;(-38.53434040967616 -3.742607956575254);
CPY3501;2021-05-18 23:22:00;Rua Primeiro de Maio;;;BONSUCESSO;CPY3501;Colisão;Não informado;Não informado;Não informado;Meio de quadra;Não informado;Longo da via;0;1;0;1;1;0;0;0;0;0;0;0;0;(-38.590581 -3.782395499999999);
SGA3846;2021-05-18 21:20:00;Rua Cacilda Becker;;;JOAO XXIII;SGA3846;Colisão;Não informado;Não informado;Não informado;Meio de quadra;Não informado;Longo da via;0;1;0;1;1;0;0;0;0;0;0;0;0;(-38.58812942668046 -3.773392388393063);
SDP5548;2021-04-27 13:47:00;Avenida Senador Carlos Jereissati;;;AEROPORTO;SDP5548;Colisão;Não informado;Não informado;Não informado;Meio de quadra;Não informado;Longo da via;0;1;0;2;0;0;0;0;0;0;0;0;0;(-38.5353259 -3.7822053);
KPY6325;2021-05-18 21:16:00;BR-116;;;CAJAZEIRAS;KPY6325;Colisão;Não informado;Não informado;Não informado;Meio de quadra;Não informado;Longo da via;0;1;0;1;1;0;0;0;0;0;0;0;0;(-38.51079597237525 -3.788369361929433);
NXD4401;2021-04-27 13:04:00;Rua Príncipe Nassau;RUA RIO ARAGUAIA;;PADRE ANDRADE;NXD4401;Colisão;Não informado;Não informado;Não informado;Meio de quadra;Não informado;Longo da via;0;1;0;1;1;0;0;0;0;0;0;0;0;(-38.5824122 -3.7287263);
KUK0247;2021-05-18 20:12:00;Avenida Francisco Sá;;;JACARECANGA;KUK0247;Colisão;Não informado;Não informado;Não informado;Meio de quadra;Não informado;Longo da via;0;1;0;2;0;0;0;0;0;0;0;0;0;(-38.54655519727106 -3.720960248090646);
SAE3526;2021-04-27 10:19:00;Avenida Jovita Feitosa;;;PARQUELANDIA;SAE3526;Colisão;Não informado;Não informado;Não informado;Meio de quadra;Não informado;Longo da via;0;2;0;0;0;0;0;0;0;0;1;0;0;(-38.5489991 -3.7381077);
AXX3847;2021-04-27 10:04:00;Rua Primeiro de Maio;;;BONSUCESSO;AXX3847;Colisão;Não informado;Não informado;Não informado;Meio de quadra;Não informado;Longo da via;0;1;0;1;1;0;0;0;0;0;0;0;0;(-38.5843152 -3.7842239);
WDT6253;2021-05-18 19:17:00;Avenida Contôrno Norte;;;CONJUNTO ESPERANCA;WDT6253;Queda;Não informado;Não informado;Não informado;Não informado;Não informado;Longo da via;0;1;0;1;0;0;0;0;0;0;0;0;0;(-38.58926132521836 -3.812167121490343);
HRN0313;2021-05-18 18:46:00;Avenida Santos Dumont;;;CENTRO;HRN0313;Queda;Não informado;Não informado;Não informado;Meio de quadra;Não informado;Longo da via;0;1;0;0;0;0;0;0;0;1;0;0;0;(-38.49085644955937 -3.738641391180941);
DGF9578;2021-04-27 09:57:00;Avenida Eduardo Girão;AV LUCIANO CARNEIRO;;FATIMA;DGF9578;Queda;Não informado;Não informado;Não informado;Não informado;Não informado;Cruzamento;0;1;0;1;0;0;0;0;0;0;0;0;0;(-38.5327702 -3.7519598);
MDI5398;2021-05-18 18:37:00;Rua Amâncio Pereira;;;PASSARE;MDI5398;Queda;Não informado;Não informado;Não informado;Meio de quadra;Não informado;Longo da via;0;1;0;0;0;0;0;0;0;1;0;0;0;(-38.52172165055654 -3.810863022222887);
UYE2790;2021-04-27 09:52:00;Avenida Jovita Feitosa;;;PARQUELANDIA;UYE2790;Queda;Não informado;Não informado;Não informado;Meio de quadra;Não informado;Longo da via;0;1;0;1;0;0;0;0;0;0;0;0;0;(-38.5478801 -3.738177);
EAT0481;2021-05-18 18:36:00;Avenida Coronel Carvalho;RUA ROSINHA SAMPAIO;;QUINTINO CUNHA;EAT0481;Atropelamento;Não informado;Não informado;Não informado;Cruz;Não informado;Longo da via;0;1;0;1;0;0;0;0;0;0;0;0;0;(-38.5853529 -3.7269366);
OOH8790;2021-04-27 09:45:00;Avenida Lineu Machado;;;JOQUEI CLUBE;OOH8790;Queda;Não informado;Não informado;Não informado;Meio de quadra;Não informado;Longo da via;0;1;0;1;0;0;0;0;0;0;0;0;0;(-38.5780534 -3.7681973);
MIC8029;2021-05-18 16:14:00;Rua Guilherme Rocha;;;JACARECANGA;MIC8029;Colisão;Não informado;Não informado;Não informado;Meio de quadra;Não informado;Longo da via;0;1;0;0;0;0;0;0;0;0;0;0;0;(-38.53848174391384 -3.723577914763931);
NSU3686;2021-04-27 09:34:00;Avenida Frei Cirilo;;;MESSEJANA;NSU3686;Colisão;Não informado;Não informado;Não informado;Meio de quadra;Não informado;Longo da via;0;1;0;1;1;0;0;0;0;0;0;0;0;(-38.4962229 -3.8206831);
OQU2967;2021-05-18 16:09:00;Rua Juraci Magalhães;;;PLANALTO AYRTON SENNA;OQU2967;Colisão;Não informado;Não informado;Não informado;Meio de quadra;Não informado;Longo da via;0;1;0;2;0;0;0;0;0;0;0;0;0;(-38.56980995036852 -3.83748965507209);
KGX1845;2021-05-18 16:04:00;Rua Cônego de Castro;;;PARQUE SAO JOSE;KGX1845;Atropelamento;Não informado;Não informado;Não informado;Meio de quadra;Não informado;Longo da via;0;1;0;0;1;0;0;0;0;0;0;0;0;(-38.58982049999999 -3.8026072);
IIG1861;2021-04-27 09:14:00;Rua Gustavo Sampaio;;;PARQUE ARAXA;IIG1861;Colisão;Não informado;Não informado;Não informado;Meio de quadra;Não informado;Longo da via;0;1;0;1;1;0;0;0;0;0;0;0;0;(-38.5582646 -3.735475799999999);
KGL7385;2021-05-18 15:05:00;Avenida Senador Virgílio Távora;RUA CAROLINA SUCUPIRA;;ALDEOTA;KGL7385;Colisão;Não informado;Não informado;Não informado;Cruz;Não informado;Longo da via;0;1;0;1;1;0;0;0;0;0;0;0;0;(-38.4951186 -3.742745);
KOK2213;2021-04-27 04:02:00;Rua Barão de Sobral;;;MONTESE;KOK2213;Colisão;Não informado;Não informado;Não informado;Meio de quadra;Não informado;Longo da via;0;1;0;1;0;0;1;0;0;0;0;0;0;(-38.55354800000001 -3.7674856);
YJO7958;2021-05-18 15:20:00;Rua Jornalista César Magalhães;;;GUARARAPES;YJO7958;Colisão;Não informado;Não informado;Não informado;Meio de quadra;Não informado;Longo da via;0;1;0;1;1;0;0;0;0;0;0;0;0;(-38.49111929853633 -3.763430791540339);
SWV1869;2021-05-18 13:54:00;Rua Cidade de Rio Branco;;;HENRIQUE JORGE;SWV1869;Colisão;Não informado;Não informado;Não informado;Meio de quadra;Não informado;Longo da via;0;1;0;1;1;0;0;0;0;0;0;0;0;(-38.59081339999999 -3.7652315);
DIY2047;2021-04-27 02:39:00;Avenida Alberto Nepomuceno;;;CENTRO;DIY2047;Colisão;Não informado;Não informado;Não informado;Meio de quadra;Não informado;Longo da via;0;2;0;1;0;0;1;0;0;0;0;0;0;(-38.5239331 -3.722481);
HQW6189;2021-05-18 13:52:00;Rua Olga Barroso;;;MUCURIPE;HQW6189;Queda;Não informado;Não informado;Não informado;Meio de quadra;Não informado;Longo da via;0;1;0;1;0;0;0;0;0;0;0;0;0;(-38.4813614237822 -3.725794092734766);
CKX4837;2021-04-27 00:48:00;Rua José Mendonça;;;GENIBAU;CKX4837;Colisão;Não informado;Não informado;Não informado;Meio de quadra;Não informado;Longo da via;0;1;0;0;1;0;0;0;0;1;0;0;0;(-38.6020165 -3.7566903);
YFQ7191;2021-04-26 23:43:00;Avenida Governador Leonel Brizola;AV CASTELO DE CASTRO;;JANGURUSSU;YFQ7191;Colisão;Não informado;Não informado;Não informado;Cruz;Não informado;Cruzamento;0;1;0;0;0;0;0;0;0;0;1;0;0;(-38.5215708 -3.8317231);
JWS1060;2021-05-18 13:43:00;Rua Haroldo Torres;RUA DOM MAURICIO;;PRESIDENTE KENNEDY;JWS1060;Colisão;Não informado;Não informado;Não informado;Cruz;Não informado;Longo da via;0;1;0;1;1;0;0;0;0;0;0;0;0;(-38.57662813553665 -3.731682461181008);
JLL6791;2021-04-26 22:28:00;CE-040;;;MESSEJANA;JLL6791;Colisão;Não informado;Não informado;Não informado;Meio de quadra;Não informado;Longo da via;0;1;0;1;1;0;0;0;0;0;0;0;0;(-38.4794771 -3.8404566);
PPX8147;2021-05-18 13:07:00;Rua Senador Robert Kennedy;RUA ESTEVAO DE CAMPOS;;BARRA DO CEARA;PPX8147;Colisão;Não informado;Não informado;Não informado;Cruz;Não informado;Longo da via;0;1;0;1;1;0;0;0;0;0;0;0;0;(-38.5795408 -3.7051348);
XWV0064;2021-05-18 11:54:00;Avenida Doutor Silas Munguba;;;SERRINHA;XWV0064;Colisão;Não informado;Não informado;Não informado;Meio de quadra;Não informado;Longo da via;0;2;0;0;1;0;0;0;0;1;0;0;0;(-38.55365768932288 -3.784178190623326);
LNN9482;2021-05-18 11:08:00;Rua Vilebaldo Aguiar;;;COCO;LNN9482;Colisão;Não informado;Não informado;Não informado;Meio de quadra;Não informado;Longo da via;0;1;0;1;1;0;0;0;0;0;0;0;0;(-38.4837646835287 -3.741890657280544);
UJK7271;2021-05-18 10:40:00;Avenida Presidente Castelo Branco;;;PIRAMBU;UJK7271;Colisão;Não informado;Não informado;Não informado;Meio de quadra;Não informado;Longo da via;0;1;0;1;1;0;0;0;0;0;0;0;0;(-38.55787411485694 -3.711544078139927);
YYF3576;2021-05-17 22:08:00;Avenida Mister Hull;;;PRESIDENTE KENNEDY;YYF3576;Colisão;Não informado;Não informado;Não informado;Meio de quadra;Não informado;Longo da via;0;1;0;1;1;0;0;0;0;0;0;0;0;(-38.57005106103932 -3.736850224748995);
IOR7237;2021-05-17 21:10:00;Rua Delmiro de Farias;RUA CAP FRANCISCO PEDRO;;RODOLFO TEOFILO;IOR7237;Colisão;Não informado;Não informado;Não informado;Cruz;Não informado;Longo da via;0;2;0;0;2;0;0;0;0;0;0;0;0;(-38.54978831243032 -3.748246547576501);
HRW0888;2021-05-17 20:55:00;Avenida Governador Raul Barbosa;;;SAO JOAO DO TAUAPE;HRW0888;Atropelamento;Não informado;Não informado;Não informado;Meio de quadra;Não informado;Longo da via;0;1;0;1;0;0;0;0;0;0;0;0;0;(-38.50461080612799 -3.756873525612153);
AUL3725;2021-05-17 20:51:00;Rua Vinte e Cinco de Março;;;CENTRO;AUL3725;Atropelamento de Animal;Não informado;Não informado;Não informado;Meio de quadra;Não informado;Longo da via;0;1;0;1;0;0;0;0;0;0;0;0;0;(-38.52246896688554 -3.729246822652089);
AHV9466;2021-05-17 20:43:00;Rua Manuel Castelo Branco;;;MESSEJANA;AHV9466;Colisão;Não informado;Não informado;Não informado;Meio de quadra;Não informado;Longo da via;0;1;0;0;1;0;0;0;0;1;0;0;0;(-38.48402216926051 -3.83367874459671);
ASZ0074;2021-05-17 20:09:00;Avenida Imperador;AV DOMINGOS OLIMPIO;;CENTRO;ASZ0074;Colisão;Não informado;Não informado;Não informado;Cruz;Não informado;Longo da via;0;1;0;2;0;0;0;0;0;0;0;0;0;(-38.5367055 -3.7349203);
CIR5117;2021-05-17 19:59:00;Avenida Doutor Silas Munguba;;;SERRINHA;CIR5117;Colisão;Não informado;Não informado;Não informado;Meio de quadra;Não informado;Longo da via;0;1;0;1;1;0;0;0;0;0;0;0;0;(-38.5448761283287 -3.788856457150588);
RXH0832;2021-05-17 19:41:00;Avenida Presidente Costa e Silva;;;PREFEITO JOSE VALTER;RXH0832;Colisão;Não informado;Não informado;Não informado;Meio de quadra;Não informado;Longo da via;0;1;0;0;0;0;0;0;0;0;0;0;0;(-38.5571016445251 -3.821384160686463);
TXV5141;2021-05-17 19:07:00;Avenida Governador Raul Barbosa;;;AEROLANDIA;TXV5141;Queda;Não informado;Não informado;Não informado;Meio de quadra;Não informado;Longo da via;0;1;0;1;0;0;0;0;0;0;0;0;0;(-38.51277008970455 -3.773178276818283);
IWM3756;2021-05-17 18:26:00;Rua Marcos Macêdo;RUA FREDERICO BORGES;;MEIRELES;IWM3756;Colisão;Não informado;Não informado;Não informado;Cruz;Não informado;Longo da via;0;1;0;1;1;0;0;0;0;0;0;0;0;(-38.4890668 -3.737033);
NSJ7011;2021-05-17 16:59:00;Avenida General Osório de Paiva;;;PARANGABA;NSJ7011;Não informado;Não informado;Não informado;Não informado;Não informado;Não informado;Longo da via;0;1;0;0;0;0;0;1;0;0;0;0;0;(-38.5723151251436 -3.779323258027843);
HPM2691;2021-05-17 16:21:00;Rua J da Penha;;;CENTRO;HPM2691;Atropelamento;Não informado;Não informado;Não informado;Meio de quadra;Não informado;Longo da via;0;1;0;1;0;0;0;0;0;0;0;0;0;(-38.5202910016711 -3.736767838532809);
KSL3466;2021-05-17 15:22:00;Rua Leonardo Mota;RUA ANA BILHAR;;MEIRELES;KSL3466;Colisão;Não informado;Não informado;Não informado;Cruz;Não informado;Longo da via;0;1;0;1;0;0;1;0;0;0;0;0;0;(-38.4941924 -3.7299578);
OOW0083;2021-05-17 14:31:00;Avenida A;;;CONJUNTO ESPERANCA;OOW0083;Queda;Não informado;Não informado;Não informado;Meio de quadra;Não informado;Longo da via;0;1;0;0;0;0;0;0;0;1;0;0;0;(-38.5888593 -3.817864699999999);
JUW5498;2021-05-17 14:04:00;Avenida Godofredo Maciel;RUA NEREU RAMOS;;MARAPONGA;JUW5498;Colisão;Não informado;Não informado;Não informado;Cruz;Não informado;Longo da via;0;1;0;1;1;0;0;0;0;0;0;0;0;(-38.5669536 -3.7871717);
TKO0371;2021-05-17 13:53:00;Rua Contorno;;;CASTELAO;TKO0371;Colisão;Não informado;Não informado;Não informado;Meio de quadra;Não informado;Longo da via;0;1;0;1;0;0;1;0;0;0;0;0;0;(-38.51908400855271 -3.806632568467225);
VGF9958;2021-05-17 12:35:00;Rua Queirós Ribeiro;;;MONTESE;VGF9958;Colisão;Não informado;Não informado;Não informado;Meio de quadra;Não informado;Longo da via;0;1;0;1;1;0;0;0;0;0;0;0;0;(-38.5454532 -3.7625982);
GSD8637;2021-05-17 11:26:00;Sabiaguaba;;;SABIAGUABA;GSD8637;Colisão;Não informado;Não informado;Não informado;Meio de quadra;Não informado;Longo da via;0;1;0;1;1;0;0;0;0;0;0;0;0;(-38.43085542709347 -3.799518956302168);
EUV5992;2021-05-17 10:34:00;Avenida Frei Cirilo;;;CAJAZEIRAS;EUV5992;Colisão;Não informado;Não informado;Não informado;Meio de quadra;Não informado;Longo da via;0;2;0;0;0;0;0;0;0;0;0;0;0;(-38.50944952221604 -3.790205334793216);
QSF0664;2021-05-17 09:45:00;Rua André Rebouças;;;BONSUCESSO;QSF0664;Colisão;Não informado;Não informado;Não informado;Meio de quadra;Não informado;Longo da via;0;1;0;0;1;0;0;0;0;1;0;0;0;(-38.5900621 -3.7750629);
IFY9526;2021-05-17 09:42:00;Centro;;;CENTRO;IFY9526;Queda;Não informado;Não informado;Não informado;Meio de quadra;Não informado;Longo da via;0;1;0;0;0;0;0;0;0;1;0;0;0;(-38.53277935886878 -3.729359236886626);
NQX8639;2021-05-17 09:12:00;Avenida General Osório de Paiva;;;SIQUEIRA;NQX8639;Queda;Não informado;Não informado;Não informado;Meio de quadra;Não informado;Longo da via;0;1;0;1;0;0;0;0;0;0;0;0;0;(-38.5949496 -3.7975027);
WLR1649;2021-05-17 08:26:00;Rua Joaquim Martins;;;PASSARE;WLR1649;Queda;Não informado;Não informado;Não informado;Meio de quadra;Não informado;Longo da via;0;1;0;1;0;0;0;0;0;0;0;0;0;(-38.54143753050716 -3.805642340043736);
UTJ6232;2021-05-17 06:03:00;Rua Aristides Barcelos;;;VICENTE PINZON;UTJ6232;Colisão;Não informado;Não informado;Não informado;Meio de quadra;Não informado;Longo da via;0;1;0;0;0;0;0;0;0;0;0;0;0;(-38.46981719266343 -3.724482587121715);
BXW9845;2021-05-17 05:42:00;Rua Professor Heribaldo Costa;;;HENRIQUE JORGE;BXW9845;Colisão;Não informado;Não informado;Não informado;Meio de quadra;Não informado;Longo da via;0;2;0;0;2;0;0;0;0;0;0;0;0;(-38.58812407399135 -3.768339341161693);
YNS9962;2021-05-17 04:38:00;Rua Barbosa de Freitas;;;MEIRELES;YNS9962;Colisão;Não informado;Não informado;Não informado;Meio de quadra;Não informado;Longo da via;0;1;0;1;1;0;0;0;0;0;0;0;0;(-38.50195005736557 -3.750867562069699);
XDU6838;2021-05-17 04:31:00;Rua Equador;;;ITAOCA;XDU6838;Colisão;Não informado;Não informado;Não informado;Meio de quadra;Não informado;Longo da via;0;1;0;1;1;0;0;0;0;0;0;0;0;(-38.55315600000001 -3.7763392);
YHE1806;2021-05-17 03:56:00;Rua Lourenço Pessoa;;;MARAPONGA;YHE1806;Colisão;Não informado;Não informado;Não informado;Meio de quadra;Não informado;Longo da via;0;1;0;1;1;0;0;0;0;0;0;0;0;(-38.56295421450872 -3.791045705911761);
AAB7953;2021-05-17 02:44:00;Rua Izabel Bezerra;RUA PEDESTRE IV;;PAUPINA;AAB7953;Colisão;Não informado;Não informado;Não informado;Meio de quadra;Não informado;Longo da via;0;1;0;1;1;0;0;0;0;0;0;0;0;(-38.5032018 -3.8545479);
RDD7441;2021-05-17 02:35:00;Rua Padre Cícero;;;JARDIM AMERICA;RDD7441;Colisão;Não informado;Não informado;Não informado;Meio de quadra;Não informado;Longo da via;0;1;0;0;0;0;0;0;0;0;1;0;0;(-38.54541089101919 -3.743932064772642);
GZH4212;2021-05-17 02:27:00;Rua General Tertuliano Potiguara;;;COCO;GZH4212;Colisão;Não informado;Não informado;Não informado;Meio de quadra;Não informado;Longo da via;0;1;0;0;0;0;0;0;0;0;0;0;0;(-38.49098518761642 -3.746221209013295);
QQL0531;2021-05-17 02:22:00;Rua Pedro Martins;;;SIQUEIRA;QQL0531;Colisão;Não informado;Não informado;Não informado;Meio de quadra;Não informado;Longo da via;0;1;0;1;1;0;0;0;0;0;0;0;0;(-38.60166196079073 -3.799354948444658);
OSA0233;2021-04-26 21:26:00;Avenida General Osório de Paiva;;;SIQUEIRA;OSA0233;Colisão;Não informado;Não informado;Não informado;Meio de quadra;Não informado;Longo da via;0;3;0;1;1;0;0;0;0;0;0;0;0;(-38.6092844 -3.8113624);
PDS8025;2021-04-26 20:10:00;Rua Irineu de Souza;AV DR THEBERGE;;ALVARO WEYNE;PDS8025;Colisão;Não informado;Não informado;Não informado;T;Não informado;Cruzamento;0;1;0;1;1;0;0;0;0;0;0;0;0;(-38.5674002 -3.7112718);
HCG6850;2021-04-26 20:07:00;Rua Eduardo Perdigão;;;PARANGABA;HCG6850;Queda;Não informado;Não informado;Não informado;Meio de quadra;Não informado;Longo da via;0;1;0;0;0;0;0;0;0;1;0;0;0;(-38.56396549999999 -3.7765172);
DVG9334;2021-04-26 19:19:00;Avenida João Pessoa;;;PARANGABA;DVG9334;Colisão;Não informado;Não informado;Não informado;Meio de quadra;Não informado;Longo da via;0;1;0;1;1;0;0;0;0;0;0;0;0;(-38.561561 -3.771789);
IDJ7516;2021-04-26 19:08:00;Avenida Treze de Maio;;;BENFICA;IDJ7516;Atropelamento;Não informado;Não informado;Não informado;Meio de quadra;Não informado;Longo da via;0;1;0;1;0;0;0;0;0;0;0;0;0;(-38.5395362 -3.740412099999999);
CID1947;2021-04-26 16:15:00;RUA OTAVIO LOBO;AV SANTOS DUMONT;;PAPICU;CID1947;Colisão;Não informado;Não informado;Não informado;Cruz;Não informado;Cruzamento;0;1;0;1;1;0;0;0;0;0;0;0;0;(-38.4778609 -3.7428776);
DQC7912;2021-04-26 15:37:00;Rua Antônio de Castro;;;CIDADE DOS FUNCIONRAIOS;DQC7912;Queda;Não informado;Não informado;Não informado;Meio de quadra;Não informado;Longo da via;0;1;0;1;0;0;0;0;0;0;0;0;0;(-38.5017848 -3.795859);
TQR0923;2021-04-26 14:18:00;Rua Curitiba;RUA PRO HERIBALDO COSTA;;HENRIQUE JORGE;TQR0923;Colisão;Não informado;Não informado;Não informado;Cruz;Não informado;Cruzamento;0;1;0;1;1;0;0;0;0;0;0;0;0;(-38.5908614 -3.7562332);