COD_ACIDENTE;DATA;LOG1;LOG2;NUMERO;BAIRRO;AMC;NATUREZA;ILUMINACAO;TEMPO;SUPERFICIEPISTA;TIPOCRUZAMENTO;CONTROLETRAFEGO;USOSOLO;MORTOS;FERIDOS;ILESOS;MOTOCICLETA;AUTOMOVEL;MICROONIBUS;CAMINHAO;ONIBUS;CICLOMOTOR;BICICLETA;OUTROS;TREM;TRACAOANIMAL;COORDENADAS
YDE9474;2021-04-26 12:46:00;Rua Gomes Brasil;AV GAL OSORIO DE PAIVA;;PARANGABA;YDE9474;Colisão;Não informado;Não informado;Não informado;Meio de quadra;Não informado;Cruzamento;0;1;0;1;1;0;0;0;0;0;0;0;0;(-38.5664728 -3.775654);
THM3675;2021-04-26 10:03:00;Rua Padre Valdevino;;;ALDEOTA;THM3675;Queda;Não informado;Não informado;Não informado;Meio de quadra;Não informado;Longo da via;0;1;0;1;0;0;0;0;0;0;0;0;0;(-38.5013961 -3.7437621);
HMW6188;2021-04-26 09:40:00;Avenida Almirante Maximiniano da Fonseca;;;ENGENHEIRO LUCIANO CAVALCANTE;HMW6188;Colisão;Não informado;Não informado;Não informado;Meio de quadra;Não informado;Longo da via;0;2;0;1;1;0;0;0;0;0;0;0;0;(-38.48670266397614 -3.77096414258423);
DXN4167;2021-04-26 08:45:00;Avenida L;;;VILA VELHA;DXN4167;Colisão;Não informado;Não informado;Não informado;Meio de quadra;Não informado;Longo da via;0;1;0;1;1;0;0;0;0;0;0;0;0;(-38.6008819 -3.7151088);
KDS3743;2021-05-17 00:22:00;Rua Clarim;;;DIAS MACEDO;KDS3743;Queda;Não informado;Não informado;Não informado;Meio de quadra;Não informado;Longo da via;0;1;0;1;0;0;0;0;0;0;0;0;0;(-38.52690533144761 -3.789038448701312);
ZVF3289;2021-05-16 23:35:00;Avenida José Jatahy;AV BEZERRA DE MENEZES;;FARIAS BRITO;ZVF3289;Colisão;Não informado;Não informado;Não informado;Cruz;Não informado;Longo da via;0;1;0;1;1;0;0;0;0;0;0;0;0;(-38.54508534790381 -3.731586106378456);
XHE2133;2021-04-26 08:11:00;AV IMPERADOR;;;CENTRO;XHE2133;Colisão;Não informado;Não informado;Não informado;Meio de quadra;Não informado;Longo da via;0;1;0;0;0;0;0;0;0;0;1;0;0;(-38.5364055 -3.732803199999999);
AVE9562;2021-04-26 02:05:00;Avenida Doutor Theberge;AV PRS CASTELO BRANCO;;CRISTO REDENTOR;AVE9562;Queda;Não informado;Não informado;Não informado;Cruz;Não informado;Cruzamento;0;1;0;0;0;0;0;0;0;1;0;0;0;(-38.5631931 -3.70901);
OFJ1971;2021-04-26 01:38:00;AV JOSE BASTOS;;;BONSUCESSO;OFJ1971;Colisão;Não informado;Não informado;Não informado;Meio de quadra;Não informado;Longo da via;0;1;0;1;1;0;0;0;0;0;0;0;0;(-38.5538192 -3.7537702);
AAZ4147;2021-04-25 23:58:00;AV PRO JOSE ARTUR DE CARVALHO;;;LAGOA REDONDA;AAZ4147;Atropelamento;Não informado;Não informado;Não informado;Meio de quadra;Não informado;Longo da via;0;1;0;0;1;0;0;0;0;0;0;0;0;(-38.4787876 -3.8255641);
XQE4633;2021-05-16 22:57:00;Rodovia Anel Viario De Fortaleza;;;ANCURI;XQE4633;Colisão;Não informado;Não informado;Não informado;Meio de quadra;Não informado;Longo da via;0;1;0;1;1;0;0;0;0;0;0;0;0;(-38.50754499758621 -3.868848733309502);
WIY1976;2021-04-25 23:16:00;Avenida Oliveira Paiva;;;CIDADE DOS FUNCIONRAIOS;WIY1976;Colisão;Não informado;Não informado;Não informado;Meio de quadra;Não informado;Longo da via;0;1;0;0;0;0;0;0;0;0;1;0;0;(-38.5023616 -3.7980251);
JUT8024;2021-05-16 22:42:00;Rua Palmacia;;;VILA VELHA;JUT8024;Colisão;Não informado;Não informado;Não informado;Meio de quadra;Não informado;Longo da via;0;1;0;2;0;0;0;0;0;0;0;0;0;(-38.59297887160456 -3.717288007298202);
FRU6213;2021-05-16 21:49:00;Avenida Governador Raul Barbosa;;;AEROLANDIA;FRU6213;Queda;Não informado;Não informado;Não informado;Meio de quadra;Não informado;Longo da via;0;2;0;1;0;0;0;0;0;0;0;0;0;(-38.5088994 -3.7657658);
LZU5396;2021-04-25 23:13:00;Rua Érico Mota;;;PARQUELANDIA;LZU5396;Colisão;Não informado;Não informado;Não informado;Meio de quadra;Não informado;Longo da via;0;2;0;2;0;0;0;0;0;0;0;0;0;(-38.5614858 -3.7429936);
ZHE6237;2021-05-16 21:35:00;Avenida Frei Cirilo;;;MESSEJANA;ZHE6237;Colisão;Não informado;Não informado;Não informado;Meio de quadra;Não informado;Longo da via;0;1;0;1;1;0;0;0;0;0;0;0;0;(-38.49432416278814 -3.824237786402312);
PMA2996;2021-04-25 22:52:00;Avenida Oscar Araripe;;;BOM JARDIM;PMA2996;Colisão;Não informado;Não informado;Não informado;Meio de quadra;Não informado;Longo da via;0;1;0;0;2;0;0;0;0;0;0;0;0;(-38.596152 -3.792283);
WDG2725;2021-05-16 20:58:00;Rua Santa Elisa;;;PIRAMBU;WDG2725;Colisão;Não informado;Não informado;Não informado;Meio de quadra;Não informado;Longo da via;0;1;0;2;0;0;0;0;0;0;0;0;0;(-38.56052413689449 -3.706148069654232);
TSR2693;2021-04-25 22:08:00;Avenida Washington Soares;;;EDSON QUEIROZ;TSR2693;Colisão;Não informado;Não informado;Não informado;Meio de quadra;Não informado;Longo da via;0;1;0;1;1;0;0;0;0;0;0;0;0;(-38.481665 -3.7762191);
IIA9248;2021-05-16 20:33:00;Travessa Primavera;RUA CHICO MOTA;;DIAS MACEDO;IIA9248;Atropelamento;Não informado;Não informado;Não informado;Cruz;Não informado;Longo da via;0;1;0;0;0;0;0;0;0;0;0;0;0;(-38.52236703332525 -3.788931394852585);
JNO6774;2021-04-25 21:48:00;Avenida Mozart Pinheiro de Lucena;;;QUINTINO CUNHA;JNO6774;Queda;Não informado;Não informado;Não informado;Meio de quadra;Não informado;Longo da via;0;1;0;0;0;0;0;0;0;1;0;0;0;(-38.5982986 -3.7263711);
VVQ8832;2021-05-16 19:20:00;Rua Dom Sebastião Leme;;;FATIMA;VVQ8832;Colisão;Não informado;Não informado;Não informado;Meio de quadra;Não informado;Longo da via;0;1;0;0;2;0;0;0;0;0;0;0;0;(-38.52566616237707 -3.749566799819948);
KKS1974;2021-05-16 19:04:00;Rua Joaquim Moreira;RUA EDUARDO PERDIGAO;;PARANGABA;KKS1974;Colisão;Não informado;Não informado;Não informado;Meio de quadra;Não informado;Longo da via;0;1;0;0;1;0;0;0;0;1;0;0;0;(-38.56461718855495 -3.773114043335559);
KGC7611;2021-05-16 18:33:00;Rua Um;;;MONDUBIM;KGC7611;Colisão;Não informado;Não informado;Não informado;Meio de quadra;Não informado;Longo da via;0;1;0;0;0;0;0;0;0;0;0;0;0;(-38.56761051199978 -3.824724108644167);
SSX6926;2021-05-16 16:26:00;Avenida Humberto Monte;RUA BOLIVIA;;AMADEU FURTADO;SSX6926;Colisão;Não informado;Não informado;Não informado;Cruz;Não informado;Longo da via;0;1;0;1;1;0;0;0;0;0;0;0;0;(-38.5648291 -3.7439001);
DNF3926;2021-05-16 15:53:00;Avenida César Cals;;;VICENTE PINZON;DNF3926;Colisão;Não informado;Não informado;Não informado;Meio de quadra;Não informado;Longo da via;0;2;0;0;2;0;0;0;0;0;0;0;0;(-38.46342196720664 -3.723131014974915);
ZEX4540;2021-05-16 15:30:00;Rua Crisanto Moreira da Rocha;;;CAMBEBA;ZEX4540;Colisão;Não informado;Não informado;Não informado;Meio de quadra;Não informado;Longo da via;0;1;0;1;1;0;0;0;0;0;0;0;0;(-38.4808724 -3.7995997);
UMC8035;2021-05-16 14:52:00;Avenida Mozart Pinheiro de Lucena;;;JARDIM GUANABARA;UMC8035;Colisão;Não informado;Não informado;Não informado;Meio de quadra;Não informado;Longo da via;0;1;0;1;1;0;0;0;0;0;0;0;0;(-38.59623 -3.720037);
FYL5841;2021-05-16 13:49:00;Avenida Dos Jangadeiros;;;MUCURIPE;FYL5841;Atropelamento;Não informado;Não informado;Não informado;Meio de quadra;Não informado;Longo da via;0;1;0;0;1;0;0;0;0;0;0;0;0;(-38.47546056535692 -3.720767536126284);
ELK7119;2021-04-25 20:41:00;Avenida Luiz Vieira;;;VILA PERY;ELK7119;Queda;Não informado;Não informado;Não informado;Meio de quadra;Não informado;Longo da via;0;2;0;1;0;0;0;0;0;0;0;0;0;(-38.5882554 -3.7921328);
EIR8133;2021-05-16 12:11:00;Rua Rosinha Sampaio;;;JARDIM GUANABARA;EIR8133;Colisão;Não informado;Não informado;Não informado;Meio de quadra;Não informado;Longo da via;0;1;0;1;1;0;0;0;0;0;0;0;0;(-38.59193280703924 -3.725820858135085);
FBZ6883;2021-05-16 05:10:00;Rua 101;;;PARQUE DOIS IRMAOS;FBZ6883;Atropelamento;Não informado;Não informado;Não informado;Meio de quadra;Não informado;Longo da via;0;1;0;1;0;0;0;0;0;0;0;0;0;(-38.54653912724024 -3.80512849133209);
EKA0247;2021-04-25 19:52:00;CE-010;;;SABIAGUABA;EKA0247;Colisão;Não informado;Não informado;Não informado;Meio de quadra;Não informado;Longo da via;0;2;0;1;1;0;0;0;0;0;0;0;0;(-38.4284757 -3.806937);
HFC9980;2021-05-16 03:22:00;Avenida Presidente Castelo Branco;;;BARRA DO CEARA;HFC9980;Atropelamento;Não informado;Não informado;Não informado;Meio de quadra;Não informado;Longo da via;0;1;0;1;0;0;0;0;0;0;0;0;0;(-38.58170819601386 -3.702764841191957);
ZMJ4448;2021-04-25 19:17:00;Avenida Oliveira Paiva;;;CIDADE DOS FUNCIONRAIOS;ZMJ4448;Colisão;Não informado;Não informado;Não informado;Meio de quadra;Não informado;Longo da via;0;1;0;1;1;0;0;0;0;0;0;0;0;(-38.4995069 -3.7972388);
SQY1854;2021-04-25 18:47:00;Rua Martins Neto;RUA TOMAS RODRIGUES;;ANTONIO BEZERRA;SQY1854;Queda;Não informado;Não informado;Não informado;Cruz;Não informado;Cruzamento;0;1;0;1;0;0;0;0;0;0;0;0;0;(-38.5937504 -3.7410662);
GPQ1058;2021-05-16 02:29:00;Rua Betel;;;ITAPERI;GPQ1058;Atropelamento;Não informado;Não informado;Não informado;Meio de quadra;Não informado;Longo da via;0;1;0;1;0;0;0;0;0;0;0;0;0;(-38.55415121202836 -3.795434892107273);
YGH8393;2021-04-25 16:45:00;Avenida Independência;;;JARDIM GUANABARA;YGH8393;Choque c/ Obstáculo Fixo;Não informado;Não informado;Não informado;Meio de quadra;Não informado;Longo da via;0;1;0;0;1;0;0;0;0;0;0;0;0;(-38.58721999999999 -3.728262);
WCQ3832;2021-05-16 02:01:00;Rua Cícero;;;PICI;WCQ3832;Atropelamento;Não informado;Não informado;Não informado;Meio de quadra;Não informado;Longo da via;0;1;0;0;1;0;0;0;0;0;0;0;0;(-38.58155805986762 -3.750187740065404);
AHA8103;2021-05-16 01:06:00;Rua Nereu Ramos;;;VILA PERY;AHA8103;Colisão;Não informado;Não informado;Não informado;Meio de quadra;Não informado;Longo da via;0;1;0;2;0;0;0;0;0;0;0;0;0;(-38.57348993550706 -3.78434947771541);
CBO2787;2021-04-25 15:38:00;Avenida General Osório de Paiva;;;SIQUEIRA;CBO2787;Colisão;Não informado;Não informado;Não informado;Meio de quadra;Não informado;Longo da via;0;1;0;1;1;0;0;0;0;0;0;0;0;(-38.587795 -3.7904437);
EGH1636;2021-05-15 23:36:00;Avenida Américo Barreira;;;BENFICA;EGH1636;Queda;Não informado;Não informado;Não informado;Meio de quadra;Não informado;Longo da via;0;1;0;1;0;0;0;0;0;0;0;0;0;(-38.54365840473221 -3.7430308417051);
XYC9747;2021-05-15 22:39:00;Rua João Cordeiro;;;JOAQUIM TVORA;XYC9747;Colisão;Não informado;Não informado;Não informado;Meio de quadra;Não informado;Longo da via;0;1;0;1;1;0;0;0;0;0;0;0;0;(-38.51944342315323 -3.747527329186927);
KLQ9228;2021-04-25 13:57:00;Rua Doutor Pergentino Maia;;;MESSEJANA;KLQ9228;Queda;Não informado;Não informado;Não informado;Meio de quadra;Não informado;Longo da via;0;1;0;1;0;0;0;0;0;0;0;0;0;(-38.4908129 -3.831024599999999);
ZBW9421;2021-05-15 22:17:00;Rua Catolé;;;CONJUNTO PALMEIRAS;ZBW9421;Colisão;Não informado;Não informado;Não informado;Meio de quadra;Não informado;Longo da via;0;1;0;1;1;0;0;0;0;0;0;0;0;(-38.52094545691747 -3.849205957259648);
MGR5410;2021-05-15 22:17:00;Rua João Cordeiro;;;JOAQUIM TVORA;MGR5410;Colisão;Não informado;Não informado;Não informado;Meio de quadra;Não informado;Longo da via;0;1;0;1;1;0;0;0;0;0;0;0;0;(-38.5161305 -3.7352494);
ILE6637;2021-05-15 21:53:00;Rua José Moreira;;;PAUPINA;ILE6637;Colisão;Não informado;Não informado;Não informado;Meio de quadra;Não informado;Longo da via;0;1;0;0;1;0;0;0;0;1;0;0;0;(-38.50046792062307 -3.857814362763224);
DIT8888;2021-04-25 13:36:00;AV DEP PAULINO ROCHA;RUA POMPILIO GOMES;;PASSARE;DIT8888;Colisão;Não informado;Não informado;Não informado;T;Não informado;Cruzamento;0;1;0;1;1;0;0;0;0;0;0;0;0;(-38.51666 -3.81089);
OWW3479;2021-04-25 08:24:00;RUA MIGUEL ARRAIS;;;BOM JARDIM;OWW3479;Colisão;Não informado;Não informado;Não informado;Meio de quadra;Não informado;Longo da via;0;2;0;1;1;0;0;0;0;0;0;0;0;(-38.6205127 -3.8020251);
JVW4154;2021-05-15 21:06:00;Rua Catolé;;;CONJUNTO PALMEIRAS;JVW4154;Queda;Não informado;Não informado;Não informado;Meio de quadra;Não informado;Longo da via;0;1;0;1;0;0;0;0;0;0;0;0;0;(-38.52056458323736 -3.847541385080429);
TWB8920;2021-04-25 07:29:00;Avenida Engenheiro Leal Lima Verde;;;SAPIRANGA / COITE;TWB8920;Colisão;Não informado;Não informado;Não informado;Meio de quadra;Não informado;Longo da via;0;2;0;1;1;0;0;0;0;0;0;0;0;(-38.4746736 -3.8166679);
SYL7717;2021-05-15 20:41:00;Rua João Cordeiro;;;JOAQUIM TVORA;SYL7717;Colisão;Não informado;Não informado;Não informado;Meio de quadra;Não informado;Longo da via;0;2;0;1;1;0;0;0;0;0;0;0;0;(-38.51780727025884 -3.739824403791213);
YAY1675;2021-05-15 20:32:00;Rua Raimundo Neri;;;PREFEITO JOSE VALTER;YAY1675;Colisão;Não informado;Não informado;Não informado;Meio de quadra;Não informado;Longo da via;0;1;0;0;0;0;0;0;0;0;0;0;0;(-38.5864203 -3.794134);
KWG0229;2021-04-25 06:33:00;Rua José Mendonça;;;GENIBAU;KWG0229;Queda;Não informado;Não informado;Não informado;Meio de quadra;Não informado;Longo da via;0;1;0;1;0;0;0;0;0;0;0;0;0;(-38.6020282 -3.7568468);
PKE2042;2021-05-15 19:32:00;Rua Maria Júlia;RUA PEDRO MARTINS;;BOM JARDIM;PKE2042;Colisão;Não informado;Não informado;Não informado;Cruz;Não informado;Longo da via;0;2;0;1;1;0;0;0;0;0;0;0;0;(-38.6019359 -3.7992341);
MNE7457;2021-04-25 04:35:00;Rua Sabina Bezerra;;;CANINDEZINHO;MNE7457;Queda;Não informado;Não informado;Não informado;Meio de quadra;Não informado;Longo da via;0;1;0;1;0;0;0;0;0;0;0;0;0;(-38.610062 -3.817656);
KSE7938;2021-05-15 17:44:00;Rua Raimundo Neri;;;MONDUBIM;KSE7938;Colisão;Não informado;Não informado;Não informado;Meio de quadra;Não informado;Longo da via;0;1;0;2;0;0;0;0;0;0;0;0;0;(-38.5864203 -3.794134);
BCJ6073;2021-04-25 04:32:00;Avenida Jovita Feitosa;;;PARQUELANDIA;BCJ6073;Queda;Não informado;Não informado;Não informado;Meio de quadra;Não informado;Longo da via;0;1;0;0;0;0;0;0;0;1;0;0;0;(-38.5595875 -3.7403);
REG0330;2021-05-15 17:42:00;Avenida Presidente Costa e Silva;;;MONDUBIM;REG0330;Colisão;Não informado;Não informado;Não informado;Meio de quadra;Não informado;Longo da via;0;1;0;2;0;0;0;0;0;0;0;0;0;(-38.57031421082403 -3.813366091533775);
SJS1186;2021-04-25 03:26:00;RUA DO FIM;;;SERRINHA;SJS1186;Colisão;Não informado;Não informado;Não informado;Meio de quadra;Não informado;Longo da via;0;1;0;1;1;0;0;0;0;0;0;0;0;(-38.5361159 -3.7910803);
NTK9830;2021-05-15 17:11:00;Rua José Hipólito;RUA CEL GUILHERME ALENCAR;;MESSEJANA;NTK9830;Colisão;Não informado;Não informado;Não informado;Meio de quadra;Não informado;Longo da via;0;1;0;1;1;0;0;0;0;0;0;0;0;(-38.4920274 -3.8330246);
SCX2594;2021-04-25 02:54:00;Avenida Doutor Theberge;;;ALVARO WEYNE;SCX2594;Queda;Não informado;Não informado;Não informado;Meio de quadra;Não informado;Longo da via;0;1;0;0;0;0;0;0;0;1;0;0;0;(-38.5630428 -3.708644799999999);
WIV3290;2021-05-15 16:30:00;Rua Santa Elisa;;;CRISTO REDENTOR;WIV3290;Queda;Não informado;Não informado;Não informado;Meio de quadra;Não informado;Longo da via;0;1;0;0;0;0;0;0;0;1;0;0;0;(-38.56827041869279 -3.702995029614446);
BGQ8973;2021-04-25 01:46:00;Rua Pedro Dantas;;;DIAS MACEDO;BGQ8973;Capotamento;Não informado;Não informado;Não informado;Meio de quadra;Não informado;Longo da via;0;1;0;0;0;0;0;0;0;0;1;0;0;(-38.5204621 -3.7862429);
AIA0392;2021-05-15 16:07:00;Avenida Professor Gomes de Matos;;;MONTESE;AIA0392;Colisão;Não informado;Não informado;Não informado;Meio de quadra;Não informado;Longo da via;0;1;0;0;1;0;0;0;0;1;0;0;0;(-38.55130805991654 -3.767857587244125);
WTF1309;2021-05-15 14:01:00;Avenida Monsenhor Tabosa;;;MEIRELES;WTF1309;Colisão;Não informado;Não informado;Não informado;Meio de quadra;Não informado;Longo da via;0;1;0;1;1;0;0;0;0;0;0;0;0;(-38.50946561077856 -3.724198873405436);
RPN9063;2021-04-25 01:11:00;Rua Gomes Brasil;;;PARANGABA;RPN9063;Queda;Não informado;Não informado;Não informado;Meio de quadra;Não informado;Longo da via;0;1;0;1;0;0;0;0;0;0;0;0;0;(-38.5674628 -3.7745744);
THZ3750;2021-04-25 00:49:00;Rua Ari Lôbo;;;PARQUE SANTA ROSA;THZ3750;Queda;Não informado;Não informado;Não informado;Meio de quadra;Não informado;Longo da via;0;1;0;1;0;0;0;0;0;0;0;0;0;(-38.5974377 -3.8147533);
TLE1000;2021-05-15 13:46:00;Avenida José Leon;;;CIDADE DOS FUNCIONRAIOS;TLE1000;Colisão;Não informado;Não informado;Não informado;Meio de quadra;Não informado;Longo da via;0;1;0;1;1;0;0;0;0;0;0;0;0;(-38.4987508 -3.788602);
OYO2449;2021-05-15 13:05:00;Rua do Sol;;;PLANALTO AYRTON SENNA;OYO2449;Colisão;Não informado;Não informado;Não informado;Meio de quadra;Não informado;Longo da via;0;1;0;2;0;0;0;0;0;0;0;0;0;(-38.5726924 -3.828929);
OVI9842;2021-04-24 22:50:00;Rua Deputado Moreira da Rocha;RUA SILVA PAULET;;MEIRELES;OVI9842;Queda;Não informado;Não informado;Não informado;Cruz;Não informado;Cruzamento;0;1;0;1;0;0;0;0;0;0;0;0;0;(-38.5032182 -3.7275385);
PZD2412;2021-04-24 22:42:00;Rua HUGO VITOR;RUA MARTINS NETO;;ANTONIO BEZERRA;PZD2412;Colisão;Não informado;Não informado;Não informado;Cruz;Não informado;Cruzamento;0;1;0;1;1;0;0;0;0;0;0;0;0;(-38.591288 -3.7408424);
YWI3122;2021-04-24 22:21:00;Rua SANTA CATARINA;RUA PERNAMBUCO;;PICI;YWI3122;Colisão;Não informado;Não informado;Não informado;Cruz;Não informado;Cruzamento;0;1;0;1;1;0;0;0;0;0;0;0;0;(-38.5690722 -3.7596092);
FAI9289;2021-04-24 22:11:00;Avenida Desembargador Gonzaga;;;CIDADE DOS FUNCIONRAIOS;FAI9289;Queda;Não informado;Não informado;Não informado;Meio de quadra;Não informado;Longo da via;0;1;0;1;0;0;0;0;0;0;0;0;0;(-38.4994562 -3.8017257);
QUY4805;2021-04-24 21:27:00;AV CONTORNO NORTE;AV PENETRACAO NORTE SUL;;CONJUNTO ESPERANCA;QUY4805;Colisão;Não informado;Não informado;Não informado;Y;Não informado;Cruzamento;0;2;0;1;1;0;0;0;0;0;0;0;0;(-38.5872718 -3.8146685);
QUY4805;2021-04-24 20:54:00;AV PROF JOSE ARTHUR DE CARVALHO;;;LAGOA REDONDA;QUY4805;Colisão;Não informado;Não informado;Não informado;Meio de quadra;Não informado;Longo da via;0;1;0;2;0;0;0;0;0;0;0;0;0;(-38.4632331 -3.8257559);
JTT2019;2021-04-24 20:14:00;Rua Catolé;;;CONJUNTO PALMEIRAS;JTT2019;Colisão;Não informado;Não informado;Não informado;Meio de quadra;Não informado;Longo da via;0;1;0;1;1;0;0;0;0;0;0;0;0;(-38.5206485 -3.847320099999999);
SBK1890;2021-04-24 20:08:00;Rua Teodomiro de Castro;;;ALVARO WEYNE;SBK1890;Colisão;Não informado;Não informado;Não informado;Meio de quadra;Não informado;Longo da via;0;1;0;0;0;0;0;0;0;0;1;0;0;(-38.5762931 -3.7170973);
GHE8228;2021-04-24 19:51:00;Rua Chile;;;BELA VISTA;GHE8228;Atropelamento;Não informado;Não informado;Não informado;Meio de quadra;Não informado;Longo da via;0;1;0;1;0;0;0;0;0;0;0;0;0;(-38.566006 -3.747142999999999);
XIT1104;2021-04-24 19:16:00;Avenida Presidente Costa e Silva;;;PREFEITO JOSE VALTER;XIT1104;Colisão;Não informado;Não informado;Não informado;Meio de quadra;Não informado;Longo da via;0;1;0;0;0;0;0;0;0;0;1;0;0;(-38.5584325 -3.8210861);
CXB6541;2021-04-24 18:29:00;Avenida Sargento Hermínio Sampaio;;;PADRE ANDRADE;CXB6541;Colisão;Não informado;Não informado;Não informado;Meio de quadra;Não informado;Longo da via;0;1;0;1;1;0;0;0;0;0;0;0;0;(-38.5833233 -3.7334317);
PNY2499;2021-04-24 17:11:00;Rua Alberto de Oliveira;;;JARDIM IRACEMA;PNY2499;Atropelamento;Não informado;Não informado;Não informado;Meio de quadra;Não informado;Longo da via;0;1;0;1;0;0;0;0;0;0;0;0;0;(-38.5790669 -3.7178442);
ZIN0587;2021-04-24 16:36:00;Rua Quarenta Quatro;;;CONJUNTO PALMEIRAS;ZIN0587;Queda;Não informado;Não informado;Não informado;Meio de quadra;Não informado;Longo da via;0;1;0;1;0;0;0;0;0;0;0;0;0;(-38.51070989999999 -3.8538573);
SYV0577;2021-05-15 10:48:00;Rua Porfírio Sampaio;;;RODOLFO TEOFILO;SYV0577;Atropelamento;Não informado;Não informado;Não informado;Meio de quadra;Não informado;Longo da via;0;1;0;1;0;0;0;0;0;0;0;0;0;(-38.55108813285202 -3.74145706563102);
JRO1029;2021-04-24 15:38:00;Avenida Augusto dos Anjos;;;PARANGABA;JRO1029;Colisão;Não informado;Não informado;Não informado;Meio de quadra;Não informado;Longo da via;0;1;0;1;1;0;0;0;0;0;0;0;0;(-38.5730405 -3.7730443);
RTI4621;2021-05-15 09:33:00;Avenida Luciano Carneiro;;;VILA UNIAO;RTI4621;Queda;Não informado;Não informado;Não informado;Meio de quadra;Não informado;Longo da via;0;1;0;1;0;0;0;0;0;0;0;0;0;(-38.53636815711106 -3.763853666588361);
ARM1387;2021-05-15 00:29:00;Avenida Almirante Henrique Sabóia;;;MUCURIPE;ARM1387;Colisão;Não informado;Não informado;Não informado;Meio de quadra;Não informado;Longo da via;0;1;0;1;1;0;0;0;0;0;0;0;0;(-38.48904326031399 -3.742961253026877);
ELT8523;2021-05-15 00:06:00;Rua Armando Monteiro;;;PARREAO;ELT8523;Queda;Não informado;Não informado;Não informado;Meio de quadra;Não informado;Longo da via;0;1;0;0;0;0;0;0;0;1;0;0;0;(-38.5361974 -3.7635025);
GCV4382;2021-05-14 23:21:00;Avenida Antônio Justa;;;VARJOTA;GCV4382;Colisão;Não informado;Não informado;Não informado;Meio de quadra;Não informado;Longo da via;0;1;0;2;0;0;0;0;0;0;0;0;0;(-38.4857602458629 -3.730660029126183);
DZV3949;2021-05-14 20:46:00;Rua Nereu Ramos;;;VILA PERY;DZV3949;Queda;Não informado;Não informado;Não informado;Meio de quadra;Não informado;Longo da via;0;1;0;1;0;0;0;0;0;0;0;0;0;(-38.5733224 -3.784426);
EFC8069;2021-05-14 19:58:00;Avenida Américo Barreira;;;RODOLFO TEOFILO;EFC8069;Colisão;Não informado;Não informado;Não informado;Meio de quadra;Não informado;Longo da via;0;1;0;1;1;0;0;0;0;0;0;0;0;(-38.55231121242172 -3.751793617964891);
XNF7860;2021-04-24 15:14:00;Avenida Washington Soares;;;MESSEJANA;XNF7860;Colisão;Não informado;Não informado;Não informado;Meio de quadra;Não informado;Longo da via;0;1;0;1;1;0;0;0;0;0;0;0;0;(-38.4822028 -3.8271173);
GOZ1267;2021-05-14 19:48:00;Rua  PROF Gomes Brasil;;;PARANGABA;GOZ1267;Colisão;Não informado;Não informado;Não informado;Meio de quadra;Não informado;Longo da via;0;1;0;1;1;0;0;0;0;0;0;0;0;(-38.568247 -3.7729331);
FRG6526;2021-04-24 14:49:00;Rua Manuel de Nóbrega;RUA JOAO AMORA;;MANOEL SATIRO;FRG6526;Colisão;Não informado;Não informado;Não informado;Cruz;Não informado;Cruzamento;0;1;0;0;0;0;0;0;0;0;1;0;0;(-38.5840046 -3.801455799999999);
KNQ7124;2021-05-14 19:13:00;Avenida Presidente Costa e Silva;;;MONDUBIM;KNQ7124;Colisão;Não informado;Não informado;Não informado;Meio de quadra;Não informado;Longo da via;0;1;0;1;1;0;0;0;0;0;0;0;0;(-38.57167140272112 -3.81268096599942);
JAE4132;2021-05-14 18:30:00;Rua José Dantas Pereira;;;CANINDEZINHO;JAE4132;Colisão;Não informado;Não informado;Não informado;Meio de quadra;Não informado;Longo da via;0;1;0;2;0;0;0;0;0;0;0;0;0;(-38.607706 -3.8224972);
HEJ6920;2021-04-24 13:47:00;Avenida Tristão Gonçalves;;;CENTRO;HEJ6920;Colisão;Não informado;Não informado;Não informado;Cruz;Não informado;Cruzamento;0;1;0;1;1;0;0;0;0;0;0;0;0;(-38.5346599 -3.7322041);
VBD1566;2021-05-14 17:37:00;Avenida Doutor Silas Munguba;;;PASSARE;VBD1566;Colisão;Não informado;Não informado;Não informado;Rotatória;Não informado;Longo da via;0;1;0;1;0;0;1;0;0;0;0;0;0;(-38.5248654 -3.806741);
VXS5860;2021-05-14 17:40:00;Avenida Engenheiro Alberto Sá;;;PAPICU;VXS5860;Atropelamento;Não informado;Não informado;Não informado;Meio de quadra;Não informado;Longo da via;0;1;0;0;1;0;0;0;0;0;0;0;0;(-38.47298756606481 -3.735397466062124);
LHB5117;2021-04-24 13:16:00;Avenida Almirante Henrique Sabóia;;;MUCURIPE;LHB5117;Atropelamento;Não informado;Não informado;Não informado;Meio de quadra;Não informado;Longo da via;0;1;0;0;1;0;0;0;0;0;0;0;0;(-38.4806474 -3.7253938);
XGB8263;2021-05-14 16:56:00;Avenida Dioguinho;;;PRAIA DO FUTURO II;XGB8263;Queda;Não informado;Não informado;Não informado;Meio de quadra;Não informado;Longo da via;0;1;0;1;0;0;0;0;0;0;0;0;0;(-38.44289855120021 -3.76217822373778);
QNC4732;2021-05-14 16:17:00;Rua Equador;RUA PRO TEODORICO;;MONTESE;QNC4732;Colisão;Não informado;Não informado;Não informado;Cruz;Não informado;Longo da via;0;1;0;1;1;0;0;0;0;0;0;0;0;(-38.55097013418706 -3.769666839465053);