COD_ACIDENTE;DATA;LOG1;LOG2;NUMERO;BAIRRO;AMC;NATUREZA;ILUMINACAO;TEMPO;SUPERFICIEPISTA;TIPOCRUZAMENTO;CONTROLETRAFEGO;USOSOLO;MORTOS;FERIDOS;ILESOS;MOTOCICLETA;AUTOMOVEL;MICROONIBUS;CAMINHAO;ONIBUS;CICLOMOTOR;BICICLETA;OUTROS;TREM;TRACAOANIMAL;COORDENADAS
EVH5318;2021-04-24 12:29:00;Rua Monsenhor Hipólito Brasil;;;JOQUEI CLUBE;EVH5318;Colisão;Não informado;Não informado;Não informado;Meio de quadra;Não informado;Longo da via;0;1;0;0;0;0;0;0;0;0;1;0;0;(-38.5784538 -3.7592736);
YRR7049;2021-05-14 14:35:00;Avenida Jornalista Tomaz Coelho;;;MESSEJANA;YRR7049;Queda;Não informado;Não informado;Não informado;Meio de quadra;Não informado;Longo da via;0;1;0;1;0;0;0;0;0;0;0;0;0;(-38.50689068519812 -3.830547576508299);
IWD1514;2021-05-14 12:58:00;Avenida Coronel Carvalho;;;JARDIM GUANABARA;IWD1514;Colisão;Não informado;Não informado;Não informado;Meio de quadra;Não informado;Longo da via;0;1;0;1;1;0;0;0;0;0;0;0;0;(-38.58724431459519 -3.719809328788752);
WGF4220;2021-04-24 12:26:00;Rua Gomes Brasil;;;PARANGABA;WGF4220;Colisão;Não informado;Não informado;Não informado;Meio de quadra;Não informado;Longo da via;0;2;0;0;0;0;0;0;0;0;2;0;0;(-38.568247 -3.7729331);
LXH8482;2021-04-24 10:44:00;Rua Padre Guerra;;;PARQUELANDIA;LXH8482;Colisão;Não informado;Não informado;Não informado;Meio de quadra;Não informado;Longo da via;0;1;0;1;1;0;0;0;0;0;0;0;0;(-38.5479649 -3.7368017);
LIW0176;2021-05-14 10:53:00;Rua Virgílio Brigido;;;PRESIDENTE KENNEDY;LIW0176;Colisão;Não informado;Não informado;Não informado;Meio de quadra;Não informado;Longo da via;0;1;0;0;0;0;0;0;0;0;0;0;0;(-38.56992260666581 -3.726516758257632);
TYM6484;2021-05-14 09:44:00;Avenida H;;;CONJUNTO CEARA II;TYM6484;Colisão;Não informado;Não informado;Não informado;Meio de quadra;Não informado;Longo da via;0;1;0;1;1;0;0;0;0;0;0;0;0;(-38.61544505196752 -3.776400650438135);
KDR6653;2021-05-14 09:41:00;Rua Adolfo Bezerra de Menezes;;;FLORESTA;KDR6653;Colisão;Não informado;Não informado;Não informado;Meio de quadra;Não informado;Longo da via;0;1;0;1;1;0;0;0;0;0;0;0;0;(-38.57647254606716 -3.714231363722977);
IRL5436;2021-05-14 08:04:00;Rua da Sorte;;;BOM JARDIM;IRL5436;Queda;Não informado;Não informado;Não informado;Meio de quadra;Não informado;Longo da via;0;1;0;1;0;0;0;0;0;0;0;0;0;(-38.61660376461991 -3.800348613114783);
HIY6593;2021-04-24 10:44:00;Rua Verbena;;;BONSUCESSO;HIY6593;Colisão;Não informado;Não informado;Não informado;Meio de quadra;Não informado;Longo da via;0;1;0;1;1;0;0;0;0;0;0;0;0;(-38.589361 -3.7828538);
ZHZ0392;2021-05-14 02:48:00;Rua Coronel Fabriciano;;;GRANJA LISBOA;ZHZ0392;Queda;Não informado;Não informado;Não informado;Meio de quadra;Não informado;Longo da via;0;1;0;1;0;0;0;0;0;0;0;0;0;(-38.61991361007512 -3.779462429572258);
VBK9240;2021-04-24 09:59:00;Avenida Humberto Monte;;;RODOLFO TEOFILO;VBK9240;Queda;Não informado;Não informado;Não informado;Meio de quadra;Não informado;Longo da via;0;1;0;1;0;0;0;0;0;0;0;0;0;(-38.5595455 -3.7499498);
IBO5665;2021-05-14 01:57:00;Rua Doutor Monteiro;;;EDSON QUEIROZ;IBO5665;Queda;Não informado;Não informado;Não informado;Meio de quadra;Não informado;Longo da via;0;1;0;1;0;0;0;0;0;0;0;0;0;(-38.45997885445379 -3.773199687978134);
QIC1815;2021-04-24 09:25:00;Rua Princesa Isabel;AV DOMINGOS OLIMPIO;;CENTRO;QIC1815;Queda;Não informado;Não informado;Não informado;Cruz;Não informado;Longo da via;0;1;0;1;0;0;0;0;0;0;0;0;0;(-38.5378303 -3.7345717);
PLO5525;2021-05-14 00:44:00;Avenida Américo Barreira;;;BELA VISTA;PLO5525;Queda;Não informado;Não informado;Não informado;Meio de quadra;Não informado;Longo da via;0;1;0;0;0;0;0;0;0;1;0;0;0;(-38.55996087839667 -3.757173287415811);
HDL5913;2021-04-24 09:14:00;Avenida Jovita Feitosa;;;PARQUELANDIA;HDL5913;Queda;Não informado;Não informado;Não informado;Meio de quadra;Não informado;Longo da via;0;1;0;1;0;0;0;0;0;0;0;0;0;(-38.5526548 -3.7389466);
VDN7464;2021-05-14 00:38:00;Rua Holanda;;;MARAPONGA;VDN7464;Queda;Não informado;Não informado;Não informado;Meio de quadra;Não informado;Longo da via;0;1;0;1;0;0;0;0;0;0;0;0;0;(-38.5591438190034 -3.804354288682366);
GJB6801;2021-05-13 22:40:00;Rua GB-29;;;JARDIM GUANABARA;GJB6801;Atropelamento;Não informado;Não informado;Não informado;Meio de quadra;Não informado;Longo da via;0;1;0;1;0;0;0;0;0;0;0;0;0;(-49.21758465370383 -16.61031311721576);
NFC3487;2021-04-24 06:43:00;Avenida Godofredo Maciel;;;MONDUBIM;NFC3487;Capotamento;Não informado;Não informado;Não informado;Meio de quadra;Não informado;Longo da via;0;1;0;0;0;0;0;0;0;0;1;0;0;(-38.5749315 -3.8175024);
DMC0279;2021-05-13 22:18:00;Rua Holanda;;;MARAPONGA;DMC0279;Colisão;Não informado;Não informado;Não informado;Meio de quadra;Não informado;Longo da via;0;1;0;1;1;0;0;0;0;0;0;0;0;(-38.56648401236293 -3.792175120587149);
JGU1344;2021-05-13 22:10:00;Rua Fernando Farias de Melo;;;MANOEL SATIRO;JGU1344;Colisão;Não informado;Não informado;Não informado;Meio de quadra;Não informado;Longo da via;0;1;0;0;0;0;0;0;0;0;0;0;0;(-38.57842355006969 -3.798969559128994);
AGU6336;2021-04-23 22:42:00;Rua Doutor Quixadá Felício;;;VILA VELHA;AGU6336;Colisão;Não informado;Não informado;Não informado;Meio de quadra;Não informado;Longo da via;0;1;0;1;1;0;0;0;0;0;0;0;0;(-38.5954297 -3.710109);
LJY3805;2021-05-13 21:46:00;Avenida Carlos Amora;;;PARANGABA;LJY3805;Colisão;Não informado;Não informado;Não informado;Meio de quadra;Não informado;Longo da via;0;1;0;0;2;0;0;0;0;0;0;0;0;(-38.5635371 -3.775341699999999);
NDN0656;2021-05-13 21:18:00;Rua Marechal Deodoro;;;BENFICA;NDN0656;Colisão;Não informado;Não informado;Não informado;Meio de quadra;Não informado;Longo da via;0;1;0;0;2;0;0;0;0;0;0;0;0;(-38.53411511256373 -3.73759755519929);
YWR0441;2021-04-23 22:19:00;AV I;;;CONJUNTO CEARA I;YWR0441;Colisão;Não informado;Não informado;Não informado;Meio de quadra;Não informado;Longo da via;0;1;0;1;1;0;0;0;0;0;0;0;0;(-38.6015081 -3.7746808);
ZBZ4198;2021-04-23 22:10:00;Rua Abílio Martins;RUA ERICO MOTA;;PARQUELANDIA;ZBZ4198;Colisão;Não informado;Não informado;Não informado;Cruz;Não informado;Cruzamento;0;1;0;1;1;0;0;0;0;0;0;0;0;(-38.561328 -3.742402099999999);
NKU3669;2021-04-23 21:06:00;Avenida Washington Soares;;;EDSON QUEIROZ;NKU3669;Colisão;Não informado;Não informado;Não informado;Meio de quadra;Não informado;Longo da via;0;1;0;1;1;0;0;0;0;0;0;0;0;(-38.480524 -3.780318);
XIQ9909;2021-05-13 21:14:00;Rua São Leopoldo;;;ANCURI;XIQ9909;Colisão;Não informado;Não informado;Não informado;Meio de quadra;Não informado;Longo da via;0;1;0;1;1;0;0;0;0;0;0;0;0;(-38.50624696488683 -3.864304709173834);
FSF6701;2021-05-13 20:46:00;Avenida Val Paraíso;;;JANGURUSSU;FSF6701;Atropelamento;Não informado;Não informado;Não informado;Meio de quadra;Não informado;Longo da via;0;1;0;0;0;0;1;0;0;0;0;0;0;(-38.5189138 -3.8463738);
NKW9448;2021-05-13 20:05:00;Rodovia Anel Viario De Fortaleza;;;PAUPINA;NKW9448;Colisão;Não informado;Não informado;Não informado;Meio de quadra;Não informado;Longo da via;0;1;0;2;0;0;0;0;0;0;0;0;0;(-38.4913568 -3.873358);
DFT9345;2021-05-13 19:40:00;Avenida Odilon Guimarães;;;CURIO;DFT9345;Colisão;Não informado;Não informado;Não informado;Meio de quadra;Não informado;Longo da via;0;1;0;0;0;0;0;0;0;0;0;0;0;(-38.47163573436335 -3.816802416052116);
FQL5249;2021-05-13 18:26:00;Rua Costa Barros;RUA CARLOS VASCONCELOS;;ALDEOTA;FQL5249;Colisão;Não informado;Não informado;Não informado;Cruz;Não informado;Longo da via;0;1;0;1;1;0;0;0;0;0;0;0;0;(-38.5100917 -3.7308286);
GXG4366;2021-04-23 21:02:00;Rua Dona Mendinha;;;ALVARO WEYNE;GXG4366;Atropelamento de Animal;Não informado;Não informado;Não informado;Meio de quadra;Não informado;Longo da via;0;1;0;1;0;0;0;0;0;0;0;0;0;(-38.5721232 -3.7144452);
YUT7979;2021-05-13 17:22:00;Rua Argentina;RUA VIRIATO RIBEIRO;;BELA VISTA;YUT7979;Colisão;Não informado;Não informado;Não informado;Cruz;Não informado;Longo da via;0;1;0;1;1;0;0;0;0;0;0;0;0;(-38.5642853 -3.7471817);
LYG7913;2021-04-23 21:00:00;Avenida A;;;JANGURUSSU;LYG7913;Queda;Não informado;Não informado;Não informado;Meio de quadra;Não informado;Longo da via;0;1;0;1;0;0;0;0;0;0;0;0;0;(-38.5184192 -3.8352441);
EEP9843;2021-05-13 16:39:00;Rua Zacarias Gondim;RUA 15 DE NOVEMBRO;;MONTESE;EEP9843;Colisão;Não informado;Não informado;Não informado;Cruz;Não informado;Longo da via;0;1;0;1;1;0;0;0;0;0;0;0;0;(-38.55843206288978 -3.767948585226766);
YJZ2317;2021-05-13 15:06:00;BR-116;;;MESSEJANA;YJZ2317;Colisão;Não informado;Não informado;Não informado;Meio de quadra;Não informado;Longo da via;0;1;0;0;0;0;0;0;0;0;0;0;0;(-38.5051801 -3.8298516);
KOW1944;2021-05-13 13:33:00;Rua Meton de Alencar;;;FARIAS BRITO;KOW1944;Atropelamento;Não informado;Não informado;Não informado;Meio de quadra;Não informado;Longo da via;0;1;0;1;0;0;0;0;0;0;0;0;0;(-38.53851393253323 -3.731082920015657);
LMA9387;2021-04-23 20:51:00;Rua Nossa Senhora das Graças;;;PIRAMBU;LMA9387;Colisão;Não informado;Não informado;Não informado;Meio de quadra;Não informado;Longo da via;0;1;0;1;1;0;0;0;0;0;0;0;0;(-38.551654 -3.7108786);
CAT8250;2021-04-23 19:54:00;Rua Vital Brasil;;;BONSUCESSO;CAT8250;Queda;Não informado;Não informado;Não informado;Meio de quadra;Não informado;Longo da via;0;1;0;1;0;0;0;0;0;0;0;0;0;(-38.5822552 -3.7823994);
MBC7817;2021-05-13 12:12:00;Avenida Sargento Hermínio Sampaio;RUA ERETIDES MARTINS;;VILA ELLERY;MBC7817;Colisão;Não informado;Não informado;Não informado;Cruz;Não informado;Longo da via;0;1;0;1;1;0;0;0;0;0;0;0;0;(-38.5604807 -3.7263496);
UYS1722;2021-04-23 19:07:00;Rua Fiscal Vieira;;;SAO JOAO DO TAUAPE;UYS1722;Atropelamento;Não informado;Não informado;Não informado;Meio de quadra;Não informado;Longo da via;0;1;0;0;1;0;0;0;0;0;0;0;0;(-38.5154156 -3.7566814);
DMC2875;2021-05-13 11:53:00;Avenida Antônio Sales;;;DIONISIO TORRES;DMC2875;Atropelamento;Não informado;Não informado;Não informado;Meio de quadra;Não informado;Longo da via;0;1;0;0;1;0;0;0;0;0;0;0;0;(-38.50033537011896 -3.746055267376224);
NBY1042;2021-04-23 18:10:00;AV AUGUSTO DOS ANJOS;RUA OLIVEIRA SOBRINHO;;BONSUCESSO;NBY1042;Colisão;Não informado;Não informado;Não informado;Cruz;Não informado;Cruzamento;0;1;0;1;0;0;1;0;0;0;0;0;0;(-38.5824504 -3.7839223);
TBY3567;2021-05-13 11:28:00;Rua Tereza Cristina;;;CENTRO;TBY3567;Queda;Não informado;Não informado;Não informado;Meio de quadra;Não informado;Longo da via;0;1;0;1;0;0;0;0;0;0;0;0;0;(-38.53811697240178 -3.731612871602446);
ADP5489;2021-04-23 15:44:00;Avenida Washington Soares;;;MESSEJANA;ADP5489;Atropelamento;Não informado;Não informado;Não informado;Meio de quadra;Não informado;Longo da via;0;1;0;0;0;0;0;1;0;0;0;0;0;(-38.4822017 -3.828229);
UGS6341;2021-05-13 11:09:00;Rua Francisco Jose Albuquerque Pereira;;;CAJAZEIRAS;UGS6341;Colisão;Não informado;Não informado;Não informado;Meio de quadra;Não informado;Longo da via;0;1;0;1;1;0;0;0;0;0;0;0;0;(-38.50766853613388 -3.811567635841675);
ENC2071;2021-05-13 10:51:00;Avenida Washington Soares;AV OLIVEIRA PAIVA;;VARJOTA;ENC2071;Colisão;Não informado;Não informado;Não informado;Cruz;Não informado;Longo da via;0;1;0;0;0;0;0;0;0;0;0;0;0;(-38.4798789 -3.7957517);
VQL1874;2021-05-13 10:46:00;Avenida Domingos Olímpio;RUA BAR RIO BRANCO;;CENTRO;VQL1874;Colisão;Não informado;Não informado;Não informado;Cruz;Não informado;Longo da via;0;1;0;1;1;0;0;0;0;0;0;0;0;(-38.5314758 -3.736507199999999);
TSR2022;2021-05-13 10:38:00;Rua Senador Catunda;AV CARAPINIMA;;BENFICA;TSR2022;Colisão;Não informado;Não informado;Não informado;Cruz;Não informado;Longo da via;0;1;0;1;1;0;0;0;0;0;0;0;0;(-38.53810623559006 -3.738159620882269);
KVX4002;2021-05-12 22:59:00;Avenida Doutor Silas Munguba;;;PARANGABA;KVX4002;Colisão;Não informado;Não informado;Não informado;Meio de quadra;Não informado;Longo da via;0;1;0;1;1;0;0;0;0;0;0;0;0;(-38.55351818865046 -3.784477943012262);
LUA1241;2021-05-12 21:31:00;Avenida Presidente Castelo Branco;;;CRISTO REDENTOR;LUA1241;Atropelamento;Não informado;Não informado;Não informado;Meio de quadra;Não informado;Longo da via;0;1;0;1;0;0;0;0;0;0;0;0;0;(-38.56137710493027 -3.710361027511977);
IXP2627;2021-05-12 21:23:00;Rua 17 Conjunto Alto Alegre;;;MESSEJANA;IXP2627;Atropelamento;Não informado;Não informado;Não informado;Meio de quadra;Não informado;Longo da via;0;1;0;1;0;0;0;0;0;0;0;0;0;(-38.4843654934219 -3.856495781640928);
TAU9168;2021-05-12 21:11:00;Rua Alvaro Bomilcar;;;SAO JOAO DO TAUAPE;TAU9168;Colisão;Não informado;Não informado;Não informado;Meio de quadra;Não informado;Longo da via;0;1;0;0;1;0;0;0;0;1;0;0;0;(-38.50978211613388 -3.757965514543981);
DEY0850;2021-05-12 21:08:00;Rua São Vicente de Paula;;;;DEY0850;Colisão;Não informado;Não informado;Não informado;Meio de quadra;Não informado;Longo da via;0;1;0;0;1;0;0;0;0;1;0;0;0;(-38.5798247 -3.7521662);
QLV1789;2021-04-23 14:52:00;Rua Amor Perfeito;;;JARDIM IRACEMA;QLV1789;Colisão;Não informado;Não informado;Não informado;Meio de quadra;Não informado;Longo da via;0;2;0;2;0;0;0;0;0;0;0;0;0;(-38.5822312 -3.7144797);
KFD6253;2021-05-12 20:41:00;Rua 1109;;;CONJUNTO CEARA I;KFD6253;Colisão;Não informado;Não informado;Não informado;Cruz;Não informado;Longo da via;0;1;0;1;1;0;0;0;0;0;0;0;0;(-38.6130703 -3.7647578);
FEY7700;2021-05-12 20:31:00;Rua Bom Jesus;;;BOM JARDIM;FEY7700;Colisão;Não informado;Não informado;Não informado;Meio de quadra;Não informado;Longo da via;0;2;0;1;1;0;0;0;0;0;0;0;0;(-38.59548941736588 -3.796344842552244);
KRH6307;2021-04-23 14:51:00;RUA COSTA BARROS ;AV BAR STUDART;;ALDEOTA;KRH6307;Colisão;Não informado;Não informado;Não informado;Cruz;Não informado;Cruzamento;0;1;0;1;1;0;0;0;0;0;0;0;0;(-38.5064158 -3.7358933);
PCT8660;2021-05-12 19:59:00;Avenida Beira Mar;;;MUCURIPE;PCT8660;Queda;Não informado;Não informado;Não informado;Meio de quadra;Não informado;Longo da via;0;1;0;0;0;0;0;0;0;1;0;0;0;(-38.50070551097519 -3.724744888400679);
QJO3111;2021-05-12 19:56:00;Praça Portugal;;;ALDEOTA;QJO3111;Atropelamento;Não informado;Não informado;Não informado;Rotatória;Não informado;Longo da via;0;1;0;0;1;0;0;0;0;0;0;0;0;(-38.49739568522455 -3.732886895321063);
EZX4069;2021-05-12 18:49:00;Rua Juvenal Galeno;AV DA UNIVERSIDADE;;BENFICA;EZX4069;Atropelamento;Não informado;Não informado;Não informado;Cruz;Não informado;Longo da via;0;1;0;1;0;0;0;0;0;0;0;0;0;(-38.53816580000001 -3.7399022);
NTG1124;2021-05-12 16:16:00;BR-116;;;BARROSO;NTG1124;Colisão;Não informado;Não informado;Não informado;Meio de quadra;Não informado;Longo da via;0;1;0;1;1;0;0;0;0;0;0;0;0;(-38.50327541751526 -3.821786015590066);
FCJ3839;2021-04-23 14:26:00;Rua Doutor Perilio Teixeira;;;GENIBAU;FCJ3839;Atropelamento de Animal;Não informado;Não informado;Não informado;Meio de quadra;Não informado;Longo da via;0;1;0;1;0;0;0;0;0;0;0;0;0;(-38.6012399 -3.7554437);
DPW1918;2021-05-12 14:42:00;Avenida Presidente Castelo Branco;;;BARRA DO CEARA;DPW1918;Atropelamento;Não informado;Não informado;Não informado;Meio de quadra;Não informado;Longo da via;0;1;0;1;0;0;0;0;0;0;0;0;0;(-38.57955196589963 -3.703945309020059);
QWD6161;2021-05-12 13:19:00;Avenida Sabino Monte;;;SAO JOAO DO TAUAPE;QWD6161;Colisão;Não informado;Não informado;Não informado;Meio de quadra;Não informado;Longo da via;0;1;0;1;1;0;0;0;0;0;0;0;0;(-38.51251795619268 -3.753576138976946);
PZL3477;2021-04-23 14:24:00;Avenida Edilson Brasil Soares;;;EDSON QUEIROZ;PZL3477;Colisão;Não informado;Não informado;Não informado;Meio de quadra;Não informado;Longo da via;0;1;0;1;1;0;0;0;0;0;0;0;0;(-38.4644996 -3.7879211);
JTP7976;2021-05-12 11:58:00;Avenida Borges de Melo;;;MONTESE;JTP7976;Colisão;Não informado;Não informado;Não informado;Meio de quadra;Não informado;Longo da via;0;1;0;1;1;0;0;0;0;0;0;0;0;(-38.53880897998184 -3.752858848676717);
HBO4857;2021-04-23 14:13:00;Rua Cônego de Castro;;;PARQUE SAO JOSE;HBO4857;Atropelamento;Não informado;Não informado;Não informado;Meio de quadra;Não informado;Longo da via;0;1;0;0;1;0;0;0;0;0;0;0;0;(-38.5875912 -3.800119);
MFI7026;2021-05-12 10:34:00;Rua Francisco Sáles;;;JOAO XXIII;MFI7026;Colisão;Não informado;Não informado;Não informado;Meio de quadra;Não informado;Longo da via;0;1;0;1;1;0;0;0;0;0;0;0;0;(-38.58328000427588 -3.774586059455227);
KOU4655;2021-04-23 12:21:00;AV BORGES DE MELO;;;PARREAO;KOU4655;Queda;Não informado;Não informado;Não informado;Meio de quadra;Não informado;Longo da via;0;1;0;1;0;0;0;0;0;0;0;0;0;(-38.533192 -3.757179);
DFN4725;2021-05-12 10:33:00;Rua Cachoeirinha;;;PASSARE;DFN4725;Colisão;Não informado;Não informado;Não informado;Meio de quadra;Não informado;Longo da via;0;1;0;1;1;0;0;0;0;0;0;0;0;(-38.5281255 -3.8126003);
WYT3355;2021-05-12 09:48:00;Avenida Presidente Costa e Silva;;;PREFEITO JOSE VALTER;WYT3355;Queda;Não informado;Não informado;Não informado;Meio de quadra;Não informado;Longo da via;0;1;0;1;0;0;0;0;0;0;0;0;0;(-38.54901744192347 -3.823878417923506);
WYM2491;2021-04-23 11:15:00;Rua Frei Mansueto;RUA MARIA TOMASIA;;ALDEOTA;WYM2491;Queda;Não informado;Não informado;Não informado;Cruz;Não informado;Cruzamento;0;1;0;0;0;0;0;0;0;1;0;0;0;(-38.4884958 -3.7381966);
IKQ1102;2021-04-23 10:31:00;Rua D;RUA H UI 503;;CANINDEZINHO;IKQ1102;Colisão;Não informado;Não informado;Não informado;Cruz;Não informado;Cruzamento;0;1;0;1;1;0;0;0;0;0;0;0;0;(-38.6048103 -3.8142928);
XVH6358;2021-05-12 08:59:00;Avenida Alberto Nepomuceno;;;CENTRO;XVH6358;Atropelamento;Não informado;Não informado;Não informado;Meio de quadra;Não informado;Longo da via;0;1;0;1;0;0;0;0;0;0;0;0;0;(-38.52367058995601 -3.722341349268241);
RGX8168;2021-05-11 22:46:00;Cidade dos Funcionários;;;CIDADE DOS FUNCIONRAIOS;RGX8168;Atropelamento;Não informado;Não informado;Não informado;Meio de quadra;Não informado;Longo da via;0;1;0;0;1;0;0;0;0;0;0;0;0;(-38.5051039 -3.7994186);
OUO1763;2021-05-11 21:34:00;Rua Cônego de Castro;;;VILA PERY;OUO1763;Colisão;Não informado;Não informado;Não informado;Meio de quadra;Não informado;Longo da via;0;1;0;1;1;0;0;0;0;0;0;0;0;(-38.58212664595465 -3.794460708803603);
HSH6087;2021-05-11 21:28:00;Avenida Porto Velho;;;GENIBAU;HSH6087;Atropelamento de Animal;Não informado;Não informado;Não informado;Meio de quadra;Não informado;Longo da via;0;1;0;1;0;0;0;0;0;0;0;0;0;(-38.59706122750453 -3.761364588986776);
RKH9839;2021-05-11 21:06:00;Rua Solon Pinheiro;RUA GAL CLARINDO DE QUEIROZ;;CENTRO;RKH9839;Colisão;Não informado;Não informado;Não informado;Cruz;Não informado;Longo da via;0;1;0;1;1;0;0;0;0;0;0;0;0;(-38.52731838436399 -3.733513200421108);
SSI9312;2021-05-11 20:57:00;Rua Vitória;RUA BOA VISTA;;HENRIQUE JORGE;SSI9312;Queda;Não informado;Não informado;Não informado;Cruz;Não informado;Longo da via;0;1;0;1;0;0;0;0;0;0;0;0;0;(-38.5895814311964 -3.767163643675591);
CMW2407;2021-04-23 09:44:00;AV HUMBERTO MONTE;;;PARQUELANDIA;CMW2407;Queda;Não informado;Não informado;Não informado;Meio de quadra;Não informado;Longo da via;0;1;0;1;0;0;0;0;0;0;0;0;0;(-38.5595202 -3.750095);
QAC4278;2021-05-11 19:38:00;Avenida Val Paraíso;;;JANGURUSSU;QAC4278;Colisão;Não informado;Não informado;Não informado;Meio de quadra;Não informado;Longo da via;0;1;0;0;0;0;0;0;0;0;0;0;0;(-38.5157419822192 -3.847236302366901);
YFA2963;2021-05-11 18:19:00;Rua Tulipa Negra;;;PARQUE SANTA ROSA;YFA2963;Colisão;Não informado;Não informado;Não informado;Meio de quadra;Não informado;Longo da via;0;1;0;1;1;0;0;0;0;0;0;0;0;(-38.59818771728908 -3.819120053953197);
NFX3153;2021-04-23 02:51:00;Rua Cônego de Castro;;;MANOEL SATIRO;NFX3153;Queda;Não informado;Não informado;Não informado;Meio de quadra;Não informado;Longo da via;0;1;0;1;0;0;0;0;0;0;0;0;0;(-38.5788247 -3.7907359);
WOL0358;2021-05-11 14:05:00;Avenida João Pessoa;;;JARDIM AMERICA;WOL0358;Queda;Não informado;Não informado;Não informado;Meio de quadra;Não informado;Longo da via;0;1;0;1;0;0;0;0;0;0;0;0;0;(-38.54810387953909 -3.750944426753699);
WHD4097;2021-05-11 16:11:00;Rua das Acácias;RUA VITAL BRASIL;;BONSUCESSO;WHD4097;Colisão;Não informado;Não informado;Não informado;Cruz;Não informado;Longo da via;0;2;0;0;0;0;0;0;0;0;0;0;0;(-38.59003380000717 -3.77994952980182);
FPY6618;2021-04-23 02:50:00;Avenida Washington Soares;;;EDSON QUEIROZ;FPY6618;Colisão;Não informado;Não informado;Não informado;Meio de quadra;Não informado;Longo da via;0;1;0;0;1;0;0;0;0;1;0;0;0;(-38.481665 -3.7762191);
MVJ6537;2021-04-23 02:20:00;BR-116;;;AEROLANDIA;MVJ6537;Colisão;Não informado;Não informado;Não informado;Meio de quadra;Não informado;Longo da via;0;1;0;1;1;0;0;0;0;0;0;0;0;(-38.51800679999999 -3.7662007);
PHD0943;2021-04-23 01:06:00;Avenida Governador Parsifal Barroso;;;PRESIDENTE KENNEDY;PHD0943;Queda;Não informado;Não informado;Não informado;Meio de quadra;Não informado;Longo da via;0;1;0;1;0;0;0;0;0;0;0;0;0;(-38.5691076 -3.7320742);
BSH9556;2021-04-22 22:33:00;RUA DES FAUSTINO DE ALBUQUERQUE;;;JARDIM DAS OLIVEIRAS;BSH9556;Colisão;Não informado;Não informado;Não informado;Meio de quadra;Não informado;Longo da via;0;2;0;1;1;0;0;0;0;0;0;0;0;(-38.497791 -3.780139999999999);
XKF7981;2021-04-22 22:04:00;Avenida Rogaciano Leite;;;SALINAS;XKF7981;Colisão;Não informado;Não informado;Não informado;Meio de quadra;Não informado;Longo da via;0;1;0;0;0;0;0;0;0;0;1;0;0;(-38.4920396 -3.7584627);
QRT8773;2021-04-22 21:48:00;BR-116;;;ANCURI;QRT8773;Colisão;Não informado;Não informado;Não informado;Meio de quadra;Não informado;Longo da via;0;1;0;1;1;0;0;0;0;0;0;0;0;(-38.49750650000001 -3.862144999999999);
QRT8773;2021-04-22 21:21:00;Avenida Rogaciano Leite;;;ENGENHEIRO LUCIANO CAVALCANTE;QRT8773;Colisão;Não informado;Não informado;Não informado;Meio de quadra;Não informado;Longo da via;0;2;0;1;1;0;0;0;0;0;0;0;0;(-38.4981599 -3.7719697);
RMQ7093;2021-04-22 21:18:00;AV MISTER HULL;;;PRESIDENTE KENNEDY;RMQ7093;Colisão;Não informado;Não informado;Não informado;Meio de quadra;Não informado;Longo da via;0;1;0;0;0;0;0;0;0;0;1;0;0;(-38.5736743 -3.7369751);
VTS9565;2021-04-22 21:12:00;Rua Vicente Linhares;;;ALDEOTA;VTS9565;Colisão;Não informado;Não informado;Não informado;Meio de quadra;Não informado;Longo da via;0;1;0;1;1;0;0;0;0;0;0;0;0;(-38.4931023 -3.744890399999999);
TRV9455;2021-04-22 20:01:00;Avenida Presidente Costa e Silva;;;PREFEITO JOSE VALTER;TRV9455;Colisão;Não informado;Não informado;Não informado;Meio de quadra;Não informado;Longo da via;0;1;0;0;0;0;0;0;0;0;1;0;0;(-38.5418797 -3.8248992);
HJY5752;2021-04-22 19:31:00;Travessa para;RUA ESPIRITO SANTO;;PAN AMERICANO;HJY5752;Colisão;Não informado;Não informado;Não informado;Cruz;Não informado;Cruzamento;0;1;0;2;0;0;0;0;0;0;0;0;0;(-38.5679776 -3.752604);
LWC0328;2021-04-22 18:50:00;Avenida Augusto dos Anjos;;;BONSUCESSO;LWC0328;Colisão;Não informado;Não informado;Não informado;Meio de quadra;Não informado;Longo da via;0;1;0;1;1;0;0;0;0;0;0;0;0;(-38.5792329 -3.779988899999999);
NIO4817;2021-04-22 18:45:00;Rua Bento Albuquerque;RUA DR FRANCISCO MOTA;;CIDADE 2000;NIO4817;Colisão;Não informado;Não informado;Não informado;Meio de quadra;Não informado;Cruzamento;0;1;0;1;1;0;0;0;0;0;0;0;0;(-38.4704354 -3.7478785);
MEL3099;2021-04-22 18:39:00;Avenida Washington Soares;;;MESSEJANA;MEL3099;Atropelamento;Não informado;Não informado;Não informado;Meio de quadra;Não informado;Longo da via;0;1;0;0;0;0;1;0;0;0;0;0;0;(-38.4807624 -3.82123);