COD_ACIDENTE;DATA;LOG1;LOG2;NUMERO;BAIRRO;AMC;NATUREZA;ILUMINACAO;TEMPO;SUPERFICIEPISTA;TIPOCRUZAMENTO;CONTROLETRAFEGO;USOSOLO;MORTOS;FERIDOS;ILESOS;MOTOCICLETA;AUTOMOVEL;MICROONIBUS;CAMINHAO;ONIBUS;CICLOMOTOR;BICICLETA;OUTROS;TREM;TRACAOANIMAL;COORDENADAS
NWA2038;2021-04-22 17:47:00;Travessa Salgadinho;;;JARDIM AMERICA;NWA2038;Colisão;Não informado;Não informado;Não informado;Meio de quadra;Não informado;Longo da via;0;1;0;0;0;0;0;0;0;0;1;0;0;(-38.5383779 -3.7533219);
MQB9391;2021-04-22 16:42:00;Rua Barão do Crato;;;CARLITO PAMPLONA;MQB9391;Colisão;Não informado;Não informado;Não informado;Meio de quadra;Não informado;Longo da via;0;1;0;1;1;0;0;0;0;0;0;0;0;(-38.5614022 -3.721652199999999);
CEP7089;2021-05-11 15:27:00;Avenida Américo Barreira;;;COUTO FERNANDES;CEP7089;Colisão;Não informado;Não informado;Não informado;Meio de quadra;Não informado;Longo da via;0;1;0;1;1;0;0;0;0;0;0;0;0;(-38.55399028582108 -3.753688550089996);
YVR5817;2021-05-11 14:02:00;Rua Bárbara de Alencar;RUA JOAO CORDEIRO;;ALDEOTA;YVR5817;Colisão;Não informado;Não informado;Não informado;Cruz;Não informado;Longo da via;0;1;0;1;1;0;0;0;0;0;0;0;0;(-38.5169912 -3.737032399999999);
XVB2437;2021-04-22 15:56:00;Avenida Doutor Silas Munguba;;;SERRINHA;XVB2437;Colisão;Não informado;Não informado;Não informado;Meio de quadra;Não informado;Longo da via;0;1;0;1;1;0;0;0;0;0;0;0;0;(-38.5538978 -3.7835784);
LTZ9974;2021-05-11 13:25:00;Avenida José Bastos;;;DEMOCRITO ROCHA;LTZ9974;Colisão;Não informado;Não informado;Não informado;Meio de quadra;Não informado;Longo da via;0;2;0;1;1;0;0;0;0;0;0;0;0;(-38.56066361622025 -3.757382050039666);
XSH7709;2021-05-11 13:00:00;Rua Professor Heribaldo Costa;RUA MON HIPOLITO BRASIL;;JOQUEI CLUBE;XSH7709;Colisão;Não informado;Não informado;Não informado;Cruz;Não informado;Longo da via;0;1;0;1;1;0;0;0;0;0;0;0;0;(-38.582293 -3.7570633);
YOX1636;2021-04-22 14:47:00;Rua dos Sabiás;;;PASSARE;YOX1636;Colisão;Não informado;Não informado;Não informado;Meio de quadra;Não informado;Longo da via;0;1;0;1;1;0;0;0;0;0;0;0;0;(-38.53878 -3.806203);
SBO8624;2021-05-11 11:11:00;Avenida Leste Oeste;;;BARRA DO CEARA;SBO8624;Colisão;Não informado;Não informado;Não informado;Meio de quadra;Não informado;Longo da via;0;1;0;0;0;0;0;0;0;0;0;0;0;(-38.5801203613526 -3.703487525573171);
JWJ6054;2021-05-11 10:53:00;Rua Antônio Pompeu;;;CENTRO;JWJ6054;Colisão;Não informado;Não informado;Não informado;Meio de quadra;Não informado;Longo da via;0;1;0;1;1;0;0;0;0;0;0;0;0;(-38.53287055937059 -3.734160917191409);
FOT4490;2021-04-22 14:41:00;Rua Pôrto Velho;;;HENRIQUE JORGE;FOT4490;Colisão;Não informado;Não informado;Não informado;Meio de quadra;Não informado;Longo da via;0;2;0;1;1;0;0;0;0;0;0;0;0;(-38.592535 -3.762983999999999);
NVR8783;2021-05-11 10:24:00;Rua N;;;PREFEITO JOSE VALTER;NVR8783;Colisão;Não informado;Não informado;Não informado;Meio de quadra;Não informado;Longo da via;0;1;0;1;1;0;0;0;0;0;0;0;0;(-38.5502856 -3.8333439);
FQP9763;2021-04-22 11:40:00;Rua Tulipa;RUA GAL MARIO HERMES;;JARDIM IRACEMA;FQP9763;Colisão;Não informado;Não informado;Não informado;Meio de quadra;Não informado;Longo da via;0;1;0;0;0;0;0;0;0;0;1;0;0;(-38.5791611 -3.713405);
LLL1850;2021-05-11 10:23:00;Avenida C;;;CONJUNTO CEARA I;LLL1850;Colisão;Não informado;Não informado;Não informado;Meio de quadra;Não informado;Longo da via;0;1;0;1;1;0;0;0;0;0;0;0;0;(-38.612505 -3.7674615);
FQP9763;2021-04-22 10:09:00;Avenida Castelo de Castro;;;JANGURUSSU;FQP9763;Colisão;Não informado;Não informado;Não informado;Meio de quadra;Não informado;Longo da via;0;2;0;1;1;0;0;0;0;0;0;0;0;(-38.5218182 -3.8361063);
DAQ4525;2021-05-11 09:17:00;Rua Raimundo Neri;;;PREFEITO JOSE VALTER;DAQ4525;Colisão;Não informado;Não informado;Não informado;Meio de quadra;Não informado;Longo da via;0;3;0;0;0;0;0;0;0;0;0;0;0;(-38.5864203 -3.794134);
RII4604;2021-04-22 04:44:00;Rua Luis Alves Teixeira;;;VICENTE PINZON;RII4604;Queda;Não informado;Não informado;Não informado;Meio de quadra;Não informado;Longo da via;0;1;0;1;0;0;0;0;0;0;0;0;0;(-38.47498909999999 -3.7231901);
DAQ4525;2021-05-10 23:03:00;Rua Rosalvo Quinderé;;;QUINTINO CUNHA;DAQ4525;Colisão;Não informado;Não informado;Não informado;Meio de quadra;Não informado;Longo da via;0;1;0;1;1;0;0;0;0;0;0;0;0;(-38.59247462311254 -3.728165504042912);
ZSH2450;2021-05-10 22:13:00;Avenida Edilson Brasil Soares;;;SAPIRANGA / COITE;ZSH2450;Colisão;Não informado;Não informado;Não informado;Meio de quadra;Não informado;Longo da via;0;1;0;1;1;0;0;0;0;0;0;0;0;(-38.48504677803037 -3.789835999457327);
RLW2348;2021-05-10 22:11:00;Rua Ildefonso Albano;;;ALDEOTA;RLW2348;Colisão;Não informado;Não informado;Não informado;Meio de quadra;Não informado;Longo da via;0;1;0;1;1;0;0;0;0;0;0;0;0;(-38.51338164649633 -3.733920030845046);
EIE7563;2021-04-22 02:19:00;Avenida Lineu Machado;;;JOQUEI CLUBE;EIE7563;Colisão;Não informado;Não informado;Não informado;Meio de quadra;Não informado;Longo da via;0;1;0;0;1;0;0;0;0;1;0;0;0;(-38.57461929999999 -3.764657199999999);
URU3655;2021-05-10 21:10:00;Ancuri;;;ANCURI;URU3655;Atropelamento;Não informado;Não informado;Não informado;Meio de quadra;Não informado;Longo da via;0;1;0;0;0;0;0;1;0;0;0;0;0;(-38.49802866051387 -3.868463375317569);
MCH0025;2021-04-22 01:18:00;Avenida Val Paraíso;;;CONJUNTO PALMEIRAS;MCH0025;Colisão;Não informado;Não informado;Não informado;Meio de quadra;Não informado;Longo da via;0;1;0;0;0;0;0;0;0;0;1;0;0;(-38.52304669999999 -3.8459271);
HLS3007;2021-05-10 20:26:00;Avenida Antônio Sales;AV SEN VIRGILIO TAVORA;;ALDEOTA;HLS3007;Queda;Não informado;Não informado;Não informado;Cruz;Não informado;Longo da via;0;1;0;1;0;0;0;0;0;0;0;0;0;(-38.4964928 -3.7472672);
BER0024;2021-05-10 20:18:00;Rua José Dantas Pereira;;;CANINDEZINHO;BER0024;Queda;Não informado;Não informado;Não informado;Meio de quadra;Não informado;Longo da via;0;1;0;1;0;0;0;0;0;0;0;0;0;(-38.607706 -3.8224972);
NGC3839;2021-04-22 00:45:00;Rua Amazonas;;;BELA VISTA;NGC3839;Colisão;Não informado;Não informado;Não informado;Meio de quadra;Não informado;Longo da via;0;1;0;2;0;0;0;0;0;0;0;0;0;(-38.5613087 -3.7552298);
ZZG8203;2021-05-10 20:12:00;Avenida Alberto Craveiro;;;DIAS MACEDO;ZZG8203;Colisão;Não informado;Não informado;Não informado;Meio de quadra;Não informado;Longo da via;0;1;0;1;1;0;0;0;0;0;0;0;0;(-38.5172440152797 -3.79017857136839);
IRJ8494;2021-04-22 00:13:00;Rua Tomás Gonzaga;;;CRISTO REDENTOR;IRJ8494;Colisão;Não informado;Não informado;Não informado;Meio de quadra;Não informado;Longo da via;0;1;0;1;1;0;0;0;0;0;0;0;0;(-38.5683663 -3.7111052);
ZYQ3775;2021-05-10 20:03:00;Rua Barão de Aratanha;RUA METON DE ALENCAR;;CENTRO;ZYQ3775;Colisão;Não informado;Não informado;Não informado;Cruz;Não informado;Longo da via;0;1;0;1;1;0;0;0;0;0;0;0;0;(-38.5270555389057 -3.734985283298775);
LJQ3567;2021-04-21 22:52:00;Avenida Presidente Juscelino Kubitschek;;;PASSARE;LJQ3567;Queda;Não informado;Não informado;Não informado;Meio de quadra;Não informado;Longo da via;0;1;0;1;0;0;0;0;0;0;0;0;0;(-38.5349302 -3.8213061);
MTL8347;2021-05-10 19:44:00;Avenida Imperador;;;CENTRO;MTL8347;Colisão;Não informado;Não informado;Não informado;Meio de quadra;Não informado;Longo da via;0;1;0;1;1;0;0;0;0;0;0;0;0;(-38.53509143242275 -3.729161173701847);
WID5383;2021-04-21 22:26:00;Avenida Presidente Costa e Silva;;;JANGURUSSU;WID5383;Atropelamento;Não informado;Não informado;Não informado;Meio de quadra;Não informado;Longo da via;0;1;0;0;0;0;0;1;0;0;0;0;0;(-38.5310317 -3.8289218);
JZI2916;2021-05-10 19:42:00;Rua Curitiba;;;HENRIQUE JORGE;JZI2916;Colisão;Não informado;Não informado;Não informado;Meio de quadra;Não informado;Longo da via;0;1;0;1;1;0;0;0;0;0;0;0;0;(-43.93974797193619 -19.91327679511491);
XWS0983;2021-04-21 22:17:00;Avenida Desembargador Gonzaga;;;CIDADE DOS FUNCIONRAIOS;XWS0983;Colisão;Não informado;Não informado;Não informado;Meio de quadra;Não informado;Longo da via;0;1;0;0;0;0;0;0;0;0;1;0;0;(-38.4994807 -3.797921999999999);
WBF5840;2021-04-21 22:09:00;BR-116;;;AEROLANDIA;WBF5840;Colisão;Não informado;Não informado;Não informado;Meio de quadra;Não informado;Longo da via;0;2;0;2;0;0;0;0;0;0;0;0;0;(-38.5145469 -3.7791359);
WUJ6303;2021-05-10 19:34:00;Avenida Doutor Silas Munguba;;;PARANGABA;WUJ6303;Colisão;Não informado;Não informado;Não informado;Meio de quadra;Não informado;Longo da via;0;0;0;0;0;0;0;0;0;0;0;0;0;(-38.56048122248856 -3.779542804474453);
ZZS3421;2021-04-21 21:57:00;Avenida Evilásio Almeida Miranda;;;SAPIRANGA / COITE;ZZS3421;Queda;Não informado;Não informado;Não informado;Meio de quadra;Não informado;Longo da via;0;1;0;1;0;0;0;0;0;0;0;0;0;(-38.466556 -3.800402);
WQK2059;2021-04-21 21:56:00;Avenida Humberto Monte;;;BELA VISTA;WQK2059;Colisão;Não informado;Não informado;Não informado;Meio de quadra;Não informado;Longo da via;0;1;0;0;0;0;0;0;0;0;1;0;0;(-38.5620179 -3.7470658);
QYA9549;2021-05-10 19:09:00;Avenida Senador Carlos Jereissati;;;DIAS MACEDO;QYA9549;Colisão;Não informado;Não informado;Não informado;Meio de quadra;Não informado;Longo da via;0;1;0;1;1;0;0;0;0;0;0;0;0;(-38.53744639176409 -3.781737429518151);
HID1208;2021-04-21 21:56:00;Avenida da Universidade;AV 13 DE MAIO;;BENFICA;HID1208;Colisão;Não informado;Não informado;Não informado;Cruz;Não informado;Cruzamento;0;2;0;1;1;0;0;0;0;0;0;0;0;(-38.5391474 -3.7409727);
LTR7633;2021-05-10 18:49:00;Avenida General Osório de Paiva;;;CANINDEZINHO;LTR7633;Atropelamento;Não informado;Não informado;Não informado;Meio de quadra;Não informado;Longo da via;0;1;0;0;1;0;0;0;0;0;0;0;0;(-38.60275819933925 -3.805374794178901);
CQX8410;2021-05-10 18:17:00;Avenida Alberto Craveiro;;;CASTELAO;CQX8410;Colisão;Não informado;Não informado;Não informado;Meio de quadra;Não informado;Longo da via;0;2;0;0;0;0;0;0;0;0;0;0;0;(-38.51697043676296 -3.789734382030873);
JNW5608;2021-04-21 21:01:00;Avenida I;;;GRANJA PORTUGAL;JNW5608;Colisão;Não informado;Não informado;Não informado;Meio de quadra;Não informado;Longo da via;0;1;0;1;1;0;0;0;0;0;0;0;0;(-38.601273 -3.7742068);
EGZ7164;2021-04-21 20:58:00;Avenida José Lima Verde;;;BARRA DO CEARA;EGZ7164;Colisão;Não informado;Não informado;Não informado;Meio de quadra;Não informado;Longo da via;0;1;0;0;0;0;0;0;0;0;1;0;0;(-38.5882494 -3.699852299999999);
ISD5912;2021-04-21 20:47:00;Rua Diogo Correia;;;JOAO XXIII;ISD5912;Queda;Não informado;Não informado;Não informado;Meio de quadra;Não informado;Longo da via;0;1;0;1;0;0;0;0;0;0;0;0;0;(-38.58922889999999 -3.7731193);
SES4946;2021-05-10 18:11:00;Rua Rio Grande do Sul;;;DEMOCRITO ROCHA;SES4946;Colisão;Não informado;Não informado;Não informado;Meio de quadra;Não informado;Longo da via;0;1;0;0;0;0;0;0;0;0;0;0;0;(-38.56739058751562 -3.758425946048332);
SHD0744;2021-04-21 20:14:00;Avenida Deputado Paulino Rocha;;;BOA VISTA;SHD0744;Colisão;Não informado;Não informado;Não informado;Meio de quadra;Não informado;Longo da via;0;2;0;0;0;0;0;0;0;0;1;0;0;(-38.5162212 -3.8108679);
OFN1045;2021-05-10 18:02:00;Avenida Pompílio Gomes;;;CASTELAO;OFN1045;Colisão;Não informado;Não informado;Não informado;Meio de quadra;Não informado;Longo da via;0;1;0;1;1;0;0;0;0;0;0;0;0;(-38.52021053094366 -3.812268903540704);
IYH5234;2021-04-21 19:17:00;Avenida Augusto dos Anjos;;;VILA PERY;IYH5234;Colisão;Não informado;Não informado;Não informado;Meio de quadra;Não informado;Longo da via;0;1;0;0;0;0;0;0;0;0;1;0;0;(-38.5834165 -3.7853672);
RCG0370;2021-05-10 17:35:00;Avenida Santos Dumont;;;ALDEOTA;RCG0370;Colisão;Não informado;Não informado;Não informado;Meio de quadra;Não informado;Longo da via;0;1;0;1;1;0;0;0;0;0;0;0;0;(-38.5098517770957 -3.73246408894128);
LJZ5842;2021-04-21 18:45:00;Avenida Mister Hull;;;ANTONIO BEZERRA;LJZ5842;Colisão;Não informado;Não informado;Não informado;Meio de quadra;Não informado;Longo da via;0;1;0;1;1;0;0;0;0;0;0;0;0;(-38.5918137 -3.7395231);
YXM2307;2021-05-10 17:35:00;Avenida General Osório de Paiva;;;PARANGABA;YXM2307;Colisão;Não informado;Não informado;Não informado;Meio de quadra;Não informado;Longo da via;0;1;0;1;1;0;0;0;0;0;0;0;0;(-38.58105376117579 -3.784890186013866);
IER3184;2021-05-10 17:25:00;Avenida Dioguinho;;;VICENTE PINZON;IER3184;Colisão;Não informado;Não informado;Não informado;Meio de quadra;Não informado;Longo da via;0;1;0;0;0;0;0;0;0;0;0;0;0;(-38.4404148160347 -3.767317035612438);
ZZG3202;2021-04-21 16:52:00;Avenida Francisco Sá;;;BARRA DO CEARA;ZZG3202;Colisão;Não informado;Não informado;Não informado;Meio de quadra;Não informado;Longo da via;0;1;0;2;0;0;0;0;0;0;0;0;0;(-38.5804104 -3.7095351);
ZZG3202;2021-02-28 20:10:00;Avenida Rio de Janeiro;;;BONSUCESSO;ZZG3202;Atropelamento;Não informado;Não informado;Não informado;Meio de quadra;Não informado;Longo da via;0;0;0;0;1;0;0;0;0;0;0;0;0;(-43.2157789 -22.8895736);
OOX4299;2021-05-10 17:17:00;Rua Monsenhor Otávio de Castro;RUA CARLOS RIBEIRO;;FATIMA;OOX4299;Colisão;Não informado;Não informado;Não informado;Cruz;Não informado;Longo da via;0;1;0;0;1;0;0;0;0;1;0;0;0;(-38.52709979999999 -3.7466185);
YCW9676;2021-04-21 15:08:00;Avenida Santos Dumont;;;ALDEOTA;YCW9676;Colisão;Não informado;Não informado;Não informado;Meio de quadra;Não informado;Longo da via;0;1;0;1;1;0;0;0;0;0;0;0;0;(-38.5092666 -3.7325639);
RND0250;2021-05-10 16:40:00;Rua Eduardo Perdigão;;;PARANGABA;RND0250;Atropelamento;Não informado;Não informado;Não informado;Meio de quadra;Não informado;Longo da via;0;1;0;0;0;0;0;0;0;0;1;0;0;(-38.56396549999999 -3.7765172);
TYH2810;2021-04-21 14:59:00;Avenida Augusto dos Anjos;;;PARANGABA;TYH2810;Colisão;Não informado;Não informado;Não informado;Meio de quadra;Não informado;Longo da via;0;1;0;2;0;0;0;0;0;0;0;0;0;(-38.5710034 -3.7710394);
OTU2398;2021-04-21 14:08:00;Avenida Doutor Silas Munguba;;;SERRINHA;OTU2398;Colisão;Não informado;Não informado;Não informado;Meio de quadra;Não informado;Longo da via;0;1;0;1;1;0;0;0;0;0;0;0;0;(-38.5494409 -3.7865931);
KDL7941;2021-04-21 14:07:00;Rua Dona Leopoldina;RUA BARBARA DE ALENCAR;;CENTRO;KDL7941;Colisão;Não informado;Não informado;Não informado;Cruz;Não informado;Cruzamento;0;2;0;1;1;0;0;0;0;0;0;0;0;(-38.520643 -3.7352295);
WHR0113;2021-05-10 16:08:00;Avenida E;AV C CJ CEARA;;CONJUNTO CEARA I;WHR0113;Colisão;Não informado;Não informado;Não informado;Cruz;Não informado;Longo da via;0;1;0;1;1;0;0;0;0;0;0;0;0;(-38.6079874 -3.7588566);
YNH4378;2021-04-21 10:51:00;Rua Cacilda Becker;;;JOAO XXIII;YNH4378;Colisão;Não informado;Não informado;Não informado;Meio de quadra;Não informado;Longo da via;0;2;0;1;1;0;0;0;0;0;0;0;0;(-38.5894625 -3.7708526);
CKA7539;2021-05-10 13:56:00;Avenida Imperador;;;CENTRO;CKA7539;Atropelamento;Não informado;Não informado;Não informado;Meio de quadra;Não informado;Longo da via;0;1;0;0;1;0;0;0;0;0;0;0;0;(-38.53503269061832 -3.729097689757748);
YJI0043;2021-05-10 13:29:00;Rua Padre Pedro de Alencar;;;MESSEJANA;YJI0043;Colisão;Não informado;Não informado;Não informado;Meio de quadra;Não informado;Longo da via;0;1;0;1;1;0;0;0;0;0;0;0;0;(-38.49442912944769 -3.844490636660622);
SQD3155;2021-04-21 08:20:00;Rua José Aristóteles Gondim;RUA EMILIO DE MENESES;;BONSUCESSO;SQD3155;Queda;Não informado;Não informado;Não informado;Cruz;Não informado;Cruzamento;0;1;0;1;0;0;0;0;0;0;0;0;0;(-38.5862384 -3.783773699999999);
INV6145;2021-04-21 03:19:00;Rua Aristides Barcelos;;;VICENTE PINZON;INV6145;Atropelamento;Não informado;Não informado;Não informado;Meio de quadra;Não informado;Longo da via;0;1;0;0;1;0;0;0;0;0;0;0;0;(-38.4666127 -3.7230505);
TUT5991;2021-05-10 12:06:00;Avenida Alberto Craveiro;;;DIAS MACEDO;TUT5991;Colisão;Não informado;Não informado;Não informado;Meio de quadra;Não informado;Longo da via;0;2;0;1;1;0;0;0;0;0;0;0;0;(-38.51590827096786 -3.781491203570409);
VJO7264;2021-04-21 02:29:00;Avenida Dioguinho;;;PRAIA DO FUTURO I;VJO7264;Queda;Não informado;Não informado;Não informado;Meio de quadra;Não informado;Longo da via;0;1;0;1;0;0;0;0;0;0;0;0;0;(-38.4530655 -3.7424735);
UNQ3688;2021-04-21 00:56:00;Rua Madre Elisa Baldo;;;SERRINHA;UNQ3688;Queda;Não informado;Não informado;Não informado;Meio de quadra;Não informado;Longo da via;0;1;0;0;0;0;0;0;0;1;0;0;0;(-38.540654 -3.78709);
XLX5672;2021-04-20 22:04:00;BR-116;;;PEDRAS;XLX5672;Colisão;Não informado;Não informado;Não informado;Meio de quadra;Não informado;Longo da via;0;3;0;2;0;0;0;0;0;0;0;0;0;(-39.1168473 -8.265959000000001);
WFT2852;2021-04-20 19:56:00;Rua Francisco Sa;;;BARRA DO CEARA;WFT2852;Colisão;Não informado;Não informado;Não informado;Meio de quadra;Não informado;Longo da via;0;1;0;0;0;0;0;0;0;0;1;0;0;(-38.5722839 -3.7120935);
CHV3441;2021-04-20 19:44:00;Estrada Barão de Aquiraz;;;MESSEJANA;CHV3441;Queda;Não informado;Não informado;Não informado;Meio de quadra;Não informado;Longo da via;0;1;0;1;0;0;0;0;0;0;0;0;0;(-38.484169 -3.8415154);
DKR8697;2021-04-20 19:27:00;Avenida Washington Soares;;;COACU;DKR8697;Colisão;Não informado;Não informado;Não informado;Meio de quadra;Não informado;Longo da via;0;1;0;1;1;0;0;0;0;0;0;0;0;(-38.4763063 -3.8482492);
SYS3649;2021-04-20 17:37:00;Rua Muritiapua;;;LAGOA REDONDA;SYS3649;Queda;Não informado;Não informado;Não informado;Meio de quadra;Não informado;Longo da via;0;1;0;1;0;0;0;0;0;0;0;0;0;(-38.4721068 -3.8187068);
SRO8134;2021-04-20 17:16:00;Avenida Major Assis;RUA ANTONIO ARRUDA;;JARDIM GUANABARA;SRO8134;Colisão;Não informado;Não informado;Não informado;Cruz;Não informado;Cruzamento;0;1;0;1;1;0;0;0;0;0;0;0;0;(-38.5942323 -3.7219435);
ALN0222;2021-04-20 15:59:00;Rua Izabel Bezerra;;;PAUPINA;ALN0222;Colisão;Não informado;Não informado;Não informado;Meio de quadra;Não informado;Longo da via;0;1;0;0;0;0;0;0;0;0;1;0;0;(-38.5039459 -3.8545886);
FLA3416;2021-05-10 11:28:00;Rua Taquatiara;;;BARROSO;FLA3416;Colisão;Não informado;Não informado;Não informado;Meio de quadra;Não informado;Longo da via;0;1;0;1;1;0;0;0;0;0;0;0;0;(-38.50768998536118 -3.828990100464465);
XFA8549;2021-04-20 12:44:00;Avenida Dom Luís;;;MEIRELES;XFA8549;Colisão;Não informado;Não informado;Não informado;Meio de quadra;Não informado;Longo da via;0;1;0;0;0;0;0;0;0;0;1;0;0;(-38.5000958 -3.7321515);
ETV7301;2021-04-20 12:06:00;Rua Pernambuco;;;PICI;ETV7301;Colisão;Não informado;Não informado;Não informado;Meio de quadra;Não informado;Longo da via;0;1;0;1;1;0;0;0;0;0;0;0;0;(-38.5750719 -3.7548082);
NDQ6257;2021-05-10 09:50:00;Avenida Doutor Valmir Pontes;;;EDSON QUEIROZ;NDQ6257;Colisão;Não informado;Não informado;Não informado;Meio de quadra;Não informado;Longo da via;0;1;0;1;1;0;0;0;0;0;0;0;0;(-38.48159744433539 -3.771486877160181);
YJL6758;2021-04-20 11:47:00;Avenida General Osório de Paiva;;;PARANGABA;YJL6758;Colisão;Não informado;Não informado;Não informado;Meio de quadra;Não informado;Longo da via;0;1;0;1;1;0;0;0;0;0;0;0;0;(-38.5747117 -3.7806309);
GXX9059;2021-04-20 10:15:00;Rua Dom Henrique;AV GAL OSORIO DE PAIVA;;VILA PERY;GXX9059;Colisão;Não informado;Não informado;Não informado;Cruz;Não informado;Cruzamento;0;1;0;1;1;0;0;0;0;0;0;0;0;(-38.5829919 -3.7860109);
JUY4209;2021-05-10 03:41:00;Avenida Humberto Monte;;;BELA VISTA;JUY4209;Colisão;Não informado;Não informado;Não informado;Meio de quadra;Não informado;Longo da via;0;1;0;0;0;0;0;0;0;0;0;0;0;(-38.56424704230342 -3.744706404928189);
EOS2113;2021-05-10 03:13:00;Avenida Presidente Costa e Silva;;;JANGURUSSU;EOS2113;Queda;Não informado;Não informado;Não informado;Meio de quadra;Não informado;Longo da via;0;1;0;1;0;0;0;0;0;0;0;0;0;(-38.53302079310146 -3.828080184565941);
AOZ6479;2021-04-20 10:13:00;Avenida Presidente Costa e Silva;;;PREFEITO JOSE VALTER;AOZ6479;Colisão;Não informado;Não informado;Não informado;Meio de quadra;Não informado;Longo da via;0;1;0;1;1;0;0;0;0;0;0;0;0;(-38.5443558 -3.8244455);
ZHZ5736;2021-05-10 01:47:00;Rua Brigadeiro Torres;RUA PORTO VELHO;;JOAO XXIII;ZHZ5736;Colisão;Não informado;Não informado;Não informado;Cruz;Não informado;Longo da via;0;1;0;1;1;0;0;0;0;0;0;0;0;(-38.58161003079987 -3.768908830821875);
JCG2566;2021-04-20 00:03:00;Rua Leonardo Mota;;;ALDEOTA;JCG2566;Colisão;Não informado;Não informado;Não informado;Meio de quadra;Não informado;Longo da via;0;1;0;1;1;0;0;0;0;0;0;0;0;(-38.49892451668281 -3.744920439853612);
SWZ5719;2021-05-10 01:27:00;Rua Francisco Glicério;;;MANOEL SATIRO;SWZ5719;Queda;Não informado;Não informado;Não informado;Meio de quadra;Não informado;Longo da via;0;1;0;1;0;0;0;0;0;0;0;0;0;(-38.5757322655276 -3.794830125798681);
POJ4304;2021-04-19 22:59:00;Rua João Cordeiro;AV MON TABOSA;;PRAIA DE IRACEMA;POJ4304;Atropelamento;Não informado;Não informado;Não informado;Meio de quadra;Não informado;Longo da via;0;1;0;0;1;0;0;0;0;0;0;0;0;(-38.5126187 -3.7240057);
SFX3255;2021-05-10 01:26:00;Rua Professor Heribaldo Costa;;;HENRIQUE JORGE;SFX3255;Queda;Não informado;Não informado;Não informado;Meio de quadra;Não informado;Longo da via;0;1;0;0;0;0;0;0;0;1;0;0;0;(-38.58416512762092 -3.76047609696372);
BDH5942;2021-04-19 21:02:00;Avenida Aguanambi;;;JOSE BONIFACIO;BDH5942;Colisão;Não informado;Não informado;Não informado;Meio de quadra;Não informado;Longo da via;0;1;0;1;1;0;0;0;0;0;0;0;0;(-38.5251408 -3.7399403);
ELW9911;2021-04-19 20:57:00;AV JOSE BASTOS;;;BELA VISTA;ELW9911;Queda;Não informado;Não informado;Não informado;Meio de quadra;Não informado;Longo da via;0;1;0;1;0;0;0;0;0;0;0;0;0;(-38.5538192 -3.7537702);
JCS0880;2021-04-19 20:49:00;BR-116;;;MESSEJANA;JCS0880;Queda;Não informado;Não informado;Não informado;Meio de quadra;Não informado;Longo da via;0;1;0;0;0;0;0;0;0;1;0;0;0;(-51.16386929999999 -29.3309846);
UHI7675;2021-04-19 19:40:00;Avenida Pasteur;;;CARLITO PAMPLONA;UHI7675;Colisão;Não informado;Não informado;Não informado;Meio de quadra;Não informado;Longo da via;0;1;0;2;0;0;0;0;0;0;0;0;0;(-38.5592575 -3.7128344);
FJQ7781;2021-04-19 18:43:00;Rua Domingos Braga;RUA TEN LIRA;;QUINTINO CUNHA;FJQ7781;Colisão;Não informado;Não informado;Não informado;T;Não informado;Cruzamento;0;1;0;0;0;0;0;0;0;0;1;0;0;(-38.6002407 -3.7368145);
UKD5126;2021-05-10 00:16:00;Travessa Internacional;;;PRESIDENTE KENNEDY;UKD5126;Atropelamento;Não informado;Não informado;Não informado;Meio de quadra;Não informado;Longo da via;0;1;0;1;0;0;0;0;0;0;0;0;0;(-38.56581881913193 -3.731259654221461);
ZHA2972;2021-04-19 14:45:00;Rua Conselheiro Lafayette;;;JARDIM IRACEMA;ZHA2972;Atropelamento;Não informado;Não informado;Não informado;Meio de quadra;Não informado;Longo da via;0;1;0;0;0;0;0;1;0;0;0;0;0;(-38.5870592 -3.7176619);
BSZ2311;2021-05-09 23:56:00;Rua Almirante Jaceguai;;;PARQUE IRACEMA;BSZ2311;Atropelamento;Não informado;Não informado;Não informado;Meio de quadra;Não informado;Longo da via;0;1;0;0;1;0;0;0;0;0;0;0;0;(-38.51929322648574 -3.721511701842588);
HXZ7183;2021-04-19 13:11:00;Rua Alberto Magno;;;MONTESE;HXZ7183;Colisão;Não informado;Não informado;Não informado;Meio de quadra;Não informado;Longo da via;0;1;0;0;0;0;0;0;0;0;1;0;0;(-38.5461466 -3.7607694);
FNU1611;2021-05-09 23:47:00;Avenida Eduardo Girão;;;FATIMA;FNU1611;Colisão;Não informado;Não informado;Não informado;Meio de quadra;Não informado;Longo da via;0;1;0;0;0;0;0;0;0;0;0;0;0;(-38.53567079754563 -3.751274468072991);