COD_ACIDENTE;DATA;LOG1;LOG2;NUMERO;BAIRRO;AMC;NATUREZA;ILUMINACAO;TEMPO;SUPERFICIEPISTA;TIPOCRUZAMENTO;CONTROLETRAFEGO;USOSOLO;MORTOS;FERIDOS;ILESOS;MOTOCICLETA;AUTOMOVEL;MICROONIBUS;CAMINHAO;ONIBUS;CICLOMOTOR;BICICLETA;OUTROS;TREM;TRACAOANIMAL;COORDENADAS
TXY6540;2021-04-19 11:41:00;AV ENG HUMBERTO MONTE;;;BELA VISTA;TXY6540;Colisão;Não informado;Não informado;Não informado;Meio de quadra;Não informado;Longo da via;0;1;0;1;1;0;0;0;0;0;0;0;0;(-38.558506 -3.751507);
PQR8710;2021-05-09 23:39:00;Rua José Euclides Ferreira Gomes;;;LAGOA REDONDA;PQR8710;Atropelamento;Não informado;Não informado;Não informado;Meio de quadra;Não informado;Longo da via;0;1;0;1;0;0;0;0;0;0;0;0;0;(-38.4650337 -3.8295841);
YLS7390;2021-04-19 10:41:00;Avenida Godofredo Maciel;;;MARAPONGA;YLS7390;Colisão;Não informado;Não informado;Não informado;Meio de quadra;Não informado;Longo da via;0;1;0;0;1;0;0;0;0;1;0;0;0;(-38.57028529999999 -3.7969629);
YTX5251;2021-05-09 23:16:00;Avenida da Liberdade;RUA PRO VIRGILIO DE MORAIS;;AUTRAN NUNES;YTX5251;Queda;Não informado;Não informado;Não informado;Cruz;Não informado;Longo da via;0;1;0;1;0;0;0;0;0;0;0;0;0;(-38.59637990583267 -3.749545471719085);
FZN9085;2021-05-09 23:03:00;Rua Menino Jesus de Praga;;;BONSUCESSO;FZN9085;Colisão;Não informado;Não informado;Não informado;Meio de quadra;Não informado;Longo da via;0;1;0;0;0;0;0;0;0;0;0;0;0;(-38.58645573036637 -3.77864354187681);
BOZ6169;2021-04-19 06:19:00;Avenida General Osório de Paiva;;;PARANGABA;BOZ6169;Colisão;Não informado;Não informado;Não informado;Meio de quadra;Não informado;Longo da via;0;1;0;1;1;0;0;0;0;0;0;0;0;(-38.5660683 -3.7758538);
ADR1867;2021-05-09 22:38:00;Rua São Luís do Oeste;;;GRANJA PORTUGAL;ADR1867;Colisão;Não informado;Não informado;Não informado;Meio de quadra;Não informado;Longo da via;0;1;0;0;0;0;0;0;0;0;0;0;0;(-38.61017721410518 -3.782476106941712);
DKZ0473;2021-04-19 02:56:00;Avenida Beira Mar;;;PRAIA DE IRACEMA;DKZ0473;Atropelamento;Não informado;Não informado;Não informado;Meio de quadra;Não informado;Longo da via;0;1;0;0;0;0;0;0;0;0;1;0;0;(-38.4845406 -3.7235398);
UWE0063;2021-05-09 21:33:00;Avenida Filomeno Gomes;AV PRS CASTELO BRANCO;;MOURA BRASIL;UWE0063;Queda;Não informado;Não informado;Não informado;Cruz;Não informado;Longo da via;0;1;0;0;0;0;0;0;0;1;0;0;0;(-38.54195252566321 -3.715703562493707);
GTO6854;2021-05-09 21:30:00;Avenida Rui Barbosa;AV ANTONIO SALES;;ALDEOTA;GTO6854;Colisão;Não informado;Não informado;Não informado;Cruz;Não informado;Longo da via;0;1;0;1;1;0;0;0;0;0;0;0;0;(-38.51161505743154 -3.742808107731181);
MSX7863;2021-05-09 21:28:00;Avenida Contôrno Sul;;;JANGURUSSU;MSX7863;Colisão;Não informado;Não informado;Não informado;Meio de quadra;Não informado;Longo da via;0;1;0;0;0;0;0;0;0;0;0;0;0;(-38.51984039126034 -3.837821586844552);
DVP8675;2021-05-09 20:33:00;Rua Delmiro Gouvêia;;;VARJOTA;DVP8675;Queda;Não informado;Não informado;Não informado;Meio de quadra;Não informado;Longo da via;0;1;0;1;0;0;0;0;0;0;0;0;0;(-38.48838344956355 -3.729659091749942);
XGN2412;2021-04-19 00:55:00;Rua Londrina;RUA TAUBATE;;GRANJA PORTUGAL;XGN2412;Colisão;Não informado;Não informado;Não informado;Meio de quadra;Não informado;Longo da via;0;1;0;1;1;0;0;0;0;0;0;0;0;(-38.5990703 -3.7820908);
CYQ2709;2021-05-09 19:07:00;Rua Pedestre 5;;;ANCURI;CYQ2709;Queda;Não informado;Não informado;Não informado;Meio de quadra;Não informado;Longo da via;0;1;0;1;0;0;0;0;0;0;0;0;0;(-38.5037103 -3.8544717);
CTF6776;2021-04-19 00:49:00;Rua Almírante Rufino;;;MONTESE;CTF6776;Colisão;Não informado;Não informado;Não informado;Meio de quadra;Não informado;Longo da via;0;1;0;0;0;0;0;0;0;0;1;0;0;(-38.5449838 -3.7642529);
XJF6184;2021-05-09 18:28:00;Rua João Cordeiro;;;ALDEOTA;XJF6184;Colisão;Não informado;Não informado;Não informado;Meio de quadra;Não informado;Longo da via;0;1;0;0;1;0;0;0;0;1;0;0;0;(-38.51518409400386 -3.732276732537774);
LQY3807;2021-05-09 18:42:00;Rua Fausto Cabral;;;PAPICU;LQY3807;Colisão;Não informado;Não informado;Não informado;Meio de quadra;Não informado;Longo da via;0;1;0;2;0;0;0;0;0;0;0;0;0;(-38.47266033937994 -3.734765892921907);
OOJ9522;2021-04-19 00:46:00;Rua Almirante Rubim;;;PARANGABA;OOJ9522;Queda;Não informado;Não informado;Não informado;Meio de quadra;Não informado;Longo da via;0;1;0;1;0;0;0;0;0;0;0;0;0;(-38.5561558 -3.7697054);
NSJ9136;2021-04-19 00:38:00;Rua Doutor Miguel Couto;;;PAUPINA;NSJ9136;Queda;Não informado;Não informado;Não informado;Meio de quadra;Não informado;Longo da via;0;1;0;1;0;0;0;0;0;0;0;0;0;(-38.491907 -3.840184);
XYY8757;2021-04-18 23:51:00;Rua AGAMENON;;;SIQUEIRA;XYY8757;Colisão;Não informado;Não informado;Não informado;Meio de quadra;Não informado;Longo da via;0;1;0;1;1;0;0;0;0;0;0;0;0;(-38.58560156754439 -3.791476680154433);
KGI8927;2021-04-18 23:28:00;AV GOV RAUL BARBOSA;;;SAO JOAO DO TAUAPE;KGI8927;Colisão;Não informado;Não informado;Não informado;Meio de quadra;Não informado;Longo da via;0;1;0;1;1;0;0;0;0;0;0;0;0;(-38.5047063 -3.7574839);
KDX6797;2021-04-18 22:44:00;BR-116;;;PEDRAS;KDX6797;Colisão;Não informado;Não informado;Não informado;Meio de quadra;Não informado;Longo da via;0;1;0;0;1;0;1;0;0;0;0;0;0;(-38.501663 -3.8815904);
MPJ9946;2021-04-18 21:56:00;Avenida I Cj Prefeito Jose Walter;;;PREFEITO JOSE VALTER;MPJ9946;Colisão;Não informado;Não informado;Não informado;Meio de quadra;Não informado;Longo da via;0;2;0;1;1;0;0;0;0;0;0;0;0;(-38.5526062931805 -3.831109581880926);
VSC7236;2021-04-18 20:43:00;Rua Martins de Carvalho;RUA PAULINO ROCHA D56;;GRANJA LISBOA;VSC7236;Colisão;Não informado;Não informado;Não informado;Cruz;Não informado;Cruzamento;0;1;0;1;1;0;0;0;0;0;0;0;0;(-38.626095 -3.7889869);
PPD8300;2021-04-18 16:08:00;Rua Urucutuba;;;BOM JARDIM;PPD8300;Queda;Não informado;Não informado;Não informado;Meio de quadra;Não informado;Longo da via;0;1;0;1;0;0;0;0;0;0;0;0;0;(-38.6054556 -3.797148);
IFJ0762;2021-04-18 15:46:00;Avenida Senador Fernandes Távora;;;AUTRAN NUNES;IFJ0762;Não informado;Não informado;Não informado;Não informado;Meio de quadra;Não informado;Longo da via;0;2;0;1;0;0;0;0;0;0;0;0;0;(-38.5868083 -3.7598014);
IVE9835;2021-05-09 15:42:00;Rua Silva Paulet;;;ALDEOTA;IVE9835;Colisão;Não informado;Não informado;Não informado;Meio de quadra;Não informado;Longo da via;0;1;0;1;1;0;0;0;0;0;0;0;0;(-38.50744322823085 -3.740761260990379);
IFJ0762;2021-04-18 15:31:00;Rua Santa Inês;;;PIRAMBU;IFJ0762;Colisão;Não informado;Não informado;Não informado;Meio de quadra;Não informado;Longo da via;0;1;0;1;1;0;0;0;0;0;0;0;0;(-38.5477394 -3.7118997);
OEV7067;2021-05-09 15:11:00;Avenida Treze de Maio;;;FATIMA;OEV7067;Queda;Não informado;Não informado;Não informado;Meio de quadra;Não informado;Longo da via;0;1;0;1;0;0;0;0;0;0;0;0;0;(-38.53391662886206 -3.745348760467467);
ESJ2250;2021-04-18 15:23:00;AV ANTONIO JUSTA;AV SEN VIRGILIO TAVORA;;MEIRELES;ESJ2250;Colisão;Não informado;Não informado;Não informado;Cruz;Não informado;Cruzamento;0;1;0;1;1;0;0;0;0;0;0;0;0;(-38.4906845 -3.7288179);
KNM5410;2021-05-09 15:03:00;Rua Monsenhor Hipólito Brasil;;;JOQUEI CLUBE;KNM5410;Colisão;Não informado;Não informado;Não informado;Meio de quadra;Não informado;Longo da via;0;1;0;1;1;0;0;0;0;0;0;0;0;(-38.5756464383578 -3.760588507187819);
YTY6734;2021-04-18 15:02:00;RUA OSMAR VIANA;AV DEP PAULINO ROCHA;;CAJAZEIRAS;YTY6734;Queda;Não informado;Não informado;Não informado;Y;Não informado;Longo da via;0;1;0;0;0;0;0;0;0;1;0;0;0;(-38.5094718 -3.8107613);
MEY0702;2021-04-18 07:40:00;Avenida Presidente Costa e Silva;;;PREFEITO JOSE VALTER;MEY0702;Queda;Não informado;Não informado;Não informado;Meio de quadra;Não informado;Longo da via;0;1;0;1;0;0;0;0;0;0;0;0;0;(-38.5443558 -3.8244455);
SZR6766;2021-04-18 06:36:00;Avenida do Passaré;;;PARQUE DOIS IRMAOS;SZR6766;Queda;Não informado;Não informado;Não informado;Meio de quadra;Não informado;Longo da via;0;1;0;1;0;0;0;0;0;0;0;0;0;(-38.5417656 -3.818414);
VGB8454;2021-05-09 14:09:00;Rua Tarcísio Bonfim;RUA JOSE CARLOS GURGEL NOGUEIRA;;PAPICU;VGB8454;Colisão;Não informado;Não informado;Não informado;Cruz;Não informado;Longo da via;0;1;0;2;0;0;0;0;0;0;0;0;0;(-38.47615257973973 -3.736634096831371);
BVK1279;2021-05-09 13:29:00;Rua Álvaro de Alencar;RUA CRUZEIRO DO SUL;;CARLITO PAMPLONA;BVK1279;Colisão;Não informado;Não informado;Não informado;T;Não informado;Longo da via;0;1;0;2;0;0;0;0;0;0;0;0;0;(-38.5577487 -3.7145813);
EFN5547;2021-04-18 02:49:00;Rua Um;;;SERRINHA;EFN5547;Queda;Não informado;Não informado;Não informado;Meio de quadra;Não informado;Longo da via;0;1;0;0;0;0;0;0;0;1;0;0;0;(-38.5417685 -3.7819988);
IHS0252;2021-05-09 11:04:00;Rua Verde Cinco;;;JANGURUSSU;IHS0252;Colisão;Não informado;Não informado;Não informado;Meio de quadra;Não informado;Longo da via;0;1;0;0;0;0;0;0;0;0;0;0;0;(-38.5179687 -3.8501722);
YRL6510;2021-04-18 01:33:00;Rua Professor Edgard de Arruda;;;AUTRAN NUNES;YRL6510;Colisão;Não informado;Não informado;Não informado;Meio de quadra;Não informado;Longo da via;0;1;0;1;1;0;0;0;0;0;0;0;0;(-38.5769449 -3.762547699999999);
AFO9791;2021-04-18 01:19:00;Avenida Izabel Maia e Silva de Alencar;;;JOSE DE ALENCAR;AFO9791;Queda;Não informado;Não informado;Não informado;Meio de quadra;Não informado;Longo da via;0;1;0;1;0;0;0;0;0;0;0;0;0;(-38.4763884 -3.8156339);
DNY2416;2021-05-09 10:36:00;Rua Doutor José Lourenço;RUA PDE VALDEVINO;;ALDEOTA;DNY2416;Colisão;Não informado;Não informado;Não informado;Cruz;Não informado;Longo da via;0;1;0;1;1;0;0;0;0;0;0;0;0;(-38.5099441 -3.7413218);
FAO2001;2021-05-09 08:47:00;Avenida Américo Barreira;;;PARANGABA;FAO2001;Queda;Não informado;Não informado;Não informado;Meio de quadra;Não informado;Longo da via;0;1;0;1;0;0;0;0;0;0;0;0;0;(-38.56755152122941 -3.765481014318629);
PNO5575;2021-05-09 05:59:00;Avenida Alberto Craveiro;;;DIAS MACEDO;PNO5575;Colisão;Não informado;Não informado;Não informado;Meio de quadra;Não informado;Longo da via;0;1;0;0;0;0;0;0;0;0;0;0;0;(-38.5169845 -3.7882848);
ZXF6480;2021-05-09 03:52:00;Rua São Lázaro;;;MANOEL SATIRO;ZXF6480;Queda;Não informado;Não informado;Não informado;Meio de quadra;Não informado;Longo da via;0;1;0;1;0;0;0;0;0;0;0;0;0;(-38.58395054550442 -3.801569093707271);
AFO9791;2021-04-17 22:41:00;BR-116;;;AEROLANDIA;AFO9791;Queda;Não informado;Não informado;Não informado;Meio de quadra;Não informado;Longo da via;0;1;0;1;0;0;0;0;0;0;0;0;0;(-38.5142329 -3.7800079);
AOP9812;2021-05-09 03:00:00;Avenida Coronel Carvalho;;;VILA VELHA;AOP9812;Colisão;Não informado;Não informado;Não informado;Meio de quadra;Não informado;Longo da via;0;3;0;2;0;0;0;0;0;0;0;0;0;(-38.58902365041799 -3.713334125076726);
JTB4179;2021-04-17 22:32:00;Avenida Pompílio Gomes;;;BARROSO;JTB4179;Colisão;Não informado;Não informado;Não informado;Meio de quadra;Não informado;Longo da via;0;3;0;2;0;0;0;0;0;0;0;0;0;(-38.52128829999999 -3.828240999999999);
CQP6098;2021-05-09 02:29:00;Avenida Américo Barreira;;;PARANGABA;CQP6098;Colisão;Não informado;Não informado;Não informado;Meio de quadra;Não informado;Longo da via;0;2;0;0;0;0;0;0;0;0;0;0;0;(-38.56460109131303 -3.760674153063126);
NOK4558;2021-05-09 02:27:00;Rua Pedro Américo;AV FRANCISCO SA;;BARRA DO CEARA;NOK4558;Colisão;Não informado;Não informado;Não informado;T;Não informado;Longo da via;0;1;0;1;1;0;0;0;0;0;0;0;0;(-38.567172 -3.7140666);
KBZ4733;2021-04-17 22:29:00;Rua CASTELO DE CASTRO;;;PICI;KBZ4733;Colisão;Não informado;Não informado;Não informado;Meio de quadra;Não informado;Longo da via;0;1;0;2;0;0;0;0;0;0;0;0;0;(-38.5789727 -3.7512506);
NIC3312;2021-04-17 21:47:00;BR-116;;;MESSEJANA;NIC3312;Queda;Não informado;Não informado;Não informado;Meio de quadra;Não informado;Longo da via;0;1;0;1;0;0;0;0;0;0;0;0;0;(-39.1168473 -8.265959000000001);
ZBU9332;2021-05-09 02:00:00;Rua Raimundo Neri;;;PICI;ZBU9332;Colisão;Não informado;Não informado;Não informado;Meio de quadra;Não informado;Longo da via;0;1;0;1;1;0;0;0;0;0;0;0;0;(-38.5864203 -3.794134);
IEU0737;2021-04-17 21:30:00;Rua Gonçalo Souto;;;VILA UNIAO;IEU0737;Queda;Não informado;Não informado;Não informado;Meio de quadra;Não informado;Longo da via;0;2;0;0;0;0;0;0;0;1;0;0;0;(-38.5305803 -3.7678036);
QTJ4458;2021-05-09 01:55:00;Avenida Bernardo Manuel;;;PARQUE DOIS IRMAOS;QTJ4458;Colisão;Não informado;Não informado;Não informado;Meio de quadra;Não informado;Longo da via;0;1;0;1;1;0;0;0;0;0;0;0;0;(-38.5550968 -3.8105975);
GBS8487;2021-05-09 01:41:00;Avenida Radialista João Ramos;;;PLANALTO AYRTON SENNA;GBS8487;Atropelamento;Não informado;Não informado;Não informado;Meio de quadra;Não informado;Longo da via;0;1;0;1;0;0;0;0;0;0;0;0;0;(-38.57410682129552 -3.841675297750398);
SRS7643;2021-05-09 01:39:00;Rua Coronel Matos Dourado;AV PERIMETRAL;;PICI;SRS7643;Colisão;Não informado;Não informado;Não informado;Cruz;Não informado;Longo da via;0;1;0;1;1;0;0;0;0;0;0;0;0;(-38.58397736477963 -3.750439411437446);
KBV6314;2021-05-09 00:16:00;Rua Raimundo Neri;;;JANGURUSSU;KBV6314;Atropelamento;Não informado;Não informado;Não informado;Meio de quadra;Não informado;Longo da via;0;1;0;0;0;0;0;1;0;0;0;0;0;(-38.5864203 -3.794134);
NMF1407;2021-04-17 21:11:00;AV DR SILAS MUNGUBA;;;PARANGABA;NMF1407;Queda;Não informado;Não informado;Não informado;Meio de quadra;Não informado;Longo da via;0;1;0;0;0;0;0;0;0;1;0;0;0;(-38.5427468 -3.7903044);
RTL7003;2021-04-17 20:54:00;Avenida General Osório de Paiva;;;CANINDEZINHO;RTL7003;Atropelamento;Não informado;Não informado;Não informado;Meio de quadra;Não informado;Longo da via;0;1;0;1;0;0;0;0;0;0;0;0;0;(-38.598245 -3.8012729);
MIZ0091;2021-04-17 20:03:00;Rua 12;;;MONDUBIM;MIZ0091;Queda;Não informado;Não informado;Não informado;Meio de quadra;Não informado;Longo da via;0;1;0;0;0;0;0;0;0;1;0;0;0;(-38.582115 -3.812733699999999);
PGV0846;2021-04-17 19:40:00;Rua Mario Mamede;;;FATIMA;PGV0846;Queda;Não informado;Não informado;Não informado;Meio de quadra;Não informado;Longo da via;0;1;0;1;0;0;0;0;0;0;0;0;0;(-38.5306384 -3.7500577);
LFI7206;2021-04-17 19:06:00;Rua Saudade;;;MONTESE;LFI7206;Queda;Não informado;Não informado;Não informado;Meio de quadra;Não informado;Longo da via;0;1;0;0;0;0;0;0;1;0;0;0;0;(-38.54396 -3.7704266);
IAY0839;2021-04-17 18:24:00;Avenida Leste Oeste;;;JACARECANGA;IAY0839;Atropelamento;Não informado;Não informado;Não informado;Meio de quadra;Não informado;Longo da via;0;1;0;0;0;0;0;0;0;0;1;0;0;(-38.5494857 -3.7136359);
IAY0839;2021-04-17 17:46:00;Avenida Mister Hull;;;ANTONIO BEZERRA;IAY0839;Colisão;Não informado;Não informado;Não informado;Meio de quadra;Não informado;Longo da via;0;1;0;1;1;0;0;0;0;0;0;0;0;(-38.5918137 -3.7395231);
ZBX7025;2021-04-17 15:44:00;Avenida José Torres;;;GRANJA PORTUGAL;ZBX7025;Colisão;Não informado;Não informado;Não informado;Meio de quadra;Não informado;Longo da via;0;1;0;0;0;0;0;0;0;0;1;0;0;(-38.6076444 -3.7816378);
FFR6271;2021-04-17 15:35:00;Rua Bárbara de Alencar;RUA DNA LEOPOLDINA;;CENTRO;FFR6271;Colisão;Não informado;Não informado;Não informado;Meio de quadra;Não informado;Cruzamento;0;2;0;2;0;0;0;0;0;0;0;0;0;(-38.5210733 -3.7356825);
JEH2915;2021-04-17 15:12:00;Rua Glória de Dourado;;;AUTRAN NUNES;JEH2915;Queda;Não informado;Não informado;Não informado;Meio de quadra;Não informado;Longo da via;0;1;0;0;0;0;0;0;0;1;0;0;0;(-38.5951344 -3.7589637);
QPL6360;2021-04-17 14:59:00;Rua Santiago da Barra do Ceará;RUA CECI;;BARRA DO CEARA;QPL6360;Colisão;Não informado;Não informado;Não informado;Cruz;Não informado;Cruzamento;0;1;0;1;1;0;0;0;0;0;0;0;0;(-38.5825428 -3.6981287);
YCI1731;2021-05-08 23:54:00;Rua Preamar;;;CAIS DO PORTO;YCI1731;Colisão;Não informado;Não informado;Não informado;Meio de quadra;Não informado;Longo da via;0;1;0;2;0;0;0;0;0;0;0;0;0;(-38.47512260631731 -3.720805091542788);
KMY9776;2021-04-17 14:34:00;Rua Mirtil Meyer;RUA CEL TIBURCIO;;MARAPONGA;KMY9776;Colisão;Não informado;Não informado;Não informado;Cruz;Não informado;Cruzamento;0;1;0;1;1;0;0;0;0;0;0;0;0;(-38.57286980000001 -3.8095899);
BUD6771;2021-05-08 23:28:00;Avenida Engenheiro Santana Júnior;;;PAPICU;BUD6771;Queda;Não informado;Não informado;Não informado;Meio de quadra;Não informado;Longo da via;0;1;0;0;0;0;0;0;0;1;0;0;0;(-38.4845425 -3.739758);
DLS4120;2021-05-08 22:11:00;Rua Coronel João de Oliveira;;;MESSEJANA;DLS4120;Queda;Não informado;Não informado;Não informado;Meio de quadra;Não informado;Longo da via;0;2;0;1;0;0;0;0;0;0;0;0;0;(-38.48698333200078 -3.822995342634377);
CBR1729;2021-05-08 22:03:00;Avenida D;;;PREFEITO JOSE VALTER;CBR1729;Colisão;Não informado;Não informado;Não informado;Meio de quadra;Não informado;Longo da via;0;1;0;1;1;0;0;0;0;0;0;0;0;(-38.5529854 -3.8324922);
RFF4535;2021-05-08 21:27:00;Rua Teodorico Barroso;RUA JOAQUIM PIMENTA;;MONTESE;RFF4535;Colisão;Não informado;Não informado;Não informado;Meio de quadra;Não informado;Longo da via;0;1;0;1;1;0;0;0;0;0;0;0;0;(-38.5444843 -3.7657735);
SYS1432;2021-05-08 21:23:00;Avenida Dos Jangadeiros;;;MUCURIPE;SYS1432;Colisão;Não informado;Não informado;Não informado;Meio de quadra;Não informado;Longo da via;0;1;0;1;1;0;0;0;0;0;0;0;0;(-38.47705379094356 -3.72351911437419);
LIV4595;2021-04-17 12:51:00;Avenida Doutor Theberge;;;PIRAMBU;LIV4595;Atropelamento;Não informado;Não informado;Não informado;Meio de quadra;Não informado;Longo da via;0;1;0;1;0;0;0;0;0;0;0;0;0;(-38.5631487 -3.7089338);
JPA8168;2021-05-08 20:34:00;Rua Valdetário Mota;RUA AVILA GOULART;;PAPICU;JPA8168;Colisão;Não informado;Não informado;Não informado;Cruz;Não informado;Longo da via;0;1;0;1;1;0;0;0;0;0;0;0;0;(-38.4791620121554 -3.734482182524791);
BFW8096;2021-04-17 12:29:00;AV JOVITA FEITOSA;;;PARQUE ARAXA;BFW8096;Atropelamento;Não informado;Não informado;Não informado;Meio de quadra;Não informado;Longo da via;0;1;0;0;1;0;0;0;0;0;0;0;0;(-38.552798 -3.73908);
ETF6436;2021-05-08 20:26:00;Rua São Paulo;RUA FLORIANO PEIXOTO;;CENTRO;ETF6436;Colisão;Não informado;Não informado;Não informado;Cruz;Não informado;Longo da via;0;1;0;1;1;0;0;0;0;0;0;0;0;(-38.5267871 -3.7262777);
RJW5783;2021-05-08 20:09:00;Avenida Washington Soares;;;PAUPINA;RJW5783;Colisão;Não informado;Não informado;Não informado;Meio de quadra;Não informado;Longo da via;0;1;0;1;1;0;0;0;0;0;0;0;0;(-38.47637791461929 -3.848638695110402);
TON8299;2021-04-17 11:19:00;Avenida Humberto Monte;;;BELA VISTA;TON8299;Colisão;Não informado;Não informado;Não informado;Meio de quadra;Não informado;Longo da via;0;1;0;1;1;0;0;0;0;0;0;0;0;(-38.5597376 -3.750277);
UYR9146;2021-05-08 20:04:00;Avenida Engenheiro Leal Lima Verde;RUA EUCLIDES O DE SOUSA;;SAPIRANGA / COITE;UYR9146;Colisão;Não informado;Não informado;Não informado;Cruz;Não informado;Longo da via;0;2;0;2;0;0;0;0;0;0;0;0;0;(-38.47551420296901 -3.79796677666119);
SIK1523;2021-04-17 09:42:00;Avenida Castelo de Castro;;;JANGURUSSU;SIK1523;Queda;Não informado;Não informado;Não informado;Meio de quadra;Não informado;Longo da via;0;1;0;0;0;0;0;0;0;1;0;0;0;(-38.5216126 -3.8314566);
NZP2701;2021-05-08 19:56:00;Avenida Washington Soares;;;GUARARAPES;NZP2701;Colisão;Não informado;Não informado;Não informado;Meio de quadra;Não informado;Longo da via;0;1;0;1;1;0;0;0;0;0;0;0;0;(-38.48896279662389 -3.757697953963229);
BRB8667;2021-04-17 07:53:00;Avenida Senador Fernandes Távora;;;AUTRAN NUNES;BRB8667;Outros;Não informado;Não informado;Não informado;Meio de quadra;Não informado;Longo da via;0;1;0;1;0;0;0;0;0;0;0;0;0;(-38.5868083 -3.7598014);
QEQ1924;2021-05-08 19:14:00;Avenida H;;;PREFEITO JOSE VALTER;QEQ1924;Queda;Não informado;Não informado;Não informado;Meio de quadra;Não informado;Longo da via;0;1;0;1;0;0;0;0;0;0;0;0;0;(-38.5577311 -3.8416333);
RLW7438;2021-05-08 17:52:00;Avenida Projetada Canal;;;PRESIDENTE KENNEDY;RLW7438;Atropelamento;Não informado;Não informado;Não informado;Meio de quadra;Não informado;Longo da via;0;1;0;0;1;0;0;0;0;0;0;0;0;(-38.56001451225551 -3.731682544822319);
YWP9175;2021-05-08 17:33:00;Rua Carlos Severo;RUA ANTONIO POMPEU;;FARIAS BRITO;YWP9175;Colisão;Não informado;Não informado;Não informado;Cruz;Não informado;Longo da via;0;1;0;1;1;0;0;0;0;0;0;0;0;(-38.541894 -3.7318443);
SIJ2906;2021-05-08 17:07:00;Avenida João Pessoa;;;PARANGABA;SIJ2906;Colisão;Não informado;Não informado;Não informado;Meio de quadra;Não informado;Longo da via;0;1;0;1;1;0;0;0;0;0;0;0;0;(-38.56107131504004 -3.770373493953939);
APO2127;2021-05-08 16:39:00;Avenida Presidente Castelo Branco;;;MOURA BRASIL;APO2127;Atropelamento;Não informado;Não informado;Não informado;Meio de quadra;Não informado;Longo da via;0;1;0;0;1;0;0;0;0;0;0;0;0;(-38.53575662119675 -3.718166004125202);
PTE3708;2021-05-08 15:47:00;Travessa José onofre;RUA JOAO CAETANO;;MONDUBIM;PTE3708;Colisão;Não informado;Não informado;Não informado;Meio de quadra;Não informado;Longo da via;0;1;0;1;1;0;0;0;0;0;0;0;0;(-38.59138563147406 -3.807740636068444);
OJN4886;2021-04-17 07:07:00;Rua Eça de Queirós;;;VILA PERY;OJN4886;Colisão;Não informado;Não informado;Não informado;Meio de quadra;Não informado;Longo da via;0;1;0;1;1;0;0;0;0;0;0;0;0;(-38.5817753 -3.7862365);
HJJ8733;2021-05-08 15:42:00;Rua Romeu Martins;;;MONTESE;HJJ8733;Colisão;Não informado;Não informado;Não informado;Meio de quadra;Não informado;Longo da via;0;2;0;1;1;0;0;0;0;0;0;0;0;(-38.55295494844977 -3.766059120566504);
OGS2503;2021-04-17 05:04:00;Rua 15;;;CANINDEZINHO;OGS2503;Queda;Não informado;Não informado;Não informado;Meio de quadra;Não informado;Longo da via;0;1;0;1;0;0;0;0;0;0;0;0;0;(-38.6128218 -3.8213888);
BIZ5096;2021-05-08 15:42:00;Avenida Jornalista Tomaz Coelho;;;MESSEJANA;BIZ5096;Queda;Não informado;Não informado;Não informado;Meio de quadra;Não informado;Longo da via;0;1;0;1;0;0;0;0;0;0;0;0;0;(-38.52434114127142 -3.829295189696311);
BGL9902;2021-05-08 15:07:00;Avenida Senador Fernandes Távora;;;AUTRAN NUNES;BGL9902;Atropelamento;Não informado;Não informado;Não informado;Meio de quadra;Não informado;Longo da via;0;1;0;1;0;0;0;0;0;0;0;0;0;(-38.5868083 -3.7598014);
TWC8274;2021-05-08 15:04:00;Rua Raimundo Neri;;;MANOEL SATIRO;TWC8274;Colisão;Não informado;Não informado;Não informado;Meio de quadra;Não informado;Longo da via;0;1;0;1;1;0;0;0;0;0;0;0;0;(-38.58599470694032 -3.79525900727375);
ZDZ6001;2021-04-17 00:31:00;Avenida Eduardo Girão;;;BENFICA;ZDZ6001;Queda;Não informado;Não informado;Não informado;Meio de quadra;Não informado;Longo da via;0;1;0;1;0;0;0;0;0;0;0;0;0;(-38.5413723 -3.747052);
UFJ8610;2021-04-16 23:53:00;Rua Maria Amália;RUA CRISANTO ARRUDA;;PASSARE;UFJ8610;Colisão;Não informado;Não informado;Não informado;Meio de quadra;Não informado;Cruzamento;0;1;0;0;0;0;0;0;0;0;1;0;0;(-38.5230183 -3.8120238);
PSK9510;2021-05-08 14:41:00;Rua Zacarias Gondim;RUA DOM CARLOTO TAVORA;;ITAOCA;PSK9510;Colisão;Não informado;Não informado;Não informado;Cruz;Não informado;Longo da via;0;1;0;1;1;0;0;0;0;0;0;0;0;(-38.5587697 -3.7689549);
TWW2813;2021-05-08 07:51:00;Rua Irineu de Souza;;;ALVARO WEYNE;TWW2813;Queda;Não informado;Não informado;Não informado;Meio de quadra;Não informado;Longo da via;0;1;0;1;0;0;0;0;0;0;0;0;0;(-38.56802892722295 -3.710832190328189);
MOS9531;2021-05-08 01:46:00;Rua Espírito Santo;;;PAN AMERICANO;MOS9531;Colisão;Não informado;Não informado;Não informado;Meio de quadra;Não informado;Longo da via;0;1;0;2;0;0;0;0;0;0;0;0;0;(-38.5696007406457 -3.755278446492704);