COD_ACIDENTE;DATA;LOG1;LOG2;NUMERO;BAIRRO;AMC;NATUREZA;ILUMINACAO;TEMPO;SUPERFICIEPISTA;TIPOCRUZAMENTO;CONTROLETRAFEGO;USOSOLO;MORTOS;FERIDOS;ILESOS;MOTOCICLETA;AUTOMOVEL;MICROONIBUS;CAMINHAO;ONIBUS;CICLOMOTOR;BICICLETA;OUTROS;TREM;TRACAOANIMAL;COORDENADAS
GYH7490;2021-04-16 21:53:00;Avenida Bernardo Manuel;;;PREFEITO JOSE VALTER;GYH7490;Colisão;Não informado;Não informado;Não informado;Meio de quadra;Não informado;Longo da via;0;1;0;1;0;0;1;0;0;0;0;0;0;(-38.55781899999999 -3.818405);
XVD1188;2021-05-08 00:18:00;Avenida Dom Manuel;RUA COSTA BARROS;;CENTRO;XVD1188;Queda;Não informado;Não informado;Não informado;Cruz;Não informado;Longo da via;0;1;0;1;0;0;0;0;0;0;0;0;0;(-38.52068798690243 -3.727223447614392);
LSZ8300;2021-05-08 00:14:00;Avenida Presidente Costa e Silva;;;JANGURUSSU;LSZ8300;Colisão;Não informado;Não informado;Não informado;Meio de quadra;Não informado;Longo da via;0;1;0;1;1;0;0;0;0;0;0;0;0;(-38.5310680776146 -3.82849232306331);
YQX3442;2021-04-16 21:40:00;Rua Monsenhor Furtado;;;RODOLFO TEOFILO;YQX3442;Queda;Não informado;Não informado;Não informado;Meio de quadra;Não informado;Longo da via;0;1;0;1;0;0;0;0;0;0;0;0;0;(-38.5454368 -3.7419206);
IYP1109;2021-05-07 23:30:00;Rua Antônio Furtado;RUA SILVA PAULET;;DIONISIO TORRES;IYP1109;Colisão;Não informado;Não informado;Não informado;Cruz;Não informado;Longo da via;0;1;0;1;1;0;0;0;0;0;0;0;0;(-38.5108719 -3.7513788);
YXY1609;2021-04-16 21:33:00;Avenida Jornalista Tomaz Coelho;;;MESSEJANA;YXY1609;Atropelamento;Não informado;Não informado;Não informado;Meio de quadra;Não informado;Longo da via;0;1;0;0;0;0;0;0;0;0;1;0;0;(-38.5159184 -3.8282374);
XHA2476;2021-05-07 23:25:00;Rua Coronel Joaquim Franklin;;;ANTONIO BEZERRA;XHA2476;Atropelamento;Não informado;Não informado;Não informado;Meio de quadra;Não informado;Longo da via;0;1;0;0;1;0;0;0;0;0;0;0;0;(-38.59216883861762 -3.743111219967169);
EPY0320;2021-04-16 21:14:00;Avenida Godofredo Maciel;;;PARANGABA;EPY0320;Colisão;Não informado;Não informado;Não informado;Meio de quadra;Não informado;Longo da via;0;1;0;1;1;0;0;0;0;0;0;0;0;(-38.5661298 -3.7858362);
CZC6663;2021-05-07 23:01:00;Rua Manuel de Nóbrega;;;MANOEL SATIRO;CZC6663;Colisão;Não informado;Não informado;Não informado;Meio de quadra;Não informado;Longo da via;0;1;0;0;0;0;0;0;0;0;0;0;0;(-38.5840953946435 -3.800905369260232);
YZE5437;2021-04-16 21:07:00;Avenida Professor José Arthur de Carvalho;;;LAGOA REDONDA;YZE5437;Colisão;Não informado;Não informado;Não informado;Meio de quadra;Não informado;Longo da via;0;1;0;0;0;0;0;0;0;0;1;0;0;(-38.4658591 -3.8263248);
OTT5541;2021-05-07 22:45:00;Rua Urucutuba;;;BOM JARDIM;OTT5541;Colisão;Não informado;Não informado;Não informado;Meio de quadra;Não informado;Longo da via;0;1;0;0;0;0;0;0;0;0;1;0;0;(-38.61380353747005 -3.798411045401191);
ZWX1173;2021-05-07 22:15:00;Rua Samuel Uchôa;;;MONTESE;ZWX1173;Colisão;Não informado;Não informado;Não informado;Meio de quadra;Não informado;Longo da via;0;1;0;1;1;0;0;0;0;0;0;0;0;(-38.54589000685502 -3.754277453608761);
KXT5249;2021-04-16 21:23:00;AV SGT HERMINIO;;;MONTE CASTELO;KXT5249;Colisão;Não informado;Não informado;Não informado;Meio de quadra;Não informado;Longo da via;0;1;0;1;1;0;0;0;0;0;0;0;0;(-38.5492 -3.72473);
VJE7708;2021-05-07 21:21:00;Rua dos Trevos;;;CANINDEZINHO;VJE7708;Colisão;Não informado;Não informado;Não informado;Meio de quadra;Não informado;Longo da via;0;2;0;1;1;0;0;0;0;0;0;0;0;(-38.59618678912938 -3.801692203830799);
CAS4631;2021-04-16 20:15:00;Avenida Carneiro de Mendonça;RUA PEDRO MUNIZ;;DEMOCRITO ROCHA;CAS4631;Colisão;Não informado;Não informado;Não informado;Cruz;Não informado;Cruzamento;0;1;0;1;1;0;0;0;0;0;0;0;0;(-38.5637576 -3.7654675);
MZX6631;2021-05-07 20:49:00;Avenida Desembargador Faustino de Albuquerque;;;JARDIM DAS OLIVEIRAS;MZX6631;Atropelamento;Não informado;Não informado;Não informado;Meio de quadra;Não informado;Longo da via;0;1;0;0;0;0;0;0;0;0;0;0;0;(-38.49904791073015 -3.784499437529465);
FIR1232;2021-05-07 20:17:00;Rua Oxalá;;;ITAOCA;FIR1232;Colisão;Não informado;Não informado;Não informado;Meio de quadra;Não informado;Longo da via;0;1;0;0;0;0;0;0;0;0;0;0;0;(-38.55685487848078 -3.776646961467903);
WWJ7476;2021-04-16 20:09:00;Rodovia Estrada do Guarani (BR116);;;PAUPINA;WWJ7476;Colisão;Não informado;Não informado;Não informado;Meio de quadra;Não informado;Longo da via;0;1;0;1;1;0;0;0;0;0;0;0;0;(-38.4953107 -3.8519828);
WMX8874;2021-04-16 20:00:00;RUA ZUCA ACCIOLY;RUA BENTO ALBUQUERQUE;;MANUEL DIAS BRANCO;WMX8874;Colisão;Não informado;Não informado;Não informado;Cruz;Não informado;Cruzamento;0;1;0;0;0;0;0;0;0;0;1;0;0;(-38.4660789 -3.7493921);
ETD6375;2021-05-07 19:16:00;Avenida Dioguinho;;;PRAIA DO FUTURO I;ETD6375;Colisão;Não informado;Não informado;Não informado;Meio de quadra;Não informado;Longo da via;0;1;0;0;1;0;0;0;0;1;0;0;0;(-38.44830051100764 -3.751087115692123);
YCX7185;2021-04-16 19:45:00;Rua Nunes Valente;RUA JOAO CARVALHO;;ALDEOTA;YCX7185;Colisão;Não informado;Não informado;Não informado;Cruz;Não informado;Cruzamento;0;1;0;1;1;0;0;0;0;0;0;0;0;(-38.50451959999999 -3.7386088);
TGZ6459;2021-05-07 18:04:00;Avenida Barão de Studart;;;ALDEOTA;TGZ6459;Colisão;Não informado;Não informado;Não informado;Meio de quadra;Não informado;Longo da via;0;1;0;1;1;0;0;0;0;0;0;0;0;(-38.50667610800777 -3.734798011074284);
DTW0536;2021-04-16 18:53:00;Avenida Senador Fernandes Távora;;;HENRIQUE JORGE;DTW0536;Colisão;Não informado;Não informado;Não informado;Meio de quadra;Não informado;Longo da via;0;1;0;0;0;0;0;0;0;0;1;0;0;(-38.5934239 -3.7560216);
DMY3907;2021-05-07 17:22:00;Rua Deputado Moreira da Rocha;RUA SILVA PAULET;;MEIRELES;DMY3907;Colisão;Não informado;Não informado;Não informado;Cruz;Não informado;Longo da via;0;1;0;1;1;0;0;0;0;0;0;0;0;(-38.5032182 -3.7275385);
GVK4909;2021-05-07 17:03:00;Rua Antônio Augusto;RUA TEN BENEVOLO;;MEIRELES;GVK4909;Atropelamento;Não informado;Não informado;Não informado;T;Não informado;Longo da via;0;1;0;0;1;0;0;0;0;0;0;0;0;(-38.51256624158483 -3.726880850975001);
OLZ1898;2021-05-07 16:19:00;Avenida Borges de Melo;;;AEROLANDIA;OLZ1898;Colisão;Não informado;Não informado;Não informado;Meio de quadra;Não informado;Longo da via;0;1;0;1;1;0;0;0;0;0;0;0;0;(-38.538319 -3.7530563);
VPI2551;2021-05-07 16:17:00;Avenida Professor Gomes de Matos;RUA VASCO DA GAMA;;MONTESE;VPI2551;Colisão;Não informado;Não informado;Não informado;Cruz;Não informado;Longo da via;0;1;0;1;1;0;0;0;0;0;0;0;0;(-38.5473531 -3.763162299999999);
PQV7745;2021-05-07 15:55:00;Rua E Conjunto Palmeiras;;;CONJUNTO PALMEIRAS;PQV7745;Queda;Não informado;Não informado;Não informado;Meio de quadra;Não informado;Longo da via;0;1;0;1;0;0;0;0;0;0;0;0;0;(-38.51855332604147 -3.851738352051607);
NIQ1396;2021-05-07 15:35:00;Avenida Jovita Feitosa;;;PARQUELANDIA;NIQ1396;Colisão;Não informado;Não informado;Não informado;Meio de quadra;Não informado;Longo da via;0;1;0;2;0;0;0;0;0;0;0;0;0;(-38.55308369049465 -3.739150009849638);
KCU1420;2021-04-16 18:13:00;Rua Ana Brito;;;MONDUBIM;KCU1420;Queda;Não informado;Não informado;Não informado;Meio de quadra;Não informado;Longo da via;0;1;0;1;0;0;0;0;0;0;0;0;0;(-38.5877509 -3.8287544);
VKM4833;2021-05-07 15:20:00;Rua Oscar França;AV GAL OSORIO DE PAIVA;;SIQUEIRA;VKM4833;Colisão;Não informado;Não informado;Não informado;Meio de quadra;Não informado;Longo da via;0;1;0;2;0;0;0;0;0;0;0;0;0;(-38.59219030285792 -3.794380502557165);
QFM6852;2021-04-16 14:52:00;CE-040;;;CAMBEBA;QFM6852;Colisão;Não informado;Não informado;Não informado;Meio de quadra;Não informado;Longo da via;0;1;0;2;0;0;0;0;0;0;0;0;0;(-38.478854 -3.8062229);
ZFB8311;2021-05-07 15:10:00;Avenida Governador Leonel Brizola;;;JANGURUSSU;ZFB8311;Queda;Não informado;Não informado;Não informado;Meio de quadra;Não informado;Longo da via;0;1;0;0;0;0;0;0;0;1;0;0;0;(-38.52050558191096 -3.831789423898556);
DFD6943;2021-04-16 14:37:00;Rua 1032;;;CONJUNTO CEARA II;DFD6943;Colisão;Não informado;Não informado;Não informado;Meio de quadra;Não informado;Longo da via;0;1;0;1;1;0;0;0;0;0;0;0;0;(-38.615186 -3.7677341);
EXY3105;2021-04-16 13:37:00;Rua 24 de Maio;AV DUQ CAXIAS;;CENTRO;EXY3105;Atropelamento;Não informado;Não informado;Não informado;Cruz;Não informado;Cruzamento;0;1;0;1;0;0;0;0;0;0;0;0;0;(-38.5328551 -3.7301697);
GZB1601;2021-05-07 14:12:00;Avenida Washington Soares;;;MESSEJANA;GZB1601;Colisão;Não informado;Não informado;Não informado;Meio de quadra;Não informado;Longo da via;0;1;0;1;1;0;0;0;0;0;0;0;0;(-38.48220364280819 -3.816133434462542);
EXY3105;2021-04-16 12:04:00;Rua Santa Catarina;RUA PERNAMBUCO;;DEMOCRITO ROCHA;EXY3105;Colisão;Não informado;Não informado;Não informado;Cruz;Não informado;Cruzamento;0;1;0;1;1;0;0;0;0;0;0;0;0;(-38.5690722 -3.7596092);
OBR5819;2021-05-07 13:48:00;Avenida Mister Hull;;;ANTONIO BEZERRA;OBR5819;Colisão;Não informado;Não informado;Não informado;Meio de quadra;Não informado;Longo da via;0;1;0;1;1;0;0;0;0;0;0;0;0;(-38.5920454659169 -3.739696015551363);
GDW8072;2021-05-07 13:15:00;Rua Alberto Torres;;;MESSEJANA;GDW8072;Queda;Não informado;Não informado;Não informado;Meio de quadra;Não informado;Longo da via;0;1;0;1;0;0;0;0;0;0;0;0;0;(-38.50037128368765 -3.817511039187815);
TJK7034;2021-05-07 12:46:00;Avenida Washington Soares;;;CAMBEBA;TJK7034;Colisão;Não informado;Não informado;Não informado;Meio de quadra;Não informado;Longo da via;0;1;0;1;1;0;0;0;0;0;0;0;0;(-38.47908691006841 -3.806819992485787);
TAQ0739;2021-05-07 11:44:00;Avenida Presidente Costa e Silva;;;MESSEJANA;TAQ0739;Colisão;Não informado;Não informado;Não informado;Meio de quadra;Não informado;Longo da via;0;1;0;1;1;0;0;0;0;0;0;0;0;(-38.5503326 -3.823450799999999);
LOF9120;2021-05-07 10:33:00;Avenida João Pessoa;;;DAMAS;LOF9120;Colisão;Não informado;Não informado;Não informado;Meio de quadra;Não informado;Longo da via;0;1;0;1;1;0;0;0;0;0;0;0;0;(-38.55390981603195 -3.757446368321957);
LYB8772;2021-05-07 09:56:00;Rua General Piragibe;;;PARQUELANDIA;LYB8772;Atropelamento;Não informado;Não informado;Não informado;Meio de quadra;Não informado;Longo da via;0;1;0;1;0;0;0;0;0;0;0;0;0;(-38.5576096 -3.7394868);
XJV6065;2021-05-07 04:13:00;Avenida Américo Barreira;;;BELA VISTA;XJV6065;Colisão;Não informado;Não informado;Não informado;Meio de quadra;Não informado;Longo da via;0;1;0;1;1;0;0;0;0;0;0;0;0;(-38.55391518162288 -3.75358692843708);
GJB2031;2021-05-07 01:20:00;Avenida Castelo de Castro;;;JANGURUSSU;GJB2031;Queda;Não informado;Não informado;Não informado;Meio de quadra;Não informado;Longo da via;0;1;0;1;0;0;0;0;0;0;0;0;0;(-38.52151450262188 -3.843367312197315);
GIC4120;2021-05-06 21:55:00;Rua Verde Vinte Seis;;;ANCURI;GIC4120;Queda;Não informado;Não informado;Não informado;Meio de quadra;Não informado;Longo da via;0;1;0;0;0;0;0;0;0;1;0;0;0;(-38.51550057425929 -3.852005298020484);
GUM9919;2021-05-06 21:15:00;Rua Paulo Setúbal;;;MESSEJANA;GUM9919;Colisão;Não informado;Não informado;Não informado;Meio de quadra;Não informado;Longo da via;0;1;0;1;1;0;0;0;0;0;0;0;0;(-38.49792138294389 -3.820704477677013);
SID4493;2021-04-16 11:04:00;BR-116;;;CAJAZEIRAS;SID4493;Colisão;Não informado;Não informado;Não informado;Meio de quadra;Não informado;Longo da via;0;1;0;1;1;0;0;0;0;0;0;0;0;(-38.5055259 -3.799608);
QYS5299;2021-05-06 21:05:00;Avenida Sargento Hermínio Sampaio;;;PADRE ANDRADE;QYS5299;Colisão;Não informado;Não informado;Não informado;Meio de quadra;Não informado;Longo da via;0;1;0;1;1;0;0;0;0;0;0;0;0;(-38.5804173 -3.7319325);
MJL4870;2021-04-16 10:04:00;Avenida Washington Soares;;;JOSE DE ALENCAR;MJL4870;Colisão;Não informado;Não informado;Não informado;Meio de quadra;Não informado;Longo da via;0;1;0;0;1;0;0;0;0;1;0;0;0;(-38.4785236 -3.8098359);
KGG7482;2021-04-16 09:50:00;Rua Barão do Rio Branco;;;CENTRO;KGG7482;Colisão;Não informado;Não informado;Não informado;Meio de quadra;Não informado;Longo da via;0;1;0;1;1;0;0;0;0;0;0;0;0;(-38.527605 -3.7224303);
XTO2342;2021-04-16 06:25:00;Rua Antônio Alves Ribeiro;;;JANGURUSSU;XTO2342;Queda;Não informado;Não informado;Não informado;Meio de quadra;Não informado;Longo da via;0;1;0;1;0;0;0;0;0;0;0;0;0;(-38.5115717 -3.8323905);
KXM5853;2021-04-16 03:42:00;Rua Padre Francisco Pita;AV ROGACIANO LEITE;;JARDIM DAS OLIVEIRAS;KXM5853;Colisão;Não informado;Não informado;Não informado;T;Não informado;Cruzamento;0;1;0;1;1;0;0;0;0;0;0;0;0;(-38.5017919 -3.781132);
PPB3769;2021-04-16 01:05:00;RUA AGAMENON;;;SIQUEIRA;PPB3769;Colisão;Não informado;Não informado;Não informado;Meio de quadra;Não informado;Longo da via;0;1;0;0;0;0;0;0;0;0;1;0;0;(-38.58701 -3.789454999999999);
KEQ1118;2021-04-15 23:08:00;Avenida General Osório de Paiva;;;VILA PERY;KEQ1118;Atropelamento de Animal;Não informado;Não informado;Não informado;Meio de quadra;Não informado;Longo da via;0;1;0;1;0;0;0;0;0;0;0;0;0;(-38.574886 -3.7814552);
JAG3909;2021-04-15 23:00:00;Rodovia Estrada do Guarani (BR116);;;PEDRAS;JAG3909;Atropelamento;Não informado;Não informado;Não informado;Meio de quadra;Não informado;Longo da via;0;3;0;1;0;0;0;0;0;0;0;0;0;(-38.4999763 -3.8755892);
JSG8947;2021-04-15 21:26:00;Avenida Engenheiro Leal Lima Verde;;;SAPIRANGA / COITE;JSG8947;Colisão;Não informado;Não informado;Não informado;Meio de quadra;Não informado;Longo da via;0;1;0;1;1;0;0;0;0;0;0;0;0;(-38.47577769999999 -3.7968919);
BVL7537;2021-04-15 17:57:00;Rua Porto Alegre;;;HENRIQUE JORGE;BVL7537;Queda;Não informado;Não informado;Não informado;Meio de quadra;Não informado;Longo da via;0;1;0;0;0;0;0;0;0;1;0;0;0;(-38.59137 -3.760027099999999);
ONB6234;2021-05-06 21:03:00;Avenida Presidente Costa e Silva;;;PREFEITO JOSE VALTER;ONB6234;Atropelamento;Não informado;Não informado;Não informado;Meio de quadra;Não informado;Longo da via;0;1;0;1;0;0;0;0;0;0;0;0;0;(-38.54126051245327 -3.825355783536155);
LMW9004;2021-04-15 17:25:00;Rua Marvin;RUA ANTENOR ROCHA ALEXANDRE;;PARQUE MANIBURA;LMW9004;Colisão;Não informado;Não informado;Não informado;Cruz;Não informado;Longo da via;0;1;0;1;1;0;0;0;0;0;0;0;0;(-38.4834728 -3.7923997);
ZTG0756;2021-04-15 14:56:00;Rua Papi Júnior;RUA GUSTAVO BRAGA;;RODOLFO TEOFILO;ZTG0756;Colisão;Não informado;Não informado;Não informado;Cruz;Não informado;Cruzamento;0;1;0;0;2;0;0;0;0;0;0;0;0;(-38.5546596 -3.7491457);
ENM4715;2021-05-06 21:00:00;Avenida Senador Fernandes Távora;;;HENRIQUE JORGE;ENM4715;Colisão;Não informado;Não informado;Não informado;Meio de quadra;Não informado;Longo da via;0;1;0;1;1;0;0;0;0;0;0;0;0;(-38.58618751392186 -3.760106748982493);
BWG2304;2021-04-15 14:37:00;Rua Manoel Arruda;;;MESSEJANA;BWG2304;Atropelamento;Não informado;Não informado;Não informado;Meio de quadra;Não informado;Longo da via;0;1;0;0;1;0;0;0;0;0;0;0;0;(-38.5064411 -3.828579099999999);
CDA9550;2021-04-15 14:36:00;Avenida Francisco Sá;;;ALVARO WEYNE;CDA9550;Colisão;Não informado;Não informado;Não informado;Meio de quadra;Não informado;Longo da via;0;1;0;0;1;0;0;0;0;1;0;0;0;(-38.5703392 -3.712887);
HVY8030;2021-05-06 20:56:00;Rua Silvinha Téles;AV CASTELO DE CASTRO;;CONJUNTO PALMEIRAS;HVY8030;Colisão;Não informado;Não informado;Não informado;T;Não informado;Longo da via;0;1;0;0;0;0;0;0;0;0;0;0;0;(-38.5233401 -3.8512493);
JAQ1126;2021-04-15 14:28:00;Rua Antônio Nery;RUA OLIVEIRA SOBRINHO;;GRANJA PORTUGAL;JAQ1126;Colisão;Não informado;Não informado;Não informado;Cruz;Não informado;Cruzamento;0;1;0;1;1;0;0;0;0;0;0;0;0;(-38.6004346 -3.7788292);
DZT0575;2021-05-06 20:47:00;Avenida Governador Raul Barbosa;RUA TEN WILSON  D46;;AEROLANDIA;DZT0575;Colisão;Não informado;Não informado;Não informado;Meio de quadra;Não informado;Longo da via;0;1;0;1;1;0;0;0;0;0;0;0;0;(-38.51015590000001 -3.7687577);
CDQ9775;2021-04-15 13:11:00;Rua Desembargador Guimarães;RUA SEN ALVARO ADOLFO;;PRESIDENTE KENNEDY;CDQ9775;Colisão;Não informado;Não informado;Não informado;Meio de quadra;Não informado;Longo da via;0;1;0;1;1;0;0;0;0;0;0;0;0;(-38.5750863 -3.7322473);
CIK4218;2021-05-06 19:30:00;Avenida Padre Antônio Tomás;;;ALDEOTA;CIK4218;Colisão;Não informado;Não informado;Não informado;Meio de quadra;Não informado;Longo da via;0;1;0;1;1;0;0;0;0;0;0;0;0;(-38.48981575973354 -3.743170102685174);
UTF9415;2021-04-15 12:11:00;Avenida Frei Cirilo;;;MESSEJANA;UTF9415;Colisão;Não informado;Não informado;Não informado;Meio de quadra;Não informado;Longo da via;0;1;0;1;1;0;0;0;0;0;0;0;0;(-38.4977166 -3.8168695);
KCK1996;2021-04-15 10:44:00;Avenida Borges de Melo;;;MONTESE;KCK1996;Colisão;Não informado;Bom;Não informado;Meio de quadra;Não informado;Longo da via;0;1;0;1;1;0;0;0;0;0;0;0;0;(-38.5280016 -3.7602835);
RFP3910;2021-05-06 18:04:00;Loteamento São Mateus;;;MONDUBIM;RFP3910;Colisão;Não informado;Não informado;Não informado;Meio de quadra;Não informado;Longo da via;0;1;0;1;1;0;0;0;0;0;0;0;0;(-38.58098774939443 -3.817714434744381);
GMT2041;2021-05-06 17:46:00;Avenida A;;;CONJUNTO CEARA I;GMT2041;Colisão;Não informado;Não informado;Não informado;Meio de quadra;Não informado;Longo da via;0;1;0;0;0;0;0;0;0;0;0;0;0;(-38.60444263293422 -3.770046972647092);
SKZ7931;2021-05-06 17:30:00;Avenida dos Expedicionários;;;ITAPERI;SKZ7931;Colisão;Não informado;Não informado;Não informado;Meio de quadra;Não informado;Longo da via;0;1;0;1;1;0;0;0;0;0;0;0;0;(-38.54300394948583 -3.77083918806465);
TML4319;2021-04-15 10:02:00;Avenida Doutor Theberge;;;ALVARO WEYNE;TML4319;Atropelamento;Não informado;Não informado;Não informado;Meio de quadra;Não informado;Longo da via;0;1;0;1;0;0;0;0;0;0;0;0;0;(-38.5668549 -3.7200427);
QXE3051;2021-05-06 16:31:00;Rua Santa Clara de Assis;RUA TAQUATIARA;;MESSEJANA;QXE3051;Colisão;Não informado;Não informado;Não informado;Meio de quadra;Não informado;Longo da via;0;1;0;0;0;0;0;0;0;0;0;0;0;(-38.50247405673697 -3.830496142962465);
CSQ0082;2021-04-15 01:29:00;Rua São José;;;CENTRO;CSQ0082;Atropelamento;Não informado;Não informado;Não informado;Meio de quadra;Não informado;Longo da via;0;1;0;1;0;0;0;0;0;0;0;0;0;(-38.5236241 -3.7252052);
LOG2280;2021-05-06 14:59:00;Avenida Val Paraíso;;;PREFEITO JOSE VALTER;LOG2280;Queda;Não informado;Não informado;Não informado;Meio de quadra;Não informado;Longo da via;0;1;0;1;0;0;0;0;0;0;0;0;0;(-38.5189138 -3.8463738);
STA4242;2021-04-14 23:36:00;Rua Professor Heribaldo Costa;;;HENRIQUE JORGE;STA4242;Colisão;Não informado;Não informado;Não informado;Meio de quadra;Não informado;Longo da via;0;1;0;1;1;0;0;0;0;0;0;0;0;(-38.5827514 -3.7580939);
UGF3540;2021-05-06 14:51:00;Avenida Senador Fernandes Távora;;;HENRIQUE JORGE;UGF3540;Colisão;Não informado;Não informado;Não informado;Meio de quadra;Não informado;Longo da via;0;1;0;1;1;0;0;0;0;0;0;0;0;(-38.59106913550187 -3.757515955847013);
DZM2750;2021-04-14 23:28:00;Avenida H;;;CONJUNTO CEARA I;DZM2750;Colisão;Não informado;Não informado;Não informado;Meio de quadra;Não informado;Longo da via;0;1;0;2;0;0;0;0;0;0;0;0;0;(-38.60797669999999 -3.7753984);
SFG6137;2021-05-06 14:15:00;Rua Doutor Fernando Hugo;;;CURIO;SFG6137;Colisão;Não informado;Não informado;Não informado;Meio de quadra;Não informado;Longo da via;0;1;0;2;0;0;0;0;0;0;0;0;0;(-38.46462443976385 -3.827432537955);
AOK6010;2021-05-06 14:11:00;Avenida Contorno Sul;;;CONJUNTO ESPERANCA;AOK6010;Colisão;Não informado;Não informado;Não informado;Meio de quadra;Não informado;Longo da via;0;1;0;0;1;0;0;0;0;1;0;0;0;(-38.5926512 -3.8150148);
SDW1143;2021-04-14 22:06:00;RUA ROBERTO GRADVOL;;;LAGOA REDONDA;SDW1143;Queda;Não informado;Não informado;Não informado;Meio de quadra;Não informado;Longo da via;0;1;0;1;0;0;0;0;0;0;0;0;0;(-38.4705908 -3.8090297);
SDK6077;2021-05-06 13:32:00;Avenida Bernardo Manuel;;;ITAPERI;SDK6077;Atropelamento;Não informado;Não informado;Não informado;Meio de quadra;Não informado;Longo da via;0;1;0;0;1;0;0;0;0;0;0;0;0;(-38.54956463672411 -3.792314373701392);
WBL4143;2021-04-14 21:04:00;Rua Capitão Aragão;;;AEROLANDIA;WBL4143;Colisão;Não informado;Não informado;Não informado;Meio de quadra;Não informado;Longo da via;0;1;0;0;1;0;0;0;0;1;0;0;0;(-38.5133423 -3.7650828);
VSY7906;2021-05-06 13:22:00;Rua Marechal Bittencourt;;;DIAS MACEDO;VSY7906;Colisão;Não informado;Não informado;Não informado;Meio de quadra;Não informado;Longo da via;0;1;0;1;1;0;0;0;0;0;0;0;0;(-38.5290849 -3.7886566);
NFQ5430;2021-05-06 13:00:00;BR-116;;;AEROLANDIA;NFQ5430;Queda;Não informado;Não informado;Não informado;Meio de quadra;Não informado;Longo da via;0;1;0;1;0;0;0;0;0;0;0;0;0;(-38.51538256316167 -3.775480057118344);
TPU7825;2021-04-14 20:49:00;Avenida Sargento Hermínio Sampaio;;;VILA ELLERY;TPU7825;Colisão;Não informado;Não informado;Não informado;Meio de quadra;Não informado;Longo da via;0;1;0;1;1;0;0;0;0;0;0;0;0;(-38.5605134 -3.726355);
UJY2685;2021-04-14 19:17:00;Rua Coronel Linhares;AV ANTONIO SALES;;ALDEOTA;UJY2685;Colisão;Não informado;Não informado;Não informado;Cruz;Não informado;Cruzamento;0;1;0;1;1;0;0;0;0;0;0;0;0;(-38.4975 -3.746967);
XWE8171;2021-05-06 12:18:00;Avenida Aguanambi;;;JOAQUIM TVORA;XWE8171;Queda;Não informado;Não informado;Não informado;Meio de quadra;Não informado;Longo da via;0;1;0;0;0;0;0;0;0;1;0;0;0;(-38.52574166215273 -3.741431053470842);
DPH5712;2021-05-06 12:03:00;Avenida Domingos Olímpio;;;JOSE BONIFACIO;DPH5712;Queda;Não informado;Não informado;Não informado;Meio de quadra;Não informado;Longo da via;0;1;0;1;0;0;0;0;0;0;0;0;0;(-38.52919057329373 -3.737362106446776);
UJY2685;2021-04-14 18:41:00;Rua Silvio Romero;;;ALVARO WEYNE;UJY2685;Colisão;Não informado;Não informado;Não informado;Meio de quadra;Não informado;Longo da via;0;1;0;1;1;0;0;0;0;0;0;0;0;(-38.5709139 -3.7196077);
MQE8158;2021-05-06 11:57:00;Avenida Dioguinho;;;VICENTE PINZON;MQE8158;Colisão;Não informado;Não informado;Não informado;Meio de quadra;Não informado;Longo da via;0;1;0;1;1;0;0;0;0;0;0;0;0;(-38.44163254244614 -3.764902907686861);
IQM1401;2021-05-06 11:36:00;Rua 24 de Maio;RUA CASTRO E SILVA;;CENTRO;IQM1401;Colisão;Não informado;Não informado;Não informado;Cruz;Não informado;Longo da via;0;1;0;1;1;0;0;0;0;0;0;0;0;(-38.53060147434931 -3.722796446389969);
IVR6747;2021-04-14 17:56:00;Rua Alfredo Mamede;RUA AURELIO BEZERRA D71;;MONDUBIM;IVR6747;Colisão;Não informado;Não informado;Não informado;Y;Não informado;Cruzamento;0;1;0;1;1;0;0;0;0;0;0;0;0;(-38.5818391 -3.8100489);
GAG0652;2021-04-14 17:44:00;Avenida Bernardo Manuel;;;SERRINHA;GAG0652;Colisão;Não informado;Não informado;Não informado;Meio de quadra;Não informado;Longo da via;0;1;0;2;0;0;0;0;0;0;0;0;0;(-38.5472213 -3.7854216);
FSD2653;2021-05-06 11:30:00;Avenida Rogaciano Leite;;;EDSON QUEIROZ;FSD2653;Colisão;Não informado;Não informado;Não informado;Meio de quadra;Não informado;Longo da via;0;1;0;1;1;0;0;0;0;0;0;0;0;(-38.49850530000001 -3.7722163);
DEN1605;2021-05-06 10:40:00;Rua Gustavo Sampaio;;;PARQUELANDIA;DEN1605;Colisão;Não informado;Não informado;Não informado;Meio de quadra;Não informado;Longo da via;0;1;0;0;1;0;0;0;0;1;0;0;0;(-38.5581906155207 -3.735643788664124);
XCC6756;2021-05-06 09:23:00;Avenida Washington Soares;;;GUAJERU;XCC6756;Colisão;Não informado;Não informado;Não informado;Meio de quadra;Não informado;Longo da via;0;1;0;2;0;0;0;0;0;0;0;0;0;(-38.48241940688725 -3.832515346381576);