COD_ACIDENTE;DATA;LOG1;LOG2;NUMERO;BAIRRO;AMC;NATUREZA;ILUMINACAO;TEMPO;SUPERFICIEPISTA;TIPOCRUZAMENTO;CONTROLETRAFEGO;USOSOLO;MORTOS;FERIDOS;ILESOS;MOTOCICLETA;AUTOMOVEL;MICROONIBUS;CAMINHAO;ONIBUS;CICLOMOTOR;BICICLETA;OUTROS;TREM;TRACAOANIMAL;COORDENADAS
AJK1042;2021-07-01 04:07:00;Rua Cândido Castelo Branco;;;BARRA DO CEARA;AJK1042;Queda;Não informado;Não informado;Não informado;Meio de quadra;Não informado;Longo da via;0;1;0;1;0;0;0;0;0;0;0;0;0;(-38.58037621793712 -3.70816296141094);
IRA0023;2021-05-06 02:05:00;Rua Amadeu Furtado;;;PARQUELANDIA;IRA0023;Queda;Não informado;Não informado;Não informado;Cruz;Não informado;Longo da via;0;1;0;1;0;0;0;0;0;0;0;0;0;(-38.5635276 -3.7385176);
PUV9009;2021-05-05 22:12:00;Avenida Washington Soares;;;MESSEJANA;PUV9009;Colisão;Não informado;Não informado;Não informado;Não informado;Não informado;Longo da via;0;1;0;1;1;0;0;0;0;0;0;0;0;(-38.48019731340165 -3.792041387395056);
LZK9867;2021-04-14 15:03:00;Avenida I;;;PREFEITO JOSE VALTER;LZK9867;Colisão;Não informado;Não informado;Não informado;Meio de quadra;Não informado;Longo da via;0;1;0;1;1;0;0;0;0;0;0;0;0;(-38.5506241 -3.824146499999999);
TCN3448;2021-04-14 14:41:00;BR-116;;;AEROLANDIA;TCN3448;Queda;Não informado;Não informado;Não informado;Meio de quadra;Não informado;Longo da via;0;1;0;1;0;0;0;0;0;0;0;0;0;(-38.5145469 -3.7791359);
MME9795;2021-04-14 14:17:00;Rua Coronel de Queiroz;;;PLANALTO AYRTON SENNA;MME9795;Queda;Não informado;Não informado;Não informado;Meio de quadra;Não informado;Longo da via;0;1;0;1;0;0;0;0;0;0;0;0;0;(-38.5665032 -3.834647599999999);
TPH3424;2021-04-14 13:06:00;AV HERIBALDO COSTA;RUA PRO MIRAMAR DA PONTE;;HENRIQUE JORGE;TPH3424;Queda;Não informado;Não informado;Não informado;Meio de quadra;Não informado;Longo da via;0;1;0;1;0;0;0;0;0;0;0;0;0;(-38.58148103955449 -3.753793684577736);
EZL3443;2021-04-14 12:11:00;Rua Visconde de Cauípe;RUA TUPI D35;;JOAO XXIII;EZL3443;Colisão;Não informado;Não informado;Não informado;Cruz;Não informado;Cruzamento;0;2;0;2;0;0;0;0;0;0;0;0;0;(-38.5851014 -3.7720576);
RLF5865;2021-04-14 09:51:00;Avenida Presidente Costa e Silva;;;PREFEITO JOSE VALTER;RLF5865;Atropelamento;Não informado;Não informado;Não informado;Meio de quadra;Não informado;Longo da via;0;1;0;0;0;0;0;0;0;0;1;0;0;(-38.5732177 -3.8119963);
QHI4902;2021-04-14 09:27:00;Rua D. LEOPOLDINA;RUA PINTO MADEIRA;;ALDEOTA;QHI4902;Colisão;Não informado;Não informado;Não informado;Cruz;Não informado;Cruzamento;0;1;0;0;0;0;0;0;0;0;1;0;0;(-38.5196763 -3.7316618);
USJ6562;2021-04-14 03:21:00;Rua Maria Júlia;;;BOM JARDIM;USJ6562;Atropelamento;Não informado;Não informado;Não informado;Meio de quadra;Não informado;Longo da via;0;1;0;1;0;0;0;0;0;0;0;0;0;(-38.6029001 -3.801832199999999);
GWY1478;2021-04-14 00:56:00;Rua Tomás Ildefonso;;;CAMBEBA;GWY1478;Atropelamento;Não informado;Não informado;Não informado;Meio de quadra;Não informado;Longo da via;0;1;0;1;0;0;0;0;0;0;0;0;0;(-38.4843702 -3.8152267);
JTL2813;2021-04-13 21:50:00;Rua Diogo Correia;;;JOAO XXIII;JTL2813;Colisão;Não informado;Não informado;Não informado;Meio de quadra;Não informado;Longo da via;0;1;0;0;1;0;0;0;0;1;0;0;0;(-38.5905326 -3.7698065);
MIX9328;2021-04-13 21:41:00;Avenida Dioguinho;;;PRAIA DO FUTURO II;MIX9328;Colisão;Não informado;Não informado;Não informado;Meio de quadra;Não informado;Longo da via;0;1;0;0;0;0;0;0;0;0;1;0;0;(-38.439968 -3.7684074);
YXP6344;2021-04-13 21:11:00;Avenida Doutor Silas Munguba;;;PASSARE;YXP6344;Colisão;Não informado;Não informado;Não informado;Meio de quadra;Não informado;Longo da via;0;1;0;1;1;0;0;0;0;0;0;0;0;(-38.5301992 -3.8004014);
NSP3147;2021-04-13 21:08:00;Rua Professor Carlos Lobo;;;PARQUE MANIBURA;NSP3147;Colisão;Não informado;Não informado;Não informado;Meio de quadra;Não informado;Longo da via;0;1;0;1;1;0;0;0;0;0;0;0;0;(-38.4839451 -3.7950614);
GEH7565;2021-04-13 20:55:00;AV H;AV I CJ CEARA;;CONJUNTO CEARA II;GEH7565;Colisão;Não informado;Não informado;Não informado;Y;Não informado;Cruzamento;0;2;0;1;1;0;0;0;0;0;0;0;0;(-38.6059627 -3.7750933);
INS7877;2021-04-13 20:20:00;Avenida Carneiro de Mendonça;;;DEMOCRITO ROCHA;INS7877;Colisão;Não informado;Não informado;Não informado;Meio de quadra;Não informado;Longo da via;0;1;0;1;1;0;0;0;0;0;0;0;0;(-38.565559 -3.7646324);
HSY5489;2021-04-13 18:11:00;Rua Décio de Castro;;;BONSUCESSO;HSY5489;Colisão;Não informado;Não informado;Não informado;Meio de quadra;Não informado;Longo da via;0;1;0;2;0;0;0;0;0;0;0;0;0;(-38.5938959 -3.7710757);
WHM4789;2021-04-13 17:25:00;Rua Santa Quitéria;AV EXPEDICIONARIOS (INVALIDA);;PARREAO;WHM4789;Colisão;Não informado;Não informado;Não informado;Cruz;Não informado;Cruzamento;0;1;0;1;1;0;0;0;0;0;0;0;0;(-38.5394995 -3.7592647);
MIE5224;2021-04-13 17:06:00;Avenida Aguanambi;;;FATIMA;MIE5224;Colisão;Não informado;Não informado;Não informado;Meio de quadra;Não informado;Longo da via;0;1;0;1;1;0;0;0;0;0;0;0;0;(-38.52477930643565 -3.739457138098704);
KPS2936;2021-04-13 16:38:00;Avenida Rui Barbosa;;;JOAQUIM TVORA;KPS2936;Colisão;Não informado;Não informado;Não informado;Meio de quadra;Não informado;Longo da via;0;1;0;1;1;0;0;0;0;0;0;0;0;(-38.5120409 -3.744296);
XNM5436;2021-04-13 15:23:00;Rua Antônio Costa Mendes;RUA PLACIDO DE CASTRO;;VILA PERY;XNM5436;Colisão;Não informado;Não informado;Não informado;Meio de quadra;Não informado;Longo da via;0;1;0;1;1;0;0;0;0;0;0;0;0;(-38.5848118 -3.7911197);
NNV0891;2021-04-13 02:55:00;RUA OSVALDO STUDART;AV 13 DE MAIO;;FATIMA;NNV0891;Queda;Não informado;Não informado;Não informado;Cruz;Não informado;Cruzamento;0;1;0;1;0;0;0;0;0;0;0;0;0;(-38.52623836621105 -3.751447768989516);
IJY6995;2021-04-13 00:23:00;Avenida Professor José Arthur de Carvalho;RUA JOSE BONFIM JUNIOR;;LAGOA REDONDA;IJY6995;Queda;Não informado;Não informado;Não informado;Cruz;Não informado;Cruzamento;0;1;0;1;0;0;0;0;0;0;0;0;0;(-38.4578289 -3.824550699999999);
OEX5779;2021-04-12 23:46:00;Rua Padre Pedro de Alencar;;;MESSEJANA;OEX5779;Colisão;Não informado;Não informado;Não informado;Meio de quadra;Não informado;Longo da via;0;1;0;0;2;0;0;0;0;0;0;0;0;(-38.4938376 -3.8360963);
LAK7008;2021-04-12 22:31:00;Avenida General Osório de Paiva;;;;LAK7008;Atropelamento;Não informado;Não informado;Não informado;Meio de quadra;Não informado;Longo da via;0;2;0;1;0;0;0;0;0;0;0;0;0;(-38.60223 -3.8051662);
MNO9828;2021-04-12 22:20:00;Avenida Historiador Raimundo Girão;;;PRAIA DE IRACEMA;MNO9828;Atropelamento;Não informado;Não informado;Não informado;Meio de quadra;Não informado;Longo da via;0;1;0;1;0;0;0;0;0;0;0;0;0;(-38.5133008 -3.7204941);
KSO6327;2021-04-12 22:09:00;AV ANSELMO NOGUEIRA;RUA OLIVEIRA SOBRINHO;;BONSUCESSO;KSO6327;Colisão;Não informado;Não informado;Não informado;Cruz;Não informado;Cruzamento;0;1;0;0;0;0;0;0;0;0;1;0;0;(-38.5875488 -3.7824115);
JIS0445;2021-04-12 20:53:00;Avenida Washington Soares;;;EDSON QUEIROZ;JIS0445;Atropelamento;Não informado;Não informado;Não informado;Meio de quadra;Não informado;Longo da via;0;1;0;0;1;0;0;0;0;0;0;0;0;(-38.481665 -3.7762191);
VUW4889;2021-04-12 20:26:00;Avenida Luciano Carneiro;RUA DR ALFREDO WEYNE D14;;FATIMA;VUW4889;Colisão;Não informado;Não informado;Não informado;T;Não informado;Cruzamento;0;1;0;2;0;0;0;0;0;0;0;0;0;(-38.5336012 -3.7546259);
PPU6827;2021-04-12 19:22:00;Avenida Mister Hull;;;ANTONIO BEZERRA;PPU6827;Colisão;Não informado;Não informado;Não informado;Meio de quadra;Não informado;Longo da via;0;1;0;1;1;0;0;0;0;0;0;0;0;(-38.59107446895555 -3.739364129773196);
MWB0192;2021-04-12 18:48:00;Rua Cônego de Castro;;;CANINDEZINHO;MWB0192;Colisão;Não informado;Não informado;Não informado;Meio de quadra;Não informado;Longo da via;0;1;0;1;1;0;0;0;0;0;0;0;0;(-38.6008812 -3.817238999999999);
UOD3262;2021-04-12 16:48:00;AV JOSE BASTOS;;;RODOLFO TEOFILO;UOD3262;Colisão;Não informado;Não informado;Não informado;Meio de quadra;Não informado;Longo da via;0;1;0;0;0;0;0;0;0;0;1;0;0;(-38.54736384006799 -3.746470874169037);
ESQ4491;2021-04-12 15:33:00;Avenida Treze de Maio;;;FATIMA;ESQ4491;Atropelamento;Não informado;Não informado;Não informado;Meio de quadra;Não informado;Longo da via;0;1;0;1;0;0;0;0;0;0;0;0;0;(-38.5303046 -3.7487901);
NZK5984;2021-04-12 14:19:00;Rua Ceará;;;PAN AMERICANO;NZK5984;Colisão;Não informado;Não informado;Não informado;Meio de quadra;Não informado;Longo da via;0;1;0;1;1;0;0;0;0;0;0;0;0;(-38.567473 -3.7576808);
ESV0701;2021-04-12 12:14:00;Rua EDUARDO PERDIGÃO;;;PARANGABA;ESV0701;Atropelamento;Não informado;Não informado;Não informado;Meio de quadra;Não informado;Longo da via;0;1;0;1;0;0;0;0;0;0;0;0;0;(-38.56291 -3.777702);
QJZ9756;2021-04-12 11:46:00;Avenida CEL MATOS DOURADO;;;ANTONIO BEZERRA;QJZ9756;Queda;Não informado;Não informado;Não informado;Meio de quadra;Não informado;Longo da via;0;1;0;1;0;0;0;0;0;0;0;0;0;(-38.5852713 -3.7428094);
CSU3262;2021-04-12 11:04:00;Rua Padre Pedro de Alencar;;;MESSEJANA;CSU3262;Colisão;Não informado;Não informado;Não informado;Meio de quadra;Não informado;Longo da via;0;1;0;1;1;0;0;0;0;0;0;0;0;(-38.4938825 -3.8329285);
IRA4978;2021-04-12 11:04:00;Rua John Lennon;;;MESSEJANA;IRA4978;Colisão;Não informado;Não informado;Não informado;Meio de quadra;Não informado;Longo da via;0;1;0;1;1;0;0;0;0;0;0;0;0;(-38.49021219999999 -3.8191);
LEX1891;2021-04-12 10:26:00;Avenida Duque de Caxias;AV TRISTAO GONCALVES;;CENTRO;LEX1891;Queda;Não informado;Não informado;Não informado;Cruz;Não informado;Cruzamento;0;1;0;1;0;0;0;0;0;0;0;0;0;(-38.5342362 -3.7304373);
YKP9188;2021-04-12 10:01:00;Avenida Senador Fernandes Távora;;;AUTRAN NUNES;YKP9188;Colisão;Não informado;Não informado;Não informado;Meio de quadra;Não informado;Longo da via;0;1;0;0;0;0;0;0;0;0;1;0;0;(-38.5950184 -3.7558648);
BRK0678;2021-04-12 09:52:00;Rua Cônego de Castro;;;PARANGABA;BRK0678;Queda;Não informado;Não informado;Não informado;Meio de quadra;Não informado;Longo da via;0;1;0;1;0;0;0;0;0;0;0;0;0;(-38.5679563 -3.778902);
SRO2925;2021-04-12 08:27:00;AV 13 DE MAIO;RUA MARTINHO RODRIGUES;;FATIMA;SRO2925;Queda;Não informado;Não informado;Não informado;Y;Não informado;Cruzamento;0;1;0;1;0;0;0;0;0;0;0;0;0;(-38.5252555 -3.7528739);
PWL5342;2021-04-12 07:32:00;AV LUCIANO CARNEIRO;;;VILA UNIAO;PWL5342;Queda;Não informado;Não informado;Não informado;Meio de quadra;Não informado;Longo da via;0;1;0;1;0;0;0;0;0;0;0;0;0;(-38.535767 -3.762102);
PWL5342;2021-04-12 00:42:00;AV AUGUSTO DOS ANJOS;;;PARANGABA;PWL5342;Colisão;Não informado;Não informado;Não informado;Meio de quadra;Não informado;Longo da via;0;1;0;2;0;0;0;0;0;0;0;0;0;(-38.5761471 -3.776889);
JQT7683;2021-04-12 00:05:00;Rua Deputado Matoso Filho;;;;JQT7683;Colisão;Não informado;Não informado;Não informado;Meio de quadra;Não informado;Longo da via;0;1;0;1;1;0;0;0;0;0;0;0;0;(-38.5867673 -3.730741);
CDC6067;2021-04-11 22:55:00;Avenida J;;;PREFEITO JOSE VALTER;CDC6067;Queda;Não informado;Não informado;Não informado;Meio de quadra;Não informado;Longo da via;0;1;0;1;0;0;0;0;0;0;0;0;0;(-38.5545343 -3.8276302);
QBZ4766;2021-04-11 22:13:00;Avenida do Passaré;;;PARQUE DOIS IRMAOS;QBZ4766;Colisão;Não informado;Não informado;Não informado;Cruz;Não informado;Cruzamento;0;1;0;1;1;0;0;0;0;0;0;0;0;(-38.54216171310105 -3.8191950726563);
TAR8896;2021-04-11 22:04:00;Avenida Engenheiro Leal Lima Verde;;;SAPIRANGA / COITE;TAR8896;Colisão;Não informado;Não informado;Não informado;Meio de quadra;Não informado;Longo da via;0;1;0;1;1;0;0;0;0;0;0;0;0;(-38.4757661 -3.7929552);
DGD1127;2021-04-11 21:33:00;Avenida Domingos Olímpio;RUA BAR RIO BRANCO;;CENTRO;DGD1127;Atropelamento;Não informado;Não informado;Não informado;Meio de quadra;Não informado;Longo da via;0;1;0;0;1;0;0;0;0;0;0;0;0;(-38.5314758 -3.736507199999999);
LLS3821;2021-04-11 21:13:00;Avenida Santos Dumont;;;PAPICU;LLS3821;Queda;Não informado;Não informado;Não informado;Meio de quadra;Não informado;Longo da via;0;1;0;1;0;0;0;0;0;0;0;0;0;(-38.4749346 -3.7437989);
BXG2661;2021-04-11 21:08:00;Avenida Professor José Arthur de Carvalho;;;LAGOA REDONDA;BXG2661;Colisão;Não informado;Não informado;Não informado;Meio de quadra;Não informado;Longo da via;0;1;0;2;0;0;0;0;0;0;0;0;0;(-38.4764154 -3.8258201);
OGV7483;2021-04-11 19:30:00;Rua Santo Antônio do Jatobá;;;SIQUEIRA;OGV7483;Colisão;Não informado;Não informado;Não informado;Meio de quadra;Não informado;Longo da via;0;1;0;1;1;0;0;0;0;0;0;0;0;(-38.628189 -3.812847);
VXZ2081;2021-04-11 19:02:00;Rua CEL CARVALHO;;;ANTONIO BEZERRA;VXZ2081;Queda;Não informado;Não informado;Não informado;Meio de quadra;Não informado;Longo da via;0;1;0;1;0;0;0;0;0;0;0;0;0;(-38.5843725 -3.7363281);
NDW3970;2021-04-11 18:23:00;Rua Senador Robert Kennedy;;;BARRA DO CEARA;NDW3970;Colisão;Não informado;Não informado;Não informado;Meio de quadra;Não informado;Longo da via;0;1;0;2;0;0;0;0;0;0;0;0;0;(-38.5784189 -3.702786);
FKC9397;2021-04-11 15:33:00;Avenida Humberto Monte;;;AMADEU FURTADO;FKC9397;Colisão;Não informado;Não informado;Não informado;Meio de quadra;Não informado;Longo da via;0;1;0;1;1;0;0;0;0;0;0;0;0;(-38.5634526 -3.7458275);
EMQ8092;2021-04-11 14:54:00;Rua Tupi;;;JOQUEI CLUBE;EMQ8092;Colisão;Não informado;Não informado;Não informado;Meio de quadra;Não informado;Longo da via;0;1;0;1;1;0;0;0;0;0;0;0;0;(-38.579437 -3.761727);
JKZ6333;2021-04-11 14:16:00;Rua Francisco Almeida;RUA RAIMUNDO ARISTIDES;;PARQUE SANTA ROSA;JKZ6333;Colisão;Não informado;Não informado;Não informado;Cruz;Não informado;Cruzamento;0;1;0;1;1;0;0;0;0;0;0;0;0;(-38.592429 -3.819396);
WLN5481;2021-04-11 13:15:00;Rua Cuiabá;;;JOQUEI CLUBE;WLN5481;Colisão;Não informado;Não informado;Não informado;Meio de quadra;Não informado;Longo da via;0;1;0;1;1;0;0;0;0;0;0;0;0;(-38.57412126522859 -3.771563823663199);
LDD0546;2021-04-11 11:42:00;AV DUQUE DE CAXIAS;;;CENTRO;LDD0546;Atropelamento;Não informado;Não informado;Não informado;Meio de quadra;Não informado;Longo da via;0;1;0;0;1;0;0;0;0;0;0;0;0;(-38.5445932 -3.726691599999999);
ZLD4140;2021-04-11 07:10:00;Avenida I;;;CONJUNTO CEARA I;ZLD4140;Queda;Não informado;Não informado;Não informado;Meio de quadra;Não informado;Longo da via;0;1;0;1;0;0;0;0;0;0;0;0;0;(-38.5968432 -3.7672314);
UWB5824;2021-04-11 02:11:00;Rua Solon Pinheiro;AV DOMINGOS OLIMPIO;;JOSE BONIFACIO;UWB5824;Queda;Não informado;Não informado;Não informado;Cruz;Não informado;Cruzamento;0;1;0;1;0;0;0;0;0;0;0;0;0;(-38.5278792 -3.7355194);
JIK1787;2021-04-11 02:04:00;Rua 218;;;CONJUNTO CEARA II;JIK1787;Atropelamento;Não informado;Não informado;Não informado;Meio de quadra;Não informado;Longo da via;0;1;0;0;1;0;0;0;0;0;0;0;0;(-38.6094599 -3.7663848);
ZRT2853;2021-04-11 00:19:00;Rua Cônego de Castro;;;PARQUE SANTA ROSA;ZRT2853;Colisão;Não informado;Não informado;Não informado;Meio de quadra;Não informado;Longo da via;0;1;0;1;1;0;0;0;0;0;0;0;0;(-38.6040688 -3.8212056);
FZF1354;2021-04-10 23:41:00;Rua LAURO VIEIRA;;;VILA UNIAO;FZF1354;Queda;Não informado;Não informado;Não informado;Meio de quadra;Não informado;Longo da via;0;1;0;1;0;0;0;0;0;0;0;0;0;(-38.54343686259512 -3.770900076212977);
VIP8495;2021-04-10 22:51:00;Avenida Professor José Arthur de Carvalho;;;LAGOA REDONDA;VIP8495;Queda;Não informado;Não informado;Não informado;Meio de quadra;Não informado;Longo da via;0;1;0;1;0;0;0;0;0;0;0;0;0;(-38.4621738 -3.8252848);
RBG1828;2021-04-10 22:04:00;Rua General Cordeiro Neto;;;MONDUBIM;RBG1828;Colisão;Não informado;Não informado;Não informado;Meio de quadra;Não informado;Longo da via;0;1;0;1;1;0;0;0;0;0;0;0;0;(-38.5722306 -3.8114893);
RLT0484;2021-04-10 21:49:00;Rua Franciscano;RUA MARIA JULIA;;BOM JARDIM;RLT0484;Colisão;Não informado;Não informado;Não informado;Meio de quadra;Não informado;Longo da via;0;1;0;1;1;0;0;0;0;0;0;0;0;(-38.6027508 -3.8009374);
RYZ7273;2021-04-10 21:49:00;Rua Doutor Justa Araújo;;;SERRINHA;RYZ7273;Atropelamento;Não informado;Não informado;Não informado;Meio de quadra;Não informado;Longo da via;0;1;0;1;0;0;0;0;0;0;0;0;0;(-38.5505212 -3.777521799999999);
INF8723;2021-04-10 21:18:00;Avenida Frei Cirilo;;;CAMBEBA;INF8723;Colisão;Não informado;Não informado;Não informado;Meio de quadra;Não informado;Longo da via;0;1;0;1;1;0;0;0;0;0;0;0;0;(-38.49904821388368 -3.813500657751941);
WVB2329;2021-04-10 21:04:00;Avenida Eduardo Girão;AV AGUANAMBI;;FATIMA;WVB2329;Colisão;Não informado;Não informado;Não informado;Rotatória;Não informado;Cruzamento;0;2;0;0;1;0;0;1;0;0;0;0;0;(-38.5319786 -3.7532579);
IHW5393;2021-04-10 18:34:00;Avenida Mister Hull;;;ANTONIO BEZERRA;IHW5393;Colisão;Não informado;Não informado;Não informado;Meio de quadra;Não informado;Longo da via;0;1;0;0;0;0;0;0;0;0;1;0;0;(-38.5892175 -3.7385876);
PIW3617;2021-04-10 15:52:00;Rua Carlos Juaçaba;;;MARAPONGA;PIW3617;Colisão;Não informado;Não informado;Não informado;Meio de quadra;Não informado;Longo da via;0;1;0;1;1;0;0;0;0;0;0;0;0;(-38.56047587707139 -3.787700358276122);
XAI2530;2021-04-10 15:26:00;BR-116;;;ANCURI;XAI2530;Queda;Não informado;Não informado;Não informado;Meio de quadra;Não informado;Longo da via;0;1;0;1;0;0;0;0;0;0;0;0;0;(-38.49750650000001 -3.862144999999999);
UMX7955;2021-04-10 15:12:00;Avenida AUGUSTO DOS ANJOS;;;PARANGABA;UMX7955;Colisão;Não informado;Não informado;Não informado;Meio de quadra;Não informado;Longo da via;0;1;0;2;0;0;0;0;0;0;0;0;0;(-38.5848769 -3.7873327);
VLY8976;2021-04-10 14:34:00;Rua Aíres da Cunha;;;GRANJA PORTUGAL;VLY8976;Atropelamento;Não informado;Não informado;Não informado;Meio de quadra;Não informado;Longo da via;0;1;0;0;1;0;0;0;0;0;0;0;0;(-38.60440880000001 -3.777781499999999);
ORG8316;2021-04-10 13:57:00;Avenida Santos Dumont;;;PAPICU;ORG8316;Colisão;Não informado;Não informado;Não informado;Meio de quadra;Não informado;Longo da via;0;1;0;1;1;0;0;0;0;0;0;0;0;(-38.4883186 -3.7397247);
TMU0154;2021-04-10 13:28:00;Avenida Rogaciano Leite;;;JARDIM DAS OLIVEIRAS;TMU0154;Colisão;Não informado;Não informado;Não informado;Meio de quadra;Não informado;Longo da via;0;1;0;1;1;0;0;0;0;0;0;0;0;(-38.5007495 -3.7766283);
LPS1945;2021-04-10 12:53:00;Rua Antônio Ivo;;;HENRIQUE JORGE;LPS1945;Atropelamento;Não informado;Não informado;Não informado;Meio de quadra;Não informado;Longo da via;0;1;0;0;1;0;0;0;0;0;0;0;0;(-38.5827902 -3.762704);
CIB8561;2021-04-10 11:10:00;AV DR ALDY MENTOR;;;CIDADE 2000;CIB8561;Queda;Não informado;Não informado;Não informado;Meio de quadra;Não informado;Longo da via;0;1;0;1;0;0;0;0;0;0;0;0;0;(-38.4616458 -3.7522955);
XAM2327;2021-04-10 10:51:00;AV VAL PARAISO;;;PREFEITO JOSE VALTER;XAM2327;Queda;Não informado;Não informado;Não informado;Meio de quadra;Não informado;Longo da via;0;1;0;1;0;0;0;0;0;0;0;0;0;(-38.53474789612426 -3.836995311495361);
ZIB9002;2021-04-10 10:13:00;Avenida Central;;;PASSARE;ZIB9002;Atropelamento de Animal;Não informado;Não informado;Não informado;Meio de quadra;Não informado;Longo da via;0;1;0;1;0;0;0;0;0;0;0;0;0;(-38.5385221 -3.8160596);
XNZ6261;2021-04-10 09:33:00;AV OSORIO DE PAIVA;;;SIQUEIRA;XNZ6261;Atropelamento;Não informado;Não informado;Não informado;Meio de quadra;Não informado;Longo da via;0;1;0;0;1;0;0;0;0;0;0;0;0;(-38.6217787756481 -3.824811838972777);
RPW0323;2021-04-10 03:01:00;Avenida Governador Raul Barbosa;;;AEROLANDIA;RPW0323;Atropelamento;Não informado;Não informado;Não informado;Meio de quadra;Não informado;Longo da via;0;1;0;1;0;0;0;0;0;0;0;0;0;(-38.5086906 -3.7642146);
RJJ6928;2021-04-10 02:13:00;AV  JOSE LIMA VERDE;AV CEL CARVALHO;;BARRA DO CEARA;RJJ6928;Colisão;Não informado;Não informado;Não informado;Y;Não informado;Longo da via;0;1;0;1;1;0;0;0;0;0;0;0;0;(-38.59147490000001 -3.7029922);
AZE3777;2021-04-10 02:05:00;Rua FREI GALVAO;;;GUAJERU;AZE3777;Atropelamento;Não informado;Não informado;Não informado;Meio de quadra;Não informado;Longo da via;0;1;0;1;0;0;0;0;0;0;0;0;0;(-38.4758163 -3.8349623);
AZE3777;2021-04-10 00:21:00;Avenida General Osório de Paiva;;;PARANGABA;AZE3777;Colisão;Não informado;Não informado;Não informado;Meio de quadra;Não informado;Longo da via;0;2;0;1;1;0;0;0;0;0;0;0;0;(-38.5726593 -3.7793697);
NOL1613;2021-04-10 00:19:00;Rua Leonardo Mota;AV PDE ANTONIO TOMAS;;ALDEOTA;NOL1613;Colisão;Não informado;Não informado;Não informado;Cruz;Não informado;Cruzamento;0;2;0;2;0;0;0;0;0;0;0;0;0;(-38.4978717 -3.7411327);
CWH5531;2021-04-10 00:03:00;Rua Canuto de Aguiar;;;MEIRELES;CWH5531;Colisão;Não informado;Não informado;Não informado;Meio de quadra;Não informado;Longo da via;0;1;0;1;1;0;0;0;0;0;0;0;0;(-38.4989525 -3.7295633);
GOK5561;2021-04-09 23:44:00;Rodovia Estrada do Guarani (BR116);;;PEDRAS;GOK5561;Queda;Não informado;Não informado;Não informado;Meio de quadra;Não informado;Longo da via;0;1;0;1;0;0;0;0;0;0;0;0;0;(-38.49997630000001 -3.875589199999999);
RZJ2444;2021-04-09 23:02:00;Avenida Doutor Silas Munguba;;;SERRINHA;RZJ2444;Atropelamento;Não informado;Não informado;Não informado;Meio de quadra;Não informado;Longo da via;0;1;0;0;1;0;0;0;0;0;0;0;0;(-38.5525523 -3.7858824);
GKU4697;2021-04-09 21:08:00;Rua CEARENSE;;;PRESIDENTE KENNEDY;GKU4697;Colisão;Não informado;Não informado;Não informado;Meio de quadra;Não informado;Longo da via;0;1;0;0;0;0;0;0;0;0;1;0;0;(-38.5671131 -3.7299268);
RMG2422;2021-04-09 20:42:00;Rua Júlio Alcídes;;;MARAPONGA;RMG2422;Atropelamento;Não informado;Não informado;Não informado;Meio de quadra;Não informado;Longo da via;0;1;0;0;1;0;0;0;0;0;0;0;0;(-38.565009 -3.7884283);
DGP1243;2021-05-05 21:54:00;Avenida Francisco Sá;;;FLORESTA;DGP1243;Atropelamento;Não informado;Não informado;Não informado;Meio de quadra;Não informado;Longo da via;0;1;0;0;0;0;0;1;0;0;0;0;0;(-38.57776538183752 -3.710457468279298);
HBZ5091;2021-04-09 20:17:00;Rua Leon Gradvohl;RUA ROSA CRUZ;;JARDIM CEARENSE;HBZ5091;Colisão;Não informado;Não informado;Não informado;Cruz;Não informado;Cruzamento;0;1;0;1;1;0;0;0;0;0;0;0;0;(-38.5672577 -3.798877699999999);
YJS9927;2021-05-05 21:26:00;Rua Vital Brasil;;;BONSUCESSO;YJS9927;Colisão;Não informado;Não informado;Não informado;Meio de quadra;Não informado;Longo da via;0;2;0;1;1;0;0;0;0;0;0;0;0;(-38.5942759 -3.7790762);
VWS2032;2021-05-05 19:13:00;Rua Pedro Américo;AV FRANCISCO SA;;JACARECANGA;VWS2032;Colisão;Não informado;Não informado;Não informado;T;Não informado;Longo da via;0;1;0;2;0;0;0;0;0;0;0;0;0;(-38.567172 -3.7140666);
LZF3859;2021-05-05 19:09:00;Rua Professor Costa Mendes;RUA ALBERTO MAGNO;;MONTESE;LZF3859;Colisão;Não informado;Não informado;Não informado;Cruz;Não informado;Longo da via;0;1;0;2;0;0;0;0;0;0;0;0;0;(-38.54362618984005 -3.757606954909873);
GUU5957;2021-04-09 19:31:00;Avenida Tenente Lisboa;;;JACARECANGA;GUU5957;Queda;Não informado;Não informado;Não informado;Meio de quadra;Não informado;Longo da via;0;1;0;0;0;0;0;0;0;1;0;0;0;(-38.54990840000001 -3.7182098);
PMT7860;2021-04-09 17:41:00;Rua Pedro I;RUA SOLON PINHEIRO;;CENTRO;PMT7860;Atropelamento;Não informado;Não informado;Não informado;Cruz;Não informado;Cruzamento;0;1;0;0;1;0;0;0;0;0;0;0;0;(-38.5277806 -3.7315114);
TLL3863;2021-04-09 17:26:00;Avenida Padre Antônio Tomás;AV DES MOREIRA;;ALDEOTA;TLL3863;Colisão;Não informado;Não informado;Não informado;Cruz;Não informado;Cruzamento;0;1;0;1;1;0;0;0;0;0;0;0;0;(-38.4999042 -3.7402588);