COD_ACIDENTE;DATA;LOG1;LOG2;NUMERO;BAIRRO;AMC;NATUREZA;ILUMINACAO;TEMPO;SUPERFICIEPISTA;TIPOCRUZAMENTO;CONTROLETRAFEGO;USOSOLO;MORTOS;FERIDOS;ILESOS;MOTOCICLETA;AUTOMOVEL;MICROONIBUS;CAMINHAO;ONIBUS;CICLOMOTOR;BICICLETA;OUTROS;TREM;TRACAOANIMAL;COORDENADAS
MBI9905;2021-04-09 17:00:00;Rua 23 de Junho;;;GRANJA PORTUGAL;MBI9905;Queda;Não informado;Não informado;Não informado;Meio de quadra;Não informado;Longo da via;0;1;0;1;0;0;0;0;0;0;0;0;0;(-38.6073692 -3.782193);
GJQ0266;2021-05-05 17:40:00;Avenida Visconde do Rio Branco;;;FATIMA;GJQ0266;Colisão;Não informado;Não informado;Não informado;Meio de quadra;Não informado;Longo da via;0;1;0;1;1;0;0;0;0;0;0;0;0;(-38.51948098158595 -3.758067302964688);
OFM5834;2021-04-09 16:39:00;Rua José Vilar;;;MEIRELES;OFM5834;Colisão;Não informado;Não informado;Não informado;Meio de quadra;Não informado;Longo da via;0;1;0;0;1;0;0;0;1;0;0;0;0;(-38.5054156 -3.738491899999999);
FKA3304;2021-04-09 16:36:00;Avenida Desembargador Gonzaga;;;CIDADE DOS FUNCIONRAIOS;FKA3304;Colisão;Não informado;Não informado;Não informado;Meio de quadra;Não informado;Longo da via;0;1;0;1;1;0;0;0;0;0;0;0;0;(-38.5032744 -3.790367299999999);
EXE8435;2021-05-05 17:29:00;Avenida Lineu Machado;;;HENRIQUE JORGE;EXE8435;Colisão;Não informado;Não informado;Não informado;Meio de quadra;Não informado;Longo da via;0;1;0;1;1;0;0;0;0;0;0;0;0;(-38.57762053692085 -3.767220684737044);
VHJ1107;2021-05-05 17:20:00;Rua Princesa Isabel;RUA PEDRO PEREIRA;;CENTRO;VHJ1107;Colisão;Não informado;Não informado;Não informado;Cruz;Não informado;Longo da via;0;1;0;1;1;0;0;0;0;0;0;0;0;(-38.53568152427047 -3.727378686672683);
YDN3368;2021-05-05 16:43:00;Avenida Alberto Craveiro;AV SEN CARLOS JEREISSATI (AEROPORTO);;DIAS MACEDO;YDN3368;Colisão;Não informado;Não informado;Não informado;Meio de quadra;Não informado;Longo da via;0;1;0;1;1;0;0;0;0;0;0;0;0;(-38.5164563 -3.7827973);
WVA4516;2021-04-09 16:03:00;Avenida Borges de Melo;;;FATIMA;WVA4516;Colisão;Não informado;Não informado;Não informado;Meio de quadra;Não informado;Longo da via;0;1;0;1;1;0;0;0;0;0;0;0;0;(-38.5265355 -3.7607849);
MZZ6804;2021-05-05 16:22:00;Avenida Augusto dos Anjos;RUA DES GOMES PARENTE;;PARANGABA;MZZ6804;Colisão;Não informado;Não informado;Não informado;Meio de quadra;Não informado;Longo da via;0;1;0;1;1;0;0;0;0;0;0;0;0;(-38.57398345938544 -3.77436667902922);
WYA0649;2021-05-05 15:18:00;Rua Castro e Silva;;;CENTRO;WYA0649;Colisão;Não informado;Não informado;Não informado;Meio de quadra;Não informado;Longo da via;0;1;0;1;1;0;0;0;0;0;0;0;0;(-38.53046728508021 -3.722849977372104);
XPP4735;2021-05-05 14:40:00;Avenida Santos Dumont;RUA SILVA PAULET;;ALDEOTA;XPP4735;Colisão;Não informado;Não informado;Não informado;Cruz;Não informado;Longo da via;0;1;0;1;1;0;0;0;0;0;0;0;0;(-38.50513116241797 -3.734037881152617);
KRE1977;2021-05-05 14:29:00;Avenida Comodoro Estácio Brigido;;;ENGENHEIRO LUCIANO CAVALCANTE;KRE1977;Colisão;Não informado;Não informado;Não informado;Meio de quadra;Não informado;Longo da via;0;1;0;1;1;0;0;0;0;0;0;0;0;(-38.48642008570104 -3.777316057290967);
BMV4315;2021-04-09 14:11:00;Rua Sobreira Filho;RUA ARACA;;BONSUCESSO;BMV4315;Colisão;Não informado;Não informado;Não informado;Cruz;Não informado;Cruzamento;0;1;0;1;1;0;0;0;0;0;0;0;0;(-38.58324246109076 -3.779135995319572);
IWG6650;2021-05-05 13:08:00;Avenida Porto Velho;;;HENRIQUE JORGE;IWG6650;Colisão;Não informado;Não informado;Não informado;Meio de quadra;Não informado;Longo da via;0;1;0;1;1;0;0;0;0;0;0;0;0;(-38.5932168 -3.762733);
BUJ6789;2021-04-09 13:31:00;Rua Padre Teodoro;;;JARDIM GUANABARA;BUJ6789;Colisão;Não informado;Não informado;Não informado;Meio de quadra;Não informado;Longo da via;0;1;0;1;1;0;0;0;0;0;0;0;0;(-38.5911357 -3.7255376);
GPE3978;2021-05-05 12:47:00;Avenida Mister Hull;;;PICI;GPE3978;Atropelamento;Não informado;Não informado;Não informado;Meio de quadra;Não informado;Longo da via;0;1;0;1;0;0;0;0;0;0;0;0;0;(-38.59197036523739 -3.739706721542115);
LPB3479;2021-05-05 09:14:00;Avenida Borges de Melo;;;FATIMA;LPB3479;Queda;Não informado;Não informado;Não informado;Meio de quadra;Não informado;Longo da via;0;1;0;1;0;0;0;0;0;0;0;0;0;(-38.5258726 -3.7607643);
QZU1444;2021-05-05 08:54:00;Avenida I Cj Prefeito Jose Walter;;;PREFEITO JOSE VALTER;QZU1444;Colisão;Não informado;Não informado;Não informado;Meio de quadra;Não informado;Longo da via;0;1;0;0;0;0;0;0;0;0;0;0;0;(-38.55372741995448 -3.835161445699401);
KLD2461;2021-05-05 04:56:00;Rua Cotegipe;;;AUTRAN NUNES;KLD2461;Queda;Não informado;Não informado;Não informado;Meio de quadra;Não informado;Longo da via;0;1;0;1;0;0;0;0;0;0;0;0;0;(-38.59857395515264 -3.752682286106914);
OVB8447;2021-05-05 03:26:00;Rua Pôrto Velho;;;HENRIQUE JORGE;OVB8447;Atropelamento;Não informado;Não informado;Não informado;Meio de quadra;Não informado;Longo da via;0;1;0;1;0;0;0;0;0;0;0;0;0;(-38.59253362678473 -3.762986588514631);
BFX6738;2021-05-05 00:21:00;Avenida Imperador;;;CENTRO;BFX6738;Colisão;Não informado;Não informado;Não informado;Meio de quadra;Não informado;Longo da via;0;1;0;1;1;0;0;0;0;0;0;0;0;(-38.53471087995871 -3.728262611995266);
IGG0936;2021-05-04 23:34:00;Rua José Dantas Pereira;;;CANINDEZINHO;IGG0936;Colisão;Não informado;Não informado;Não informado;Meio de quadra;Não informado;Longo da via;0;1;0;1;1;0;0;0;0;0;0;0;0;(-38.607706 -3.8224972);
ZDY1163;2021-04-09 10:03:00;Avenida Coronel Carvalho;;;JARDIM IRACEMA;ZDY1163;Colisão;Não informado;Não informado;Não informado;Meio de quadra;Não informado;Longo da via;0;1;0;0;0;0;0;0;0;0;1;0;0;(-38.5871776 -3.7210113);
TTH3996;2021-05-04 23:21:00;Rua Barbosa de Freitas;;;ALDEOTA;TTH3996;Colisão;Não informado;Não informado;Não informado;Meio de quadra;Não informado;Longo da via;0;1;0;0;1;0;0;0;0;1;0;0;0;(-38.49666074869472 -3.734471476470275);
KLW3530;2021-05-04 21:54:00;Rua da Ladeira;;;VICENTE PINZON;KLW3530;Queda;Não informado;Não informado;Não informado;Meio de quadra;Não informado;Longo da via;0;1;0;1;0;0;0;0;0;0;0;0;0;(-38.47450032819596 -3.728781190026055);
CXY7939;2021-04-09 00:54:00;Rua Bento Albuquerque;RUA JULIO AZEVEDO;;COCO;CXY7939;Colisão;Não informado;Não informado;Não informado;Cruz;Não informado;Cruzamento;0;1;0;2;0;0;0;0;0;0;0;0;0;(-38.4828685 -3.7438647);
VMZ4123;2021-04-08 22:12:00;Rua ARI DE SA CAVALCANTE;RUA ALBERTO DE OLIVEIRA;;BARRA DO CEARA;VMZ4123;Colisão;Não informado;Não informado;Não informado;T;Não informado;Cruzamento;0;1;0;0;1;0;0;0;0;1;0;0;0;(-38.5760665 -3.7092604);
CFJ6622;2021-05-04 21:18:00;Rua Alberto Magno;;;MONTESE;CFJ6622;Atropelamento;Não informado;Não informado;Não informado;Meio de quadra;Não informado;Longo da via;0;1;0;1;0;0;0;0;0;0;0;0;0;(-38.54744568409583 -3.762017721630257);
RWP3528;2021-05-04 21:13:00;Rua General Sampaio;;;CENTRO;RWP3528;Atropelamento;Não informado;Não informado;Não informado;Meio de quadra;Não informado;Longo da via;0;1;0;0;1;0;0;0;0;0;0;0;0;(-38.52957144931963 -3.722882095959822);
MJB4946;2021-05-04 21:07:00;Rua Olavo Bilac;;;PRESIDENTE KENNEDY;MJB4946;Queda;Não informado;Não informado;Não informado;Meio de quadra;Não informado;Longo da via;0;1;0;1;0;0;0;0;0;0;0;0;0;(-38.56538430361731 -3.725687114767215);
XTK1544;2021-04-08 21:58:00;RUA 1;AV FRANCISCO SA;;BARRA DO CEARA;XTK1544;Colisão;Não informado;Não informado;Não informado;Y;Não informado;Cruzamento;0;1;0;0;0;0;0;0;0;0;1;0;0;(-38.5669596 -3.714145);
LKE9971;2021-05-04 20:02:00;Rua Catolé;RUA VALPARAISO;;CONJUNTO PALMEIRAS;LKE9971;Colisão;Não informado;Não informado;Não informado;Cruz;Não informado;Longo da via;0;2;0;1;1;0;0;0;0;0;0;0;0;(-38.52037726101259 -3.846535899616498);
RFI6488;2021-04-08 20:59:00;Rua Monsenhor Salazar;RUA PRO CARVALHO;;SAO JOAO DO TAUAPE;RFI6488;Colisão;Não informado;Não informado;Não informado;Cruz;Não informado;Cruzamento;0;1;0;1;1;0;0;0;0;0;0;0;0;(-38.5051321 -3.755474999999999);
KUM3848;2021-05-04 19:47:00;Avenida Vicente de Castro;;;MUCURIPE;KUM3848;Atropelamento;Não informado;Não informado;Não informado;Meio de quadra;Não informado;Longo da via;0;1;0;1;0;0;0;0;0;0;0;0;0;(-38.47305192875972 -3.713214348206996);
YLN3333;2021-04-08 20:29:00;Rua 4;RUA PDE PERDIGAO SAMPAIO;;QUINTINO CUNHA;YLN3333;Colisão;Não informado;Não informado;Não informado;T;Não informado;Cruzamento;0;1;0;1;1;0;0;0;0;0;0;0;0;(-38.5955126 -3.7356481);
XKC6524;2021-05-04 19:28:00;Rua Cônego de Castro;;;PARQUE SANTA ROSA;XKC6524;Queda;Não informado;Não informado;Não informado;Meio de quadra;Não informado;Longo da via;0;1;0;1;0;0;0;0;0;0;0;0;0;(-38.59852568219315 -3.814334984561023);
WSR5305;2021-04-08 20:10:00;Rua Pôrto Velho;;;JOAO XXIII;WSR5305;Colisão;Não informado;Não informado;Não informado;Meio de quadra;Não informado;Longo da via;0;1;0;1;1;0;0;0;0;0;0;0;0;(-38.583073 -3.7676523);
LST4767;2021-05-04 17:01:00;Itaoca;;;ITAOCA;LST4767;Queda;Não informado;Não informado;Não informado;Meio de quadra;Não informado;Longo da via;0;1;0;1;0;0;0;0;0;0;0;0;0;(-38.55180160162288 -3.772011451445776);
TZM0681;2021-04-08 19:07:00;Avenida Professor José Arthur de Carvalho;;;LAGOA REDONDA;TZM0681;Queda;Não informado;Não informado;Não informado;Meio de quadra;Não informado;Longo da via;0;1;0;1;0;0;0;0;0;0;0;0;0;(-38.47361009999999 -3.826528);
HDK9950;2021-05-04 16:46:00;Rua Felino Barroso;;;FATIMA;HDK9950;Colisão;Não informado;Não informado;Não informado;Meio de quadra;Não informado;Longo da via;0;1;0;2;0;0;0;0;0;0;0;0;0;(-38.5284992 -3.744281299999999);
ISM9016;2021-04-08 18:51:00;Avenida Plácido Castelo;;;JARDIM DAS OLIVEIRAS;ISM9016;Colisão;Não informado;Não informado;Não informado;Meio de quadra;Não informado;Longo da via;0;1;0;0;0;0;0;0;0;0;1;0;0;(-38.5086716 -3.783867);
SPE8164;2021-04-08 18:31:00;Avenida Bezerra de Menezes;;;FARIAS BRITO;SPE8164;Colisão;Não informado;Não informado;Não informado;Cruz;Não informado;Longo da via;0;1;0;1;1;0;0;0;0;0;0;0;0;(-38.5430278 -3.7314594);
RQY2578;2021-05-04 16:31:00;Avenida Maestro Lisboa;;;LAGOA REDONDA;RQY2578;Colisão;Não informado;Não informado;Não informado;Meio de quadra;Não informado;Longo da via;0;2;0;1;1;0;0;0;0;0;0;0;0;(-38.4644437 -3.8077861);
KRB9463;2021-04-08 17:16:00;Avenida Duque de Caxias;;;CENTRO;KRB9463;Colisão;Não informado;Não informado;Não informado;Meio de quadra;Não informado;Longo da via;0;1;0;1;1;0;0;0;0;0;0;0;0;(-38.5259591 -3.7333658);
DXJ1323;2021-05-04 15:28:00;Rua Guilherme Rocha;;;CENTRO;DXJ1323;Atropelamento;Não informado;Não informado;Não informado;Meio de quadra;Não informado;Longo da via;0;1;0;1;0;0;0;0;0;0;0;0;0;(-38.53366450590622 -3.725125041104059);
QOU6966;2021-05-04 14:54:00;Rua Manuel Castelo Branco;;;MESSEJANA;QOU6966;Colisão;Não informado;Não informado;Não informado;Meio de quadra;Não informado;Longo da via;0;1;0;0;0;0;0;0;0;0;0;0;0;(-38.48848000791521 -3.832940194737921);
COA8698;2021-05-04 14:31:00;Avenida Heráclito Graça;;;ALDEOTA;COA8698;Colisão;Não informado;Não informado;Não informado;Meio de quadra;Não informado;Longo da via;0;1;0;1;1;0;0;0;0;0;0;0;0;(-38.51492658856746 -3.73653238955758);
KSA1704;2021-04-08 16:12:00;Rua Coronel Tibúrcio;AV PRS COSTA E SILVA;;MONDUBIM;KSA1704;Colisão;Não informado;Não informado;Não informado;Cruz;Não informado;Cruzamento;0;2;0;2;0;0;0;0;0;0;0;0;0;(-38.5737071 -3.812156699999999);
FHX4327;2021-05-04 14:29:00;Rua Alberto de Oliveira;;;BARRA DO CEARA;FHX4327;Colisão;Não informado;Não informado;Não informado;Meio de quadra;Não informado;Longo da via;0;1;0;1;1;0;0;0;0;0;0;0;0;(-38.5757018 -3.708557);
NIM2848;2021-05-04 13:04:00;BR-116;;;CAJAZEIRAS;NIM2848;Colisão;Não informado;Não informado;Não informado;Meio de quadra;Não informado;Longo da via;0;1;0;1;1;0;0;0;0;0;0;0;0;(-38.50413337573827 -3.802313106794595);
JTN1185;2021-05-04 10:47:00;Rua Coronel Jucá;RUA CAROLINA SUCUPIRA;;ALDEOTA;JTN1185;Colisão;Não informado;Não informado;Não informado;Cruz;Não informado;Longo da via;0;1;0;1;1;0;0;0;0;0;0;0;0;(-38.4931275 -3.7433998);
FPP7351;2021-05-03 23:43:00;Rua Álvaro Fernandes;;;JARDIM AMERICA;FPP7351;Choque c/ Obstáculo Fixo;Não informado;Não informado;Não informado;Meio de quadra;Não informado;Longo da via;0;1;0;0;1;0;0;0;0;0;0;0;0;(-38.55511680915034 -3.759790929570086);
UQD2540;2021-04-08 15:58:00;Avenida Dois;;;PARQUE DOIS IRMAOS;UQD2540;Queda;Não informado;Não informado;Não informado;Meio de quadra;Não informado;Longo da via;0;1;0;1;0;0;0;0;0;0;0;0;0;(-38.5512293 -3.8055291);
OIT0507;2021-05-03 23:03:00;Avenida Beira Mar;;;PRAIA DE IRACEMA;OIT0507;Queda;Não informado;Não informado;Não informado;Meio de quadra;Não informado;Longo da via;0;1;0;0;0;0;0;0;0;1;0;0;0;(-38.5113149 -3.7202329);
XSS9385;2021-05-03 22:30:00;Avenida Clóvis Arrais Maia;;;PRAIA DO FUTURO I;XSS9385;Queda;Não informado;Não informado;Não informado;Meio de quadra;Não informado;Longo da via;0;1;0;1;0;0;0;0;0;0;0;0;0;(-38.45295148771225 -3.739899429353284);
DNV6753;2021-05-03 22:10:00;Avenida Senador Fernandes Távora;;;AUTRAN NUNES;DNV6753;Colisão;Não informado;Não informado;Não informado;Meio de quadra;Não informado;Longo da via;0;1;0;1;1;0;0;0;0;0;0;0;0;(-38.58878389811274 -3.75866147276932);
FYD6965;2021-04-08 15:22:00;Travessa Via Férrea;;;ALVARO WEYNE;FYD6965;Colisão;Não informado;Não informado;Não informado;Com via férrea;Não informado;Longo da via;0;1;0;0;1;0;0;0;0;0;0;1;0;(-38.57035339999999 -3.7240023);
TXW4848;2021-05-03 21:53:00;Avenida F;AV L CJ JOSE WALTER;;PREFEITO JOSE VALTER;TXW4848;Queda;Não informado;Não informado;Não informado;Cruz;Não informado;Longo da via;0;1;0;1;0;0;0;0;0;0;0;0;0;(-38.55883448854254 -3.83545047552061);
OVE9570;2021-04-08 15:08:00;Rua Vereador Pedro Paulo;;;PARQUE MANIBURA;OVE9570;Colisão;Não informado;Não informado;Não informado;Meio de quadra;Não informado;Longo da via;0;1;0;1;1;0;0;0;0;0;0;0;0;(-38.488053 -3.7871575);
NBU0764;2021-05-03 20:25:00;Rua Rodrigues de Andrade;;;DEMOCRITO ROCHA;NBU0764;Não informado;Não informado;Não informado;Não informado;Meio de quadra;Não informado;Longo da via;0;1;0;1;0;0;0;0;0;0;0;0;0;(-38.56474429206941 -3.764594450171885);
LLX0091;2021-04-08 12:35:00;Avenida Bernardo Manuel;;;ITAPERI;LLX0091;Colisão;Não informado;Não informado;Não informado;Meio de quadra;Não informado;Longo da via;0;1;0;1;1;0;0;0;0;0;0;0;0;(-38.5533076 -3.8044645);
AAA5457;2021-04-08 08:29:00;Rua Oscar França;;;GRANJA LISBOA;AAA5457;Colisão;Não informado;Não informado;Não informado;Meio de quadra;Não informado;Longo da via;0;1;0;1;1;0;0;0;0;0;0;0;0;(-38.6200907 -3.785508);
WYH0261;2021-05-03 20:25:00;Rua Professor Manoel Lourenço;;;JOQUEI CLUBE;WYH0261;Colisão;Não informado;Não informado;Não informado;Meio de quadra;Não informado;Longo da via;0;1;0;1;1;0;0;0;0;0;0;0;0;(-38.57303932556545 -3.7636235777576);
MVU0716;2021-04-08 03:38:00;AV DOLOR BARREIRA;;;VICENTE PINZON;MVU0716;Colisão;Não informado;Não informado;Não informado;Meio de quadra;Não informado;Longo da via;0;1;0;1;0;0;0;0;0;0;0;0;0;(-38.4729734 -3.7288874);
MBL9667;2021-05-03 20:11:00;Avenida Borges de Melo;;;FATIMA;MBL9667;Colisão;Não informado;Não informado;Não informado;Meio de quadra;Não informado;Longo da via;0;1;0;1;1;0;0;0;0;0;0;0;0;(-38.5280016 -3.7602835);
DIT1423;2021-05-03 20:02:00;Avenida Governador Raul Barbosa;;;AEROLANDIA;DIT1423;Queda;Não informado;Não informado;Não informado;Meio de quadra;Não informado;Longo da via;0;1;0;0;0;0;0;0;0;1;0;0;0;(-38.50905255434352 -3.765545248365138);
VJD8379;2021-05-03 17:39:00;Avenida Augusto dos Anjos;;;BONSUCESSO;VJD8379;Colisão;Não informado;Não informado;Não informado;Meio de quadra;Não informado;Longo da via;0;1;0;1;1;0;0;0;0;0;0;0;0;(-38.58254506798062 -3.78403910347236);
JYP8487;2021-05-03 16:14:00;Avenida A;;;CONJUNTO CEARA I;JYP8487;Colisão;Não informado;Não informado;Não informado;Cruz;Não informado;Longo da via;0;1;0;0;0;0;0;0;0;0;0;0;0;(-38.6046383 -3.7707459);
COI6835;2021-05-03 14:25:00;Avenida Genibaú;;;GENIBAU;COI6835;Queda;Não informado;Não informado;Não informado;Meio de quadra;Não informado;Longo da via;0;1;0;1;0;0;0;0;0;0;0;0;0;(-38.59923378748429 -3.760882914848906);
KBK5950;2021-05-03 14:17:00;Avenida Humberto Monte;;;PICI;KBK5950;Colisão;Não informado;Não informado;Não informado;Meio de quadra;Não informado;Longo da via;0;1;0;0;1;0;0;0;0;0;0;0;0;(-38.5627561 -3.7463144);
XTR8228;2021-05-03 13:43:00;Avenida da Liberdade;;;AUTRAN NUNES;XTR8228;Colisão;Não informado;Não informado;Não informado;Meio de quadra;Não informado;Longo da via;0;1;0;1;1;0;0;0;0;0;0;0;0;(-38.5979624152505 -3.749283177855814);
RMO5360;2021-05-03 12:38:00;Rua André Chaves;;;PARREAO;RMO5360;Colisão;Não informado;Não informado;Não informado;Meio de quadra;Não informado;Longo da via;0;1;0;1;1;0;0;0;0;0;0;0;0;(-38.53697434948482 -3.757938833764519);
KRX6473;2021-05-03 10:00:00;Rua Cônego de Castro;;;VILA PERY;KRX6473;Colisão;Não informado;Não informado;Não informado;Meio de quadra;Não informado;Longo da via;0;1;0;1;1;0;0;0;0;0;0;0;0;(-38.57240632189215 -3.783883874490969);
AAF2802;2021-05-03 06:48:00;Rua Raimundo Matias;;;PEDRAS;AAF2802;Colisão;Não informado;Não informado;Não informado;Meio de quadra;Não informado;Longo da via;0;1;0;0;2;0;0;0;0;0;0;0;0;(-38.51003796919974 -3.88360133962972);
BCN4672;2021-04-08 00:29:00;Rua Pinhais;;;AUTRAN NUNES;BCN4672;Queda;Não informado;Não informado;Não informado;Meio de quadra;Não informado;Longo da via;0;1;0;1;0;0;0;0;0;0;0;0;0;(-38.5946881 -3.7485552);
NCF6404;2021-04-08 00:22:00;Rodovia Anel Viario De Fortaleza;;;ANCURI;NCF6404;Atropelamento;Não informado;Não informado;Não informado;Meio de quadra;Não informado;Longo da via;0;1;0;0;1;0;0;0;0;0;0;0;0;(-38.5082531 -3.8687273);
MIX5660;2021-05-03 03:35:00;Rua Liberato Barroso;;;CENTRO;MIX5660;Colisão;Não informado;Não informado;Não informado;Meio de quadra;Não informado;Longo da via;0;2;0;1;1;0;0;0;0;0;0;0;0;(-38.52976455382483 -3.727951465029981);
TBC4900;2021-04-08 00:12:00;Rua Rocha Lima;RUA CARLOS VASCONCELOS;;ALDEOTA;TBC4900;Colisão;Não informado;Não informado;Não informado;Cruz;Não informado;Cruzamento;0;1;0;0;0;0;0;0;0;0;1;0;0;(-38.512885 -3.7394262);
YQU3159;2021-05-03 00:52:00;Rua Sargento João Pinheiro;;;BOM JARDIM;YQU3159;Colisão;Não informado;Não informado;Não informado;Meio de quadra;Não informado;Longo da via;0;1;0;1;1;0;0;0;0;0;0;0;0;(-38.6235812 -3.7858462);
PRX5300;2021-05-03 00:36:00;Rua B;;;DENDE;PRX5300;Queda;Não informado;Não informado;Não informado;Meio de quadra;Não informado;Longo da via;0;1;0;1;0;0;0;0;0;0;0;0;0;(-38.55051950172594 -3.80458796297013);
AZM3974;2021-05-02 23:56:00;Rodovia Br116;;;AEROLANDIA;AZM3974;Atropelamento;Não informado;Não informado;Não informado;Meio de quadra;Não informado;Longo da via;0;1;0;1;0;0;0;0;0;0;0;0;0;(-38.51548986841192 -3.776352559142337);
DWW9884;2021-04-07 22:55:00;Avenida Major Assis;RUA GEORGE CAVALCANTE;;JARDIM GUANABARA;DWW9884;Colisão;Não informado;Não informado;Não informado;Cruz;Não informado;Cruzamento;0;1;0;1;1;0;0;0;0;0;0;0;0;(-38.5925512 -3.7226718);
WOG0679;2021-05-02 23:53:00;Avenida General Osório de Paiva;;;SIQUEIRA;WOG0679;Colisão;Não informado;Não informado;Não informado;Meio de quadra;Não informado;Longo da via;0;1;0;2;0;0;0;0;0;0;0;0;0;(-38.59553768141139 -3.797907897654384);
KEY9935;2021-04-07 22:03:00;Rua Betel;;;ITAPERI;KEY9935;Atropelamento;Não informado;Não informado;Não informado;Meio de quadra;Não informado;Longo da via;0;1;0;0;1;0;0;0;0;0;0;0;0;(-38.5526492 -3.7922126);
QAI5848;2021-05-02 21:35:00;Avenida Presidente Castelo Branco;;;MOURA BRASIL;QAI5848;Colisão;Não informado;Não informado;Não informado;Meio de quadra;Não informado;Longo da via;0;1;0;1;1;0;0;0;0;0;0;0;0;(-38.55441407906783 -3.712031299816413);
LGD0844;2021-04-07 21:27:00;Avenida Senador Virgílio Távora;AV SANTOS DUMONT;;ALDEOTA;LGD0844;Colisão;Não informado;Não informado;Não informado;Cruz;Não informado;Cruzamento;0;1;0;2;0;0;0;0;0;0;0;0;0;(-38.4934625 -3.737809);
IZU8397;2021-04-07 21:13:00;Rua CONEGO DE CASTRO;;;VILA PERY;IZU8397;Colisão;Não informado;Não informado;Não informado;Meio de quadra;Não informado;Longo da via;0;1;0;0;0;0;0;0;0;0;1;0;0;(-38.5739226 -3.78543);
LXA2723;2021-05-02 18:20:00;Rua Waldery Uchôa;RUA PDE FRANCISCO PINTO;;BENFICA;LXA2723;Colisão;Não informado;Não informado;Não informado;Cruz;Não informado;Longo da via;0;1;0;1;1;0;0;0;0;0;0;0;0;(-38.53912013921626 -3.744288873574894);
IHM9028;2021-04-07 21:08:00;Avenida Presidente Costa e Silva;;;PREFEITO JOSE VALTER;IHM9028;Colisão;Não informado;Não informado;Não informado;Meio de quadra;Não informado;Longo da via;0;2;0;2;0;0;0;0;0;0;0;0;0;(-38.5443558 -3.8244455);
GVJ8473;2021-05-02 18:12:00;Avenida Treze de Maio;;;FATIMA;GVJ8473;Colisão;Não informado;Não informado;Não informado;Meio de quadra;Não informado;Longo da via;0;1;0;2;0;0;0;0;0;0;0;0;0;(-38.53492514273575 -3.744497639276445);
NMC7158;2021-04-07 19:51:00;Rua Santa Filomena;RUA PORTO ALEGRE;;HENRIQUE JORGE;NMC7158;Colisão;Não informado;Não informado;Não informado;Cruz;Não informado;Cruzamento;0;2;0;0;2;0;0;0;0;0;0;0;0;(-38.59063200000001 -3.7600656);
FXX1254;2021-04-07 18:45:00;Avenida Edilson Brasil Soares;;;SAPIRANGA / COITE;FXX1254;Colisão;Não informado;Não informado;Não informado;Meio de quadra;Não informado;Longo da via;0;1;0;1;1;0;0;0;0;0;0;0;0;(-38.477333 -3.7893993);
BIH6328;2021-05-02 16:58:00;Rua Francisco Almeida;;;CONJUNTO ESPERANCA;BIH6328;Colisão;Não informado;Não informado;Não informado;Meio de quadra;Não informado;Longo da via;0;1;0;1;1;0;0;0;0;0;0;0;0;(-38.5910691416009 -3.817685664981084);
IGA1957;2021-05-02 15:46:00;Rua Coronel Guilherme Alencar;;;MESSEJANA;IGA1957;Colisão;Não informado;Não informado;Não informado;Meio de quadra;Não informado;Longo da via;0;1;0;1;1;0;0;0;0;0;0;0;0;(-38.4929469075532 -3.836490848257665);
SOV9280;2021-05-02 13:32:00;Rua Planaltina;;;PLANALTO AYRTON SENNA;SOV9280;Colisão;Não informado;Não informado;Não informado;Cruz;Não informado;Longo da via;0;2;0;1;1;0;0;0;0;0;0;0;0;(-38.569007 -3.8316234);
XNS9108;2021-05-02 08:04:00;Rua 02;;;JARDIM DAS OLIVEIRAS;XNS9108;Queda;Não informado;Não informado;Não informado;Meio de quadra;Não informado;Longo da via;0;2;0;1;0;0;0;0;0;0;0;0;0;(-38.50571052824458 -3.776117037209993);
PJM1958;2021-04-07 18:08:00;Rua Beija Flor;;;JARDIM DAS OLIVEIRAS;PJM1958;Colisão;Não informado;Não informado;Não informado;Meio de quadra;Não informado;Longo da via;0;1;0;2;0;0;0;0;0;0;0;0;0;(-38.5073232 -3.7862267);
PZN7997;2021-04-07 17:55:00;Avenida Antônio Sales;RUA OSVALDO CRUZ (ALDEOTA);;DIONISIO TORRES;PZN7997;Colisão;Não informado;Não informado;Não informado;Cruz;Não informado;Cruzamento;0;1;0;1;1;0;0;0;0;0;0;0;0;(-38.5032887 -3.7451565);
SDR9273;2021-05-02 01:16:00;Rua Hugo Vítor;RUA PEDRO MELO;;ANTONIO BEZERRA;SDR9273;Colisão;Não informado;Não informado;Não informado;Cruz;Não informado;Longo da via;0;1;0;2;0;0;0;0;0;0;0;0;0;(-38.59101012549607 -3.744096166729291);
LIW2836;2021-05-02 00:59:00;Rua Salvador Mendonça;;;PARQUE MANIBURA;LIW2836;Colisão;Não informado;Não informado;Não informado;Cruz;Não informado;Longo da via;0;1;0;1;1;0;0;0;0;0;0;0;0;(-38.48999813446437 -3.788803013852454);
SIB7348;2021-05-02 00:01:00;Rua José Aragão;;;PAUPINA;SIB7348;Colisão;Não informado;Não informado;Não informado;Meio de quadra;Não informado;Longo da via;0;2;0;2;0;0;0;0;0;0;0;0;0;(-38.4933483 -3.845456599999999);