COD_ACIDENTE;DATA;LOG1;LOG2;NUMERO;BAIRRO;AMC;NATUREZA;ILUMINACAO;TEMPO;SUPERFICIEPISTA;TIPOCRUZAMENTO;CONTROLETRAFEGO;USOSOLO;MORTOS;FERIDOS;ILESOS;MOTOCICLETA;AUTOMOVEL;MICROONIBUS;CAMINHAO;ONIBUS;CICLOMOTOR;BICICLETA;OUTROS;TREM;TRACAOANIMAL;COORDENADAS
BHI2982;2021-04-07 16:44:00;Rua Barra Nova;;;JARDIM DAS OLIVEIRAS;BHI2982;Colisão;Não informado;Não informado;Não informado;Meio de quadra;Não informado;Longo da via;0;1;0;0;0;0;0;0;0;0;1;0;0;(-38.5055765 -3.784732999999999);
IHJ9281;2021-05-01 23:31:00;Avenida Presidente Costa e Silva;;;PREFEITO JOSE VALTER;IHJ9281;Queda;Não informado;Não informado;Não informado;Meio de quadra;Não informado;Longo da via;0;1;0;0;0;0;0;0;0;1;0;0;0;(-46.41352251536748 -24.00660735882409);
HBJ7255;2021-04-07 14:57:00;Avenida Ministro Albuquerque Lima;;;CONJUNTO CEARA I;HBJ7255;Atropelamento;Não informado;Não informado;Não informado;Meio de quadra;Não informado;Longo da via;0;1;0;0;0;0;0;0;0;1;0;0;0;(-38.6013499 -3.7709389);
BBJ3939;2021-04-07 13:40:00;Rua Bulgaria;RUA UIRAPURU;;MANOEL SATIRO;BBJ3939;Colisão;Não informado;Não informado;Não informado;Cruz;Não informado;Cruzamento;0;1;0;1;1;0;0;0;0;0;0;0;0;(-38.5794714 -3.795631499999999);
EPR9838;2021-04-07 13:04:00;Rua Viriato Ribeiro;;;BELA VISTA;EPR9838;Colisão;Não informado;Não informado;Não informado;Meio de quadra;Não informado;Longo da via;0;1;0;1;1;0;0;0;0;0;0;0;0;(-38.5583664 -3.7530419);
BAT6159;2021-05-01 23:25:00;Rua Virgílio Brigido;;;PRESIDENTE KENNEDY;BAT6159;Colisão;Não informado;Não informado;Não informado;Meio de quadra;Não informado;Longo da via;0;1;0;1;1;0;0;0;0;0;0;0;0;(-38.56920912710435 -3.724268547212744);
BAU0056;2021-05-01 23:01:00;Rua Júlio Braga;;;PARANGABA;BAU0056;Colisão;Não informado;Não informado;Não informado;Cruz;Não informado;Longo da via;0;1;0;2;0;0;0;0;0;0;0;0;0;(-38.57507244703609 -3.777209001993942);
HDA1264;2021-05-01 22:01:00;Rua de Pedestre VI;;;CANINDEZINHO;HDA1264;Colisão;Não informado;Não informado;Não informado;Meio de quadra;Não informado;Longo da via;0;1;0;2;0;0;0;0;0;0;0;0;0;(-38.6092457 -3.8205408);
TDA6815;2021-05-01 21:17:00;Estrada do Jatobá;;;BOM JARDIM;TDA6815;Queda;Não informado;Não informado;Não informado;Meio de quadra;Não informado;Longo da via;0;1;0;1;0;0;0;0;0;0;0;0;0;(-38.6279266 -3.8033712);
LCS8716;2021-05-01 21:02:00;Avenida Ministro Albuquerque Lima;;;CONJUNTO CEARA I;LCS8716;Colisão;Não informado;Não informado;Não informado;Meio de quadra;Não informado;Longo da via;0;1;0;0;0;0;0;0;0;0;0;0;0;(-38.61035958203323 -3.766985160330089);
ERC9741;2021-05-01 20:59:00;Rua Tereza Hinko;AV BEIRA MAR;;MEIRELES;ERC9741;Queda;Não informado;Não informado;Não informado;Meio de quadra;Não informado;Longo da via;0;1;0;0;0;0;0;0;0;1;0;0;0;(-38.4842429 -3.7232108);
HLS7689;2021-05-01 20:58:00;Avenida Radialista João Ramos;;;PLANALTO AYRTON SENNA;HLS7689;Queda;Não informado;Não informado;Não informado;Meio de quadra;Não informado;Longo da via;0;1;0;1;0;0;0;0;0;0;0;0;0;(-38.57344702438524 -3.841851925749885);
LZE2869;2021-05-01 20:51:00;Alameda Eliane Lúcia;;;CIDADE 2000;LZE2869;Colisão;Não informado;Não informado;Não informado;Meio de quadra;Não informado;Longo da via;0;1;0;1;1;0;0;0;0;0;0;0;0;(-38.4689101 -3.7500394);
SRX9949;2021-05-01 19:22:00;Rua José Abílio;;;GRANJA PORTUGAL;SRX9949;Colisão;Não informado;Não informado;Não informado;Meio de quadra;Não informado;Longo da via;0;1;0;0;0;0;0;0;0;0;0;0;0;(-38.59971658416866 -3.783557358266929);
AVS9180;2021-05-01 18:53:00;Rua General Clarindo de Queiroz;RUA ASSUNCAO;;CENTRO;AVS9180;Colisão;Não informado;Não informado;Não informado;Cruz;Não informado;Longo da via;0;1;0;0;0;0;0;0;0;0;0;0;0;(-38.52822334632071 -3.733354700441347);
QHH4165;2021-04-07 12:33:00;Rua MALMEQUER;;;SERRINHA;QHH4165;Colisão;Não informado;Não informado;Não informado;Meio de quadra;Não informado;Longo da via;0;1;0;0;1;0;0;0;0;1;0;0;0;(-38.5382764 -3.7899341);
IYZ8614;2021-05-01 18:34:00;Avenida Jornalista Tomaz Coelho;;;MESSEJANA;IYZ8614;Colisão;Não informado;Não informado;Não informado;Meio de quadra;Não informado;Longo da via;0;1;0;1;1;0;0;0;0;0;0;0;0;(-38.5107767 -3.8295793);
ARV3052;2021-04-07 12:14:00;Avenida Francisco Sá;;;CARLITO PAMPLONA;ARV3052;Colisão;Não informado;Não informado;Não informado;Meio de quadra;Não informado;Longo da via;0;1;0;1;1;0;0;0;0;0;0;0;0;(-38.5631317 -3.7153772);
BRT9907;2021-05-01 16:37:00;Avenida Professor José Arthur de Carvalho;;;LAGOA REDONDA;BRT9907;Queda;Não informado;Não informado;Não informado;Meio de quadra;Não informado;Longo da via;0;1;0;1;0;0;0;0;0;0;0;0;0;(-38.46811131289068 -3.8273201364272);
IEG4031;2021-04-07 11:59:00;Avenida dos Expedicionários;;;MONTESE;IEG4031;Colisão;Não informado;Não informado;Não informado;Meio de quadra;Não informado;Longo da via;0;1;0;1;1;0;0;0;0;0;0;0;0;(-38.5415692 -3.7659944);
DAV2724;2021-05-01 16:22:00;Avenida Monsenhor Tabosa;;;MEIRELES;DAV2724;Colisão;Não informado;Não informado;Não informado;Meio de quadra;Não informado;Longo da via;0;1;0;0;0;0;0;0;0;0;0;0;0;(-38.5114567 -3.7240826);
PKX2465;2021-05-01 15:36:00;Avenida Presidente Castelo Branco;RUA FRANCISCO CORDEIRO;;PIRAMBU;PKX2465;Colisão;Não informado;Não informado;Não informado;Cruz;Não informado;Longo da via;0;1;0;1;1;0;0;0;0;0;0;0;0;(-38.55065361288042 -3.713032340865468);
RUQ6243;2021-04-07 11:18:00;Avenida LESTE OESTE;;;BARRA DO CEARA;RUQ6243;Colisão;Não informado;Não informado;Não informado;Meio de quadra;Não informado;Longo da via;0;1;0;1;1;0;0;0;0;0;0;0;0;(-38.587031 -3.7002357);
FYC0645;2021-05-01 12:53:00;Rua Tavares Coutinho;RUA FRE MANSUETO;;VARJOTA;FYC0645;Colisão;Não informado;Não informado;Não informado;Cruz;Não informado;Longo da via;0;2;0;1;1;0;0;0;0;0;0;0;0;(-38.488744 -3.7326506);
HIU9493;2021-04-07 10:01:00;Rua General Piragibe;;;PARQUELANDIA;HIU9493;Colisão;Não informado;Não informado;Não informado;Meio de quadra;Não informado;Longo da via;0;1;0;1;1;0;0;0;0;0;0;0;0;(-38.5570001 -3.7429974);
EYP0498;2021-04-07 09:10:00;Rua 15 de Novembro;;;MONTESE;EYP0498;Colisão;Não informado;Não informado;Não informado;Meio de quadra;Não informado;Longo da via;0;1;0;1;1;0;0;0;0;0;0;0;0;(-38.551927 -3.770542);
WQN3591;2021-05-01 12:00:00;Avenida General Osório de Paiva;;;PARANGABA;WQN3591;Colisão;Não informado;Não informado;Não informado;Meio de quadra;Não informado;Longo da via;0;1;0;1;1;0;0;0;0;0;0;0;0;(-38.57366696763565 -3.780179781583657);
ZJM1435;2021-05-01 10:57:00;Rua Coronel Manuel Albano;RUA 26 BATALHAO;;MARAPONGA;ZJM1435;Colisão;Não informado;Não informado;Não informado;Cruz;Não informado;Longo da via;0;1;0;1;1;0;0;0;0;0;0;0;0;(-38.56842420261201 -3.807052160691383);
BUB8891;2021-04-07 00:38:00;Rua Rio Grande do Sul;;;BELA VISTA;BUB8891;Atropelamento;Não informado;Não informado;Não informado;Meio de quadra;Não informado;Longo da via;0;1;0;0;0;0;0;0;0;0;1;0;0;(-38.5607757 -3.7497166);
BJB0657;2021-05-01 08:53:00;Avenida Castelo de Castro;;;JANGURUSSU;BJB0657;Colisão;Não informado;Não informado;Não informado;Meio de quadra;Não informado;Longo da via;0;1;0;0;0;0;0;0;0;0;0;0;0;(-38.52151408827816 -3.831457573415424);
XEM2959;2021-04-06 23:44:00;Rua Cônego de Castro;;;PARQUE SANTA ROSA;XEM2959;Queda;Não informado;Não informado;Não informado;Meio de quadra;Não informado;Longo da via;0;1;0;0;0;0;0;0;0;1;0;0;0;(-38.599538 -3.8157856);
BYO5754;2021-06-30 01:12:00;Rua Jorge Acurcio;;;VILA UNIAO;BYO5754;Colisão;Não informado;Não informado;Não informado;Cruz;Não informado;Longo da via;0;1;0;1;1;0;0;0;0;0;0;0;0;(-38.53252187337154 -3.767258154523196);
MXL8501;2021-04-06 23:09:00;Avenida Bezerra de Menezes;;;PARQUE ARAXA;MXL8501;Queda;Não informado;Não informado;Não informado;Meio de quadra;Não informado;Longo da via;0;1;0;1;0;0;0;0;0;0;0;0;0;(-38.5546028 -3.7334228);
LFC7819;2021-06-29 22:12:00;Avenida Presidente Juscelino Kubitschek;;;PASSARE;LFC7819;Colisão;Não informado;Não informado;Não informado;Meio de quadra;Não informado;Longo da via;0;1;0;0;0;0;0;0;0;0;0;0;0;(-38.5265284 -3.8095526);
JQR8460;2021-06-29 21:55:00;Avenida Senador Fernandes Távora;;;AUTRAN NUNES;JQR8460;Colisão;Não informado;Não informado;Não informado;Não informado;Não informado;Longo da via;0;1;0;1;1;0;0;0;0;0;0;0;0;(-38.58730867893216 -3.759475110043267);
ONQ8987;2021-04-06 22:08:00;Avenida Presidente Castelo Branco;;;MOURA BRASIL;ONQ8987;Atropelamento;Não informado;Não informado;Não informado;Meio de quadra;Não informado;Longo da via;0;1;0;0;1;0;0;0;0;0;0;0;0;(-38.5344252 -3.718373);
ROE0566;2021-04-06 21:44:00;Rua BENI CARVALHO;;;DIONISIO TORRES;ROE0566;Atropelamento;Não informado;Não informado;Não informado;Meio de quadra;Não informado;Longo da via;0;1;0;1;0;0;0;0;0;0;0;0;0;(-38.4975658 -3.7450957);
JJW3503;2021-04-06 21:14:00;Avenida Presidente Juscelino Kubitschek;;;PASSARE;JJW3503;Colisão;Não informado;Não informado;Não informado;Meio de quadra;Não informado;Longo da via;0;1;0;2;0;0;0;0;0;0;0;0;0;(-38.529442 -3.813914);
JZB0178;2021-04-06 21:04:00;Avenida General Osório de Paiva;;;SIQUEIRA;JZB0178;Colisão;Não informado;Não informado;Não informado;Meio de quadra;Não informado;Longo da via;0;2;0;2;0;0;0;0;0;0;0;0;0;(-38.59420710000001 -3.7969138);
UQJ2518;2021-06-29 20:40:00;Rua Waldir Diogo;;;MONDUBIM;UQJ2518;Colisão;Não informado;Não informado;Não informado;Meio de quadra;Não informado;Longo da via;0;1;0;1;1;0;0;0;0;0;0;0;0;(-38.58671858966476 -3.803528148369554);
UCG3062;2021-04-06 20:06:00;AV MISTER HULL;;;ANTONIO BEZERRA;UCG3062;Colisão;Não informado;Não informado;Não informado;Meio de quadra;Não informado;Longo da via;0;1;0;0;1;0;0;0;0;1;0;0;0;(-38.58669039999999 -3.7387835);
BBR0236;2021-06-29 20:16:00;Rodovia Br116;;;CAJAZEIRAS;BBR0236;Colisão;Não informado;Não informado;Não informado;Meio de quadra;Não informado;Longo da via;0;2;0;2;0;0;0;0;0;0;0;0;0;(-38.50608651330995 -3.798128024829708);
GCF9543;2021-04-06 18:31:00;Rua GOV RAUL BARBOSA;;;AEROLANDIA;GCF9543;Colisão;Não informado;Não informado;Não informado;Meio de quadra;Não informado;Longo da via;0;1;0;1;1;0;0;0;0;0;0;0;0;(-38.5129508 -3.7779506);
CLS0806;2021-06-29 20:07:00;Rua João Cordeiro;;;JOAQUIM TVORA;CLS0806;Colisão;Não informado;Não informado;Não informado;Meio de quadra;Não informado;Longo da via;0;1;0;0;1;0;0;0;0;1;0;0;0;(-38.51935760114417 -3.746098174667462);
QFN9828;2021-04-06 18:05:00;Rua UM;;;PLANALTO AYRTON SENNA;QFN9828;Colisão;Não informado;Não informado;Não informado;Meio de quadra;Não informado;Longo da via;0;1;0;1;1;0;0;0;0;0;0;0;0;(-38.5819897 -3.8372618);
HBP2315;2021-06-29 19:23:00;Rua Major Weyne;;;JARDIM AMERICA;HBP2315;Colisão;Não informado;Não informado;Não informado;Meio de quadra;Não informado;Longo da via;0;1;0;0;1;0;0;0;0;1;0;0;0;(-38.54061679261114 -3.751948936311472);
KQS5691;2021-06-29 17:54:00;Avenida Sargento Hermínio Sampaio;;;MONTE CASTELO;KQS5691;Colisão;Não informado;Não informado;Não informado;Meio de quadra;Não informado;Longo da via;0;1;0;1;1;0;0;0;0;0;0;0;0;(-38.5526599056927 -3.724948389307204);
WQR4101;2021-04-06 16:20:00;Avenida General Osório de Paiva;;;CANINDEZINHO;WQR4101;Colisão;Não informado;Não informado;Não informado;Meio de quadra;Não informado;Longo da via;0;1;0;0;0;0;0;0;0;0;1;0;0;(-38.609474 -3.8118185);
RBQ2367;2021-04-06 13:21:00;Avenida Carapinima;;;BENFICA;RBQ2367;Queda;Não informado;Não informado;Não informado;Meio de quadra;Não informado;Longo da via;0;1;0;1;0;0;0;0;0;0;0;0;0;(-38.5412697 -3.7414248);
NPX4697;2021-06-29 15:25:00;Rua Padre Perdigão Sampaio;;;ANTONIO BEZERRA;NPX4697;Colisão;Não informado;Não informado;Não informado;Meio de quadra;Não informado;Longo da via;0;1;0;0;0;0;0;0;0;0;1;0;0;(-38.5947598504148 -3.739091126861489);
PXO6173;2021-04-06 13:19:00;Avenida Bezerra de Menezes;;;PRESIDENTE KENNEDY;PXO6173;Colisão;Não informado;Não informado;Não informado;Meio de quadra;Não informado;Longo da via;0;1;0;1;1;0;0;0;0;0;0;0;0;(-38.5687547 -3.7368905);
MDR2329;2021-06-29 14:35:00;Rua Raimundo Arruda;RUA AZEVEDO BOLAO;;PARQUE ARAXA;MDR2329;Colisão;Não informado;Não informado;Não informado;Cruz;Não informado;Longo da via;0;1;0;1;1;0;0;0;0;0;0;0;0;(-38.55165139299189 -3.735568846378949);
XSY3340;2021-05-06 10:27:00;Avenida dos Expedicionários;AV BORGES DE MELO;;MONTESE;XSY3340;Colisão;Não informado;Não informado;Não informado;Cruz;Não informado;Cruzamento;0;1;0;0;0;0;0;0;0;0;1;0;0;(-38.5377236 -3.7534458);
SVI7367;2021-04-06 09:55:00;Avenida H;;;CONJUNTO CEARA II;SVI7367;Colisão;Não informado;Não informado;Não informado;Meio de quadra;Não informado;Longo da via;0;1;0;1;1;0;0;0;0;0;0;0;0;(-38.6111147 -3.7757793);
MSS3521;2021-06-29 13:01:00;Rua Padre Pedro de Alencar;;;MESSEJANA;MSS3521;Colisão;Não informado;Não informado;Não informado;Meio de quadra;Não informado;Longo da via;0;1;0;1;1;0;0;0;0;0;0;0;0;(-38.49425211936947 -3.841910801741601);
SOF2539;2021-06-29 13:00:00;Rua Professor Heribaldo Costa;;;JOAO XXIII;SOF2539;Colisão;Não informado;Não informado;Não informado;Meio de quadra;Não informado;Longo da via;0;1;0;1;1;0;0;0;0;0;0;0;0;(-38.58926669268591 -3.770560842189387);
PNA4972;2021-06-29 12:34:00;Rua Tavares Coutinho;;;VARJOTA;PNA4972;Capotamento;Não informado;Não informado;Não informado;Meio de quadra;Não informado;Longo da via;0;2;0;0;0;0;0;0;0;0;0;0;0;(-38.48901108271978 -3.732678210496349);
ILM7805;2021-06-29 11:05:00;Avenida Emília Gonçalves;;;QUINTINO CUNHA;ILM7805;Colisão;Não informado;Não informado;Não informado;Meio de quadra;Não informado;Longo da via;0;1;0;2;0;0;0;0;0;0;0;0;0;(-38.59383717145199 -3.73074040852175);
YSR4702;2021-06-29 11:03:00;Rua José de Barcelos;;;PARQUE ARAXA;YSR4702;Colisão;Não informado;Não informado;Não informado;Cruz;Não informado;Longo da via;0;1;0;0;2;0;0;0;0;0;0;0;0;(-38.55084672512671 -3.733920114486153);
BDB7828;2021-06-29 10:50:00;Avenida Bernardo Manuel;RUA I;;PREFEITO JOSE VALTER;BDB7828;Queda;Não informado;Não informado;Não informado;Meio de quadra;Não informado;Longo da via;0;1;0;1;0;0;0;0;0;0;0;0;0;(-38.5518712886229 -3.799931192130667);
JMF4055;2021-06-29 10:09:00;CE-040;;;PAUPINA;JMF4055;Colisão;Não informado;Não informado;Não informado;Meio de quadra;Não informado;Longo da via;0;1;0;1;1;0;0;0;0;0;0;0;0;(-38.47840026737555 -3.846262261513913);
DVZ0980;2021-06-29 00:03:00;Avenida Cora Coralina;;;JANGURUSSU;DVZ0980;Colisão;Não informado;Não informado;Não informado;Meio de quadra;Não informado;Longo da via;0;1;0;0;0;0;0;0;0;0;0;0;0;(-38.51866021905921 -3.855987399370495);
SAT8081;2021-04-06 09:41:00;Rua Santa Inês;;;PIRAMBU;SAT8081;Queda;Não informado;Não informado;Não informado;Meio de quadra;Não informado;Longo da via;0;1;0;1;0;0;0;0;0;0;0;0;0;(-38.548713 -3.7113329);
NXP7885;2021-04-06 09:21:00;Rua Waldir Diogo;RUA ALFREDO MAMEDE;;MONDUBIM;NXP7885;Queda;Não informado;Não informado;Não informado;Cruz;Não informado;Cruzamento;0;1;0;1;0;0;0;0;0;0;0;0;0;(-38.58057489999999 -3.8070575);
KRD3628;2021-04-06 01:30:00;Rua Amazonas;;;PAN AMERICANO;KRD3628;Colisão;Não informado;Não informado;Não informado;Meio de quadra;Não informado;Longo da via;0;1;0;1;1;0;0;0;0;0;0;0;0;(-38.5643168 -3.7532997);
CJR9544;2021-04-05 23:08:00;Avenida Imperador;RUA METON DE ALENCAR;;CENTRO;CJR9544;Queda;Não informado;Não informado;Não informado;Cruz;Não informado;Cruzamento;0;1;0;1;0;0;0;0;0;0;0;0;0;(-38.536045 -3.7320105);
YCT9847;2021-04-05 22:14:00;Avenida Dom Manuel;;;CENTRO;YCT9847;Colisão;Não informado;Não informado;Não informado;Meio de quadra;Não informado;Longo da via;0;2;0;1;1;0;0;0;0;0;0;0;0;(-38.5234737 -3.7350316);
LGV9491;2021-04-05 21:34:00;Avenida Benu Marcondes;;;VILA VELHA;LGV9491;Colisão;Não informado;Não informado;Não informado;Meio de quadra;Não informado;Longo da via;0;1;0;2;0;0;0;0;0;0;0;0;0;(-38.5944565 -3.713342299999999);
OXV6939;2021-04-05 21:15:00;Avenida Presidente Castelo Branco;;;CRISTO REDENTOR;OXV6939;Queda;Não informado;Não informado;Não informado;Meio de quadra;Não informado;Longo da via;0;0;0;1;0;0;0;0;0;0;0;0;0;(-38.5686795 -3.708124);
CWF7331;2021-04-05 19:44:00;Rua General Sampaio;RUA PEDRO PEREIRA;;CENTRO;CWF7331;Queda;Não informado;Não informado;Não informado;Cruz;Não informado;Cruzamento;0;1;0;1;0;0;0;0;0;0;0;0;0;(-38.5313684 -3.7287774);
CCV2681;2021-06-28 20:53:00;Rua Perdigão de Oliveira;;;PARANGABA;CCV2681;Atropelamento;Não informado;Não informado;Não informado;Cruz;Não informado;Longo da via;0;1;0;0;1;0;0;0;0;0;0;0;0;(-38.57389226990881 -3.775683462576563);
EJG0888;2021-06-28 20:17:00;Avenida Presidente Costa e Silva;;;PREFEITO JOSE VALTER;EJG0888;Colisão;Não informado;Não informado;Não informado;Meio de quadra;Não informado;Longo da via;0;1;0;1;1;0;0;0;0;0;0;0;0;(-38.5390518 -3.8256711);
AUK7480;2021-06-28 20:16:00;Rua Delta;;;MANOEL SATIRO;AUK7480;Colisão;Não informado;Não informado;Não informado;Meio de quadra;Não informado;Longo da via;0;1;0;1;1;0;0;0;0;0;0;0;0;(-38.57705728147253 -3.790992262748902);
NEH1122;2021-06-28 19:47:00;Rua Cuiabá;;;HENRIQUE JORGE;NEH1122;Colisão;Não informado;Não informado;Não informado;Não informado;Não informado;Longo da via;0;1;0;1;1;0;0;0;0;0;0;0;0;(-38.5800583 -3.7684271);
YUK6920;2021-06-28 19:45:00;Avenida Presidente Juscelino Kubitschek;;;PASSARE;YUK6920;Atropelamento;Não informado;Não informado;Não informado;Não informado;Não informado;Longo da via;0;1;0;1;0;0;0;0;0;0;0;0;0;(-38.52514042219907 -3.807917271061857);
CFP8156;2021-04-05 18:58:00;Rua Duarte da Costa;;;MESSEJANA;CFP8156;Colisão;Não informado;Não informado;Não informado;Meio de quadra;Não informado;Longo da via;0;1;0;1;1;0;0;0;0;0;0;0;0;(-38.4865777 -3.8271374);
CLZ0837;2021-06-28 18:41:00;Avenida Engenheiro Santana Júnior;;;VICENTE PINZON;CLZ0837;Colisão;Não informado;Não informado;Não informado;Meio de quadra;Não informado;Longo da via;0;1;0;1;1;0;0;0;0;0;0;0;0;(-38.48459080531276 -3.739728133523224);
PZV5867;2021-06-28 18:38:00;Rua Ana Gonçalves;AV GOV RAUL BARBOSA;;SAO JOAO DO TAUAPE;PZV5867;Colisão;Não informado;Não informado;Não informado;Não informado;Não informado;Longo da via;0;2;0;1;1;0;0;0;0;0;0;0;0;(-38.5046299 -3.7588539);
LAS7261;2021-06-28 17:40:00;Rua Padre Antônio N. Gurgel;;;BONSUCESSO;LAS7261;Atropelamento;Não informado;Não informado;Não informado;Não informado;Não informado;Longo da via;0;1;0;0;0;0;0;0;0;0;1;0;0;(-38.59560207131739 -3.770833835260203);
KSZ4098;2021-06-28 17:06:00;Avenida Godofredo Maciel;;;MONDUBIM;KSZ4098;Queda;Não informado;Não informado;Não informado;Não informado;Não informado;Longo da via;0;1;0;1;0;0;0;0;0;0;0;0;0;(-38.57250825334121 -3.804711072662463);
RDX7226;2021-06-28 16:01:00;Rua José Euclídes;RUA LAURO MAIA;;FATIMA;RDX7226;Colisão;Não informado;Não informado;Não informado;Não informado;Não informado;Longo da via;0;1;0;1;1;0;0;0;0;0;0;0;0;(-38.5219131 -3.7520562);
YEN0757;2021-06-28 15:05:00;Avenida Senador Virgílio Távora;;;DIONISIO TORRES;YEN0757;Colisão;Não informado;Não informado;Não informado;Não informado;Não informado;Longo da via;0;1;0;0;0;0;0;0;0;0;0;0;0;(-38.4938598 -3.738809);
FED3944;2021-06-28 14:43:00;Avenida Senador Carlos Jereissati;;;SERRINHA;FED3944;Colisão;Não informado;Não informado;Não informado;Não informado;Não informado;Longo da via;0;1;0;1;1;0;0;0;0;0;0;0;0;(-38.53596581919062 -3.782021124545135);
BVK5963;2021-06-28 14:03:00;Avenida Professor Gomes de Matos;;;MONTESE;BVK5963;Colisão;Não informado;Não informado;Não informado;Não informado;Não informado;Longo da via;0;1;0;1;1;0;0;0;0;0;0;0;0;(-38.54659811402278 -3.762376363088739);
DHM5712;2021-06-28 12:00:00;Rua Tenente Jurandir Alencar;;;MESSEJANA;DHM5712;Colisão;Não informado;Não informado;Não informado;Não informado;Não informado;Longo da via;0;1;0;0;1;0;0;0;0;1;0;0;0;(-38.49355844933198 -3.831759316501156);
IMZ3468;2021-06-28 10:42:00;Rua Coronel Pergentino Ferreira;RUA MON OTAVIO CASTRO;;FATIMA;IMZ3468;Colisão;Não informado;Não informado;Não informado;Não informado;Não informado;Longo da via;0;2;0;1;1;0;0;0;0;0;0;0;0;(-38.52648690285346 -3.748962001589553);
ATW0469;2021-06-28 10:17:00;Avenida Senador Carlos Jereissati;;;SERRINHA;ATW0469;Colisão;Não informado;Não informado;Não informado;Não informado;Não informado;Longo da via;0;1;0;1;1;0;0;0;0;0;0;0;0;(-38.5353259 -3.7822053);
HFD2461;2021-06-28 08:53:00;Avenida Dom Luís;RUA FRE MANSUETO;;ALDEOTA;HFD2461;Colisão;Não informado;Não informado;Não informado;Não informado;Não informado;Longo da via;0;2;0;1;1;0;0;0;0;0;0;0;0;(-38.48860338999904 -3.736039912065143);
BZS3378;2021-06-28 08:26:00;Rua Coronel Joaquim Franklin;RUA RUI MONTE;;ANTONIO BEZERRA;BZS3378;Colisão;Não informado;Não informado;Não informado;Não informado;Não informado;Longo da via;0;1;0;2;0;0;0;0;0;0;0;0;0;(-38.5873837 -3.7423584);
LSJ1399;2021-06-28 06:58:00;Avenida General Osório de Paiva;;;VILA PERY;LSJ1399;Queda;Não informado;Não informado;Não informado;Não informado;Não informado;Longo da via;0;1;0;1;0;0;0;0;0;0;0;0;0;(-38.5949496 -3.7975027);
NLZ4114;2021-06-28 03:40:00;Avenida I;;;CONJUNTO CEARA I;NLZ4114;Colisão;Não informado;Não informado;Não informado;Não informado;Não informado;Longo da via;0;3;0;0;1;0;0;0;0;0;0;0;0;(-38.59769419059575 -3.770951596950549);
OKN4902;2021-04-05 18:42:00;Rua H;RUA SGT BARBOSA;;CONJUNTO CEARA I;OKN4902;Colisão;Não informado;Não informado;Não informado;Cruz;Não informado;Cruzamento;0;1;0;2;0;0;0;0;0;0;0;0;0;(-38.6181855 -3.7778539);
XVD4012;2021-06-28 01:50:00;Avenida Godofredo Maciel;;;MARAPONGA;XVD4012;Colisão;Não informado;Não informado;Não informado;Não informado;Não informado;Longo da via;0;3;0;0;2;0;0;0;0;0;0;0;0;(-38.57249215938341 -3.804620078543738);
DHD2694;2021-06-28 01:02:00;Rua 23 de Junho;;;PASSARE;DHD2694;Queda;Não informado;Não informado;Não informado;Não informado;Não informado;Longo da via;0;1;0;1;0;0;0;0;0;0;0;0;0;(-38.5405793 -3.8130046);
ZXH8795;2021-06-28 00:44:00;Rua Pedestre IX;;;CANINDEZINHO;ZXH8795;Colisão;Não informado;Não informado;Não informado;Não informado;Não informado;Longo da via;0;1;0;2;0;0;0;0;0;0;0;0;0;(-38.60534218332266 -3.816258549698794);
NHG8582;2021-06-28 00:19:00;Rua Luzia Moreira;RUA TAQUARI;;BONSUCESSO;NHG8582;Colisão;Não informado;Não informado;Não informado;Não informado;Não informado;Longo da via;0;1;0;2;0;0;0;0;0;0;0;0;0;(-38.59275723375947 -3.778800779079815);
ICJ5754;2021-06-27 23:22:00;Rua Joaquim Magalhães;;;BENFICA;ICJ5754;Colisão;Não informado;Não informado;Não informado;Não informado;Não informado;Longo da via;0;1;0;1;1;0;0;0;0;0;0;0;0;(-38.53414729907191 -3.737950937311355);
BSB1656;2021-06-27 22:52:00;Rua Júlio Silva;;;PRAIA DO FUTURO I;BSB1656;Atropelamento;Não informado;Não informado;Não informado;Não informado;Não informado;Longo da via;0;2;0;0;0;0;0;0;0;0;1;0;0;(-38.45414772548721 -3.74513464200676);
TDY2474;2021-06-27 22:28:00;Rua Pedro De Sousa;;;JANGURUSSU;TDY2474;Colisão;Não informado;Não informado;Não informado;Não informado;Não informado;Longo da via;0;1;0;1;1;0;0;0;0;0;0;0;0;(-38.50002959876043 -3.852331788214446);
TPJ6355;2021-06-27 22:25:00;Rodovia Br116;;;CIDADE DOS FUNCIONRAIOS;TPJ6355;Atropelamento;Não informado;Não informado;Não informado;Não informado;Não informado;Longo da via;0;1;0;0;0;0;1;0;0;0;0;0;0;(-38.508596569897 -3.791982507984345);