COD_ACIDENTE;DATA;LOG1;LOG2;NUMERO;BAIRRO;AMC;NATUREZA;ILUMINACAO;TEMPO;SUPERFICIEPISTA;TIPOCRUZAMENTO;CONTROLETRAFEGO;USOSOLO;MORTOS;FERIDOS;ILESOS;MOTOCICLETA;AUTOMOVEL;MICROONIBUS;CAMINHAO;ONIBUS;CICLOMOTOR;BICICLETA;OUTROS;TREM;TRACAOANIMAL;COORDENADAS
ETY3979;2021-06-27 20:32:00;Rua Waldir Diogo;;;MONDUBIM;ETY3979;Colisão;Não informado;Não informado;Não informado;Não informado;Não informado;Longo da via;0;1;0;1;1;0;0;0;0;0;0;0;0;(-38.5818262502739 -3.806654062433047);
DNI1901;2021-06-27 20:02:00;Avenida Bernardo Manuel;;;ITAPERI;DNI1901;Colisão;Não informado;Não informado;Não informado;Não informado;Não informado;Longo da via;0;1;0;2;0;0;0;0;0;0;0;0;0;(-38.55264917709123 -3.802955419734835);
YBZ1355;2021-04-05 18:01:00;Rua Pedro de Queirós;RUA XAVIER DE OLIVEIRA;;AMADEU FURTADO;YBZ1355;Colisão;Não informado;Não informado;Não informado;Cruz;Não informado;Cruzamento;0;1;0;1;1;0;0;0;0;0;0;0;0;(-38.5583854 -3.7468175);
KZU3330;2021-06-27 18:44:00;Avenida Castelo de Castro;;;JANGURUSSU;KZU3330;Atropelamento;Não informado;Não informado;Não informado;Não informado;Não informado;Longo da via;0;1;0;1;0;0;0;0;0;0;0;0;0;(-38.52170720638892 -3.838035682351208);
ULV8699;2021-06-27 17:40:00;Avenida Governador Raul Barbosa;;;AEROLANDIA;ULV8699;Queda;Não informado;Não informado;Não informado;Não informado;Não informado;Longo da via;0;1;0;1;0;0;0;0;0;0;0;0;0;(-38.5088994 -3.7657658);
CSI5157;2021-04-05 17:19:00;AV VITAL BRASIL;;;GRANJA PORTUGAL;CSI5157;Colisão;Não informado;Não informado;Não informado;Meio de quadra;Não informado;Longo da via;0;1;0;1;1;0;0;0;0;0;0;0;0;(-38.5969333 -3.7783069);
JIM0915;2021-06-27 15:54:00;Avenida General Osório de Paiva;;;SIQUEIRA;JIM0915;Colisão;Não informado;Não informado;Não informado;Não informado;Não informado;Longo da via;0;1;0;0;0;0;0;0;0;0;0;0;0;(-38.5949496 -3.7975027);
YHK2257;2021-04-05 16:50:00;Avenida José Leon;RUA JOSE FRAGA NETO;;JARDIM DAS OLIVEIRAS;YHK2257;Colisão;Não informado;Não informado;Não informado;Y;Não informado;Cruzamento;0;1;0;1;1;0;0;0;0;0;0;0;0;(-38.5020692 -3.7883551);
YPL7382;2021-04-05 15:12:00;Rua da Sorte;;;SIQUEIRA;YPL7382;Queda;Não informado;Não informado;Não informado;Meio de quadra;Não informado;Longo da via;0;1;0;1;0;0;0;0;0;0;0;0;0;(-38.6167811 -3.8004006);
TWP6940;2021-06-27 15:47:00;Avenida Deputado Paulino Rocha;;;CAJAZEIRAS;TWP6940;Colisão;Não informado;Não informado;Não informado;Não informado;Não informado;Longo da via;0;1;0;0;0;0;0;0;0;0;0;0;0;(-38.5052813 -3.7996307);
THY3491;2021-04-05 13:00:00;Avenida Zezé Diogo;;;VICENTE PINZON;THY3491;Colisão;Não informado;Não informado;Não informado;Meio de quadra;Não informado;Longo da via;0;1;0;1;1;0;0;0;0;0;0;0;0;(-38.4639587 -3.718465199999999);
ZYD8965;2021-04-05 12:59:00;Avenida Bernardo Manuel;;;PREFEITO JOSE VALTER;ZYD8965;Colisão;Não informado;Não informado;Não informado;Meio de quadra;Não informado;Longo da via;0;1;0;1;1;0;0;0;0;0;0;0;0;(-38.5607998 -3.8302191);
JEZ3988;2021-06-27 15:18:00;Avenida Deputado Paulino Rocha;;;CAJAZEIRAS;JEZ3988;Colisão;Não informado;Não informado;Não informado;Não informado;Não informado;Longo da via;0;1;0;0;0;0;0;0;0;0;1;0;0;(-38.50729838706743 -3.801055242567131);
KRF4078;2021-06-27 15:18:00;Avenida Washington Soares;AV EDILSON B SOARES;;EDSON QUEIROZ;KRF4078;Colisão;Não informado;Não informado;Não informado;Não informado;Não informado;Longo da via;0;1;0;1;1;0;0;0;0;0;0;0;0;(-38.480421 -3.7894834);
IEQ1680;2021-04-05 12:42:00;Avenida Coronel Carvalho;;;BARRA DO CEARA;IEQ1680;Queda;Não informado;Não informado;Não informado;Meio de quadra;Não informado;Longo da via;0;1;0;1;0;0;0;0;0;0;0;0;0;(-38.5899407 -3.7102945);
IAK8990;2021-06-27 13:38:00;Avenida Alberto Nepomuceno;;;CENTRO;IAK8990;Queda;Não informado;Não informado;Não informado;Não informado;Não informado;Longo da via;0;1;0;1;0;0;0;0;0;0;0;0;0;(-38.52366522483424 -3.722341432910442);
MML6594;2021-06-27 13:09:00;Rua Coelho da Fonseca;;;CARLITO PAMPLONA;MML6594;Atropelamento;Não informado;Não informado;Não informado;Não informado;Não informado;Longo da via;0;1;0;0;1;0;0;0;0;0;0;0;0;(-38.56124833872381 -3.71305375349583);
BSU2689;2021-04-05 11:54:00;Avenida General Osório de Paiva;;;PARANGABA;BSU2689;Atropelamento;Não informado;Não informado;Não informado;Meio de quadra;Não informado;Longo da via;0;1;0;1;0;0;0;0;0;0;0;0;0;(-38.5651249 -3.7749825);
OED6432;2021-04-05 11:50:00;Avenida Engenheiro Agrônomo José Guimarães Duque;;;CAMBEBA;OED6432;Colisão;Não informado;Não informado;Não informado;Meio de quadra;Não informado;Longo da via;0;1;0;0;0;0;0;0;0;0;1;0;0;(-38.48875 -3.8047066);
RXX9680;2021-04-05 11:46:00;Avenida Francisco Sá;;;CARLITO PAMPLONA;RXX9680;Colisão;Não informado;Não informado;Não informado;Meio de quadra;Não informado;Longo da via;0;1;0;0;1;0;0;0;0;1;0;0;0;(-38.5500908 -3.7201285);
CPY0428;2021-06-27 09:40:00;Avenida Ministro Albuquerque Lima;;;CONJUNTO CEARA I;CPY0428;Colisão;Não informado;Não informado;Não informado;Não informado;Não informado;Longo da via;0;1;0;1;1;0;0;0;0;0;0;0;0;(-38.59879926070989 -3.770239673761043);
CPC2871;2021-04-05 10:38:00;Avenida Senador Carlos Jereissati;;;DIAS MACEDO;CPC2871;Queda;Não informado;Não informado;Não informado;Meio de quadra;Não informado;Longo da via;0;1;0;1;0;0;0;0;0;0;0;0;0;(-38.51753 -3.7844614);
SQW5429;2021-06-27 09:31:00;Rua Nereu Ramos;;;VILA PERY;SQW5429;Queda;Não informado;Não informado;Não informado;Não informado;Não informado;Longo da via;0;1;0;1;0;0;0;0;0;0;0;0;0;(-38.57443943374506 -3.783974870793782);
IJW9344;2021-06-27 08:21:00;Rua Hipólito Pamplona;;;ANTONIO BEZERRA;IJW9344;Queda;Não informado;Não informado;Não informado;Não informado;Não informado;Longo da via;0;1;0;1;0;0;0;0;0;0;0;0;0;(-38.59627299287578 -3.743914834901815);
EFP5779;2021-04-05 01:08:00;Rua SANTA MARIA GORETI;RUA SAO VICENTE DE PAULA D29;;QUINTINO CUNHA;EFP5779;Queda;Não informado;Não informado;Não informado;Cruz;Não informado;Cruzamento;0;1;0;1;0;0;0;0;0;0;0;0;0;(-38.6023165 -3.7250435);
ONX5575;2021-04-04 23:27:00;Avenida Rogaciano Leite;;;ENGENHEIRO LUCIANO CAVALCANTE;ONX5575;Colisão;Não informado;Não informado;Não informado;Meio de quadra;Não informado;Longo da via;0;2;0;0;0;0;0;0;0;0;1;0;0;(-38.49850530000001 -3.7722163);
SMK2056;2021-06-27 07:03:00;Rua Nereu Ramos;;;PARANGABA;SMK2056;Queda;Não informado;Não informado;Não informado;Não informado;Não informado;Longo da via;0;1;0;1;0;0;0;0;0;0;0;0;0;(-38.57414439919825 -3.784012339856865);
ZCP0558;2021-06-27 06:55:00;Avenida General Osório de Paiva;;;PARANGABA;ZCP0558;Queda;Não informado;Não informado;Não informado;Não informado;Não informado;Longo da via;0;1;0;1;0;0;0;0;0;0;0;0;0;(-38.56628553499488 -3.775571054302908);
IUZ2959;2021-06-27 06:16:00;Avenida General Osório de Paiva;;;BOM JARDIM;IUZ2959;Queda;Não informado;Não informado;Não informado;Não informado;Não informado;Longo da via;0;1;0;1;0;0;0;0;0;0;0;0;0;(-38.59641210336606 -3.798539508608687);
KMN9572;2021-06-27 03:51:00;Avenida Contôrno Oeste;AV CONTORNO SUL D71;;MONDUBIM;KMN9572;Colisão;Não informado;Não informado;Não informado;Não informado;Não informado;Longo da via;0;1;0;1;1;0;0;0;0;0;0;0;0;(-38.59567719029405 -3.812070859244286);
ZCQ0788;2021-04-04 21:54:00;Avenida Beira Mar;RUA ILDEFONSO ALBANO;;PRAIA DE IRACEMA;ZCQ0788;Queda;Não informado;Não informado;Não informado;Y;Não informado;Cruzamento;0;1;0;0;0;0;0;0;0;1;0;0;0;(-38.5093522 -3.721055);
BKO5511;2021-04-04 21:45:00;Avenida Bernardo Manuel;;;ITAPERI;BKO5511;Colisão;Não informado;Não informado;Não informado;Meio de quadra;Não informado;Longo da via;0;1;0;0;0;0;0;0;0;0;1;0;0;(-38.5549727 -3.8096134);
OOY0135;2021-06-27 03:34:00;Avenida Governador Raul Barbosa;;;AEROLANDIA;OOY0135;Colisão;Não informado;Não informado;Não informado;Não informado;Não informado;Longo da via;0;1;0;1;1;0;0;0;0;0;0;0;0;(-38.5088994 -3.7657658);
OVB0361;2021-06-27 02:16:00;Rua Ana Gonçalves;;;SAO JOAO DO TAUAPE;OVB0361;Colisão;Não informado;Não informado;Não informado;Não informado;Não informado;Longo da via;0;1;0;1;1;0;0;0;0;0;0;0;0;(-38.51232484300808 -3.75954469740647);
UPQ1582;2021-04-04 20:40:00;Avenida Governador Parsifal Barroso;;;PRESIDENTE KENNEDY;UPQ1582;Queda;Não informado;Não informado;Não informado;Meio de quadra;Não informado;Longo da via;0;1;0;1;0;0;0;0;0;0;0;0;0;(-38.5693481 -3.730314599999999);
LOE9966;2021-06-26 23:24:00;Avenida Rogaciano Leite;;;COCO;LOE9966;Colisão;Não informado;Não informado;Não informado;Não informado;Não informado;Longo da via;0;1;0;1;1;0;0;0;0;0;0;0;0;(-38.49850530000001 -3.7722163);
VZZ1227;2021-04-04 20:02:00;Avenida Desembargador Moreira;AV SANTOS DUMONT;;ALDEOTA;VZZ1227;Colisão;Não informado;Não informado;Não informado;Cruz;Não informado;Cruzamento;0;1;0;1;1;0;0;0;0;0;0;0;0;(-38.4983374 -3.7362454);
ZSC6973;2021-06-26 23:12:00;Avenida José Tavares;;;CANINDEZINHO;ZSC6973;Colisão;Não informado;Não informado;Não informado;Não informado;Não informado;Longo da via;0;1;0;2;0;0;0;0;0;0;0;0;0;(-38.5991839 -3.812235099999999);
XVA8614;2021-04-04 19:20:00;Rua Iracema;;;CONJUNTO PALMEIRAS;XVA8614;Colisão;Não informado;Não informado;Não informado;Meio de quadra;Não informado;Longo da via;0;1;0;1;1;0;0;0;0;0;0;0;0;(-38.5281408 -3.8444017);
QFS4604;2021-06-26 22:05:00;Rua Júlio Ibiapina;;;MEIRELES;QFS4604;Colisão;Não informado;Não informado;Não informado;Não informado;Não informado;Longo da via;0;1;0;1;1;0;0;0;0;0;0;0;0;(-38.49104420606706 -3.727748048459833);
BNH8446;2021-04-04 18:50:00;Avenida Professor Gomes de Matos;;;MONTESE;BNH8446;Atropelamento;Não informado;Não informado;Não informado;Meio de quadra;Não informado;Longo da via;0;1;0;0;0;0;0;0;0;0;1;0;0;(-38.5454753 -3.760771799999999);
QSY5275;2021-04-04 18:41:00;RUA ALM JACEGUAI;;;PRAIA DE IRACEMA;QSY5275;Queda;Não informado;Não informado;Não informado;Meio de quadra;Não informado;Longo da via;0;1;0;0;0;0;0;0;0;1;0;0;0;(-38.5193178 -3.7222813);
INX4027;2021-04-04 18:12:00;Rua Major Pedro Sampaio;;;QUINTINO CUNHA;INX4027;Atropelamento;Não informado;Não informado;Não informado;Meio de quadra;Não informado;Longo da via;0;1;0;0;1;0;0;0;0;0;0;0;0;(-38.5489617 -3.7415846);
SJP9128;2021-06-26 21:18:00;Rua Costa Barros;;;CENTRO;SJP9128;Colisão;Não informado;Não informado;Não informado;Não informado;Não informado;Longo da via;0;1;0;1;1;0;0;0;0;0;0;0;0;(-38.51934150061813 -3.72785510981841);
MXF8722;2021-06-26 20:47:00;Avenida Bernardo Manuel;;;PLANALTO AYRTON SENNA;MXF8722;Queda;Não informado;Não informado;Não informado;Não informado;Não informado;Longo da via;0;2;0;1;0;0;0;0;0;0;0;0;0;(-38.56146290559271 -3.83234607603278);
DZB1697;2021-04-04 15:56:00;Rua Padre Paulino;;;CAJAZEIRAS;DZB1697;Queda;Não informado;Não informado;Não informado;Meio de quadra;Não informado;Longo da via;0;1;0;0;0;0;0;0;0;1;0;0;0;(-38.5089414 -3.7976611);
BHG4885;2021-06-26 19:03:00;Rua Anselmo Nogueira;;;BONSUCESSO;BHG4885;Colisão;Não informado;Não informado;Não informado;Não informado;Não informado;Longo da via;0;1;0;1;1;0;0;0;0;0;0;0;0;(-38.5879987 -3.7903612);
VAW7107;2021-04-05 01:03:00;Avenida Bezerra de Menezes;AV OLAVO BILAC;;PRESIDENTE KENNEDY;VAW7107;Colisão;Não informado;Não informado;Não informado;Cruz;Não informado;Cruzamento;0;1;0;1;1;0;0;0;0;0;0;0;0;(-38.5643456 -3.7359297);
SJN7904;2021-06-26 18:33:00;Rua Teodoro de Castro;RUA AIRES DA CUNHA;;GRANJA PORTUGAL;SJN7904;Colisão;Não informado;Não informado;Não informado;Não informado;Não informado;Longo da via;0;1;0;2;0;0;0;0;0;0;0;0;0;(-38.6049983 -3.7797278);
IDK6250;2021-04-04 14:01:00;Avenida Contôrno Norte;RUA 105 CJ ESPERANCA;;CONJUNTO ESPERANCA;IDK6250;Colisão;Não informado;Não informado;Não informado;T;Não informado;Cruzamento;0;1;0;0;0;0;0;0;0;0;1;0;0;(-38.5898574 -3.8111367);
GSP9693;2021-06-26 16:25:00;Rua Alfredo Mamede;;;MONDUBIM;GSP9693;Colisão;Não informado;Não informado;Não informado;Não informado;Não informado;Longo da via;0;1;0;0;1;0;0;0;0;1;0;0;0;(-38.5799433289894 -3.807114384436143);
OWF9314;2021-04-04 13:39:00;Avenida Val Paraíso;;;CONJUNTO PALMEIRAS;OWF9314;Colisão;Não informado;Não informado;Não informado;Meio de quadra;Não informado;Longo da via;0;1;0;1;1;0;0;0;0;0;0;0;0;(-38.5307752 -3.8398212);
ZDD9872;2021-06-26 15:34:00;Avenida Doutor Aldy Mentor;;;MANUEL DIAS BRANCO;ZDD9872;Colisão;Não informado;Não informado;Não informado;Não informado;Não informado;Longo da via;0;1;0;0;1;0;0;0;0;0;0;0;0;(-38.46760168262182 -3.753324635786924);
SRC2057;2021-06-26 15:01:00;Avenida General Osório de Paiva;;;SIQUEIRA;SRC2057;Colisão;Não informado;Não informado;Não informado;Não informado;Não informado;Longo da via;0;1;0;0;0;0;0;0;0;0;0;0;0;(-38.58957783291946 -3.791795164378156);
SYW8211;2021-04-04 09:09:00;Avenida Carneiro de Mendonça;;;DEMOCRITO ROCHA;SYW8211;Queda;Não informado;Não informado;Não informado;Meio de quadra;Não informado;Longo da via;0;1;0;1;0;0;0;0;0;0;0;0;0;(-38.5651454 -3.7648079);
PFH0801;2021-06-26 14:56:00;Rua Cecil Salgado;RUA ANTONIO ARRUDA;;JARDIM GUANABARA;PFH0801;Colisão;Não informado;Não informado;Não informado;Não informado;Não informado;Longo da via;0;2;0;1;1;0;0;0;0;0;0;0;0;(-38.59472230535303 -3.722694737514947);
ILV5180;2021-06-26 14:36:00;Avenida Monte Pascoal;;;SIQUEIRA;ILV5180;Colisão;Não informado;Não informado;Não informado;Não informado;Não informado;Longo da via;0;1;0;1;1;0;0;0;0;0;0;0;0;(-38.5947907 -3.8072626);
GRZ7612;2021-04-04 08:07:00;Avenida Sargento Hermínio Sampaio;;;MONTE CASTELO;GRZ7612;Queda;Não informado;Não informado;Não informado;Meio de quadra;Não informado;Longo da via;0;1;0;1;0;0;0;0;0;0;0;0;0;(-38.5544661 -3.7254177);
XUS7582;2021-04-04 00:14:00;Avenida Presidente Costa e Silva;;;MONDUBIM;XUS7582;Queda;Não informado;Não informado;Não informado;Meio de quadra;Não informado;Longo da via;0;1;0;1;0;0;0;0;0;0;0;0;0;(-38.5684998 -3.8161011);
RQW6522;2021-04-04 00:00:00;AV GOV RAUL BARBOSA;;;SAO JOAO DO TAUAPE;RQW6522;Queda;Não informado;Não informado;Não informado;Meio de quadra;Não informado;Longo da via;0;1;0;1;0;0;0;0;0;0;0;0;0;(-38.5046054 -3.7583541);
OBB0574;2021-04-03 23:32:00;Rua HONORATO SILVA;;;PARQUE SANTA ROSA;OBB0574;Colisão;Não informado;Não informado;Não informado;Meio de quadra;Não informado;Longo da via;0;1;0;2;0;0;0;0;0;0;0;0;0;(-38.4987656 -3.8525491);
RFK0581;2021-04-03 23:13:00;Avenida Mister Hull;;;ANTONIO BEZERRA;RFK0581;Colisão;Não informado;Não informado;Não informado;Não informado;Não informado;Longo da via;0;1;0;0;0;0;0;0;0;0;1;0;0;(-38.5918137 -3.7395231);
BLW1967;2021-04-03 22:49:00;RUA 62;;;PREFEITO JOSE VALTER;BLW1967;Atropelamento;Não informado;Não informado;Não informado;Meio de quadra;Não informado;Longo da via;0;1;0;0;1;0;0;0;0;0;0;0;0;(-38.55855 -3.83741);
BRO7723;2021-06-26 14:11:00;Rua Anselmo Nogueira;;;JANGURUSSU;BRO7723;Atropelamento;Não informado;Não informado;Não informado;Não informado;Não informado;Longo da via;0;1;0;0;1;0;0;0;0;0;0;0;0;(-38.5879987 -3.7903612);
HVN0008;2021-04-03 21:08:00;Rua 24 de Maio;RUA METON DE ALENCAR;;CENTRO;HVN0008;Colisão;Não informado;Não informado;Não informado;Cruz;Não informado;Cruzamento;0;1;0;1;1;0;0;0;0;0;0;0;0;(-38.5338568 -3.7326284);
YCU6889;2021-04-03 21:03:00;Avenida Dom Manuel;;;CENTRO;YCU6889;Atropelamento;Não informado;Não informado;Não informado;Meio de quadra;Não informado;Longo da via;0;1;0;1;0;0;0;0;0;0;0;0;0;(-38.5234599 -3.736255299999999);
BXA6623;2021-06-26 12:02:00;Rua João Ramalho;RUA DOM XISTO ALBANO;;PARQUE SAO JOSE;BXA6623;Colisão;Não informado;Não informado;Não informado;Não informado;Não informado;Longo da via;0;3;0;2;0;0;0;0;0;0;0;0;0;(-38.5877582 -3.7993814);
YAC6406;2021-04-03 20:36:00;Rua Nossa Senhora Aparecida;;;MONDUBIM;YAC6406;Colisão;Não informado;Não informado;Não informado;Meio de quadra;Não informado;Longo da via;0;1;0;1;1;0;0;0;0;0;0;0;0;(-38.5875788 -3.8342667);
ICF4368;2021-06-26 11:44:00;Avenida Washington Soares;;;MESSEJANA;ICF4368;Colisão;Não informado;Não informado;Não informado;Não informado;Não informado;Longo da via;0;1;0;1;1;0;0;0;0;0;0;0;0;(-38.47938195212174 -3.802950067128969);
ZJB6739;2021-06-26 11:04:00;Rua 24 de Maio;RUA CASTRO E SILVA;;CENTRO;ZJB6739;Atropelamento;Não informado;Não informado;Não informado;Não informado;Não informado;Longo da via;0;1;0;0;1;0;0;0;0;0;0;0;0;(-38.53064990000001 -3.7227829);
GBG9254;2021-04-03 20:01:00;Rua Senador Pompeu;;;CENTRO;GBG9254;Queda;Não informado;Não informado;Não informado;Meio de quadra;Não informado;Longo da via;0;1;0;0;0;0;0;0;0;1;0;0;0;(-38.5346224 -3.742848599999999);
PWN1491;2021-06-26 11:00:00;Rua Brigadeiro Torres;;;HENRIQUE JORGE;PWN1491;Queda;Não informado;Não informado;Não informado;Não informado;Não informado;Longo da via;0;1;0;1;0;0;0;0;0;0;0;0;0;(-38.58066216030166 -3.766390996201997);
EPJ1210;2021-04-03 14:56:00;Rua Castro Alencar;RUA FRANCISCO VASCONCELOS;;JARDIM DAS OLIVEIRAS;EPJ1210;Colisão;Não informado;Não informado;Não informado;Cruz;Não informado;Cruzamento;0;1;0;1;1;0;0;0;0;0;0;0;0;(-38.5038497 -3.7827571);
DOI9745;2021-06-26 04:38:00;Avenida General Osório de Paiva;;;SIQUEIRA;DOI9745;Colisão;Não informado;Não informado;Não informado;Não informado;Não informado;Longo da via;0;1;0;1;1;0;0;0;0;0;0;0;0;(-38.61107842155575 -3.813906781648708);
ZPA6582;2021-06-26 02:45:00;Rua Almirante Rubim;;;ITAOCA;ZPA6582;Colisão;Não informado;Não informado;Não informado;Não informado;Não informado;Longo da via;0;1;0;0;0;0;0;0;0;0;0;0;0;(-38.5573484129152 -3.772953543245334);
NRU1325;2021-06-26 01:43:00;Avenida Governador Raul Barbosa;;;ALTO DA BALANCA;NRU1325;Queda;Não informado;Não informado;Não informado;Não informado;Não informado;Longo da via;0;1;0;1;0;0;0;0;0;0;0;0;0;(-38.5088994 -3.7657658);
UVX0902;2021-06-26 01:04:00;Avenida Coletora Central;;;ANCURI;UVX0902;Queda;Não informado;Não informado;Não informado;Não informado;Não informado;Longo da via;0;1;0;1;0;0;0;0;0;0;0;0;0;(-38.51477102138292 -3.877374817637429);
MCU6178;2021-06-26 00:14:00;Avenida Augusto dos Anjos;;;SIQUEIRA;MCU6178;Colisão;Não informado;Não informado;Não informado;Não informado;Não informado;Longo da via;0;1;0;1;1;0;0;0;0;0;0;0;0;(-38.57771710207525 -3.778493664686581);
PYD8956;2021-06-26 00:06:00;Rua Tenente Wilson;;;AEROLANDIA;PYD8956;Queda;Não informado;Não informado;Não informado;Não informado;Não informado;Longo da via;0;1;0;0;0;0;0;0;0;1;0;0;0;(-38.51133242614171 -3.768954998861409);
PYZ3820;2021-06-26 00:01:00;Rua Minas Gerais;;;DEMOCRITO ROCHA;PYZ3820;Colisão;Não informado;Não informado;Não informado;Não informado;Não informado;Longo da via;0;1;0;1;1;0;0;0;0;0;0;0;0;(-38.56726720824671 -3.759566108901718);
PXS0468;2021-06-25 22:25:00;Avenida H;AV G CJ CEARA;;CONJUNTO CEARA I;PXS0468;Colisão;Não informado;Não informado;Não informado;Não informado;Não informado;Longo da via;0;1;0;1;1;0;0;0;0;0;0;0;0;(-38.61011281810013 -3.775753048643423);
UZR4578;2021-06-25 21:59:00;Rua Sargento João Pinheiro;;;BOM JARDIM;UZR4578;Atropelamento;Não informado;Não informado;Não informado;Não informado;Não informado;Longo da via;0;1;0;0;0;0;0;0;0;0;0;0;0;(-38.62314835485082 -3.784162216092992);
BRC7362;2021-04-03 14:56:00;Avenida José Bastos;;;BELA VISTA;BRC7362;Colisão;Não informado;Não informado;Não informado;Meio de quadra;Não informado;Longo da via;0;1;0;1;1;0;0;0;0;0;0;0;0;(-38.5523273 -3.7516207);
DBL3634;2021-06-25 21:28:00;Rua Sargento João Pinheiro;RUA CEL FABRICIANO;;GRANJA LISBOA;DBL3634;Colisão;Não informado;Não informado;Não informado;Não informado;Não informado;Longo da via;0;1;0;1;1;0;0;0;0;0;0;0;0;(-38.6217381 -3.7789516);
KBG3275;2021-04-03 14:55:00;Avenida Antônio Sales;RUA BARBOSA DE FREITAS;;DIONISIO TORRES;KBG3275;Colisão;Não informado;Não informado;Não informado;Cruz;Não informado;Cruzamento;0;1;0;1;1;0;0;0;0;0;0;0;0;(-38.500416 -3.7460394);
QBG7056;2021-06-25 21:22:00;Avenida Frei Cirilo;;;JARDIM DAS OLIVEIRAS;QBG7056;Queda;Não informado;Não informado;Não informado;Não informado;Não informado;Longo da via;0;2;0;1;0;0;0;0;0;0;0;0;0;(-38.50941196964778 -3.790258945276114);
UYX7483;2021-04-03 14:47:00;Avenida Monsenhor Amarílio Rodrigues;;;JANGURUSSU;UYX7483;Colisão;Não informado;Não informado;Não informado;Meio de quadra;Não informado;Longo da via;0;1;0;1;1;0;0;0;0;0;0;0;0;(-38.5187153 -3.8362925);
UYX7483;2021-04-03 14:07:00;Avenida General Osório de Paiva;;;SIQUEIRA;UYX7483;Colisão;Não informado;Não informado;Não informado;Meio de quadra;Não informado;Longo da via;0;0;0;0;0;0;0;0;0;0;0;0;0;(-38.6081067 -3.811315);
BGH7319;2021-04-03 14:39:00;Rua Deputado Moreira da Rocha;;;MEIRELES;BGH7319;Colisão;Não informado;Não informado;Não informado;Meio de quadra;Não informado;Longo da via;0;1;0;1;1;0;0;0;0;0;0;0;0;(-38.5115772 -3.726350499999999);
OXH7257;2021-06-25 20:16:00;Rua Júlio Silva;;;PRAIA DO FUTURO I;OXH7257;Queda;Não informado;Não informado;Não informado;Não informado;Não informado;Longo da via;0;1;0;1;0;0;0;0;0;0;0;0;0;(-38.45412090222418 -3.745113230157809);
IQL4620;2021-04-03 14:26:00;Rua Professor Manoel Lourenço;;;JOQUEI CLUBE;IQL4620;Colisão;Não informado;Não informado;Não informado;Meio de quadra;Não informado;Longo da via;0;1;0;1;1;0;0;0;0;0;0;0;0;(-38.5731715 -3.7638465);
PMW4946;2021-04-03 14:07:00;Avenida General Osório de Paiva;;;SIQUEIRA;PMW4946;Colisão;Não informado;Não informado;Não informado;Meio de quadra;Não informado;Longo da via;0;2;0;2;0;0;0;0;0;0;0;0;0;(-38.61393228584855 -3.817252111222079);
WZR5026;2021-06-25 20:10:00;Rua Antônieta Clotilde;;;JARDIM IRACEMA;WZR5026;Colisão;Não informado;Não informado;Não informado;Não informado;Não informado;Longo da via;0;1;0;2;0;0;0;0;0;0;0;0;0;(-38.58113959725957 -3.717400506702305);
FGA8971;2021-04-03 13:49:00;Avenida Presidente Costa e Silva;;;PREFEITO JOSE VALTER;FGA8971;Colisão;Não informado;Não informado;Não informado;Meio de quadra;Não informado;Longo da via;0;1;0;2;0;0;0;0;0;0;0;0;0;(-38.5503326 -3.823450799999999);
TPS4818;2021-06-25 19:38:00;Rua César Fontenele;;;PARQUELANDIA;TPS4818;Colisão;Não informado;Não informado;Não informado;Não informado;Não informado;Longo da via;0;1;0;0;2;0;0;0;0;0;0;0;0;(-38.55836227877427 -3.746130292404548);
YST7252;2021-04-03 12:04:00;Rua Estefânia Mendes Mota;;;MONTE CASTELO;YST7252;Colisão;Não informado;Não informado;Não informado;Meio de quadra;Não informado;Longo da via;0;1;0;1;1;0;0;0;0;0;0;0;0;(-38.5563156 -3.730536599999999);
CGO0932;2021-04-03 09:36:00;Avenida Castelo de Castro;;;JANGURUSSU;CGO0932;Colisão;Não informado;Não informado;Não informado;Meio de quadra;Não informado;Longo da via;0;1;0;1;1;0;0;0;0;0;0;0;0;(-38.5216745 -3.830881299999999);
GDA5742;2021-06-25 19:16:00;Rua Engenheiro Ronaldo de Castro Barbosa;;;PARQUE MANIBURA;GDA5742;Colisão;Não informado;Não informado;Não informado;Não informado;Não informado;Longo da via;0;1;0;1;1;0;0;0;0;0;0;0;0;(-38.48859266210129 -3.790762097477682);
JIU8448;2021-04-03 07:36:00;AV SGT HERMINIO SAMPAIO;;;PRESIDENTE KENNEDY;JIU8448;Colisão;Não informado;Não informado;Não informado;Meio de quadra;Não informado;Longo da via;0;1;0;1;1;0;0;0;0;0;0;0;0;(-38.5669291 -3.7264949);
HNC6839;2021-06-25 19:15:00;Avenida Presidente Costa e Silva;;;MONDUBIM;HNC6839;Colisão;Não informado;Não informado;Não informado;Não informado;Não informado;Longo da via;0;1;0;1;1;0;0;0;0;0;0;0;0;(-46.4145883 -24.0126924);