COD_ACIDENTE;DATA;LOG1;LOG2;NUMERO;BAIRRO;AMC;NATUREZA;ILUMINACAO;TEMPO;SUPERFICIEPISTA;TIPOCRUZAMENTO;CONTROLETRAFEGO;USOSOLO;MORTOS;FERIDOS;ILESOS;MOTOCICLETA;AUTOMOVEL;MICROONIBUS;CAMINHAO;ONIBUS;CICLOMOTOR;BICICLETA;OUTROS;TREM;TRACAOANIMAL;COORDENADAS
SWI0460;2021-04-03 03:40:00;Rua Airton Senna;;;MONDUBIM;SWI0460;Queda;Não informado;Não informado;Não informado;Meio de quadra;Não informado;Longo da via;0;1;0;1;0;0;0;0;0;0;0;0;0;(-38.564975 -3.8260211);
AZO2357;2021-06-25 16:31:00;Rua Osvaldo Cruz;RUA MARIA TOMASIA;;ALDEOTA;AZO2357;Colisão;Não informado;Não informado;Não informado;Não informado;Não informado;Longo da via;0;1;0;1;1;0;0;0;0;0;0;0;0;(-38.5000022 -3.7345975);
OVZ3369;2021-04-02 23:09:00;Rua Coronel Fabriciano;;;GRANJA PORTUGAL;OVZ3369;Colisão;Não informado;Não informado;Não informado;Meio de quadra;Não informado;Longo da via;0;1;0;2;0;0;0;0;0;0;0;0;0;(-38.60513419999999 -3.7835825);
JUD0136;2021-06-25 15:18:00;Avenida Doutor Mendel Steinbruch;;;MONDUBIM;JUD0136;Atropelamento;Não informado;Não informado;Não informado;Não informado;Não informado;Longo da via;0;1;0;1;0;0;0;0;0;0;0;0;0;(-38.5886288 -3.854776999999999);
NEX1960;2021-04-02 22:30:00;Rua M;;;BARROSO;NEX1960;Atropelamento;Não informado;Não informado;Não informado;Meio de quadra;Não informado;Longo da via;0;1;0;1;0;0;0;0;0;0;0;0;0;(-38.5176864 -3.8181931);
QNU5480;2021-06-25 14:07:00;Rua Mario Filho;;;MONDUBIM;QNU5480;Queda;Não informado;Não informado;Não informado;Não informado;Não informado;Longo da via;0;1;0;0;1;0;0;0;0;0;0;0;0;(-38.58834401137731 -3.805037580891709);
IRU0022;2021-04-02 22:23:00;Rua Pereira Coutinho;;;PEDRAS;IRU0022;Queda;Não informado;Não informado;Não informado;Meio de quadra;Não informado;Longo da via;0;1;0;0;0;0;0;0;0;1;0;0;0;(-38.5095363 -3.883497);
ERY0814;2021-04-02 21:28:00;Rua Rio Juruá;;;VILA VELHA;ERY0814;Queda;Não informado;Não informado;Não informado;Meio de quadra;Não informado;Longo da via;0;1;0;1;0;0;0;0;0;0;0;0;0;(-38.5920345 -3.706255899999999);
JFR0291;2021-04-02 20:06:00;Avenida Bernardo Manuel;;;PREFEITO JOSE VALTER;JFR0291;Colisão;Não informado;Não informado;Não informado;Meio de quadra;Não informado;Longo da via;0;1;0;1;1;0;0;0;0;0;0;0;0;(-38.561649 -3.832316399999999);
MIY7677;2021-04-02 20:05:00;Avenida Washington Soares;;;EDSON QUEIROZ;MIY7677;Colisão;Não informado;Não informado;Não informado;Meio de quadra;Não informado;Longo da via;0;1;0;1;1;0;0;0;0;0;0;0;0;(-38.4826986 -3.8336391);
ARG5763;2021-04-02 17:51:00;Rua Nova Friburgo;;;BOM JARDIM;ARG5763;Colisão;Não informado;Não informado;Não informado;Meio de quadra;Não informado;Longo da via;0;1;0;0;0;0;0;0;0;0;1;0;0;(-38.6034841 -3.7992761);
VSB1555;2021-04-02 17:02:00;Avenida Professor José Arthur de Carvalho;;;LAGOA REDONDA;VSB1555;Queda;Não informado;Não informado;Não informado;Meio de quadra;Não informado;Longo da via;0;1;0;1;0;0;0;0;0;0;0;0;0;(-38.47361009999999 -3.826528);
CAH7249;2021-04-02 16:58:00;Avenida Godofredo Maciel;;;PARANGABA;CAH7249;Colisão;Não informado;Não informado;Não informado;Meio de quadra;Não informado;Longo da via;0;1;0;0;0;0;0;0;0;0;1;0;0;(-38.56491810000001 -3.779545);
XQH9320;2021-04-02 15:36:00;Avenida Leste Oeste;RUA POTI;;BARRA DO CEARA;XQH9320;Queda;Não informado;Não informado;Não informado;Cruz;Não informado;Cruzamento;0;1;0;1;0;0;0;0;0;0;0;0;0;(-38.5823139 -3.7025887);
WPB5834;2021-06-25 13:38:00;Avenida Doutor Mendel Steinbruch;;;MONDUBIM;WPB5834;Atropelamento;Não informado;Não informado;Não informado;Não informado;Não informado;Longo da via;0;1;0;1;0;0;0;0;0;0;0;0;0;(-38.5886288 -3.854776999999999);
SGT6414;2021-04-02 14:44:00;Rua do Poente;;;BARRA DO CEARA;SGT6414;Queda;Não informado;Não informado;Não informado;Meio de quadra;Não informado;Longo da via;0;1;0;1;0;0;0;0;0;0;0;0;0;(-38.5809536 -3.699237699999999);
BKI7058;2021-06-25 12:30:00;Avenida Borges de Melo;;;AEROLANDIA;BKI7058;Queda;Não informado;Não informado;Não informado;Não informado;Não informado;Longo da via;0;1;0;1;0;0;0;0;0;0;0;0;0;(-38.5280016 -3.7602835);
XIU1703;2021-06-25 11:05:00;Rua Governador João Carlos;;;SERRINHA;XIU1703;Queda;Não informado;Não informado;Não informado;Não informado;Não informado;Longo da via;0;1;0;1;0;0;0;0;0;0;0;0;0;(-38.5525579810464 -3.780613353970203);
SCS0178;2021-04-02 10:17:00;Rua Teodomiro de Castro;;;ALVARO WEYNE;SCS0178;Colisão;Não informado;Não informado;Não informado;Meio de quadra;Não informado;Longo da via;0;1;0;1;1;0;0;0;0;0;0;0;0;(-38.5766278 -3.7170455);
FGJ2909;2021-06-25 10:10:00;Rua Sargento João Pinheiro;RUA OSCAR FRANCA;;GRANJA LISBOA;FGJ2909;Colisão;Não informado;Não informado;Não informado;Não informado;Não informado;Longo da via;0;1;0;1;1;0;0;0;0;0;0;0;0;(-38.6233055 -3.7845614);
HJW6152;2021-04-02 04:58:00;Rua Garça Branca;;;EDSON QUEIROZ;HJW6152;Queda;Não informado;Não informado;Não informado;Meio de quadra;Não informado;Longo da via;0;1;0;1;0;0;0;0;0;0;0;0;0;(-38.4537787 -3.774608299999999);
YGH1479;2021-06-25 09:57:00;Avenida Treze de Maio;;;BENFICA;YGH1479;Colisão;Não informado;Não informado;Não informado;Meio de quadra;Não informado;Longo da via;0;1;0;1;1;0;0;0;0;0;0;0;0;(-38.53542402235276 -3.744208579061054);
NNB1405;2021-06-25 06:50:00;Avenida Godofredo Maciel;;;MONDUBIM;NNB1405;Queda;Não informado;Não informado;Não informado;Não informado;Não informado;Longo da via;0;1;0;1;0;0;0;0;0;0;0;0;0;(-38.57623652387191 -3.818911389856031);
BXE5514;2021-06-25 05:47:00;Avenida Jornalista Tomaz Coelho;;;MESSEJANA;BXE5514;Colisão;Não informado;Não informado;Não informado;Não informado;Não informado;Longo da via;0;1;0;0;1;0;0;0;0;0;0;0;0;(-38.5107767 -3.8295793);
HIM5066;2021-06-25 04:27:00;Avenida Doutor Silas Munguba;;;CAJAZEIRAS;HIM5066;Colisão;Não informado;Não informado;Não informado;Meio de quadra;Não informado;Longo da via;0;3;0;0;1;0;0;0;0;0;0;0;0;(-38.55178551024541 -3.785677035166705);
LMF0767;2021-06-25 02:43:00;Avenida Engenheiro Santana Júnior;;;PAPICU;LMF0767;Colisão;Não informado;Não informado;Não informado;Não informado;Não informado;Longo da via;0;1;0;1;1;0;0;0;0;0;0;0;0;(-38.4845425 -3.739758);
JZX2162;2021-06-25 02:33:00;Avenida João Pessoa;;;DAMAS;JZX2162;Colisão;Não informado;Não informado;Não informado;Não informado;Não informado;Longo da via;0;1;0;1;1;0;0;0;0;0;0;0;0;(-38.55519726861801 -3.758886293670911);
YOR3956;2021-06-24 22:41:00;Avenida José Lima Verde;;;BARRA DO CEARA;YOR3956;Atropelamento;Não informado;Não informado;Não informado;Meio de quadra;Não informado;Longo da via;0;1;0;1;0;0;0;0;0;0;0;0;0;(-38.58921467006868 -3.701255482847474);
MGL8963;2021-04-02 04:41:00;Avenida Bernardo Manuel;;;PREFEITO JOSE VALTER;MGL8963;Colisão;Não informado;Não informado;Não informado;Meio de quadra;Não informado;Longo da via;0;1;0;1;1;0;0;0;0;0;0;0;0;(-38.560567 -3.829835);
TGF1201;2021-04-02 04:19:00;Avenida Santos Dumont;;;CIDADE 2000;TGF1201;Colisão;Não informado;Não informado;Não informado;Meio de quadra;Não informado;Longo da via;0;2;0;1;1;0;0;0;0;0;0;0;0;(-38.4658939 -3.7469831);
SBC9366;2021-04-02 03:14:00;Rua CEL MATOS DOURADO;;;;SBC9366;Queda;Não informado;Não informado;Não informado;Meio de quadra;Não informado;Longo da via;0;2;0;1;0;0;0;0;0;0;0;0;0;(-38.5879987 -3.7903612);
KRQ1068;2021-06-24 20:08:00;Avenida Godofredo Maciel;;;MONDUBIM;KRQ1068;Queda;Não informado;Não informado;Não informado;Meio de quadra;Não informado;Longo da via;0;1;0;0;0;0;0;0;0;1;0;0;0;(-38.57503116955981 -3.814104992788934);
UID8130;2021-04-02 01:01:00;Rua Urucutuba;;;BOM JARDIM;UID8130;Colisão;Não informado;Não informado;Não informado;Meio de quadra;Não informado;Longo da via;0;2;0;1;0;0;0;0;0;0;0;0;0;(-38.6165956 -3.7989888);
BJU6703;2021-04-01 23:03:00;Avenida Governador Raul Barbosa;;;AEROLANDIA;BJU6703;Queda;Não informado;Não informado;Não informado;Meio de quadra;Não informado;Longo da via;0;2;0;1;0;0;0;0;0;0;0;0;0;(-38.5137216 -3.7775778);
PPH7347;2021-06-24 18:17:00;Rua Senador Pompeu;;;CENTRO;PPH7347;Queda;Não informado;Não informado;Não informado;Meio de quadra;Não informado;Longo da via;0;1;0;1;0;0;0;0;0;0;0;0;0;(-38.52929399437453 -3.725896052177257);
TRT0424;2021-06-24 17:33:00;Rua Waldir Diogo;;;MONDUBIM;TRT0424;Colisão;Não informado;Não informado;Não informado;Meio de quadra;Não informado;Longo da via;0;1;0;1;1;0;0;0;0;0;0;0;0;(-38.58299189843989 -3.805872752248985);
VBH0639;2021-06-24 16:44:00;Avenida da Abolição;;;MUCURIPE;VBH0639;Colisão;Não informado;Não informado;Não informado;Não informado;Não informado;Longo da via;0;1;0;1;1;0;0;0;0;0;0;0;0;(-38.49195238600877 -3.726838193669255);
OAM6222;2021-04-01 21:38:00;Avenida General Osório de Paiva;;;SIQUEIRA;OAM6222;Colisão;Não informado;Não informado;Não informado;Meio de quadra;Não informado;Longo da via;0;1;0;0;0;0;0;0;0;0;1;0;0;(-38.5857434 -3.7875135);
HGT1685;2021-04-01 21:02:00;Rua Vereador Pedro Paulo;RUA GAL CAIADO DE CASTRO;;PARQUE MANIBURA;HGT1685;Colisão;Não informado;Não informado;Não informado;Cruz;Não informado;Cruzamento;0;1;0;1;1;0;0;0;0;0;0;0;0;(-38.4914308 -3.786503199999999);
ZPX1841;2021-04-01 20:33:00;Rua Emílio de Menezes;;;BONSUCESSO;ZPX1841;Atropelamento;Não informado;Não informado;Não informado;Meio de quadra;Não informado;Longo da via;0;1;0;0;0;0;0;0;0;0;1;0;0;(-38.5876097 -3.7818516);
HWD0258;2021-04-01 20:11:00;Avenida Senador Fernandes Távora;;;GENIBAU;HWD0258;Colisão;Não informado;Não informado;Não informado;Meio de quadra;Não informado;Longo da via;0;1;0;1;1;0;0;0;0;0;0;0;0;(-38.5952383 -3.7558264);
YDN7354;2021-06-24 15:53:00;Rua da Paz;;;MONDUBIM;YDN7354;Queda;Não informado;Não informado;Não informado;Meio de quadra;Não informado;Longo da via;0;1;0;0;0;0;0;0;0;1;0;0;0;(-38.48862643817952 -3.724589899803652);
ZXD7958;2021-06-24 14:02:00;Avenida Washington Soares;;;MESSEJANA;ZXD7958;Colisão;Não informado;Não informado;Não informado;Meio de quadra;Não informado;Longo da via;0;3;0;1;1;0;0;0;0;0;0;0;0;(-38.48113773483212 -3.822058825200891);
VLH7835;2021-04-01 19:51:00;RUA CONSUL GOUVEIA;AV DR THEBERGE;;PRESIDENTE KENNEDY;VLH7835;Atropelamento;Não informado;Não informado;Não informado;Y;Não informado;Cruzamento;0;1;0;0;0;0;0;0;0;0;1;0;0;(-38.5680038 -3.724208999999999);
XJE1306;2021-04-01 19:45:00;Avenida Almirante Henrique Sabóia;AV SANTOS DUMONT;;ALDEOTA;XJE1306;Queda;Não informado;Não informado;Não informado;Cruz;Não informado;Cruzamento;0;1;0;1;0;0;0;0;0;0;0;0;0;(-38.48744 -3.7393428);
GLW2625;2021-06-24 14:01:00;Avenida Luiz Vieira;;;BONSUCESSO;GLW2625;Colisão;Não informado;Não informado;Não informado;Meio de quadra;Não informado;Longo da via;0;1;0;0;0;0;0;0;0;0;0;0;0;(-38.5898963 -3.7879183);
MQB6730;2021-06-24 13:10:00;Avenida Washington Soares;;;EDSON QUEIROZ;MQB6730;Colisão;Não informado;Não informado;Não informado;Meio de quadra;Não informado;Longo da via;0;1;0;0;0;0;0;0;0;0;0;0;0;(-38.48790756810008 -3.757944353925848);
NEA3301;2021-04-01 16:07:00;Rua 15 de Novembro;RUA ALBERTO MAGNO;;MONTESE;NEA3301;Colisão;Não informado;Não informado;Não informado;Cruz;Não informado;Cruzamento;0;1;0;0;0;0;0;0;0;0;1;0;0;(-38.5531643 -3.769918399999999);
TGZ2931;2021-06-24 12:26:00;Avenida Alberto Craveiro;;;BOA VISTA;TGZ2931;Colisão;Não informado;Não informado;Não informado;Não informado;Não informado;Longo da via;0;1;0;1;1;0;0;0;0;0;0;0;0;(-38.51883659544504 -3.798972402713983);
IAZ9457;2021-06-24 11:45:00;Rua II;;;VILA VELHA;IAZ9457;Colisão;Não informado;Não informado;Não informado;Meio de quadra;Não informado;Longo da via;0;1;0;0;0;0;0;0;0;0;0;0;0;(-38.60016325748257 -3.725479682861892);
ZVM1173;2021-04-01 15:33:00;Rua José Vilar;RUA CEL ALVES TEIXEIRA;;DIONISIO TORRES;ZVM1173;Colisão;Não informado;Não informado;Não informado;Cruz;Não informado;Cruzamento;0;1;0;1;1;0;0;0;0;0;0;0;0;(-38.5083342 -3.7464501);
DSN2563;2021-06-24 11:38:00;Rua Porto Alegre;RUA VITORIA;;HENRIQUE JORGE;DSN2563;Colisão;Não informado;Não informado;Não informado;Não informado;Não informado;Longo da via;0;1;0;1;1;0;0;0;0;0;0;0;0;(-38.58726703816306 -3.762014710647242);
UKD4530;2021-04-01 13:23:00;Avenida Doutor Silas Munguba;;;ITAPERI;UKD4530;Colisão;Não informado;Não informado;Não informado;Meio de quadra;Não informado;Longo da via;0;1;0;1;1;0;0;0;0;0;0;0;0;(-38.5473963 -3.787754199999999);
QYW1709;2021-06-24 11:27:00;Avenida Plácido Castelo;;;JARDIM DAS OLIVEIRAS;QYW1709;Colisão;Não informado;Não informado;Não informado;Não informado;Não informado;Longo da via;0;1;0;0;1;0;0;0;0;1;0;0;0;(-38.50821463716034 -3.783454151012724);
UBN6898;2021-06-24 09:19:00;Avenida Pompílio Gomes;;;PASSARE;UBN6898;Colisão;Não informado;Não informado;Não informado;Meio de quadra;Não informado;Longo da via;0;3;0;0;1;0;0;0;0;1;0;0;0;(-38.52086393155651 -3.819648530050887);
APP1589;2021-06-24 02:16:00;Avenida Washington Soares;;;ENGENHEIRO LUCIANO CAVALCANTE;APP1589;Colisão;Não informado;Não informado;Não informado;Meio de quadra;Não informado;Longo da via;0;1;0;0;1;0;0;1;0;0;0;0;0;(-38.48135513544396 -3.780012340955058);
CGW1776;2021-06-24 01:49:00;Avenida Rogaciano Leite;;;GUARARAPES;CGW1776;Colisão;Não informado;Não informado;Não informado;Meio de quadra;Não informado;Longo da via;0;1;0;1;1;0;0;0;0;0;0;0;0;(-38.49186105074179 -3.758799643955283);
NKY2022;2021-06-24 01:42:00;Avenida Senador Fernandes Távora;;;AUTRAN NUNES;NKY2022;Colisão;Não informado;Não informado;Não informado;Meio de quadra;Não informado;Longo da via;0;1;0;1;0;0;0;0;0;0;0;0;0;(-38.59378505966901 -3.756037554301497);
MXU5643;2021-04-01 12:44:00;AV DES MOREIRA;;;MEIRELES;MXU5643;Colisão;Não informado;Não informado;Não informado;Meio de quadra;Não informado;Longo da via;0;1;0;1;1;0;0;0;0;0;0;0;0;(-38.4969283 -3.7318246);
ZBP6974;2021-06-24 01:36:00;Rua Rodrigues Júnior;;;CENTRO;ZBP6974;Queda;Não informado;Não informado;Não informado;Meio de quadra;Não informado;Longo da via;0;1;0;1;0;0;0;0;0;0;0;0;0;(-38.52094438787276 -3.73164356796771);
UWU7340;2021-04-01 11:45:00;Rua Vicente Leite;RUA PEREIRA VALENTE;;MEIRELES;UWU7340;Colisão;Não informado;Não informado;Não informado;Cruz;Não informado;Cruzamento;0;1;0;1;1;0;0;0;0;0;0;0;0;(-38.4941581 -3.7332346);
LBH7578;2021-04-01 10:55:00;AV PRE CASTELO BRANCO;;;JACARECANGA;LBH7578;Colisão;Não informado;Não informado;Não informado;Meio de quadra;Não informado;Longo da via;0;2;0;2;0;0;0;0;0;0;0;0;0;(-38.5454338 -3.7149803);
DUM2977;2021-04-01 09:56:00;Avenida Dom Manuel;AV HERACLITO GRACA;;CENTRO;DUM2977;Colisão;Não informado;Não informado;Não informado;Cruz;Não informado;Cruzamento;0;1;0;1;1;0;0;0;0;0;0;0;0;(-38.5235126 -3.7364413);
XBV1551;2021-04-01 09:01:00;Rua Maria Júlia;;;BOM JARDIM;XBV1551;Colisão;Não informado;Não informado;Não informado;Meio de quadra;Não informado;Longo da via;0;1;0;2;0;0;0;0;0;0;0;0;0;(-38.6034682 -3.8022556);
XBV1551;2021-04-01 08:48:00;Avenida Borges de Melo;;;FATIMA;XBV1551;Colisão;Não informado;Não informado;Não informado;Meio de quadra;Não informado;Longo da via;0;1;0;1;1;0;0;0;0;0;0;0;0;(-38.5367914 -3.7543815);
GGU5492;2021-06-23 23:18:00;Avenida Sargento Hermínio Sampaio;;;MONTE CASTELO;GGU5492;Colisão;Não informado;Não informado;Não informado;Não informado;Não informado;Longo da via;0;1;0;1;1;0;0;0;0;0;0;0;0;(-38.55453905411737 -3.725320094088558);
EWV3716;2021-07-01 00:10:00;Rua Maria Tomásia;RUA BARBOSA DE FREITAS;;PRESIDENTE KENNEDY;EWV3716;Colisão;Não informado;Não informado;Não informado;Não informado;Não informado;Longo da via;0;1;0;1;1;0;0;0;0;0;0;0;0;(-38.4970451 -3.7355665);
VZO1105;2021-06-29 13:40:00;Rua Barão do Rio Branco;;;JOSE BONIFACIO;VZO1105;Colisão;Não informado;Não informado;Não informado;Não informado;Não informado;Longo da via;0;2;0;2;0;0;0;0;0;0;0;0;0;(-38.53111792416028 -3.735578749417998);
AFQ6352;2021-06-28 17:35:00;Avenida Senador Carlos Jereissati;;;AEROPORTO;AFQ6352;Colisão;Não informado;Não informado;Não informado;Não informado;Não informado;Longo da via;0;1;0;1;1;0;0;0;0;0;0;0;0;(-38.54876147666845 -3.776812094315961);
WZB2708;2021-06-30 23:54:00;Avenida João Pessoa;;;PARANGABA;WZB2708;Queda;Não informado;Não informado;Não informado;Meio de quadra;Não informado;Longo da via;0;1;0;0;0;0;0;0;0;1;0;0;0;(-38.5601806 -3.7681754);
SEV3053;2021-06-30 20:05:00;AV PERIMETRAL;;;BONSUCESSO;SEV3053;Colisão;Não informado;Não informado;Não informado;Meio de quadra;Não informado;Longo da via;0;1;0;1;1;0;0;0;0;0;0;0;0;(-38.5879987 -3.7903612);
JTB0737;2021-06-30 19:57:00;Avenida João Pessoa;;;MONTESE;JTB0737;Colisão;Não informado;Não informado;Não informado;Meio de quadra;Não informado;Longo da via;0;1;0;1;1;0;0;0;0;0;0;0;0;(-38.5591363 -3.7650742);
XXQ3427;2021-06-30 18:14:00;Rua Barão do Rio Branco;RUA PDE MIGUELINHO;;CENTRO;XXQ3427;Colisão;Não informado;Não informado;Não informado;Cruz;Não informado;Cruzamento;0;1;0;0;2;0;0;0;0;0;0;0;0;(-38.5334575 -3.7427347);
HKB5468;2021-06-30 17:24:00;Rua Germano Franck;;;PARANGABA;HKB5468;Colisão;Não informado;Não informado;Não informado;Meio de quadra;Não informado;Longo da via;0;1;0;0;0;0;0;0;0;0;1;0;0;(-38.5631636 -3.7783859);
RNY7153;2021-06-30 16:56:00;Avenida Radialista João Ramos;;;PLANALTO AYRTON SENNA;RNY7153;Colisão;Não informado;Não informado;Não informado;Meio de quadra;Não informado;Longo da via;0;1;0;0;0;0;0;0;0;0;1;0;0;(-38.5688877 -3.8431858);
GLQ5533;2021-06-30 16:23:00;RUA EUDORADO;;;PASSARE;GLQ5533;Colisão;Não informado;Não informado;Não informado;Meio de quadra;Não informado;Longo da via;0;1;0;1;1;0;0;0;0;0;0;0;0;(-38.530826 -3.81683);
XFN4239;2021-06-30 15:29:00;Rua Veneza;;;MESSEJANA;XFN4239;Colisão;Não informado;Não informado;Não informado;Meio de quadra;Não informado;Longo da via;0;1;0;1;1;0;0;0;0;0;0;0;0;(-38.4929049 -3.836394);
ZCT6539;2021-06-30 15:17:00;Avenida Engenheiro Santana Júnior;;;COCO;ZCT6539;Colisão;Não informado;Não informado;Não informado;Meio de quadra;Não informado;Longo da via;0;1;0;1;1;0;0;0;0;0;0;0;0;(-38.4896942 -3.7464325);
ABM9751;2021-06-27 18:35:00;Avenida General Osório de Paiva;RUA PERDIGAO DE OLIVEIRA;;PARANGABA;ABM9751;Colisão;Não informado;Não informado;Não informado;Não informado;Não informado;Longo da via;0;1;0;1;0;0;0;1;0;0;0;0;0;(-38.5701006 -3.7778718);
RPU8913;2021-06-26 17:20:00;Avenida Monte Pascoal;RUA DOS TREVOS;;CANINDEZINHO;RPU8913;Colisão;Não informado;Não informado;Não informado;Não informado;Não informado;Longo da via;0;1;0;1;1;0;0;0;0;0;0;0;0;(-38.59949279539995 -3.804860142369539);
QAN4727;2021-06-26 21:05:00;Avenida Tenente Lisboa;RUA BERNARDO PORTO;;CARLITO PAMPLONA;QAN4727;Colisão;Não informado;Não informado;Não informado;Não informado;Não informado;Longo da via;0;1;0;1;0;0;0;0;0;0;0;0;0;(-38.557659 -3.7183744);
EZM6432;2021-06-25 00:00:00;Avenida General Murilo Borges;;;ENGENHEIRO LUCIANO CAVALCANTE;EZM6432;Colisão;Não informado;Não informado;Não informado;Não informado;Não informado;Longo da via;0;1;0;1;1;0;0;0;0;0;0;0;0;(-38.5030506 -3.765086);
QAH8650;2021-06-24 22:29:00;Avenida Américo Barreira;;;JOQUEI CLUBE;QAH8650;Colisão;Não informado;Não informado;Não informado;Não informado;Não informado;Longo da via;0;0;0;0;0;0;0;0;0;0;1;0;0;(-38.55373970548358 -3.7534362440079);
HIB0959;2021-06-24 21:00:00;Avenida Bernardo Manuel;;;SERRINHA;HIB0959;Colisão;Não informado;Não informado;Não informado;Não informado;Não informado;Longo da via;0;1;0;0;0;0;1;0;0;0;0;0;0;(-38.54578962392759 -3.780275328101517);
VDL6258;2021-06-24 19:35:00;Rua Francisco Leandro;AV WASHINGTON SOARES;;MESSEJANA;VDL6258;Colisão;Não informado;Não informado;Não informado;Não informado;Não informado;Longo da via;0;2;0;2;1;0;0;0;0;0;0;0;0;(-38.48157752365522 -3.8225823986123);
VYI2542;2021-06-24 06:00:00;Avenida Deputado Paulino Rocha;;;BARROSO;VYI2542;Colisão;Não informado;Não informado;Não informado;Não informado;Não informado;Longo da via;0;1;0;0;1;0;0;0;0;0;0;0;0;(-38.5162212 -3.8108679);
CCQ0755;2021-06-24 03:15:00;Avenida Washington Soares;;;EDSON QUEIROZ;CCQ0755;Colisão;Não informado;Não informado;Não informado;Não informado;Não informado;Longo da via;0;2;0;0;2;0;0;1;0;0;0;0;0;(-38.48193692465938 -3.770158578665115);
ZYP7328;2021-06-30 14:41:00;Avenida Rogaciano Leite;;;EDSON QUEIROZ;ZYP7328;Colisão;Não informado;Não informado;Não informado;Meio de quadra;Não informado;Longo da via;0;1;0;0;0;0;0;0;0;0;1;0;0;(-38.4913853 -3.7577528);
ZHI1240;2021-06-30 14:40:00;Rua Professor Heribaldo Costa;;;JOQUEI CLUBE;ZHI1240;Colisão;Não informado;Não informado;Não informado;Meio de quadra;Não informado;Longo da via;0;1;0;2;0;0;0;0;0;0;0;0;0;(-38.5847536 -3.7612662);
OMN9958;2021-06-30 13:23:00;Avenida Duque de Caxias;RUA ASSUNCAO;;CENTRO;OMN9958;Queda;Não informado;Não informado;Não informado;Cruz;Não informado;Cruzamento;0;1;0;1;0;0;0;0;0;0;0;0;0;(-38.5281385 -3.7326497);
GDF7497;2021-06-30 13:05:00;Rua Beni Carvalho;RUA CEL JUCA;;ALDEOTA;GDF7497;Colisão;Não informado;Não informado;Não informado;Cruz;Não informado;Cruzamento;0;1;0;1;1;0;0;0;0;0;0;0;0;(-38.494076 -3.7462913);
PLM9371;2021-06-30 12:23:00;Rua Bom Jesus;;;BOM JARDIM;PLM9371;Colisão;Não informado;Não informado;Não informado;Meio de quadra;Não informado;Longo da via;0;1;0;1;1;0;0;0;0;0;0;0;0;(-38.6194378 -3.7886581);
HXX8161;2021-06-30 11:42:00;Rua Júlio Braga;;;JOAO XXIII;HXX8161;Queda;Não informado;Não informado;Não informado;Meio de quadra;Não informado;Longo da via;0;1;0;1;0;0;0;0;0;0;0;0;0;(-38.5869009 -3.7738099);
GFD8036;2021-06-30 11:21:00;Rua Pernambuco;RUA ESTADO DO RIO;;PICI;GFD8036;Colisão;Não informado;Não informado;Não informado;Cruz;Não informado;Cruzamento;0;1;0;0;0;0;0;0;0;0;1;0;0;(-38.5718553 -3.757645);
YDA3466;2021-06-30 09:57:00;Avenida Presidente Costa e Silva;;;JANGURUSSU;YDA3466;Colisão;Não informado;Não informado;Não informado;Meio de quadra;Não informado;Longo da via;0;1;0;1;1;0;0;0;0;0;0;0;0;(-38.5503326 -3.823450799999999);
POT6910;2021-06-30 06:41:00;Rua Deputado Matoso Filho;;;QUINTINO CUNHA;POT6910;Colisão;Não informado;Não informado;Não informado;Meio de quadra;Não informado;Longo da via;0;1;0;0;0;0;0;0;0;0;1;0;0;(-38.5954288 -3.7346983);
ULX6357;2021-06-23 23:42:00;Rua Benjamim Brasil;;;MARAPONGA;ULX6357;Colisão;Não informado;Não informado;Não informado;Não informado;Não informado;Longo da via;0;2;0;0;3;0;0;0;0;0;0;0;0;(-38.57136735591568 -3.80345240907656);
SPX4191;2021-06-24 02:29:00;Avenida Dioguinho;RUA JULIO SILVA;;PRAIA DO FUTURO I;SPX4191;Colisão;Não informado;Não informado;Não informado;Não informado;Não informado;Longo da via;0;1;0;0;1;0;0;0;1;0;0;0;0;(-38.45200350254487 -3.74405789301577);
YQP1356;2021-06-22 03:00:00;Rua Soriano Albuquerque;;;FATIMA;YQP1356;Não informado;Não informado;Não informado;Não informado;Não informado;Não informado;Longo da via;0;1;0;0;1;0;1;0;0;0;0;0;0;(-38.51440255052192 -3.749234198433835);
PWA7582;2021-06-21 07:20:00;Avenida Bezerra de Menezes;;;PARQUELANDIA;PWA7582;Colisão;Não informado;Não informado;Não informado;Não informado;Não informado;Longo da via;0;1;0;1;0;0;1;0;0;0;0;0;0;(-38.5548599 -3.7335861);
CHV4003;2021-06-15 18:07:00;Avenida Padre Antônio Tomás;;;ALDEOTA;CHV4003;Atropelamento;Não informado;Não informado;Não informado;Meio de quadra;Não informado;Longo da via;0;1;0;1;0;0;0;0;0;0;0;0;0;(-38.49846447842819 -3.740729979460914);