COD_ACIDENTE;DATA;LOG1;LOG2;NUMERO;BAIRRO;AMC;NATUREZA;ILUMINACAO;TEMPO;SUPERFICIEPISTA;TIPOCRUZAMENTO;CONTROLETRAFEGO;USOSOLO;MORTOS;FERIDOS;ILESOS;MOTOCICLETA;AUTOMOVEL;MICROONIBUS;CAMINHAO;ONIBUS;CICLOMOTOR;BICICLETA;OUTROS;TREM;TRACAOANIMAL;COORDENADAS
JIT8104;2021-06-15 19:04:00;Avenida Washington Soares;;;MESSEJANA;JIT8104;Colisão;Não informado;Não informado;Não informado;Meio de quadra;Não informado;Longo da via;0;1;0;0;0;0;0;0;0;0;1;0;0;(-38.48302899999999 -3.7664583);
TVO7990;2021-06-15 19:24:00;Rua A;RUA NOVA CONQUISTA (BONSUCESSO);;BONSUCESSO;TVO7990;Colisão;Não informado;Não informado;Não informado;Cruz;Não informado;Cruzamento;0;1;0;0;2;0;0;0;0;0;0;0;0;(-38.6266811 -3.7859599);
LWT3620;2021-06-15 21:09:00;Rua Paulo Firmeza;;;SAO JOAO DO TAUAPE;LWT3620;Colisão;Não informado;Não informado;Não informado;Meio de quadra;Não informado;Longo da via;0;1;0;1;1;0;0;0;0;0;0;0;0;(-38.5172386 -3.7574987);
HMJ2705;2021-06-15 16:52:00;Avenida GODOFREDO MACIEL;;;PARANGABA;HMJ2705;Atropelamento;Não informado;Não informado;Não informado;Meio de quadra;Não informado;Longo da via;0;1;0;1;0;0;0;0;0;0;0;0;0;(-38.5811834 -3.8316946);
CPP0725;2021-06-15 16:39:00;Rua Pedro de Alcântara e Silva;;;MESSEJANA;CPP0725;Colisão;Não informado;Não informado;Não informado;Meio de quadra;Não informado;Longo da via;0;1;0;1;1;0;0;0;0;0;0;0;0;(-38.4874626 -3.8167925);
BQM3161;2021-06-15 16:12:00;Rua Monsenhor Catão;AV PDE ANTONIO TOMAS;;VARJOTA;BQM3161;Colisão;Não informado;Não informado;Não informado;Cruz;Não informado;Cruzamento;0;1;0;0;0;0;0;0;0;0;1;0;0;(-38.4918443 -3.7426697);
GPP1756;2021-06-15 15:59:00;AV ALANIS MARIA LAURINDO DE OLIVEIRA;;;CONJUNTO CEARA II;GPP1756;Colisão;Não informado;Não informado;Não informado;Meio de quadra;Não informado;Longo da via;0;1;0;1;1;0;0;0;0;0;0;0;0;(-38.6036422 -3.763494);
VRD2835;2021-06-15 14:57:00;Avenida Barão de Studart;AV ABOLICAO;;MEIRELES;VRD2835;Colisão;Não informado;Não informado;Não informado;Cruz;Não informado;Cruzamento;0;1;0;1;1;0;0;0;0;0;0;0;0;(-38.503469 -3.7248063);
BWI2767;2021-06-15 13:41:00;Rua General Sampaio;;;CENTRO;BWI2767;Atropelamento;Não informado;Não informado;Não informado;Meio de quadra;Não informado;Longo da via;0;1;0;0;1;0;0;0;0;0;0;0;0;(-38.5325444 -3.7322406);
OUT6665;2021-06-15 12:00:00;BR-116;;;MESSEJANA;OUT6665;Colisão;Não informado;Não informado;Não informado;Meio de quadra;Não informado;Longo da via;0;2;0;1;1;0;0;0;0;0;0;0;0;(-38.502966 -3.82023);
CZK0628;2021-06-15 11:12:00;Avenida Carlos Amora;;;PARANGABA;CZK0628;Queda;Não informado;Não informado;Não informado;Meio de quadra;Não informado;Longo da via;0;1;0;1;0;0;0;0;0;0;0;0;0;(-38.5635371 -3.775341699999999);
AXE9775;2021-06-15 10:45:00;Avenida Major Assis;;;JARDIM GUANABARA;AXE9775;Queda;Não informado;Não informado;Não informado;Meio de quadra;Não informado;Longo da via;0;1;0;1;0;0;0;0;0;0;0;0;0;(-38.6000921 -3.7208826);
FTE5952;2021-06-15 01:02:00;Rua Pedro Martins;;;SIQUEIRA;FTE5952;Queda;Não informado;Não informado;Não informado;Meio de quadra;Não informado;Longo da via;0;1;0;1;0;0;0;0;0;0;0;0;0;(-38.6025741 -3.7990377);
CZT0938;2021-06-14 23:03:00;RUA SEN POMPEU;;;CENTRO;CZT0938;Queda;Não informado;Não informado;Não informado;Meio de quadra;Não informado;Longo da via;0;1;0;1;0;0;0;0;0;0;0;0;0;(-38.5312846 -3.7323617);
SFD7896;2021-06-14 22:09:00;Avenida Bezerra de Menezes;;;;SFD7896;Colisão;Não informado;Não informado;Não informado;Meio de quadra;Não informado;Longo da via;0;1;0;0;0;0;0;0;0;0;1;0;0;(-38.5548599 -3.7335861);
EIF3210;2021-06-14 21:29:00;Avenida Pompílio Gomes;;;BARROSO;EIF3210;Atropelamento;Não informado;Não informado;Não informado;Meio de quadra;Não informado;Longo da via;0;1;0;0;1;0;0;0;0;0;0;0;0;(-38.521651 -3.828776);
EQN9028;2021-06-14 20:32:00;Avenida Manoel Mavignier;;;SABIAGUABA;EQN9028;Colisão;Não informado;Não informado;Não informado;Meio de quadra;Não informado;Longo da via;0;1;0;1;1;0;0;0;0;0;0;0;0;(-38.4482357 -3.8057242);
QNL1035;2021-06-14 20:31:00;Rua Cônego de Castro;;;VILA PERY;QNL1035;Colisão;Não informado;Não informado;Não informado;Meio de quadra;Não informado;Longo da via;0;1;0;1;1;0;0;0;0;0;0;0;0;(-38.5952485 -3.8085782);
BRC8482;2021-06-14 20:27:00;Avenida General Osório de Paiva;;;SIQUEIRA;BRC8482;Colisão;Não informado;Não informado;Não informado;Meio de quadra;Não informado;Longo da via;0;1;0;0;0;0;0;0;0;0;1;0;0;(-38.61033279999999 -3.813383299999999);
JGU0382;2021-06-14 19:52:00;Rua Rui Monte;;;ANTONIO BEZERRA;JGU0382;Queda;Não informado;Não informado;Não informado;Meio de quadra;Não informado;Longo da via;0;1;0;1;0;0;0;0;0;0;0;0;0;(-38.587542 -3.7417209);
GNQ4379;2021-06-14 19:15:00;Rua Vale Formoso;;;JARDIM DAS OLIVEIRAS;GNQ4379;Colisão;Não informado;Não informado;Não informado;Meio de quadra;Não informado;Longo da via;0;1;0;1;1;0;0;0;0;0;0;0;0;(-38.5037761 -3.7852841);
QNR2031;2021-06-14 19:11:00;Rua José Pedra;RUA PEDRO WILSON (ITAPERI);;SERRINHA;QNR2031;Colisão;Não informado;Não informado;Não informado;Cruz;Não informado;Cruzamento;0;1;0;1;1;0;0;0;0;0;0;0;0;(-38.5481184 -3.7903936);
CIQ9381;2021-06-14 18:55:00;Rua Coronel CARVALHO;;;ANTONIO BEZERRA;CIQ9381;Colisão;Não informado;Não informado;Não informado;Meio de quadra;Não informado;Longo da via;0;1;0;0;0;0;0;0;0;0;1;0;0;(-38.5843725 -3.7363281);
LVU7605;2021-06-14 18:36:00;Rua Catolé;;;CONJUNTO PALMEIRAS;LVU7605;Colisão;Não informado;Não informado;Não informado;Meio de quadra;Não informado;Longo da via;0;2;0;2;0;0;0;0;0;0;0;0;0;(-38.5220237 -3.8527167);
XWM6090;2021-06-14 15:25:00;Estrada Barão de Aquiraz;;;MESSEJANA;XWM6090;Colisão;Não informado;Não informado;Não informado;Meio de quadra;Não informado;Longo da via;0;1;0;1;1;0;0;0;0;0;0;0;0;(-38.4862035 -3.8398733);
GCJ2604;2021-06-14 14:56:00;Rua Frei Vidal;;;SAO JOAO DO TAUAPE;GCJ2604;Atropelamento;Não informado;Não informado;Não informado;Meio de quadra;Não informado;Longo da via;0;1;0;1;0;0;0;0;0;0;0;0;0;(-38.5175496 -3.7559246);
MEO9558;2021-06-14 12:30:00;Avenida Maestro Lisboa;;;JOSE DE ALENCAR;MEO9558;Queda;Não informado;Não informado;Não informado;Meio de quadra;Não informado;Longo da via;0;1;0;1;0;0;0;0;0;0;0;0;0;(-38.4765847 -3.8078224);
RKC0889;2021-06-14 12:27:00;Avenida Ministro Albuquerque Lima;;;CONJUNTO CEARA I;RKC0889;Colisão;Não informado;Não informado;Não informado;Meio de quadra;Não informado;Longo da via;0;1;0;0;1;0;0;0;0;1;0;0;0;(-38.6076636 -3.768789099999999);
BRE7380;2021-06-14 12:00:00;CE-010;;;SABIAGUABA;BRE7380;Colisão;Não informado;Não informado;Não informado;Meio de quadra;Não informado;Longo da via;0;1;0;1;1;0;0;0;0;0;0;0;0;(-38.4291269 -3.8054264);
JJX5211;2021-06-14 11:24:00;Rodovia 4º Anel Viário;;;ANCURI;JJX5211;Queda;Não informado;Não informado;Não informado;Meio de quadra;Não informado;Longo da via;0;1;0;1;0;0;0;0;0;0;0;0;0;(-38.4857687 -3.8723751);
OJC5691;2021-06-14 11:12:00;Rua Senador Pompeu;;;CENTRO;OJC5691;Queda;Não informado;Não informado;Não informado;Meio de quadra;Não informado;Longo da via;0;1;0;1;0;0;0;0;0;0;0;0;0;(-43.1899903 -22.9016175);
ESS6582;2021-06-14 03:41:00;Rua Bill Cartaxo;;;SAPIRANGA / COITE;ESS6582;Colisão;Não informado;Não informado;Não informado;Meio de quadra;Não informado;Longo da via;0;1;0;0;0;0;0;0;0;0;1;0;0;(-38.4745001 -3.7910952);
SIY0989;2021-06-14 01:07:00;Avenida Francisco Sá;;;CARLITO PAMPLONA;SIY0989;Queda;Não informado;Não informado;Não informado;Meio de quadra;Não informado;Longo da via;0;2;0;1;0;0;0;0;0;0;0;0;0;(-38.5570105 -3.7173023);
CUG9083;2021-06-13 23:42:00;Rua Pereira Filgueiras;RUA NUNES VALENTE;;ALDEOTA;CUG9083;Atropelamento;Não informado;Não informado;Não informado;Cruz;Não informado;Cruzamento;0;1;0;0;0;0;0;0;0;0;1;0;0;(-38.5023235 -3.7318005);
SHP5017;2021-06-13 22:42:00;Rua Capitão Vasconcelos;;;AEROLANDIA;SHP5017;Colisão;Não informado;Não informado;Não informado;Meio de quadra;Não informado;Longo da via;0;1;0;2;0;0;0;0;0;0;0;0;0;(-38.5164106 -3.77006);
PCW2517;2021-06-13 21:15:00;Avenida L;;;CONJUNTO CEARA II;PCW2517;Queda;Não informado;Não informado;Não informado;Meio de quadra;Não informado;Longo da via;0;1;0;0;0;0;0;0;0;1;0;0;0;(-38.6074318 -3.773649899999999);
NJN9804;2021-06-13 20:43:00;Rua Tambaú;;;BARRA DO CEARA;NJN9804;Atropelamento;Não informado;Não informado;Não informado;Meio de quadra;Não informado;Longo da via;0;1;0;0;1;0;0;0;0;0;0;0;0;(-38.573592 -3.7059971);
BPK6068;2021-06-13 17:57:00;Avenida Ministro Albuquerque Lima;;;CONJUNTO CEARA I;BPK6068;Colisão;Não informado;Não informado;Não informado;Meio de quadra;Não informado;Longo da via;0;2;0;1;0;0;0;0;0;1;0;0;0;(-38.6090138 -3.7680032);
XEK3698;2021-06-13 17:20:00;Rua José Franca Cabral;;;BOA VISTA;XEK3698;Queda;Não informado;Não informado;Não informado;Meio de quadra;Não informado;Longo da via;0;1;0;1;0;0;0;0;0;0;0;0;0;(-38.5176753 -3.8062772);
WFP0617;2021-06-13 13:04:00;AV PRE CASTELO BRANCO;;;BARRA DO CEARA;WFP0617;Colisão;Não informado;Não informado;Não informado;Meio de quadra;Não informado;Longo da via;0;2;0;1;1;0;0;0;0;0;0;0;0;(-38.5783717 -3.704415099999999);
ZVX8530;2021-06-13 12:30:00;Avenida WASHINGTON QUEIROZ;;;EDSON QUEIROZ;ZVX8530;Queda;Não informado;Não informado;Não informado;Meio de quadra;Não informado;Longo da via;0;1;0;0;0;0;0;0;0;1;0;0;0;(-38.4825694 -3.7712784);
FGI9033;2021-06-13 03:36:00;Rua Joaquim Albano;;;ANTONIO BEZERRA;FGI9033;Colisão;Não informado;Não informado;Não informado;Meio de quadra;Não informado;Longo da via;0;1;0;2;0;0;0;0;0;0;0;0;0;(-38.5766211 -3.7348708);
KQM1538;2021-06-13 03:16:00;Rua Marcílio Dias;AV PASTEUR;;CRISTO REDENTOR;KQM1538;Colisão;Não informado;Não informado;Não informado;Cruz;Não informado;Cruzamento;0;0;0;2;0;0;0;0;0;0;0;0;0;(-38.558397 -3.7095454);
PYG6607;2021-06-13 03:03:00;Avenida Washington Soares;;;EDSON QUEIROZ;PYG6607;Colisão;Não informado;Não informado;Não informado;Meio de quadra;Não informado;Longo da via;0;1;0;2;0;0;0;0;0;0;0;0;0;(-38.481665 -3.7762191);
HIS5298;2021-06-21 13:10:00;Rua Cônego de Castro;RUA TULIPA NEGRA;;PARQUE SANTA ROSA;HIS5298;Colisão;Não informado;Não informado;Não informado;Não informado;Não informado;Longo da via;0;1;0;1;1;0;0;0;0;0;0;0;0;(-38.6008087 -3.8172938);
RKI6868;2021-06-20 17:40:00;Rua Suiça;RUA JOAO AREAS;;VILA PERY;RKI6868;Colisão;Não informado;Não informado;Não informado;Não informado;Não informado;Longo da via;0;2;0;0;2;0;0;0;0;0;0;0;0;(-38.57601812484937 -3.793914018229437);
AET6419;2021-06-13 01:54:00;Rua Padre Pedro de Alencar;RUA EDUARDO PORTO;;MESSEJANA;AET6419;Atropelamento;Não informado;Não informado;Não informado;Cruz;Não informado;Cruzamento;0;1;0;1;0;0;0;0;0;0;0;0;0;(-38.4941088 -3.8327354);
MKZ7393;2021-06-13 01:37:00;Rua Doutor Miguel Couto;RUA COPERNICO;;PAUPINA;MKZ7393;Colisão;Não informado;Não informado;Não informado;Cruz;Não informado;Cruzamento;0;3;0;2;0;0;0;0;0;0;0;0;0;(-38.4905137 -3.8392197);
XVC0893;2021-06-13 01:36:00;Avenida Presidente Costa e Silva;;;JANGURUSSU;XVC0893;Colisão;Não informado;Não informado;Não informado;Meio de quadra;Não informado;Longo da via;0;1;0;0;0;0;0;0;0;0;1;0;0;(-38.5503326 -3.823450799999999);
TZM5273;2021-06-13 00:58:00;Rua JOAO IVO;;;MESSEJANA;TZM5273;Colisão;Não informado;Não informado;Não informado;Meio de quadra;Não informado;Longo da via;0;1;0;1;1;0;0;0;0;0;0;0;0;(-38.4975378 -3.834809);
VKR4176;2021-06-13 00:24:00;Avenida Washington Soares;;;EDSON QUEIROZ;VKR4176;Colisão;Não informado;Não informado;Não informado;Meio de quadra;Não informado;Longo da via;0;1;0;0;1;0;0;1;0;0;0;0;0;(-38.481665 -3.7762191);
JNF3602;2021-06-13 00:13:00;Avenida Senador Fernandes Távora;;;AUTRAN NUNES;JNF3602;Atropelamento;Não informado;Não informado;Não informado;Meio de quadra;Não informado;Longo da via;0;1;0;1;0;0;0;0;0;0;0;0;0;(-38.5868083 -3.7598014);
RTZ6466;2021-06-12 23:54:00;Avenida GOV RAUL BARBOSA;;;AEROLANDIA;RTZ6466;Atropelamento;Não informado;Não informado;Não informado;Meio de quadra;Não informado;Longo da via;0;1;0;1;0;0;0;0;0;0;0;0;0;(-38.5127984 -3.773075699999999);
PFM0174;2021-06-12 23:23:00;AV OLIVEIRA PAIVA;;;CIDADE DOS FUNCIONRAIOS;PFM0174;Atropelamento;Não informado;Não informado;Não informado;Meio de quadra;Não informado;Longo da via;0;1;0;1;0;0;0;0;0;0;0;0;0;(-38.4898995 -3.796243099999999);
LSH3963;2021-06-12 23:22:00;BR-116;;;AEROLANDIA;LSH3963;Colisão;Não informado;Não informado;Não informado;Meio de quadra;Não informado;Longo da via;0;1;0;0;0;0;0;0;0;0;1;0;0;(-38.5181957 -3.763798999999999);
QTJ9046;2021-06-12 23:07:00;Rua Osvaldo Cruz;RUA REPUBLICA DO LIBANO;;ALDEOTA;QTJ9046;Colisão;Não informado;Não informado;Não informado;Cruz;Não informado;Cruzamento;0;1;0;1;1;0;0;0;0;0;0;0;0;(-38.4981168 -3.7288951);
GTM4503;2021-06-12 21:05:00;Avenida da Saudade;;;PASSARE;GTM4503;Queda;Não informado;Não informado;Não informado;Meio de quadra;Não informado;Longo da via;0;1;0;1;0;0;0;0;0;0;0;0;0;(-38.533189 -3.813391299999999);
CZB5259;2021-06-12 20:57:00;Rua Bárbara de Alencar;;;CENTRO;CZB5259;Queda;Não informado;Não informado;Não informado;Meio de quadra;Não informado;Longo da via;0;1;0;1;0;0;0;0;0;0;0;0;0;(-38.5130781 -3.7384311);
YZO4063;2021-06-12 19:58:00;Avenida José Bastos;;;RODOLFO TEOFILO;YZO4063;Colisão;Não informado;Não informado;Não informado;Meio de quadra;Não informado;Longo da via;0;1;0;0;0;0;0;0;0;0;1;0;0;(-38.547943 -3.747139);
EGG5730;2021-06-12 18:30:00;Rua Terral;;;SABIAGUABA;EGG5730;Atropelamento;Não informado;Não informado;Não informado;Meio de quadra;Não informado;Longo da via;0;1;0;0;1;0;0;0;0;0;0;0;0;(-38.4299993 -3.806302799999999);
SMZ9068;2021-06-12 18:03:00;Rua Tupi;RUA PORTO ALEGRE;;HENRIQUE JORGE;SMZ9068;Colisão;Não informado;Não informado;Não informado;Cruz;Não informado;Cruzamento;0;1;0;1;1;0;0;0;0;0;0;0;0;(-38.5814842 -3.7651052);
QVN8364;2021-06-12 17:47:00;Rua Confúcio Pamplona;RUA JUVENAL GALENO;;BENFICA;QVN8364;Colisão;Não informado;Bom;Não informado;T;Não informado;Cruzamento;0;1;0;1;1;0;0;0;0;0;0;0;0;(-38.537311 -3.7406325);
LLP1565;2021-06-12 16:53:00;AV CARNEIRO DE MENDONÇA;;;;LLP1565;Queda;Não informado;Não informado;Não informado;Meio de quadra;Não informado;Longo da via;0;1;0;1;0;0;0;0;0;0;0;0;0;(-38.5735275 -3.7608113);
WPJ1011;2021-06-12 16:49:00;Rua da Copaiba;;;;WPJ1011;Colisão;Não informado;Não informado;Não informado;Meio de quadra;Não informado;Longo da via;0;1;0;1;1;0;0;0;0;0;0;0;0;(-38.5084112 -3.783042699999999);
TZZ0424;2021-06-12 16:44:00;Avenida Domingos Olímpio;RUA JAIME BENEVOLO;;JOSE BONIFACIO;TZZ0424;Colisão;Não informado;Não informado;Não informado;Cruz;Não informado;Cruzamento;0;1;0;1;1;0;0;0;0;0;0;0;0;(-38.5272608 -3.7378222);
QGE4485;2021-06-12 16:36:00;Rua 20 DE JANEIRO;;;BARRA DO CEARA;QGE4485;Colisão;Não informado;Não informado;Não informado;Meio de quadra;Não informado;Longo da via;0;2;0;0;1;0;0;0;1;0;0;0;0;(-38.5798397 -3.7059489);
IGY6134;2021-06-12 16:36:00;Avenida Engenheiro Leal Lima Verde;;;SAPIRANGA / COITE;IGY6134;Colisão;Não informado;Não informado;Não informado;Meio de quadra;Não informado;Longo da via;0;1;0;1;0;0;1;0;0;0;0;0;0;(-38.4752589 -3.7974095);
PWT1807;2021-06-12 13:52:00;Rua 68;RUA 83 CJ JOSE WALTER;;PREFEITO JOSE VALTER;PWT1807;Colisão;Não informado;Não informado;Não informado;Cruz;Não informado;Cruzamento;0;1;0;0;0;0;0;0;0;0;1;0;0;(-38.561465 -3.8394268);
YKR7389;2021-06-12 13:52:00;AV JOR TOMAZ COELHO;;;JANGURUSSU;YKR7389;Colisão;Não informado;Não informado;Não informado;Meio de quadra;Não informado;Longo da via;0;1;0;0;0;0;0;0;0;0;1;0;0;(-38.5182238 -3.8279868);
GZZ8039;2021-06-12 10:13:00;RUA JOSE HIPOLITO;;;COACU;GZZ8039;Colisão;Não informado;Não informado;Não informado;Meio de quadra;Não informado;Longo da via;0;1;0;0;2;0;0;0;0;0;0;0;0;(-38.48995439999999 -3.8337336);
WES0978;2021-06-12 09:07:00;Avenida Mister Hull;;;ANTONIO BEZERRA;WES0978;Atropelamento;Não informado;Não informado;Não informado;Meio de quadra;Não informado;Longo da via;0;1;0;0;1;0;0;0;0;0;0;0;0;(-38.5918137 -3.7395231);
BIG2328;2021-06-12 06:59:00;Avenida Barão do Rio Branco;;;CENTRO;BIG2328;Colisão;Não informado;Não informado;Não informado;Meio de quadra;Não informado;Longo da via;0;1;0;0;0;0;0;0;0;0;1;0;0;(-43.18180419999999 -22.5032591);
PUQ1757;2021-06-12 04:13:00;Rua Antônio Bandeira;RUA CAMBARA;;PARANGABA;PUQ1757;Colisão;Não informado;Não informado;Não informado;Cruz;Não informado;Cruzamento;0;1;0;1;1;0;0;0;0;0;0;0;0;(-38.5641213 -3.783752499999999);
QGT8470;2021-06-12 02:14:00;Rua Eduardo Bezerra;RUA JOAQUIM NABUCO;;SAO JOAO DO TAUAPE;QGT8470;Colisão;Não informado;Não informado;Não informado;Cruz;Não informado;Cruzamento;0;2;0;1;1;0;0;0;0;0;0;0;0;(-38.5088288 -3.7534998);
PXJ9583;2021-06-12 01:15:00;Rua Alberto Magno;;;MONTESE;PXJ9583;Colisão;Não informado;Não informado;Não informado;Meio de quadra;Não informado;Longo da via;0;1;0;1;1;0;0;0;0;0;0;0;0;(-38.5459327 -3.7603565);
JZJ7666;2021-06-11 23:49:00;Rua Gomes Brasil;;;PARANGABA;JZJ7666;Colisão;Não informado;Não informado;Não informado;Meio de quadra;Não informado;Longo da via;0;1;0;0;0;0;0;0;0;0;1;0;0;(-38.568247 -3.7729331);
WHY7328;2021-06-11 23:08:00;Rua Vereador Pedro Paulo;;;PARQUE MANIBURA;WHY7328;Colisão;Não informado;Não informado;Não informado;Meio de quadra;Não informado;Longo da via;0;1;0;1;1;0;0;0;0;0;0;0;0;(-38.4892141 -3.787090799999999);
AYA9858;2021-06-11 21:59:00;Avenida José Bastos;;;BELA VISTA;AYA9858;Colisão;Não informado;Não informado;Não informado;Meio de quadra;Não informado;Longo da via;0;2;0;1;1;0;0;0;0;0;0;0;0;(-38.5523273 -3.7516207);
BSF5313;2021-06-11 21:55:00;Avenida Governador Parsifal Barroso;;;PRESIDENTE KENNEDY;BSF5313;Queda;Não informado;Não informado;Não informado;Meio de quadra;Não informado;Longo da via;0;1;0;0;0;0;0;0;0;1;0;0;0;(-38.5702722 -3.7316426);
BSF5313;2021-06-11 21:50:00;Avenida Rogaciano Leite;;;ENGENHEIRO LUCIANO CAVALCANTE;BSF5313;Atropelamento;Não informado;Não informado;Não informado;Meio de quadra;Não informado;Longo da via;0;1;0;1;0;0;0;0;0;0;0;0;0;(-38.4994151 -3.7741403);
RUZ0378;2021-06-11 21:00:00;Rua Manuel Moura;RUA JANDIRA;;BARRA DO CEARA;RUZ0378;Colisão;Não informado;Não informado;Não informado;Cruz;Não informado;Cruzamento;0;1;0;1;1;0;0;0;0;0;0;0;0;(-38.58681800000001 -3.7147256);
GJG0348;2021-06-11 20:50:00;Rua Marcelino Lopes;;;SAPIRANGA / COITE;GJG0348;Colisão;Não informado;Não informado;Não informado;Meio de quadra;Não informado;Longo da via;0;2;0;2;0;0;0;0;0;0;0;0;0;(-38.4751871 -3.79289);
JSH6274;2021-06-11 20:42:00;Avenida Rogaciano Leite;;;ENGENHEIRO LUCIANO CAVALCANTE;JSH6274;Atropelamento;Não informado;Não informado;Não informado;Meio de quadra;Não informado;Longo da via;0;1;0;1;0;0;0;0;0;0;0;0;0;(-38.4990969 -3.7730687);
VAQ4167;2021-06-11 20:32:00;Travessa Singela;RUA OURO BRANCO;;SAO JOAO DO TAUAPE;VAQ4167;Atropelamento;Não informado;Não informado;Não informado;Cruz;Não informado;Cruzamento;0;1;0;0;1;0;0;0;0;0;0;0;0;(-38.51507489999999 -3.7616391);
HDN8741;2021-06-11 20:27:00;Avenida Carneiro de Mendonça;;;DEMOCRITO ROCHA;HDN8741;Colisão;Não informado;Não informado;Não informado;Meio de quadra;Não informado;Longo da via;0;1;0;1;1;0;0;0;0;0;0;0;0;(-38.5683645 -3.7634166);
DOH7188;2021-06-11 20:14:00;Rua João Ramalho;;;PARQUE SAO JOSE;DOH7188;Atropelamento;Não informado;Não informado;Não informado;Meio de quadra;Não informado;Longo da via;0;1;0;0;1;0;0;0;0;0;0;0;0;(-38.5882564 -3.7992839);
PSZ8440;2021-08-13 21:30:00;Avenida José Bastos;;;BELA VISTA;PSZ8440;Queda;Não informado;Não informado;Não informado;Não informado;Não informado;Longo da via;1;0;0;0;0;0;0;0;0;1;0;0;0;(-38.55650199867419 -3.756099444989614);
GDQ8466;2021-06-11 19:22:00;Avenida General Osório de Paiva;;;SIQUEIRA;GDQ8466;Colisão;Não informado;Não informado;Não informado;Meio de quadra;Não informado;Longo da via;0;1;0;1;1;0;0;0;0;0;0;0;0;(-38.5924466 -3.7949954);
PSZ8440;2021-08-28 22:30:00;Rua Miguel Gurgel;;;MESSEJANA;PSZ8440;Colisão;Não informado;Não informado;Não informado;Não informado;Não informado;Longo da via;1;1;0;1;0;0;0;0;0;1;0;0;0;(-38.48218710179948 -3.8397743697706);
GVM5524;2021-06-11 18:41:00;Avenida Alberto Craveiro;;;DIAS MACEDO;GVM5524;Colisão;Não informado;Não informado;Não informado;Meio de quadra;Não informado;Longo da via;0;1;0;1;1;0;0;0;0;0;0;0;0;(-38.5169845 -3.7882848);
EFF2080;2021-06-11 18:00:00;AV EDUARDO GIRÃO;;;;EFF2080;Colisão;Não informado;Não informado;Não informado;Meio de quadra;Não informado;Longo da via;0;1;0;1;1;0;0;0;0;0;0;0;0;(-38.5341166 -3.751487);
PSZ8440;2021-08-28 01:00:00;Rua Monte Líbano;;;MONDUBIM;PSZ8440;Atropelamento;Não informado;Não informado;Não informado;Não informado;Não informado;Longo da via;1;1;0;1;0;0;0;0;0;0;0;0;0;(-38.5666567 -3.8307133);
XMD1134;2021-06-11 17:54:00;Avenida Treze de Maio;;;FATIMA;XMD1134;Colisão;Não informado;Não informado;Não informado;Meio de quadra;Não informado;Longo da via;0;0;0;0;2;0;0;0;0;0;0;0;0;(-38.5257582 -3.7527673);
PSZ8440;2021-08-26 19:05:00;Avenida Imperador;;;CENTRO;PSZ8440;Atropelamento;Não informado;Não informado;Não informado;Não informado;Não informado;Longo da via;1;0;1;0;1;0;0;0;0;0;0;0;0;(-38.53386791942973 -3.725231266169192);
UGA4181;2021-06-11 17:40:00;Avenida Frei Cirilo;;;MESSEJANA;UGA4181;Colisão;Não informado;Não informado;Não informado;Meio de quadra;Não informado;Longo da via;0;1;0;1;1;0;0;0;0;0;0;0;0;(-38.4934953 -3.8277167);
PSZ8440;2021-08-25 11:45:00;Avenida Washington Soares;;;MESSEJANA;PSZ8440;Atropelamento;Não informado;Não informado;Não informado;Não informado;Não informado;Longo da via;1;0;1;0;1;0;0;0;0;0;0;0;0;(-38.4820567 -3.8156914);
PSZ8440;2021-08-21 12:10:00;Rua Joaquim Nabuco;AV ABOLICAO;;MEIRELES;968315;Colisão Transversal;Luz do Dia;Bom;Seca;Não informado;Não informado;Cruzamento;1;2;0;1;1;0;0;0;0;0;0;0;0;(-38.4984549 -3.7264338);
PSZ8440;2021-08-22 21:35:00;Rua Fausto Cabral;RUA JULIO AZEVEDO;;PAPICU;967957;Colisão Transversal;Não informado;Não informado;Não informado;Não informado;Não informado;Cruzamento;1;0;1;1;1;0;0;0;0;0;0;0;0;(-38.4764834 -3.7336808);
PSZ8440;2021-08-21 23:00:00;Rua General Sampaio;RUA GAL CLARINDO DE QUEIROZ;;CENTRO;PSZ8440;Atropelamento;Não informado;Não informado;Não informado;Não informado;Não informado;Cruzamento;1;0;0;0;0;0;0;1;0;0;0;0;0;(-38.5323091 -3.73203);
AJL5397;2021-08-22 00:00:00;Estrada Do Jatoba;;;GRANJA LISBOA;AJL5397;Choque c/ Obstáculo Fixo;Não informado;Não informado;Não informado;Não informado;Não informado;Longo da via;1;0;0;1;0;0;0;0;0;0;0;0;0;(-38.62758266298001 -3.802017793223586);
AJL5397;2021-08-21 19:15:00;Avenida Coronel Carvalho;;;BARRA DO CEARA;AJL5397;Colisão;Não informado;Não informado;Não informado;Não informado;Não informado;Longo da via;1;2;0;1;1;0;0;0;0;0;0;0;0;(-38.58973668299906 -3.7100978855209);
AJL5397;2021-08-15 05:00:00;Avenida Doutor Silas Munguba;;;PASSARE;AJL5397;Colisão;Não informado;Não informado;Não informado;Não informado;Não informado;Longo da via;1;0;1;1;1;0;0;0;0;0;0;0;0;(-38.53632850475206 -3.792002998688822);
AJL5397;2021-08-07 10:50:00;Avenida Alberto Craveiro;;;DIAS MACEDO;AJL5397;Atropelamento;Luz do Dia;Não informado;Não informado;Não informado;Não informado;Longo da via;1;0;1;0;0;0;1;0;0;0;0;0;0;(-38.51700756587235 -3.789933973995619);