COD_ACIDENTE;DATA;LOG1;LOG2;NUMERO;BAIRRO;AMC;NATUREZA;ILUMINACAO;TEMPO;SUPERFICIEPISTA;TIPOCRUZAMENTO;CONTROLETRAFEGO;USOSOLO;MORTOS;FERIDOS;ILESOS;MOTOCICLETA;AUTOMOVEL;MICROONIBUS;CAMINHAO;ONIBUS;CICLOMOTOR;BICICLETA;OUTROS;TREM;TRACAOANIMAL;COORDENADAS
ZYA8092;2021-06-11 14:34:00;Avenida Alberto Craveiro;;;BOA VISTA;ZYA8092;Colisão;Não informado;Não informado;Não informado;Meio de quadra;Não informado;Longo da via;0;1;0;1;0;0;1;0;0;0;0;0;0;(-38.5207657 -3.801943499999999);
OBJ9541;2021-06-11 12:58:00;Rua 6 Companheiros;;;BARRA DO CEARA;OBJ9541;Queda;Não informado;Não informado;Não informado;Meio de quadra;Não informado;Longo da via;0;1;0;0;0;0;0;0;0;1;0;0;0;(-38.5759728 -3.7036753);
ZUM1108;2021-06-11 12:53:00;Rua Luiz Francisco Xavier;;;PAUPINA;ZUM1108;Colisão;Não informado;Não informado;Não informado;Meio de quadra;Não informado;Longo da via;0;2;0;1;1;0;0;0;0;0;0;0;0;(-38.4876892 -3.850590899999999);
JHQ3726;2021-06-11 11:48:00;Avenida Pompílio Gomes;;;PASSARE;JHQ3726;Colisão;Não informado;Não informado;Não informado;Meio de quadra;Não informado;Longo da via;0;1;0;1;1;0;0;0;0;0;0;0;0;(-38.5207893 -3.819627);
RKE1640;2021-06-11 10:10:00;Rua Dom Xisto Albano;;;PARQUE SAO JOSE;RKE1640;Colisão;Não informado;Não informado;Não informado;Meio de quadra;Não informado;Longo da via;0;1;0;0;0;0;0;0;0;0;1;0;0;(-38.5873705 -3.7990776);
SOU8596;2021-06-11 03:59:00;Rua Engenheiro João Nogueira;RUA VICENTE SABOIA;;CARLITO PAMPLONA;SOU8596;Queda;Não informado;Não informado;Não informado;Cruz;Não informado;Cruzamento;0;1;0;1;0;0;0;0;0;0;0;0;0;(-38.5603793 -3.7126564);
GQI8591;2021-06-11 00:05:00;Rua Abel Ribeiro;;;PARANGABA;GQI8591;Colisão;Não informado;Não informado;Não informado;Meio de quadra;Não informado;Longo da via;0;1;0;1;1;0;0;0;0;0;0;0;0;(-38.5767533 -3.7813667);
HYX0789;2021-06-11 00:23:00;CE 401;;;AEROPORTO;HYX0789;Queda;Não informado;Não informado;Não informado;Meio de quadra;Não informado;Longo da via;0;2;0;1;0;0;0;0;0;0;0;0;0;(-38.5250132 -3.7829124);
LYY8519;2021-06-10 23:40:00;Rua Leão do Norte;;;VILA PERY;LYY8519;Colisão;Não informado;Não informado;Não informado;Meio de quadra;Não informado;Longo da via;0;1;0;1;1;0;0;0;0;0;0;0;0;(-38.57741680000001 -3.7839968);
BII0033;2021-06-10 23:29:00;Avenida Washington Soares;;;MESSEJANA;BII0033;Colisão;Não informado;Não informado;Não informado;Meio de quadra;Não informado;Longo da via;0;1;0;1;1;0;0;0;0;0;0;0;0;(-38.4826638 -3.8331349);
VRW0572;2021-06-10 21:22:00;Avenida da Abolição;;;MUCURIPE;VRW0572;Colisão;Não informado;Não informado;Não informado;Meio de quadra;Não informado;Longo da via;0;1;0;1;1;0;0;0;0;0;0;0;0;(-38.4831527 -3.7248406);
OVL3010;2021-06-10 21:21:00;AV SEN CARLOS JEREISSATI;;;AEROPORTO;OVL3010;Colisão;Não informado;Não informado;Não informado;Meio de quadra;Não informado;Longo da via;0;1;0;1;1;0;0;0;0;0;0;0;0;(-38.5250132 -3.7829124);
QPQ5401;2021-06-10 20:41:00;Rua 1090;;;CONJUNTO CEARA I;QPQ5401;Atropelamento;Não informado;Não informado;Não informado;Meio de quadra;Não informado;Longo da via;0;1;0;0;1;0;0;0;0;0;0;0;0;(-38.6154867 -3.7719125);
KUG5145;2021-06-10 20:33:00;Avenida Carapinima;;;BENFICA;KUG5145;Colisão;Não informado;Não informado;Não informado;Meio de quadra;Não informado;Longo da via;0;1;0;1;1;0;0;0;0;0;0;0;0;(-38.5376697 -3.7372651);
DUX1403;2021-06-10 20:29:00;Avenida Beira Mar;;;PRAIA DE IRACEMA;DUX1403;Atropelamento;Não informado;Não informado;Não informado;Meio de quadra;Não informado;Longo da via;0;1;0;0;0;0;0;0;0;0;1;0;0;(-38.5128359 -3.719775799999999);
MGZ6344;2021-06-10 17:59:00;Rua Muniz Freire;;;MESSEJANA;MGZ6344;Atropelamento;Não informado;Não informado;Não informado;Meio de quadra;Não informado;Longo da via;0;1;0;0;1;0;0;0;0;0;0;0;0;(-38.4882543 -3.8248106);
EKE2069;2021-06-10 17:53:00;Rua Chico Lemos;;;CIDADE DOS FUNCIONRAIOS;EKE2069;Colisão;Não informado;Não informado;Não informado;Meio de quadra;Não informado;Longo da via;0;1;0;1;1;0;0;0;0;0;0;0;0;(-38.4989327 -3.7921129);
EJC2927;2021-06-10 14:56:00;Rua Tebas;;;SIQUEIRA;EJC2927;Colisão;Não informado;Não informado;Não informado;Meio de quadra;Não informado;Longo da via;0;1;0;1;1;0;0;0;0;0;0;0;0;(-38.6202823 -3.8137532);
YJU4013;2021-06-10 14:36:00;AV CONTORNO OESTE;;;CONJUNTO ESPERANCA;YJU4013;Colisão;Não informado;Não informado;Não informado;Meio de quadra;Não informado;Longo da via;0;1;0;1;1;0;0;0;0;0;0;0;0;(-38.58618 -3.804676);
ORX6830;2021-06-10 13:32:00;Avenida ALM HENRIQUE SABOIA;;;SAO JOAO DO TAUAPE;ORX6830;Colisão;Não informado;Não informado;Não informado;Meio de quadra;Não informado;Longo da via;0;1;0;0;0;0;0;0;0;0;1;0;0;(-38.499572 -3.7520858);
OBP6773;2021-06-10 12:49:00;AV HUMBERTO MONTE;RUA GOIAS;;BELA VISTA;OBP6773;Colisão;Não informado;Não informado;Não informado;Cruz;Não informado;Cruzamento;0;1;0;0;0;0;0;0;0;0;1;0;0;(-38.5594456 -3.750512);
FQK7412;2021-06-10 11:18:00;Rua Santa Elisa;;;CRISTO REDENTOR;FQK7412;Atropelamento;Não informado;Não informado;Não informado;Meio de quadra;Não informado;Longo da via;0;1;0;0;1;0;0;0;0;0;0;0;0;(-38.5623409 -3.7054849);
YYV7327;2021-06-10 02:09:00;Avenida General Osório de Paiva;;;VILA PERY;YYV7327;Colisão;Não informado;Não informado;Não informado;Meio de quadra;Não informado;Longo da via;0;1;0;0;0;0;0;0;0;0;1;0;0;(-38.58021 -3.784681);
IQX3476;2021-06-10 01:32:00;Avenida Sargento Hermínio Sampaio;;;VILA ELLERY;IQX3476;Colisão;Não informado;Não informado;Não informado;Meio de quadra;Não informado;Longo da via;0;1;0;2;0;0;0;0;0;0;0;0;0;(-38.5611195 -3.726315799999999);
ZBS4255;2021-06-19 03:30:00;Avenida João de Araújo Lima;;;PREFEITO JOSE VALTER;ZBS4255;Colisão;Não informado;Não informado;Não informado;Não informado;Não informado;Longo da via;0;1;1;1;1;0;0;0;0;0;0;0;0;(-38.5609528 -3.8332194);
TVM8576;2021-06-17 18:05:00;Avenida Rui Barbosa;RUA PDE VALDEVINO;;DIONISIO TORRES;TVM8576;Colisão;Não informado;Não informado;Não informado;Não informado;Não informado;Longo da via;0;1;1;0;1;0;0;1;0;0;0;0;0;(-38.5110146 -3.740975199999999);
NPZ0441;2021-06-17 18:05:00;Avenida Ministro Albuquerque Lima;;;CONJUNTO CEARA I;NPZ0441;Colisão;Não informado;Não informado;Não informado;Não informado;Não informado;Longo da via;0;1;1;0;2;0;0;0;0;0;0;0;0;(-38.6067348134636 -3.769457360533924);
NVK2968;2021-06-09 23:28:00;AV CEL CARVALHO;;;BARRA DO CEARA;NVK2968;Atropelamento;Não informado;Não informado;Não informado;Meio de quadra;Não informado;Longo da via;0;1;0;0;1;0;0;0;0;0;0;0;0;(-38.5899797 -3.7097209);
OGZ5921;2021-06-09 22:07:00;AV CONTORNO NORTE;;;CONJUNTO ESPERANCA;OGZ5921;Queda;Não informado;Não informado;Não informado;Meio de quadra;Não informado;Longo da via;0;1;0;1;0;0;0;0;0;0;0;0;0;(-38.5872718 -3.8146685);
EFY8705;2021-06-09 21:02:00;Avenida Washington Soares;;;MESSEJANA;EFY8705;Colisão;Não informado;Não informado;Não informado;Meio de quadra;Não informado;Longo da via;0;1;0;1;1;0;0;0;0;0;0;0;0;(-38.4767072 -3.849029);
IYY4943;2021-06-09 18:10:00;Avenida Mister Hull;;;PRESIDENTE KENNEDY;IYY4943;Queda;Não informado;Não informado;Não informado;Meio de quadra;Não informado;Longo da via;0;1;0;1;0;0;0;0;0;0;0;0;0;(-38.5734469 -3.7370022);
QHH9581;2021-06-09 16:53:00;AV DIOGUINHO;;;VICENTE PINZON;QHH9581;Colisão;Não informado;Não informado;Não informado;Meio de quadra;Não informado;Longo da via;0;1;0;0;0;0;0;0;0;0;1;0;0;(-38.4573152 -3.734270899999999);
RKA2010;2021-06-09 14:34:00;Avenida Visconde do Rio Branco;;;FATIMA;RKA2010;Colisão;Não informado;Não informado;Não informado;Meio de quadra;Não informado;Longo da via;0;2;0;2;0;0;0;0;0;0;0;0;0;(-38.5199349 -3.7555986);
UXN5274;2021-06-09 14:29:00;Avenida Godofredo Maciel;;;MARAPONGA;UXN5274;Colisão;Não informado;Não informado;Não informado;Meio de quadra;Não informado;Longo da via;0;1;0;1;1;0;0;0;0;0;0;0;0;(-38.5727555 -3.804989);
SBR1146;2021-06-09 12:02:00;Rua Pio Saraíva;;;ANTONIO BEZERRA;SBR1146;Queda;Não informado;Não informado;Não informado;Meio de quadra;Não informado;Longo da via;0;2;0;1;0;0;0;0;0;0;0;0;0;(-38.5995263 -3.7374717);
ZRS3053;2021-09-06 09:44:00;Avenida João Pessoa;AV CARNEIRO DE MENDONCA;;PARANGABA;ZRS3053;Colisão;Não informado;Não informado;Não informado;T;Não informado;Cruzamento;0;1;0;1;1;0;0;0;0;0;0;0;0;(-38.5598351 -3.7672512);
EDI7872;2021-06-08 23:34:00;Avenida Borges de Melo;;;FATIMA;EDI7872;Queda;Não informado;Não informado;Não informado;Meio de quadra;Não informado;Longo da via;0;1;0;1;0;0;0;0;0;0;0;0;0;(-38.5280016 -3.7602835);
MLG7376;2021-06-08 23:06:00;Avenida F;;;CONJUNTO CEARA I;MLG7376;Colisão;Não informado;Não informado;Não informado;Meio de quadra;Não informado;Longo da via;0;1;0;1;1;0;0;0;0;0;0;0;0;(-38.606085 -3.764092);
SBY3436;2021-06-08 22:44:00;Avenida Washington Soares;;;SAPIRANGA / COITE;SBY3436;Queda;Não informado;Não informado;Não informado;Meio de quadra;Não informado;Longo da via;0;1;0;0;0;0;0;0;0;1;0;0;0;(-38.479941 -3.792585);
HCI5167;2021-06-08 21:19:00;Rua HOLANDA;;;MARAPONGA;HCI5167;Colisão;Não informado;Não informado;Não informado;Meio de quadra;Não informado;Longo da via;0;1;0;1;1;0;0;0;0;0;0;0;0;(-38.5619058 -3.7913568);
LUM0800;2021-06-08 21:11:00;Rua Gomes Brasil;;;PARANGABA;LUM0800;Queda;Não informado;Não informado;Não informado;Meio de quadra;Não informado;Longo da via;0;1;0;1;0;0;0;0;0;0;0;0;0;(-38.568247 -3.7729331);
VWH1704;2021-06-08 21:01:00;Rua Professor Álvaro Costa;;;VICENTE PINZON;VWH1704;Colisão;Não informado;Não informado;Não informado;Meio de quadra;Não informado;Longo da via;0;1;0;1;1;0;0;0;0;0;0;0;0;(-38.4661198 -3.724059999999999);
UKZ8997;2021-06-08 20:10:00;Avenida João Pessoa;;;PARANGABA;UKZ8997;Colisão;Não informado;Não informado;Não informado;Meio de quadra;Não informado;Longo da via;0;1;0;1;1;0;0;0;0;0;0;0;0;(-38.56110750000001 -3.770617099999999);
JWA8238;2021-06-08 18:35:00;Avenida Bezerra de Menezes;;;PARQUE ARAXA;JWA8238;Colisão;Não informado;Não informado;Não informado;Meio de quadra;Não informado;Longo da via;0;1;0;1;1;0;0;0;0;0;0;0;0;(-38.5556774 -3.733596);
IEQ1076;2021-06-08 18:28:00;Rua André Dall'Olio;;;PAPICU;IEQ1076;Colisão;Não informado;Não informado;Não informado;Meio de quadra;Não informado;Longo da via;0;1;0;0;0;0;0;0;0;0;1;0;0;(-38.4784911 -3.7379514);
HRI0990;2021-06-08 17:57:00;Avenida da Abolição;;;MEIRELES;HRI0990;Colisão;Não informado;Não informado;Não informado;Meio de quadra;Não informado;Longo da via;0;1;0;1;1;0;0;0;0;0;0;0;0;(-38.5009856 -3.7257539);
HSV6421;2021-06-08 17:32:00;Rua Ubirajara Negreiros;;;JANGURUSSU;HSV6421;Colisão;Não informado;Não informado;Não informado;Meio de quadra;Não informado;Longo da via;0;1;0;1;1;0;0;0;0;0;0;0;0;(-38.5067168 -3.8487835);
ZDP8844;2021-08-06 17:31:00;Avenida Dionísio Leonel Alencar;RUA AUGUSTA BENEVIDES;;;ZDP8844;Colisão;Não informado;Não informado;Não informado;Cruz;Não informado;Cruzamento;0;1;0;1;0;0;1;0;0;0;0;0;0;(-38.5042676 -3.8497649);
WNC0828;2021-06-08 14:23:00;AV WASHINGTON SOARES;;;CAMBEBA;WNC0828;Colisão;Não informado;Não informado;Não informado;Meio de quadra;Não informado;Longo da via;0;1;0;1;1;0;0;0;0;0;0;0;0;(-38.4790722 -3.8070071);
FUY0056;2021-06-08 12:53:00;Avenida Sargento Hermínio Sampaio;;;MONTE CASTELO;FUY0056;Queda;Não informado;Não informado;Não informado;Meio de quadra;Não informado;Longo da via;0;1;0;1;0;0;0;0;0;0;0;0;0;(-38.5536455 -3.7251204);
QLN0405;2021-06-08 12:52:00;BR 116;AV OLIVEIRA PAIVA;;CIDADE DOS FUNCIONRAIOS;QLN0405;Colisão;Não informado;Não informado;Não informado;Outros;Não informado;Cruzamento;0;1;0;1;1;0;0;0;0;0;0;0;0;(-38.5041235 -3.79911);
LRQ1274;2021-06-08 12:45:00;Avenida Coronel Carvalho;;;VILA VELHA;LRQ1274;Atropelamento;Não informado;Não informado;Não informado;Meio de quadra;Não informado;Longo da via;0;1;0;0;1;0;0;0;0;0;0;0;0;(-38.588083 -3.7178074);
FXH1612;2021-06-08 12:43:00;Rua Eduardo Bezerra;RUA JOAQUIM NABUCO;;DIONISIO TORRES;FXH1612;Colisão;Não informado;Não informado;Não informado;Cruz;Não informado;Cruzamento;0;1;0;1;1;0;0;0;0;0;0;0;0;(-38.5087652 -3.7535872);
DVO5860;2021-06-08 11:43:00;Rua Castro e Silva;;;CENTRO;DVO5860;Colisão;Não informado;Não informado;Não informado;Meio de quadra;Não informado;Longo da via;0;1;0;0;2;0;0;0;0;0;0;0;0;(-38.5282567 -3.7234026);
QEV4513;2021-06-08 11:29:00;Avenida Treze de Maio;;;FATIMA;QEV4513;Colisão;Não informado;Não informado;Não informado;Meio de quadra;Não informado;Longo da via;0;1;0;1;1;0;0;0;0;0;0;0;0;(-38.5297266 -3.7489328);
LQG6798;2021-06-08 10:24:00;Avenida Pompílio Gomes;;;PASSARE;LQG6798;Queda;Não informado;Não informado;Não informado;Meio de quadra;Não informado;Longo da via;0;1;0;1;0;0;0;0;0;0;0;0;0;(-38.5210568 -3.8155213);
SEB9970;2021-06-08 10:22:00;Rua ENG SERRAINE;RUA ANTONIO G DE SALES;;ANTONIO BEZERRA;SEB9970;Colisão;Não informado;Não informado;Não informado;Meio de quadra;Não informado;Cruzamento;0;2;0;2;0;0;0;0;0;0;0;0;0;(-38.5854434 -3.7363755);
ATA0224;2021-06-08 09:36:00;Avenida Domingos Olímpio;AV AGUANAMBI;;JOSE BONIFACIO;ATA0224;Queda;Não informado;Não informado;Não informado;Meio de quadra;Não informado;Longo da via;0;1;0;1;0;0;0;0;0;0;0;0;0;(-38.5246114 -3.7385692);
SVJ3085;2021-06-08 09:29:00;Avenida General Osório de Paiva;;;PARANGABA;SVJ3085;Colisão;Não informado;Não informado;Não informado;Meio de quadra;Não informado;Longo da via;0;1;0;1;1;0;0;0;0;0;0;0;0;(-38.5724561 -3.7792254);
UDA5746;2021-06-08 08:47:00;Avenida Presidente Costa e Silva;;;MESSEJANA;UDA5746;Queda;Não informado;Não informado;Não informado;Meio de quadra;Não informado;Longo da via;0;1;0;1;0;0;0;0;0;0;0;0;0;(-38.5503326 -3.823450799999999);
OQI0967;2021-06-08 06:44:00;Avenida Radialista Jose Lima Verde;;;BARRA DO CEARA;OQI0967;Queda;Não informado;Não informado;Não informado;Meio de quadra;Não informado;Longo da via;0;1;0;1;0;0;0;0;0;0;0;0;0;(-38.5898182 -3.7023369);
IUP6329;2021-06-08 05:17:00;Avenida Rogaciano Leite;;;JARDIM DAS OLIVEIRAS;IUP6329;Colisão;Não informado;Não informado;Não informado;Meio de quadra;Não informado;Longo da via;0;1;0;2;0;0;0;0;0;0;0;0;0;(-38.495614 -3.7647347);
RPM4929;2021-06-23 22:41:00;Avenida Val Paraíso;;;JANGURUSSU;RPM4929;Colisão;Não informado;Não informado;Não informado;Meio de quadra;Não informado;Longo da via;0;1;0;2;0;0;0;0;0;0;0;0;0;(-38.52263525751085 -3.846155214799513);
BSO2798;2021-06-08 00:48:00;RUA DR PERGENTINO MAIA;;;MESSEJANA;BSO2798;Colisão;Não informado;Não informado;Não informado;Meio de quadra;Não informado;Longo da via;0;1;0;1;1;0;0;0;0;0;0;0;0;(-38.4885375 -3.8313311);
QAB4043;2021-06-07 23:28:00;RUA ALM JACEGUAI;;;CENTRO;QAB4043;Queda;Não informado;Não informado;Não informado;Meio de quadra;Não informado;Longo da via;0;1;0;0;0;0;0;0;0;1;0;0;0;(-38.5193178 -3.7222813);
EKV2921;2021-06-07 21:40:00;Avenida General Osório de Paiva;;;PARANGABA;EKV2921;Colisão;Não informado;Não informado;Não informado;Meio de quadra;Não informado;Longo da via;0;1;0;1;1;0;0;0;0;0;0;0;0;(-38.5711297 -3.7785352);
ACY5291;2021-06-17 17:20:00;Rodovia 4º Anel Viário;RUA VINTE E QUATRO DE MAIO;;CONJUNTO PALMEIRAS;ACY5291;Colisão;Não informado;Não informado;Não informado;Não informado;Não informado;Longo da via;0;0;0;0;2;0;0;0;0;0;0;0;0;(-38.5766912 -3.8456755);
ADF6989;2021-06-07 20:52:00;Rua Senador Robert Kennedy;RUA 20 DE JANEIRO;;BARRA DO CEARA;ADF6989;Colisão;Não informado;Não informado;Não informado;Cruz;Não informado;Cruzamento;0;1;0;1;1;0;0;0;0;0;0;0;0;(-38.5799771 -3.7061005);
DIV1665;2021-06-23 21:37:00;Avenida Jornalista Tomaz Coelho;;;MESSEJANA;DIV1665;Colisão;Não informado;Não informado;Não informado;Meio de quadra;Não informado;Longo da via;0;1;0;2;0;0;0;0;0;0;0;0;0;(-38.51662710368759 -3.828230053133395);
FKJ7183;2021-06-07 19:56:00;Rua Rio Tocantins;;;JARDIM IRACEMA;FKJ7183;Colisão;Não informado;Não informado;Não informado;Meio de quadra;Não informado;Longo da via;0;1;0;0;1;0;0;0;0;1;0;0;0;(-38.5809163 -3.7211503);
AKM1825;2021-06-23 21:12:00;Rua Coronel Matos Dourado;;;ANTONIO BEZERRA;AKM1825;Queda;Não informado;Não informado;Não informado;Meio de quadra;Não informado;Longo da via;0;1;0;1;0;0;0;0;0;0;0;0;0;(-38.58471230318609 -3.74690111774096);
KCP8247;2021-06-23 21:05:00;Rua Júnior Rocha;;;ENGENHEIRO LUCIANO CAVALCANTE;KCP8247;Colisão;Não informado;Não informado;Não informado;Cruz;Não informado;Longo da via;0;1;0;1;1;0;0;0;0;0;0;0;0;(-38.48792746957402 -3.793593661321465);
LJN1106;2021-06-07 19:41:00;Avenida Doutor Silas Munguba;;;SERRINHA;LJN1106;Atropelamento;Não informado;Não informado;Não informado;Meio de quadra;Não informado;Longo da via;0;1;0;1;0;0;0;0;0;0;0;0;0;(-38.5485124 -3.7873861);
OIV9609;2021-06-07 19:27:00;AV PRESIDENTE CASTELO BRANCO;;;PIRAMBU;OIV9609;Colisão;Não informado;Não informado;Não informado;Meio de quadra;Não informado;Longo da via;0;1;0;1;1;0;0;0;0;0;0;0;0;(-38.5736553 -3.7061744);
TEZ7651;2021-06-07 19:01:00;Avenida Bernardo Manuel;;;PARQUE DOIS IRMAOS;TEZ7651;Colisão;Não informado;Não informado;Não informado;Meio de quadra;Não informado;Longo da via;0;1;0;1;1;0;0;0;0;0;0;0;0;(-38.5538909 -3.8064128);
PYU7978;2021-06-23 20:46:00;Rua Professor Heribaldo Costa;;;HENRIQUE JORGE;PYU7978;Colisão;Não informado;Não informado;Não informado;Meio de quadra;Não informado;Longo da via;0;1;0;0;0;0;0;0;0;0;0;0;0;(-38.58196571787075 -3.755230270390888);
LOJ6549;2021-06-07 19:00:00;Rua Elizeu Oriá;RUA ISABEL MAIA ALENCAR;;JOSE DE ALENCAR;LOJ6549;Colisão;Não informado;Não informado;Não informado;Cruz;Não informado;Cruzamento;0;1;0;1;1;0;0;0;0;0;0;0;0;(-38.4768717 -3.815327899999999);
FVL9190;2021-06-23 19:27:00;Avenida Radialista João Ramos;;;PLANALTO AYRTON SENNA;FVL9190;Colisão;Não informado;Não informado;Não informado;Meio de quadra;Não informado;Longo da via;0;3;0;0;0;0;0;0;0;0;0;0;0;(-38.57380641834285 -3.841771640300104);
NXZ2157;2021-06-17 13:08:00;Avenida Presidente Juscelino Kubitschek;;;PASSARE;NXZ2157;Colisão;Não informado;Não informado;Não informado;Não informado;Não informado;Longo da via;0;0;0;0;0;0;0;0;0;0;1;0;0;(-38.53254333151282 -3.817530442055482);
CMD1091;2021-06-07 16:38:00;BR 116;;;MESSEJANA;CMD1091;Colisão;Não informado;Não informado;Não informado;Meio de quadra;Não informado;Longo da via;0;2;0;1;1;0;0;0;0;0;0;0;0;(-38.5043963 -3.8022548);
OBB4677;2021-06-23 18:25:00;Avenida Imperador;;;BENFICA;OBB4677;Colisão;Não informado;Não informado;Não informado;Meio de quadra;Não informado;Longo da via;0;1;0;1;1;0;0;0;0;0;0;0;0;(-38.53397563112677 -3.725858413336038);
SDH6422;2021-06-07 15:33:00;Avenida Engenheiro Leal Lima Verde;;;SAPIRANGA / COITE;SDH6422;Colisão;Não informado;Não informado;Não informado;Meio de quadra;Não informado;Longo da via;0;1;0;1;1;0;0;0;0;0;0;0;0;(-38.4757415 -3.7969977);
PHB5060;2021-06-07 15:06:00;Avenida Mozart Pinheiro de Lucena;;;VILA VELHA;PHB5060;Colisão;Não informado;Não informado;Não informado;Meio de quadra;Não informado;Longo da via;0;1;0;1;1;0;0;0;0;0;0;0;0;(-38.5953468 -3.7162871);
DJP0149;2021-06-07 13:01:00;Avenida Godofredo Maciel;;;MARAPONGA;DJP0149;Atropelamento;Não informado;Não informado;Não informado;Meio de quadra;Não informado;Longo da via;0;1;0;0;1;0;0;0;0;0;0;0;0;(-38.5700693 -3.7966838);
RKG5696;2021-06-07 11:42:00;Avenida Godofredo Maciel;;;MARAPONGA;RKG5696;Colisão;Não informado;Não informado;Não informado;Meio de quadra;Não informado;Longo da via;0;1;0;1;1;0;0;0;0;0;0;0;0;(-38.57259944586736 -3.805535371888298);
LAZ9586;2021-06-07 10:12:00;Avenida Major Assis;;;VILA VELHA;LAZ9586;Colisão;Não informado;Não informado;Não informado;Meio de quadra;Não informado;Longo da via;0;1;0;0;1;0;0;0;0;1;0;0;0;(-38.5985062 -3.7212431);
IYW4508;2021-06-07 02:59:00;Avenida Mister Hull;;;ANTONIO BEZERRA;IYW4508;Colisão;Não informado;Não informado;Não informado;Meio de quadra;Não informado;Longo da via;0;1;0;1;1;0;0;0;0;0;0;0;0;(-38.58799 -3.739409999999999);
DBW8283;2021-06-07 02:58:00;Rua Oscar França;;;BOM JARDIM;DBW8283;Queda;Não informado;Não informado;Não informado;Meio de quadra;Não informado;Longo da via;0;1;0;1;0;0;0;0;0;0;0;0;0;(-38.60991569999999 -3.7886243);
XIY2685;2021-06-07 00:06:00;Rua Cônego de Castro;;;VILA PERY;XIY2685;Colisão;Não informado;Não informado;Não informado;Meio de quadra;Não informado;Longo da via;0;1;0;1;1;0;0;0;0;0;0;0;0;(-38.5644411 -3.7749378);
TJG3721;2021-06-16 12:35:00;Avenida Tristão Gonçalves;;;CENTRO;TJG3721;Colisão;Não informado;Não informado;Não informado;Não informado;Não informado;Longo da via;0;0;0;1;1;0;0;0;0;0;0;0;0;(-38.53369669288357 -3.728834720644067);
KHI2699;2021-06-06 23:26:00;Avenida Val Paraíso;;;JANGURUSSU;KHI2699;Atropelamento;Não informado;Não informado;Não informado;Meio de quadra;Não informado;Longo da via;0;2;0;1;0;0;0;0;0;0;0;0;0;(-38.5110025 -3.8488207);
MUL8044;2021-06-06 22:52:00;AV OSORIO DE PAIVA;AV AUGUSTO DOS ANJOS;;BONSUCESSO;MUL8044;Queda;Não informado;Não informado;Não informado;Y;Não informado;Cruzamento;0;1;0;1;0;0;0;0;0;0;0;0;0;(-38.5847464 -3.7871166);
QVC8381;2021-06-23 16:38:00;Avenida Borges de Melo;;;AEROLANDIA;QVC8381;Colisão;Não informado;Não informado;Não informado;Meio de quadra;Não informado;Longo da via;0;1;0;1;1;0;0;0;0;0;0;0;0;(-38.51838132968652 -3.761515221875755);
MJH5854;2021-06-06 22:42:00;Rua Evaldo Braga;;;CONJUNTO PALMEIRAS;MJH5854;Queda;Não informado;Não informado;Não informado;Meio de quadra;Não informado;Longo da via;0;1;0;1;0;0;0;0;0;0;0;0;0;(-38.5278104 -3.8451072);
ADQ4977;2021-06-23 16:26:00;Rua Cruzeiro do Sul;;;CARLITO PAMPLONA;ADQ4977;Colisão;Não informado;Não informado;Não informado;Meio de quadra;Não informado;Longo da via;0;1;0;1;1;0;0;0;0;0;0;0;0;(-38.56298104715491 -3.715366314517668);
GMN6823;2021-06-06 22:33:00;Rua João Carvalho;RUA SILVA PAULET;;ALDEOTA;GMN6823;Queda;Não informado;Não informado;Não informado;Cruz;Não informado;Cruzamento;0;1;0;1;0;0;0;0;0;0;0;0;0;(-38.5065309 -3.737982);
ZGG4459;2021-06-06 22:14:00;Rua Monsenhor Rosa;;;CARLITO PAMPLONA;ZGG4459;Queda;Não informado;Não informado;Não informado;Meio de quadra;Não informado;Longo da via;0;1;0;1;0;0;0;0;0;0;0;0;0;(-38.55471440000001 -3.712859);
ODM8898;2021-06-23 16:10:00;Avenida Júlio Abreu;;;VARJOTA;ODM8898;Atropelamento;Não informado;Não informado;Não informado;Meio de quadra;Não informado;Longo da via;0;1;0;0;1;0;0;0;0;0;0;0;0;(-38.48668829135493 -3.735916792648848);
UDC8514;2021-06-06 21:55:00;Rua Evaristo Reis;AV GOV RAUL BARBOSA;;SAO JOAO DO TAUAPE;UDC8514;Colisão;Não informado;Não informado;Não informado;Y;Não informado;Cruzamento;0;1;0;1;1;0;0;0;0;0;0;0;0;(-38.5088376 -3.761215899999999);
WKQ2821;2021-06-23 15:03:00;Avenida Presidente Castelo Branco;;;PIRAMBU;WKQ2821;Colisão;Não informado;Não informado;Não informado;Meio de quadra;Não informado;Longo da via;0;1;0;1;1;0;0;0;0;0;0;0;0;(-38.54846493267005 -3.713664013242845);
XGL5396;2021-06-16 20:50:00;Avenida Treze de Maio;;;BENFICA;XGL5396;Colisão;Não informado;Não informado;Não informado;Não informado;Não informado;Longo da via;0;0;0;1;1;0;0;0;0;0;0;0;0;(-38.5422268 -3.7384404);
ANF0396;2021-06-06 21:43:00;Rua Conselheiro Lafayette;;;JARDIM IRACEMA;ANF0396;Atropelamento;Não informado;Não informado;Não informado;Meio de quadra;Não informado;Longo da via;0;1;0;0;1;0;0;0;0;0;0;0;0;(-38.584418 -3.7179434);