COD_ACIDENTE;DATA;LOG1;LOG2;NUMERO;BAIRRO;AMC;NATUREZA;ILUMINACAO;TEMPO;SUPERFICIEPISTA;TIPOCRUZAMENTO;CONTROLETRAFEGO;USOSOLO;MORTOS;FERIDOS;ILESOS;MOTOCICLETA;AUTOMOVEL;MICROONIBUS;CAMINHAO;ONIBUS;CICLOMOTOR;BICICLETA;OUTROS;TREM;TRACAOANIMAL;COORDENADAS
ALG3339;2021-06-15 19:00:00;Rua da Taperuaba;RUA MANUEL GADELHA;;BARRA DO CEARA;ALG3339;Colisão;Não informado;Não informado;Não informado;Não informado;Não informado;Longo da via;0;0;0;1;1;0;0;0;0;0;0;0;0;(-38.5841341 -3.6958641);
IIL1303;2021-06-06 21:34:00;Avenida Washington Soares;;;SAPIRANGA / COITE;IIL1303;Atropelamento;Não informado;Não informado;Não informado;Meio de quadra;Não informado;Longo da via;0;1;0;1;0;0;0;0;0;0;0;0;0;(-38.4789553 -3.8028122);
CFG7309;2021-06-06 21:24:00;AV BEIRA MAR;;;PRAIA DE IRACEMA;CFG7309;Colisão;Não informado;Não informado;Não informado;Meio de quadra;Não informado;Longo da via;0;1;0;0;0;0;0;0;0;0;1;0;0;(-38.50938514380438 -3.721586645325992);
RPF6522;2021-06-23 14:13:00;Avenida Castelo de Castro;;;;RPF6522;Colisão;Não informado;Não informado;Não informado;Meio de quadra;Não informado;Longo da via;0;1;0;0;0;0;0;0;0;0;0;0;0;(-38.52176622108628 -3.841894744653355);
TEY0915;2021-06-23 13:59:00;Avenida Visconde do Rio Branco;;;JOAQUIM TVORA;TEY0915;Colisão;Não informado;Não informado;Não informado;Meio de quadra;Não informado;Longo da via;0;2;0;2;0;0;0;0;0;0;0;0;0;(-38.52345066031113 -3.739123244855513);
EQK0371;2021-06-14 20:00:00;Rua Padre Pedro de Alencar;;;MESSEJANA;EQK0371;Colisão;Não informado;Não informado;Não informado;Não informado;Não informado;Longo da via;0;0;0;0;1;0;1;0;0;0;0;0;0;(-38.49438087009376 -3.845159679711629);
PAN3285;2021-06-06 21:17:00;Avenida Monsenhor Amarílio Rodrigues;;;JANGURUSSU;PAN3285;Colisão;Não informado;Não informado;Não informado;Meio de quadra;Não informado;Longo da via;0;1;0;1;1;0;0;0;0;0;0;0;0;(-38.5251864 -3.8361148);
OXJ9667;2021-06-23 13:28:00;Avenida General Osório de Paiva;;;PARANGABA;OXJ9667;Queda;Não informado;Não informado;Não informado;Meio de quadra;Não informado;Longo da via;0;1;0;0;0;0;0;0;0;1;0;0;0;(-38.57202010349859 -3.779152053579306);
UMJ5982;2021-06-12 12:17:00;Rua José Hipólito;;;COACU;UMJ5982;Colisão;Não informado;Não informado;Não informado;Não informado;Não informado;Longo da via;0;0;0;0;2;0;0;0;0;0;0;0;0;(-38.4920274 -3.8330246);
UHN5809;2021-06-23 12:45:00;Avenida Jornalista Tomaz Coelho;;;MESSEJANA;UHN5809;Colisão;Não informado;Não informado;Não informado;Meio de quadra;Não informado;Longo da via;0;1;0;1;1;0;0;0;0;0;0;0;0;(-38.5107767 -3.8295793);
DSD7529;2021-06-23 10:52:00;Avenida Presidente Costa e Silva;;;MONDUBIM;DSD7529;Atropelamento de Animal;Não informado;Não informado;Não informado;Meio de quadra;Não informado;Longo da via;0;1;0;1;0;0;0;0;0;0;0;0;0;(-38.56857076511205 -3.815919333481196);
KEP3923;2021-06-23 10:49:00;Rua E;;;CAJAZEIRAS;KEP3923;Queda;Não informado;Não informado;Não informado;Meio de quadra;Não informado;Longo da via;0;1;0;1;0;0;0;0;0;0;0;0;0;(-38.50442842623642 -3.808532816967785);
EDF4249;2021-06-23 10:26:00;Rua Coronel Matos Dourado;;;PICI;EDF4249;Queda;Não informado;Não informado;Não informado;Meio de quadra;Não informado;Longo da via;0;1;0;1;0;0;0;0;0;0;0;0;0;(-38.5846875 -3.7481374);
NEK5890;2021-06-23 09:14:00;Rua Antônio Pompeu;RUA ASSUNCAO;;CENTRO;NEK5890;Colisão;Não informado;Não informado;Não informado;Cruz;Não informado;Longo da via;0;1;0;1;1;0;0;0;0;0;0;0;0;(-38.5289364 -3.7353341);
BTC0960;2021-06-23 09:38:00;Avenida Mister Hull;;;PADRE ANDRADE;BTC0960;Colisão;Não informado;Não informado;Não informado;Meio de quadra;Não informado;Longo da via;0;1;0;1;1;0;0;0;0;0;0;0;0;(-38.5788221686707 -3.737661874936329);
FRP7470;2021-06-23 03:56:00;Avenida José Leon;;;JARDIM DAS OLIVEIRAS;FRP7470;Atropelamento;Não informado;Não informado;Não informado;Meio de quadra;Não informado;Longo da via;0;1;0;1;0;0;0;0;0;0;0;0;0;(-38.50912228638261 -3.786859983908054);
UPV1144;2021-06-11 19:30:00;Avenida Eduardo Girão;;;FATIMA;UPV1144;Colisão;Não informado;Não informado;Não informado;Não informado;Não informado;Longo da via;0;0;0;1;1;0;0;0;0;0;0;0;0;(-38.5371367 -3.7505121);
ZSI3642;2021-06-11 19:30:00;Avenida Eduardo Girão;;;FATIMA;ZSI3642;Colisão;Não informado;Não informado;Não informado;Não informado;Não informado;Longo da via;0;0;0;1;1;0;0;0;0;0;0;0;0;(-38.5311434 -3.7536347);
OQY2199;2021-06-06 21:15:00;Avenida Alberto Craveiro;;;DIAS MACEDO;OQY2199;Colisão;Não informado;Não informado;Não informado;Meio de quadra;Não informado;Longo da via;0;1;0;0;0;0;0;0;0;0;1;0;0;(-38.5168135 -3.7897613);
GZF5695;2021-06-06 20:50:00;Rua Amadeu Furtado;RUA AZEVEDO BOLAO;;PARQUELANDIA;GZF5695;Atropelamento;Não informado;Não informado;Não informado;Cruz;Não informado;Cruzamento;0;1;0;0;1;0;0;0;0;0;0;0;0;(-38.5635997 -3.7378843);
IJY3094;2021-06-11 05:20:00;Avenida Almirante Barroso;;;MEIRELES;IJY3094;Colisão;Não informado;Não informado;Não informado;Não informado;Não informado;Longo da via;0;0;0;0;2;0;0;0;0;0;0;0;0;(-38.5167827 -3.720452);
NBU7210;2021-06-06 20:49:00;Avenida Emília Gonçalves;;;QUINTINO CUNHA;NBU7210;Queda;Não informado;Não informado;Não informado;Meio de quadra;Não informado;Longo da via;0;1;0;1;0;0;0;0;0;0;0;0;0;(-38.59678223976528 -3.723840299954553);
OQJ7979;2021-06-06 20:39:00;Rua CARLOS VASCONCELOS;RUA TORRES CAMARA;;ALDEOTA;OQJ7979;Colisão;Não informado;Não informado;Não informado;Cruz;Não informado;Cruzamento;0;1;0;1;1;0;0;0;0;0;0;0;0;(-38.5110025 -3.7342183);
RTM9119;2021-06-22 21:12:00;BR-116;;;MESSEJANA;RTM9119;Colisão;Não informado;Não informado;Não informado;Meio de quadra;Não informado;Longo da via;0;2;0;1;1;0;0;0;0;0;0;0;0;(-38.5075266 -3.7952797);
DYG4838;2021-06-22 21:07:00;Avenida Doutor Silas Munguba;;;PARANGABA;DYG4838;Queda;Não informado;Não informado;Não informado;Meio de quadra;Não informado;Longo da via;0;1;0;0;0;0;0;0;0;1;0;0;0;(-38.5555638 -3.7823429);
OQZ2141;2021-06-06 20:07:00;Rua Dezesseis;;;MONDUBIM;OQZ2141;Queda;Não informado;Não informado;Não informado;Meio de quadra;Não informado;Longo da via;0;1;0;0;0;0;0;0;0;1;0;0;0;(-38.5696663 -3.8238346);
EDA1375;2021-06-06 19:46:00;Avenida Rui Barbosa;RUA EDUARDO SALGADO;;MEIRELES;EDA1375;Colisão;Não informado;Não informado;Não informado;Cruz;Não informado;Cruzamento;0;1;0;1;1;0;0;0;0;0;0;0;0;(-38.5087908 -3.7339784);
JLE1937;2021-06-06 19:39:00;AV PRESIDENTE JUSCELINO KUBITSCHEK;;;SIQUEIRA;JLE1937;Colisão;Não informado;Não informado;Não informado;Meio de quadra;Não informado;Longo da via;0;1;0;0;0;0;0;0;0;0;1;0;0;(-38.6272199115412 -3.812536530895815);
ALA9082;2021-06-06 19:32:00;Rua FRANCISCO GLICERIO;;;MANOEL SATIRO;ALA9082;Atropelamento;Não informado;Não informado;Não informado;Meio de quadra;Não informado;Longo da via;0;1;0;0;1;0;0;0;0;0;0;0;0;(-38.5782173 -3.7945994);
LFY3306;2021-06-22 20:31:00;Avenida Desembargador Moreira;;;MEIRELES;LFY3306;Colisão;Não informado;Não informado;Não informado;Meio de quadra;Não informado;Longo da via;0;2;0;2;0;0;0;0;0;0;0;0;0;(-38.49700942577979 -3.732062610884833);
WBJ4220;2021-06-06 19:18:00;Rua Jornalista César Magalhães;;;ENGENHEIRO LUCIANO CAVALCANTE;WBJ4220;Colisão;Não informado;Não informado;Não informado;Meio de quadra;Não informado;Longo da via;0;1;0;1;1;0;0;0;0;0;0;0;0;(-38.4887926 -3.7681888);
HXZ1915;2021-06-10 02:43:00;Rodovia Anel Viario De Fortaleza;;;CONJUNTO PALMEIRAS;HXZ1915;Queda;Não informado;Não informado;Não informado;Não informado;Não informado;Longo da via;0;0;0;1;0;0;0;0;0;0;0;0;0;(-38.5607494734161 -3.852776028768956);
JKT8428;2021-06-06 19:01:00;Rua Bom Jesus;;;BOM JARDIM;JKT8428;Colisão;Não informado;Não informado;Não informado;Meio de quadra;Não informado;Longo da via;0;2;0;1;1;0;0;0;0;0;0;0;0;(-38.60799924068049 -3.79195039194046);
EHD3935;2021-06-09 07:50:00;Avenida Jornalista Tomaz Coelho;;;MESSEJANA;EHD3935;Colisão;Não informado;Não informado;Não informado;Não informado;Não informado;Longo da via;0;1;0;1;1;0;0;0;0;0;0;0;0;(-38.5107767 -3.8295793);
RVH3635;2021-06-22 20:05:00;Avenida General Murilo Borges;;;SALINAS;RVH3635;Colisão;Não informado;Não informado;Não informado;Meio de quadra;Não informado;Longo da via;0;1;0;1;1;0;0;0;0;0;0;0;0;(-38.49800720917537 -3.76738126952343);
YRO0787;2021-06-22 19:54:00;Rua Júlio Silva;;;PRAIA DO FUTURO I;YRO0787;Queda;Não informado;Não informado;Não informado;Meio de quadra;Não informado;Longo da via;0;1;0;1;0;0;0;0;0;0;0;0;0;(-38.45415845479243 -3.745145347931039);
ZMT1421;2021-06-22 19:39:00;Rua Siqueira Campos;;;SIQUEIRA;ZMT1421;Colisão;Não informado;Não informado;Não informado;Meio de quadra;Não informado;Longo da via;0;1;0;2;0;0;0;0;0;0;0;0;0;(-38.62409786082994 -3.816625866517078);
GXO0815;2021-06-22 19:23:00;Rua Meton de Alencar;;;CENTRO;GXO0815;Capotamento;Não informado;Não informado;Não informado;Meio de quadra;Não informado;Longo da via;0;1;0;0;0;0;0;0;0;0;0;0;0;(-38.53246824092015 -3.73313857166295);
WHL3772;2021-06-22 16:11:00;Avenida Jovita Feitosa;RUA CARVALHO MOTA;;RODOLFO TEOFILO;WHL3772;Colisão;Não informado;Não informado;Não informado;Cruz;Não informado;Longo da via;0;2;0;0;0;0;0;0;0;0;0;0;0;(-38.54461864025112 -3.737383518485148);
DRD2681;2021-06-22 14:32:00;Avenida Oliveira Paiva;;;CIDADE DOS FUNCIONRAIOS;DRD2681;Queda;Não informado;Não informado;Não informado;Meio de quadra;Não informado;Longo da via;0;1;0;1;0;0;0;0;0;0;0;0;0;(-38.492164 -3.795765);
EAN3387;2021-06-22 14:17:00;Avenida Almirante Henrique Sabóia;;;PAPICU;EAN3387;Colisão;Não informado;Não informado;Não informado;Meio de quadra;Não informado;Longo da via;0;1;0;1;0;0;1;0;0;0;0;0;0;(-38.48601776326279 -3.737506637695598);
UNN8319;2021-06-22 13:24:00;Avenida Duque de Caxias;RUA GAL SAMPAIO;;CENTRO;UNN8319;Colisão;Não informado;Não informado;Não informado;Cruz;Não informado;Longo da via;0;1;0;1;1;0;0;0;0;0;0;0;0;(-38.5320546 -3.7311329);
EMD8588;2021-06-22 13:23:00;Avenida Aguanambi;;;JOSE BONIFACIO;EMD8588;Queda;Não informado;Não informado;Não informado;Meio de quadra;Não informado;Longo da via;0;1;0;1;0;0;0;0;0;0;0;0;0;(-38.52581098149013 -3.741938917757578);
QIW2684;2021-06-22 12:47:00;Avenida Vicente de Castro;;;CAIS DO PORTO;QIW2684;Queda;Não informado;Não informado;Não informado;Meio de quadra;Não informado;Longo da via;0;1;0;1;0;0;0;0;0;0;0;0;0;(-38.47529424869339 -3.717528981840659);
UGH4390;2021-06-22 11:36:00;BR-116;;;AEROLANDIA;UGH4390;Colisão;Não informado;Não informado;Não informado;Meio de quadra;Não informado;Longo da via;0;1;0;1;1;0;0;0;0;0;0;0;0;(-38.51597801520503 -3.773338944141639);
JCH6873;2021-06-22 10:34:00;Rua Melo de Oliveira;RUA JULIO BRAGA;;JOAO XXIII;JCH6873;Colisão;Não informado;Não informado;Não informado;Cruz;Não informado;Longo da via;0;1;0;0;0;0;0;0;0;0;0;0;0;(-38.57978241615311 -3.775747695869255);
SDN5129;2021-06-06 16:06:00;Avenida Sargento Hermínio Sampaio;;;MONTE CASTELO;SDN5129;Queda;Não informado;Não informado;Não informado;Meio de quadra;Não informado;Longo da via;0;1;0;0;0;0;0;0;0;1;0;0;0;(-38.5519472 -3.7246704);
QFQ8855;2021-06-22 10:12:00;Avenida Treze de Maio;;;FATIMA;QFQ8855;Queda;Não informado;Não informado;Não informado;Meio de quadra;Não informado;Longo da via;0;2;0;1;0;0;0;0;0;0;0;0;0;(-38.53152946471542 -3.747431059765793);
ZOU3584;2021-06-06 15:28:00;Rua Santa Júlia;;;PARANGABA;ZOU3584;Queda;Não informado;Não informado;Não informado;Meio de quadra;Não informado;Longo da via;0;1;0;0;0;0;0;0;0;1;0;0;0;(-38.568722 -3.7747334);
XSL7151;2021-06-06 15:10:00;Rua CERES;;;EDSON QUEIROZ;XSL7151;Colisão;Não informado;Não informado;Não informado;Meio de quadra;Não informado;Longo da via;0;4;0;0;0;0;0;0;0;0;1;0;0;(-38.47334702077824 -3.786196248161713);
TRA2991;2021-06-06 11:46:00;Rua Jorge Figueredo;;;PEDRAS;TRA2991;Colisão;Não informado;Não informado;Não informado;Meio de quadra;Não informado;Longo da via;0;1;0;1;1;0;0;0;0;0;0;0;0;(-38.5227122 -3.8868636);
AGX0114;2021-06-06 09:36:00;Avenida Presidente Costa e Silva;;;PREFEITO JOSE VALTER;AGX0114;Colisão;Não informado;Não informado;Não informado;Meio de quadra;Não informado;Longo da via;0;1;0;0;0;0;0;0;0;0;1;0;0;(-38.5443558 -3.8244455);
NBE7689;2021-06-06 08:49:00;Avenida General Osório de Paiva;;;;NBE7689;Colisão;Não informado;Não informado;Não informado;Meio de quadra;Não informado;Longo da via;0;1;0;1;1;0;0;0;0;0;0;0;0;(-38.60809579903214 -3.811235861168693);
DQJ2680;2021-06-06 08:40:00;Via Expressa;;;DIONISIO TORRES;DQJ2680;Queda;Não informado;Não informado;Não informado;Meio de quadra;Não informado;Longo da via;0;2;0;1;0;0;0;0;0;0;0;0;0;(-38.49085 -3.7457388);
MNW4912;2021-06-22 01:48:00;Avenida Alberto Craveiro;;;BOA VISTA;MNW4912;Queda;Não informado;Não informado;Não informado;Meio de quadra;Não informado;Longo da via;0;1;0;1;0;0;0;0;0;0;0;0;0;(-38.5192020177737 -3.799845550132608);
HEY3532;2021-06-08 02:30:00;Avenida João Pessoa;AV GAL OSORIO DE PAIVA;;PARANGABA;HEY3532;Colisão;Não informado;Não informado;Não informado;Não informado;Não informado;Longo da via;0;0;0;1;2;0;0;0;0;0;0;0;0;(-38.56155529999999 -3.7711689);
LVB2081;2021-06-06 05:54:00;Rua Jacupemba;;;MONDUBIM;LVB2081;Queda;Não informado;Não informado;Não informado;Meio de quadra;Não informado;Longo da via;0;1;0;1;0;0;0;0;0;0;0;0;0;(-38.5837244 -3.8292857);
NLT5586;2021-06-22 01:28:00;Avenida Treze de Maio;;;BENFICA;NLT5586;Colisão;Não informado;Não informado;Não informado;Meio de quadra;Não informado;Longo da via;0;1;0;0;1;0;0;0;0;1;0;0;0;(-38.53234484687282 -3.746794058707063);
UER5892;2021-06-06 05:33:00;Rua M;;;BARROSO;UER5892;Choque c/ Obstáculo Fixo;Não informado;Não informado;Não informado;Meio de quadra;Não informado;Longo da via;0;1;0;0;1;0;0;0;0;0;0;0;0;(-38.5183119 -3.8265411);
SZV9070;2021-06-22 00:06:00;Avenida Luciano Carneiro;;;VILA UNIAO;SZV9070;Colisão;Não informado;Não informado;Não informado;Meio de quadra;Não informado;Longo da via;0;1;0;1;1;0;0;0;0;0;0;0;0;(-38.53686169647162 -3.76567371644392);
TTM2653;2021-06-06 04:34:00;Avenida Maestro Lisboa;;;LAGOA REDONDA;TTM2653;Atropelamento;Não informado;Não informado;Não informado;Meio de quadra;Não informado;Longo da via;0;1;0;0;1;0;0;0;0;0;0;0;0;(-38.4637435 -3.8081767);
DPE4765;2021-06-06 02:37:00;Avenida Américo Barreira;;;DEMOCRITO ROCHA;DPE4765;Colisão;Não informado;Não informado;Não informado;Meio de quadra;Não informado;Longo da via;0;1;0;2;0;0;0;0;0;0;0;0;0;(-38.5650232206949 -3.760718983322623);
CMJ3827;2021-06-21 23:29:00;Avenida General Osório de Paiva;;;CANINDEZINHO;CMJ3827;Queda;Não informado;Não informado;Não informado;Meio de quadra;Não informado;Longo da via;0;1;0;1;0;0;0;0;0;0;0;0;0;(-38.60793487610895 -3.810700605565639);
LDT5122;2021-06-21 22:22:00;Rua Padre Perdigão Sampaio;;;AUTRAN NUNES;LDT5122;Colisão;Não informado;Não informado;Não informado;Meio de quadra;Não informado;Longo da via;0;1;0;1;1;0;0;0;0;0;0;0;0;(-38.59465793937404 -3.739819134437116);
QQJ5844;2021-06-21 21:42:00;Avenida Pontes Vieira;;;DIONISIO TORRES;QQJ5844;Colisão;Não informado;Não informado;Não informado;Meio de quadra;Não informado;Longo da via;0;1;0;1;1;0;0;0;0;0;0;0;0;(-38.50421921768653 -3.751595643489574);
EQK9251;2021-06-07 17:30:00;Rua Treze de Agosto;TR LUIS GUIMARAES;;ALVARO WEYNE;EQK9251;Choque c/ Obstáculo Fixo;Não informado;Não informado;Não informado;Não informado;Não informado;Longo da via;0;0;0;0;1;0;0;0;0;0;0;0;0;(-38.57519582255173 -3.719798706198072);
CWW9455;2021-06-21 20:13:00;Avenida Rogaciano Leite;;;ENGENHEIRO LUCIANO CAVALCANTE;CWW9455;Colisão;Não informado;Não informado;Não informado;Meio de quadra;Não informado;Longo da via;0;2;0;0;2;0;0;0;0;0;0;0;0;(-38.50016371132239 -3.775480057118344);
CHX3777;2021-06-06 01:40:00;Rua Fé;RUA ALVARO DE ALENCAR;;CARLITO PAMPLONA;CHX3777;Colisão;Não informado;Não informado;Não informado;T;Não informado;Cruzamento;0;2;0;2;0;0;0;0;0;0;0;0;0;(-38.5578595 -3.715213299999999);
DBT9283;2021-06-06 00:51:00;Avenida D;;;CONJUNTO CEARA I;DBT9283;Colisão;Não informado;Não informado;Não informado;Meio de quadra;Não informado;Longo da via;0;1;0;2;0;0;0;0;0;0;0;0;0;(-38.6024774 -3.7633473);
DYJ1476;2021-06-21 19:14:00;Avenida da Universidade;RUA ANTONIO POMPEU;;CENTRO;DYJ1476;Colisão;Não informado;Não informado;Não informado;Cruz;Não informado;Longo da via;0;2;0;2;0;0;0;0;0;0;0;0;0;(-38.53301004432623 -3.734214531122702);
WWA6310;2021-06-06 00:34:00;Rua Cardeal Arcoverde;;;AUTRAN NUNES;WWA6310;Colisão;Não informado;Não informado;Não informado;Meio de quadra;Não informado;Longo da via;0;2;0;2;0;0;0;0;0;0;0;0;0;(-38.5933064 -3.7525978);
UFN7067;2021-06-21 18:48:00;Rodovia Anel Viario De Fortaleza;;;ANCURI;UFN7067;Colisão;Não informado;Não informado;Não informado;Meio de quadra;Não informado;Longo da via;0;1;0;1;0;0;0;0;0;0;0;0;0;(-38.5082531 -3.8687273);
JCM3899;2021-06-06 00:09:00;Avenida Mister Hull;;;ANTONIO BEZERRA;JCM3899;Colisão;Não informado;Não informado;Não informado;Meio de quadra;Não informado;Longo da via;0;1;0;1;1;0;0;0;0;0;0;0;0;(-38.5918137 -3.7395231);
ZKA1300;2021-06-21 15:48:00;Avenida Godofredo Maciel;;;MONDUBIM;ZKA1300;Colisão;Não informado;Não informado;Não informado;Meio de quadra;Não informado;Longo da via;0;1;0;0;0;0;0;0;0;0;1;0;0;(-38.5764618205152 -3.818943504894733);
YXQ7422;2021-06-06 00:07:00;Rua NOSSA SENHORA DAS GRAÇAS;;;PIRAMBU;YXQ7422;Colisão;Não informado;Não informado;Não informado;Meio de quadra;Não informado;Longo da via;0;1;0;1;1;0;0;0;0;0;0;0;0;(-38.5593414 -3.7081911);
RUS4845;2021-06-05 23:48:00;AV DES MOREIRA;;;DIONISIO TORRES;RUS4845;Colisão;Não informado;Não informado;Não informado;Meio de quadra;Não informado;Longo da via;0;1;0;2;0;0;0;0;0;0;0;0;0;(-38.501867 -3.74734);
ZKT4118;2021-06-05 23:41:00;Rua Curitiba;;;HENRIQUE JORGE;ZKT4118;Colisão;Não informado;Não informado;Não informado;Meio de quadra;Não informado;Longo da via;0;1;0;2;0;0;0;0;0;0;0;0;0;(-38.5879322 -3.757734);
HDJ8212;2021-06-06 03:00:00;Rua Francisco Glicério;;;MANOEL SATIRO;HDJ8212;Atropelamento;Não informado;Não informado;Não informado;Não informado;Não informado;Longo da via;0;0;0;0;1;0;0;0;0;0;0;0;0;(-38.57836084162196 -3.79473377798092);
XJM9769;2021-06-05 23:17:00;Avenida Santos Dumont;;;PRAIA DO FUTURO I;XJM9769;Colisão;Não informado;Não informado;Não informado;Meio de quadra;Não informado;Longo da via;0;1;0;0;0;0;0;0;0;0;1;0;0;(-38.46438699999999 -3.747481999999999);
INB8674;2021-06-21 12:00:00;Avenida Domingos Olímpio;;;CENTRO;INB8674;Não informado;Não informado;Não informado;Não informado;Meio de quadra;Não informado;Longo da via;0;1;0;1;0;0;0;0;0;0;0;0;0;(-38.53458209170187 -3.735542750403141);
MYD9377;2021-06-05 22:21:00;AV J;;;VILA VELHA;MYD9377;Queda;Não informado;Não informado;Não informado;Não informado;Não informado;Longo da via;0;1;0;0;0;0;0;0;0;1;0;0;0;(-38.5983468 -3.716402399999999);
TQU0351;2021-06-21 11:54:00;Rua Saudade;RUA PEDRO MEDEIROS;;MONTESE;TQU0351;Colisão;Não informado;Não informado;Não informado;Cruz;Não informado;Longo da via;0;1;0;1;1;0;0;0;0;0;0;0;0;(-38.54661420727687 -3.768981762941176);
GJX0477;2021-06-05 22:06:00;Rua Monsenhor Hipólito Brasil;;;HENRIQUE JORGE;GJX0477;Queda;Não informado;Não informado;Não informado;Meio de quadra;Não informado;Longo da via;0;1;0;0;0;0;0;0;0;1;0;0;0;(-38.5816798 -3.7570686);
GRO5421;2021-06-06 15:53:00;Avenida Washington Soares;;;EDSON QUEIROZ;GRO5421;Colisão;Não informado;Não informado;Não informado;Meio de quadra;Não informado;Longo da via;0;1;0;1;1;0;0;0;0;0;0;0;0;(-38.481665 -3.7762191);
VAM2298;2021-06-05 21:34:00;AV CASTELO DE CASTRO;;;;VAM2298;Atropelamento;Não informado;Não informado;Não informado;Meio de quadra;Não informado;Longo da via;0;1;0;0;0;0;0;0;0;0;1;0;0;(-38.5216603 -3.8435121);
TKL7284;2021-06-05 21:23:00;Avenida Pasteur;AV PRS CASTELO BRANCO;;PIRAMBU;TKL7284;Colisão;Não informado;Não informado;Não informado;Cruz;Não informado;Cruzamento;0;1;0;1;1;0;0;0;0;0;0;0;0;(-38.5588489 -3.711132);
YNK9991;2021-06-21 11:49:00;Avenida Domingos Olímpio;;;CENTRO;YNK9991;Queda;Não informado;Não informado;Não informado;Meio de quadra;Não informado;Longo da via;0;1;0;1;0;0;0;0;0;0;0;0;0;(-38.53123496227072 -3.736699002124913);
TKL7284;2021-06-05 20:23:00;AV PRE COSTA E SILVA,299;;299 ;JANGURUSSU;TKL7284;Atropelamento;Não informado;Não informado;Não informado;Meio de quadra;Não informado;Longo da via;0;2;0;0;1;0;0;0;0;0;0;0;0;(-38.54351893948115 -3.824975758342497);
FVW1287;2021-06-05 20:19:00;Avenida Presidente Castelo Branco;;;MOURA BRASIL;FVW1287;Queda;Não informado;Não informado;Não informado;Meio de quadra;Não informado;Longo da via;0;1;0;1;0;0;0;0;0;0;0;0;0;(-38.535786 -3.718411);
SVC2382;2021-06-05 19:59:00;Rua Pedro Pereira;RUA VINTE E QUATRO DE MAIO;;CENTRO;SVC2382;Atropelamento;Não informado;Não informado;Não informado;Cruz;Não informado;Cruzamento;0;1;0;0;1;0;0;0;0;0;0;0;0;(-38.5324901 -3.7284106);
SVC2382;2021-06-05 19:18:00;Rua Vital Brasil;;;GRANJA PORTUGAL;SVC2382;Colisão;Não informado;Não informado;Não informado;Meio de quadra;Não informado;Longo da via;0;1;0;1;1;0;0;0;0;0;0;0;0;(-38.5968143 -3.7784887);
LRM5434;2021-06-05 18:46:00;Rua Leon Gradvohl;RUA ROSA CRUZ;;MARAPONGA;LRM5434;Colisão;Não informado;Não informado;Não informado;Meio de quadra;Não informado;Cruzamento;0;1;0;1;1;0;0;0;0;0;0;0;0;(-38.5670383 -3.7987992);
ITP5979;2021-06-05 18:18:00;Avenida Oscar Araripe;;;BOM JARDIM;ITP5979;Colisão;Não informado;Não informado;Não informado;Meio de quadra;Não informado;Longo da via;0;1;0;2;0;0;0;0;0;0;0;0;0;(-38.5948959 -3.7927848);
PEE7782;2021-06-05 17:11:00;AV RECREIO;;;LAGOA REDONDA;PEE7782;Colisão;Não informado;Não informado;Não informado;Meio de quadra;Não informado;Longo da via;0;1;0;1;1;0;0;0;0;0;0;0;0;(-38.4489789 -3.817271599999999);
AFJ6501;2021-06-21 11:39:00;Rua Padre Anchieta;RUA SOARES BULCAO;;MONTE CASTELO;AFJ6501;Queda;Não informado;Não informado;Não informado;Cruz;Não informado;Longo da via;0;1;0;1;0;0;0;0;0;0;0;0;0;(-38.55213699999999 -3.7318416);
JBA3064;2021-06-05 15:24:00;Rua Historiador Guarino Alves;;;PRAIA DE IRACEMA;JBA3064;Queda;Não informado;Não informado;Não informado;Meio de quadra;Não informado;Longo da via;0;1;0;0;0;0;0;0;0;1;0;0;0;(-38.5147277 -3.7227063);
ULJ1680;2021-06-05 15:24:00;Rua Saudade;;;MONTESE;ULJ1680;Queda;Não informado;Não informado;Não informado;Meio de quadra;Não informado;Longo da via;0;1;0;1;0;0;0;0;0;0;0;0;0;(-38.5440208 -3.7701864);
UMO1104;2021-06-21 10:26:00;Avenida Doutor Theberge;;;PRESIDENTE KENNEDY;UMO1104;Queda;Não informado;Não informado;Não informado;Meio de quadra;Não informado;Longo da via;0;1;0;1;0;0;0;0;0;0;0;0;0;(-38.56741741382819 -3.722041659195467);
ULJ1680;2021-06-05 14:46:00;Avenida Frei Cirilo;;;;ULJ1680;Colisão;Não informado;Não informado;Não informado;Meio de quadra;Não informado;Longo da via;0;1;0;1;0;0;1;0;0;0;0;0;0;(-38.49545911694484 -3.821587638957756);
NNX8327;2021-06-21 10:18:00;Avenida General Osório de Paiva;;;CANINDEZINHO;NNX8327;Colisão;Não informado;Não informado;Não informado;Meio de quadra;Não informado;Longo da via;0;1;0;1;1;0;0;0;0;0;0;0;0;(-38.60115960956914 -3.803699431625621);
FTW8764;2021-06-05 14:21:00;Rua Jacinto Matos;RUA PDE CONSTANTINO;;JACARECANGA;FTW8764;Colisão;Não informado;Não informado;Não informado;Meio de quadra;Não informado;Cruzamento;0;1;0;1;1;0;0;0;0;0;0;0;0;(-38.54649209999999 -3.7162813);