COD_ACIDENTE;DATA;LOG1;LOG2;NUMERO;BAIRRO;AMC;NATUREZA;ILUMINACAO;TEMPO;SUPERFICIEPISTA;TIPOCRUZAMENTO;CONTROLETRAFEGO;USOSOLO;MORTOS;FERIDOS;ILESOS;MOTOCICLETA;AUTOMOVEL;MICROONIBUS;CAMINHAO;ONIBUS;CICLOMOTOR;BICICLETA;OUTROS;TREM;TRACAOANIMAL;COORDENADAS
RNC0968;2021-06-21 10:08:00;Avenida Presidente Castelo Branco;;;MOURA BRASIL;RNC0968;Colisão;Não informado;Não informado;Não informado;Meio de quadra;Não informado;Longo da via;0;1;0;1;1;0;0;0;0;0;0;0;0;(-38.53801503743404 -3.718005410315341);
HAG0289;2021-06-05 14:19:00;RUA PDE PEDRO ALENCAR;;;MESSEJANA;HAG0289;Queda;Não informado;Não informado;Não informado;Meio de quadra;Não informado;Longo da via;0;1;0;1;0;0;0;0;0;0;0;0;0;(-38.494095 -3.8355645);
KPQ3024;2021-06-21 09:46:00;Avenida Governador Parsifal Barroso;;;PADRE ANDRADE;KPQ3024;Colisão;Não informado;Não informado;Não informado;Meio de quadra;Não informado;Longo da via;0;1;0;0;1;0;0;0;0;1;0;0;0;(-38.5691076 -3.7320742);
XZX0390;2021-06-05 01:21:00;Rua Alberto Magno;;;JARDIM AMERICA;XZX0390;Atropelamento;Não informado;Não informado;Não informado;Não informado;Não informado;Longo da via;0;0;0;0;0;0;0;1;0;0;0;0;0;(-38.54244068324692 -3.756338320059873);
LCG6804;2021-06-05 12:38:00;AV BEIRA MAR;;;MEIRELES;LCG6804;Queda;Não informado;Não informado;Não informado;Meio de quadra;Não informado;Longo da via;0;1;0;0;0;0;0;0;0;1;0;0;0;(-38.51130560000001 -3.7204893);
QVZ7610;2021-06-21 02:04:00;Avenida Borges de Melo;;;FATIMA;QVZ7610;Colisão;Não informado;Não informado;Não informado;Meio de quadra;Não informado;Longo da via;0;1;0;2;0;0;0;0;0;0;0;0;0;(-38.53170701698263 -3.758560437166682);
RBP1647;2021-06-21 02:02:00;Rua José Carlos Gurgel Nogueira;RUA FAUSTO CABRAL;;PAPICU;RBP1647;Colisão;Não informado;Não informado;Não informado;Cruz;Não informado;Longo da via;0;1;0;2;0;0;0;0;0;0;0;0;0;(-38.4746415 -3.7341958);
YEO2226;2021-06-21 01:35:00;Avenida Monte Pascoal;;;CANINDEZINHO;YEO2226;Atropelamento;Não informado;Não informado;Não informado;Meio de quadra;Não informado;Longo da via;0;1;0;1;0;0;0;0;0;0;0;0;0;(-38.59869197938666 -3.805283800130276);
YNW2091;2021-06-05 11:23:00;Rua Conselheiro Araújo Lima;;;DOM LUSTOSA;YNW2091;Colisão;Não informado;Não informado;Não informado;Não informado;Não informado;Longo da via;0;1;0;1;1;0;0;0;0;0;0;0;0;(-38.5862911 -3.7518765);
AIT5053;2021-06-21 01:16:00;Avenida General Osório de Paiva;;;SIQUEIRA;AIT5053;Colisão;Não informado;Não informado;Não informado;Meio de quadra;Não informado;Longo da via;0;1;0;0;2;0;0;0;0;0;0;0;0;(-38.5949496 -3.7975027);
KEU7621;2021-06-04 04:10:00;Avenida Francisco Sá;;;JACARECANGA;KEU7621;Colisão;Não informado;Não informado;Não informado;Não informado;Não informado;Longo da via;0;0;0;0;1;0;0;0;0;0;0;0;0;(-38.5417621 -3.722683);
VDC4758;2021-06-03 23:39:00;Avenida L;;;VILA VELHA;VDC4758;Colisão;Não informado;Não informado;Não informado;Não informado;Não informado;Longo da via;0;0;0;0;1;0;0;0;0;0;0;0;0;(-38.6012176 -3.7161727);
BFU6344;2021-06-21 01:04:00;Avenida Professor Gomes de Matos;;;JARDIM AMERICA;BFU6344;Queda;Não informado;Não informado;Não informado;Meio de quadra;Não informado;Longo da via;0;1;0;1;0;0;0;0;0;0;0;0;0;(-38.55095393044653 -3.767440150604352);
TNZ6008;2021-06-21 00:18:00;Avenida Alberto Craveiro;;;AEROLANDIA;TNZ6008;Colisão;Não informado;Não informado;Não informado;Rotatória;Não informado;Longo da via;0;1;0;1;1;0;0;0;0;0;0;0;0;(-38.51490509477026 -3.779430396700731);
YLC9659;2021-06-21 00:03:00;BR 116;;;PARQUE IRACEMA;YLC9659;Colisão;Não informado;Não informado;Não informado;Rotatória;Não informado;Longo da via;0;1;0;0;0;0;0;0;0;0;0;0;0;(-38.50087713575791 -3.811626597548577);
TTN3241;2021-06-05 10:58:00;Rua Djalma Petit;;;ALTO DA BALANCA;TTN3241;Colisão;Não informado;Não informado;Não informado;Meio de quadra;Não informado;Longo da via;0;1;0;1;1;0;0;0;0;0;0;0;0;(-38.5106135955332 -3.76500461165916);
DDD4383;2021-06-20 23:54:00;Rua Cônego de Castro;;;CANINDEZINHO;DDD4383;Colisão;Não informado;Não informado;Não informado;Meio de quadra;Não informado;Longo da via;0;1;0;1;1;0;0;0;0;0;0;0;0;(-38.60320880951544 -3.820185285469449);
ZND0799;2021-06-20 23:50:00;Rua General Onofre;;;MARAPONGA;ZND0799;Colisão;Não informado;Não informado;Não informado;Meio de quadra;Não informado;Longo da via;0;1;0;1;1;0;0;0;0;0;0;0;0;(-38.57174113851344 -3.807724578339977);
IID9644;2021-06-05 10:17:00;Avenida Maestro Lisboa;;;SAPIRANGA / COITE;IID9644;Colisão;Não informado;Não informado;Não informado;Meio de quadra;Não informado;Longo da via;0;1;0;1;1;0;0;0;0;0;0;0;0;(-38.4606357 -3.807783999999999);
YWY9099;2021-06-04 23:38:00;Rua Miracema;;;MESSEJANA;YWY9099;Colisão;Não informado;Não informado;Não informado;Meio de quadra;Não informado;Longo da via;0;1;0;0;0;0;0;0;0;0;1;0;0;(-38.4961207401528 -3.837337319481267);
ABL0600;2021-06-20 23:47:00;Rua Engenheiro Nereu Barreira;;;JARDIM DAS OLIVEIRAS;ABL0600;Queda;Não informado;Não informado;Não informado;Meio de quadra;Não informado;Longo da via;0;1;0;0;0;0;0;0;0;1;0;0;0;(-38.50456790298183 -3.774987601601148);
KKZ3605;2021-06-04 23:17:00;Rua José Dantas Pereira;;;CANINDEZINHO;KKZ3605;Atropelamento;Não informado;Não informado;Não informado;Meio de quadra;Não informado;Longo da via;0;1;0;0;1;0;0;0;0;0;0;0;0;(-38.607706 -3.8224972);
MVN3777;2021-06-04 01:55:00;Avenida Treze de Maio;;;BENFICA;MVN3777;Colisão;Não informado;Não informado;Não informado;Não informado;Não informado;Longo da via;0;0;0;1;0;0;0;0;0;0;0;0;0;(-38.53230192026883 -3.746617411272504);
EUB3764;2021-06-20 23:34:00;Avenida Audízio Pinheiro;;;HENRIQUE JORGE;EUB3764;Colisão;Não informado;Não informado;Não informado;Meio de quadra;Não informado;Longo da via;0;1;0;1;1;0;0;0;0;0;0;0;0;(-38.59286620756618 -3.766385643370171);
YHW3068;2021-06-03 13:00:00;Avenida Dolor Barreira;;;VICENTE PINZON;YHW3068;Colisão;Não informado;Não informado;Não informado;Não informado;Não informado;Longo da via;0;0;0;0;0;0;0;0;0;0;1;0;0;(-38.47376004836014 -3.726934381708709);
IGK9578;2021-06-20 22:37:00;Rua Rubéns Monte;;;JARDIM CEARENSE;IGK9578;Choque c/ Obstáculo Fixo;Não informado;Não informado;Não informado;Meio de quadra;Não informado;Longo da via;0;1;0;0;1;0;0;0;0;0;0;0;0;(-38.56778755984513 -3.800691264490935);
FZS1073;2021-06-02 11:20:00;Rua Conde d'Eu;;;CENTRO;FZS1073;Colisão;Não informado;Não informado;Não informado;Não informado;Não informado;Longo da via;0;0;0;0;4;0;1;0;0;0;0;0;0;(-38.5255374071958 -3.72591729721137);
HXK6242;2021-06-20 22:52:00;Rodovia Br Zero Vinte;;;NÃO INFORMADO;HXK6242;Capotamento;Não informado;Não informado;Não informado;Meio de quadra;Não informado;Longo da via;0;1;0;0;0;0;0;0;0;0;0;0;0;(-38.62023549157741 -3.744069401886268);
KOX1917;2021-06-20 21:50:00;Rua Roquete Pinto;;;MARAPONGA;KOX1917;Queda;Não informado;Não informado;Não informado;Meio de quadra;Não informado;Longo da via;0;1;0;1;0;0;0;0;0;0;0;0;0;(-38.56777683476233 -3.783707234581768);
SRO5296;2021-06-20 21:41:00;Avenida Monte Pascoal;;;CANINDEZINHO;SRO5296;Colisão;Não informado;Não informado;Não informado;Meio de quadra;Não informado;Longo da via;0;1;0;1;1;0;0;0;0;0;0;0;0;(-38.5977017 -3.805745);
TGY5668;2021-06-20 21:34:00;Avenida Sargento Hermínio Sampaio;;;VILA ELLERY;TGY5668;Colisão;Não informado;Não informado;Não informado;Meio de quadra;Não informado;Longo da via;0;1;0;1;1;0;0;0;0;0;0;0;0;(-38.5646440148675 -3.727094973890265);
ALS9170;2021-06-20 21:22:00;Rua Cônego de Castro;;;CONJUNTO ESPERANCA;ALS9170;Queda;Não informado;Não informado;Não informado;Meio de quadra;Não informado;Longo da via;0;1;0;1;0;0;0;0;0;0;0;0;0;(-38.59683111379292 -3.811017075481184);
CXQ6055;2021-06-04 22:24:00;Rua Gáspar Lemos;;;BELA VISTA;CXQ6055;Queda;Não informado;Não informado;Não informado;Meio de quadra;Não informado;Longo da via;0;1;0;1;0;0;0;0;0;0;0;0;0;(-38.5697509 -3.751372);
KBX2981;2021-06-02 17:31:00;Rua Gonçalves Lêdo;;;ALDEOTA;KBX2981;Colisão;Não informado;Não informado;Não informado;Não informado;Não informado;Longo da via;0;0;0;1;1;0;0;0;0;0;0;0;0;(-38.5160648 -3.7313768);
IXR6952;2021-06-20 21:00:00;Via Expressa;;;PAPICU;IXR6952;Queda;Não informado;Não informado;Não informado;Meio de quadra;Não informado;Longo da via;0;1;0;1;0;0;0;0;0;0;0;0;0;(-38.49085 -3.7457388);
CSL6328;2021-06-20 20:12:00;Rua Frederico Andrade;RUA ESTRELA DO NORTE;;CARLITO PAMPLONA;CSL6328;Colisão;Não informado;Não informado;Não informado;Cruz;Não informado;Longo da via;0;2;0;0;0;0;0;0;0;0;0;0;0;(-38.5649969 -3.7180363);
CXQ6055;2021-06-04 20:10:00;AV HENRIQUE SABOIA;;;PAPICU;CXQ6055;Queda;Não informado;Não informado;Não informado;Meio de quadra;Não informado;Longo da via;0;1;0;1;0;0;0;0;0;0;0;0;0;(-38.48636454576859 -3.738464875418712);
YBQ0465;2021-06-20 19:50:00;Rua Vilebaldo Aguiar;;;PAPICU;YBQ0465;Colisão;Não informado;Não informado;Não informado;Meio de quadra;Não informado;Longo da via;0;1;0;1;1;0;0;0;0;0;0;0;0;(-38.48383442401261 -3.741863976010463);
RUF6757;2021-06-20 18:49:00;Avenida Oliveira Paiva;RUA PDE JANUARIO CAMPOS;;CIDADE DOS FUNCIONRAIOS;RUF6757;Queda;Não informado;Não informado;Não informado;T;Não informado;Longo da via;0;1;0;0;0;0;0;0;0;1;0;0;0;(-38.4896381 -3.7959548);
GZP1125;2021-06-20 18:19:00;Rua Gomes Brasil;;;PARANGABA;GZP1125;Queda;Não informado;Não informado;Não informado;Meio de quadra;Não informado;Longo da via;0;1;0;1;0;0;0;0;0;0;0;0;0;(-38.56729402869482 -3.774511204150258);
MPV1145;2021-06-20 17:49:00;Avenida Coronel Virgílio Nogueira;;;GRANJA PORTUGAL;MPV1145;Colisão;Não informado;Não informado;Não informado;Meio de quadra;Não informado;Longo da via;0;1;0;1;1;0;0;0;0;0;0;0;0;(-38.61116960516791 -3.796323515599664);
BNV9469;2021-06-02 19:00:00;Avenida José Jatahy;AV BEZERRA DE MENEZES;;FARIAS BRITO;BNV9469;Colisão;Não informado;Não informado;Não informado;Não informado;Não informado;Longo da via;0;0;0;0;2;0;0;0;0;0;0;0;0;(-38.54501560765447 -3.731559424794976);
IJG6510;2021-06-03 01:15:00;Avenida Pontes Vieira;;;DIONISIO TORRES;IJG6510;Colisão;Não informado;Não informado;Não informado;Não informado;Não informado;Longo da via;0;0;0;1;1;0;0;0;0;0;0;0;0;(-38.5088786 -3.7522169);
CZU0003;2021-06-04 20:04:00;Rua AZEVEDO BOLÃO;;;PARQUELANDIA;CZU0003;Atropelamento;Não informado;Não informado;Não informado;Meio de quadra;Não informado;Longo da via;0;1;0;0;0;0;0;0;0;0;1;0;0;(-38.5470421 -3.7341359);
OSV1785;2021-06-04 19:48:00;AV SEN CARLOS JEREISSATI;;;AEROPORTO;OSV1785;Colisão;Não informado;Não informado;Não informado;Meio de quadra;Não informado;Longo da via;0;1;0;0;0;0;0;0;0;0;1;0;0;(-38.52499559909817 -3.782829387226066);
XRU0631;2021-06-02 23:30:00;Rua Júlio Alcídes;;;MARAPONGA;XRU0631;Colisão;Não informado;Não informado;Não informado;Não informado;Não informado;Longo da via;0;0;0;1;2;0;0;0;0;0;0;0;0;(-38.5640646553745 -3.788706665362972);
UOB5244;2021-06-04 18:51:00;Rua Nunes Feijó;;;JANGURUSSU;UOB5244;Colisão;Não informado;Não informado;Não informado;Meio de quadra;Não informado;Longo da via;0;1;0;2;0;0;0;0;0;0;0;0;0;(-38.5057546 -3.8468319);
GNI8188;2021-06-04 18:19:00;Avenida H;;;CONJUNTO CEARA II;GNI8188;Colisão;Não informado;Não informado;Não informado;Meio de quadra;Não informado;Longo da via;0;1;0;1;0;0;1;0;0;0;0;0;0;(-38.6109924 -3.7758733);
TVV9192;2021-06-04 18:12:00;Avenida General Murilo Borges;;;SALINAS;TVV9192;Colisão;Não informado;Não informado;Não informado;Não informado;Não informado;Longo da via;0;1;0;1;1;0;0;0;0;0;0;0;0;(-38.5030506 -3.765086);
DAD6581;2021-06-04 17:25:00;AV BEZERRA DE MENEZES;;;FARIAS BRITO;DAD6581;Queda;Não informado;Não informado;Não informado;Meio de quadra;Não informado;Longo da via;0;1;0;1;0;0;0;0;0;0;0;0;0;(-38.5447742090777 -3.731477568595837);
QYC7665;2021-06-04 17:13:00;Rua Oscar França;;;BOM JARDIM;QYC7665;Queda;Não informado;Não informado;Não informado;Meio de quadra;Não informado;Longo da via;0;1;0;1;0;0;0;0;0;0;0;0;0;(-38.6145717 -3.7872412);
JIK9073;2021-06-04 16:55:00;RUA MIGUEL ARAGAO;;;MONDUBIM;JIK9073;Queda;Não informado;Não informado;Não informado;Meio de quadra;Não informado;Longo da via;0;1;0;0;0;0;0;0;0;1;0;0;0;(-38.5902155 -3.831178699999999);
ROV3776;2021-06-04 16:26:00;Avenida José Leon;AV ROGACIANO LEITE;;CIDADE DOS FUNCIONRAIOS;ROV3776;Colisão;Não informado;Não informado;Não informado;Cruz;Não informado;Cruzamento;0;1;0;2;0;0;0;0;0;0;0;0;0;(-38.50352850000001 -3.7873774);
WXR7681;2021-06-02 10:30:00;Avenida do Contorno;;;MONDUBIM;WXR7681;Colisão;Não informado;Não informado;Não informado;Não informado;Não informado;Longo da via;0;0;0;0;1;0;0;0;0;0;0;0;0;(-38.57559814498997 -3.814880942964771);
JWA1920;2021-06-01 20:20:00;Rua Emílio de Menezes;;;GRANJA PORTUGAL;JWA1920;Colisão;Não informado;Não informado;Não informado;Não informado;Não informado;Longo da via;0;0;0;0;0;0;1;0;0;0;0;0;0;(-38.5957843 -3.7793981);
BWS2349;2021-06-04 15:02:00;AV OSORIO DE PAIVA,297;;297 ;PARANGABA;BWS2349;Capotamento;Não informado;Não informado;Não informado;Meio de quadra;Não informado;Longo da via;0;1;0;0;1;0;0;0;0;0;0;0;0;(-38.56642500681412 -3.775576407078183);
OAM9402;2021-06-01 12:00:00;Rua Major Weyne;AV JOAO PESSOA;;;OAM9402;Colisão;Não informado;Não informado;Não informado;Não informado;Não informado;Longo da via;0;0;0;0;2;0;0;0;0;0;0;0;0;(-38.545346 -3.7478575);
BWS2349;2021-06-04 14:21:00;Rua Urucutuba;;;GRANJA LISBOA;BWS2349;Colisão;Não informado;Não informado;Não informado;Meio de quadra;Não informado;Longo da via;0;1;0;0;0;0;0;0;0;0;1;0;0;(-38.6149074 -3.7984404);
WCB7059;2021-06-02 00:28:00;Rua Gonçalves Lêdo;RUA TEN BENEVOLO;;CENTRO;WCB7059;Colisão;Não informado;Não informado;Não informado;Não informado;Não informado;Longo da via;0;0;0;1;1;0;0;0;0;0;0;0;0;(-38.5145413 -3.7261825);
BWS2349;2021-06-04 13:45:00;RUA EDUARDO ARAUJO;RUA VIA FERREA;;PARQUE SANTA ROSA;BWS2349;Capotamento;Não informado;Não informado;Não informado;Com via férrea;Não informado;Cruzamento;0;1;0;0;1;0;0;0;0;0;0;0;0;(-38.59655223724386 -3.817932549662679);
TPZ0994;2021-06-01 23:50:00;Avenida José Bastos;;;DAMAS;TPZ0994;Colisão;Não informado;Não informado;Não informado;Não informado;Não informado;Longo da via;0;0;0;1;1;0;0;0;0;0;0;0;0;(-38.55312125314978 -3.752591286530713);
RLB4265;2021-06-01 17:40:00;Rua Verbena;;;BONSUCESSO;RLB4265;Colisão;Não informado;Não informado;Não informado;Não informado;Não informado;Longo da via;0;0;0;0;2;0;0;0;0;0;0;0;0;(-38.59011963280685 -3.785944670770025);
ZYY2550;2021-06-04 12:27:00;Avenida José Bastos;;;PAN AMERICANO;ZYY2550;Colisão;Não informado;Não informado;Não informado;Meio de quadra;Não informado;Longo da via;0;1;0;1;1;0;0;0;0;0;0;0;0;(-38.5611401 -3.7612365);
YIP3829;2021-06-04 11:21:00;Rua Cônego de Castro;;;PARQUE PRESIDENTE VARGAS;YIP3829;Colisão;Não informado;Não informado;Não informado;Não informado;Não informado;Longo da via;0;1;0;1;1;0;0;0;0;0;0;0;0;(-38.5706413 -3.7819705);
PXK3497;2021-06-04 10:31:00;Rua Antônio Eduardo;;;PAUPINA;PXK3497;Colisão;Não informado;Não informado;Não informado;Meio de quadra;Não informado;Longo da via;0;1;0;1;1;0;0;0;0;0;0;0;0;(-38.4789759 -3.8489668);
VXS1086;2021-06-04 10:31:00;Avenida Desembargador Moreira;RUA SILVA JATAHY;;MEIRELES;VXS1086;Colisão;Não informado;Não informado;Não informado;Cruz;Não informado;Cruzamento;0;1;0;1;1;0;0;0;0;0;0;0;0;(-38.4958336 -3.72836);
EDC9602;2021-06-20 15:28:00;Rua Antônio Pereira;;;PLANALTO AYRTON SENNA;EDC9602;Colisão;Não informado;Não informado;Não informado;Meio de quadra;Não informado;Longo da via;0;1;0;2;0;0;0;0;0;0;0;0;0;(-38.56507852803635 -3.833116824543632);
BFP9053;2021-06-20 14:03:00;CE-010;;;SABIAGUABA;BFP9053;Queda;Não informado;Não informado;Não informado;Meio de quadra;Não informado;Longo da via;0;1;0;1;0;0;0;0;0;0;0;0;0;(-38.43405798794134 -3.82457432309573);
NTR8826;2021-06-20 13:10:00;Avenida Hildebrando de Melo;;;JARDIM GUANABARA;NTR8826;Colisão;Não informado;Não informado;Não informado;Meio de quadra;Não informado;Longo da via;0;1;0;0;2;0;0;0;0;0;0;0;0;(-38.58889117638648 -3.721533114267066);
IIG0485;2021-06-20 07:40:00;Rua Coronel Francisco Pereira;;;MESSEJANA;IIG0485;Colisão;Não informado;Não informado;Não informado;Cruz;Não informado;Longo da via;0;1;0;1;1;0;0;0;0;0;0;0;0;(-38.4926761 -3.829957899999999);
FUV7930;2021-06-20 03:50:00;Avenida Godofredo Maciel;;;PARANGABA;FUV7930;Colisão;Não informado;Não informado;Não informado;Meio de quadra;Não informado;Longo da via;0;1;0;0;0;0;0;0;0;0;0;0;0;(-38.56493902243779 -3.780549121037728);
AWL8909;2021-06-20 01:47:00;Avenida Bezerra de Menezes;;;ANTONIO BEZERRA;AWL8909;Queda;Não informado;Não informado;Não informado;Meio de quadra;Não informado;Longo da via;0;1;0;0;0;0;0;0;0;1;0;0;0;(-38.55592146786697 -3.733823759929102);
CWI0570;2021-06-20 01:16:00;Rua Júlio Silva;;;PRAIA DO FUTURO I;CWI0570;Queda;Não informado;Não informado;Não informado;Meio de quadra;Não informado;Longo da via;0;1;0;1;0;0;0;0;0;0;0;0;0;(-38.45416918409766 -3.745150700893127);
WFB9940;2021-06-04 09:58:00;Avenida Maria Gomes de Sá;;;MONDUBIM;WFB9940;Colisão;Não informado;Não informado;Não informado;Meio de quadra;Não informado;Longo da via;0;1;0;1;1;0;0;0;0;0;0;0;0;(-38.5830216 -3.824693699999999);
KXN9763;2021-06-04 07:41:00;Rua Plutão;RUA RIO GRANDE DO SUL;;JOQUEI CLUBE;KXN9763;Queda;Não informado;Não informado;Não informado;Cruz;Não informado;Cruzamento;0;1;0;1;0;0;0;0;0;0;0;0;0;(-38.5709713 -3.7642414);
MWU9260;2021-06-04 05:18:00;Rua Nova Conquista;;;BOM JARDIM;MWU9260;Queda;Não informado;Não informado;Não informado;Meio de quadra;Não informado;Longo da via;0;1;0;1;0;0;0;0;0;0;0;0;0;(-38.61223713045487 -3.791297263369553);
NNW8295;2021-06-20 00:18:00;Avenida Pompílio Gomes;;;PASSARE;NNW8295;Queda;Não informado;Não informado;Não informado;Meio de quadra;Não informado;Longo da via;0;1;0;0;0;0;0;0;0;1;0;0;0;(-38.52118685901291 -3.821475236663429);
ASW2579;2021-06-20 00:16:00;Rua Perdigão de Oliveira;;;JOAO XXIII;ASW2579;Colisão;Não informado;Não informado;Não informado;Meio de quadra;Não informado;Longo da via;0;1;0;2;0;0;0;0;0;0;0;0;0;(-38.57802287085343 -3.774719962615958);
VPB7845;2021-06-19 22:32:00;Rua Germano Franck;;;PARANGABA;VPB7845;Colisão;Não informado;Não informado;Não informado;Meio de quadra;Não informado;Longo da via;0;1;0;2;0;0;0;0;0;0;0;0;0;(-38.56167749122789 -3.77696277476067);
XFE5418;2021-06-19 22:04:00;Avenida Humberto Monte;;;PARQUELANDIA;XFE5418;Colisão;Não informado;Não informado;Não informado;Meio de quadra;Não informado;Longo da via;0;1;0;1;1;0;0;0;0;0;0;0;0;(-38.56749182523805 -3.740732488674559);
BCO9119;2021-06-19 21:51:00;Avenida Val Paraíso;AV B;;JANGURUSSU;BCO9119;Atropelamento;Não informado;Não informado;Não informado;Cruz;Não informado;Longo da via;0;1;0;1;0;0;0;0;0;0;0;0;0;(-38.51741566915014 -3.846615515576058);
PVX7295;2021-06-19 20:54:00;Rua Cônego de Castro;;;VILA PERY;PVX7295;Atropelamento;Não informado;Não informado;Não informado;Meio de quadra;Não informado;Longo da via;0;1;0;0;1;0;0;0;0;0;0;0;0;(-38.58315661656215 -3.795590202650909);
XZK6654;2021-06-19 18:43:00;Rua Professor Virgílio de Morais;AV SEN FERNANDES TAVORA;;AUTRAN NUNES;XZK6654;Colisão;Não informado;Não informado;Não informado;Cruz;Não informado;Longo da via;0;1;0;1;1;0;0;0;0;0;0;0;0;(-38.59749034576014 -3.755262387792387);
SOT5549;2021-06-19 18:20:00;Avenida Presidente Costa e Silva;;;PREFEITO JOSE VALTER;SOT5549;Colisão;Não informado;Não informado;Não informado;Meio de quadra;Não informado;Longo da via;0;1;0;1;1;0;0;0;0;0;0;0;0;(-38.5586285 -3.8210168);
PFN8233;2021-06-19 18:11:00;Rua Professor Manoel Lourenço;;;JOQUEI CLUBE;PFN8233;Colisão;Não informado;Não informado;Não informado;Cruz;Não informado;Longo da via;0;1;0;1;1;0;0;0;0;0;0;0;0;(-38.5731519769366 -3.763618224908752);
SNN9727;2021-06-19 17:36:00;Avenida Rogaciano Leite;;;PAPICU;SNN9727;Colisão;Não informado;Não informado;Não informado;Meio de quadra;Não informado;Longo da via;0;1;0;1;1;0;0;0;0;0;0;0;0;(-38.49850530000001 -3.7722163);
AOZ6457;2021-06-19 17:07:00;Rua Valdetário Mota;;;PAPICU;AOZ6457;Capotamento;Não informado;Não informado;Não informado;Meio de quadra;Não informado;Longo da via;0;1;0;0;0;0;0;0;0;0;0;0;0;(-38.48001879428028 -3.735849210787987);
JXC4626;2021-06-19 16:32:00;Avenida Bernardo Manuel;;;SERRINHA;JXC4626;Colisão;Não informado;Não informado;Não informado;Meio de quadra;Não informado;Longo da via;0;1;0;1;1;0;0;0;0;0;0;0;0;(-38.54712383074295 -3.784686782715219);
QCS8787;2021-06-19 16:09:00;Avenida General Osório de Paiva;;;VILA PERY;QCS8787;Queda;Não informado;Não informado;Não informado;Meio de quadra;Não informado;Longo da via;0;1;0;1;0;0;0;0;0;0;0;0;0;(-38.5779411 -3.7830035);
UCD6335;2021-06-19 15:44:00;Avenida General Osório de Paiva;;;BOM JARDIM;UCD6335;Colisão;Não informado;Não informado;Não informado;Meio de quadra;Não informado;Longo da via;0;1;0;1;1;0;0;0;0;0;0;0;0;(-38.59428777764035 -3.796628616424084);
HDN2314;2021-06-19 15:07:00;RUA MANOEL DE CASTRO;;;GUARARAPES;HDN2314;Colisão;Não informado;Não informado;Não informado;Rotatória;Não informado;Longo da via;0;2;0;1;1;0;0;0;0;0;0;0;0;(-38.4784422 -3.7631608);
MUW9332;2021-06-19 13:49:00;RUA MALMEQUER;;;ITAPERI;MUW9332;Atropelamento;Não informado;Não informado;Não informado;Meio de quadra;Não informado;Longo da via;0;1;0;0;1;0;0;0;0;0;0;0;0;(-38.53890553762976 -3.791955744614517);
QWX8422;2021-06-19 13:48:00;Rua Cônego de Castro;;;VILA PERY;QWX8422;Atropelamento;Não informado;Não informado;Não informado;Meio de quadra;Não informado;Longo da via;0;1;0;0;0;0;0;0;0;0;0;0;0;(-38.58174040832566 -3.79403793231134);
FUI4452;2021-06-19 13:35:00;Rua Nelson Studart;AV WASHINGTON SOARES;;EDSON QUEIROZ;FUI4452;Colisão;Não informado;Não informado;Não informado;Meio de quadra;Não informado;Longo da via;0;2;0;2;1;0;0;0;0;0;0;0;0;(-38.4820006 -3.7738359);
FFF8445;2021-06-19 12:49:00;Avenida General Osório de Paiva;;;SIQUEIRA;FFF8445;Colisão;Não informado;Não informado;Não informado;T;Não informado;Longo da via;0;1;0;0;0;0;0;0;0;0;0;0;0;(-38.61291302812577 -3.815801577918723);
NNT6891;2021-06-19 12:49:00;Rua Viriato Ribeiro;;;BELA VISTA;NNT6891;Colisão;Não informado;Não informado;Não informado;Meio de quadra;Não informado;Longo da via;0;1;0;1;1;0;0;0;0;0;0;0;0;(-38.56521264270951 -3.74624270447506);
ZQK9518;2021-06-19 12:28:00;Rua Astrogildo Fontoura;;;BARRA DO CEARA;ZQK9518;Colisão;Não informado;Não informado;Não informado;Meio de quadra;Não informado;Longo da via;0;1;0;1;1;0;0;0;0;0;0;0;0;(-38.58100548938921 -3.712207954201655);
FXX6372;2021-06-19 11:10:00;Rua José Martins;RUA VALDEMAR PAES;;BOM JARDIM;FXX6372;Colisão;Não informado;Não informado;Não informado;Cruz;Não informado;Longo da via;0;1;0;1;1;0;0;0;0;0;0;0;0;(-38.60047295866603 -3.789263345376311);
EQC8602;2021-06-19 09:35:00;Avenida Beira Mar;;;PARQUE IRACEMA;EQC8602;Queda;Não informado;Não informado;Não informado;Meio de quadra;Não informado;Longo da via;0;1;0;0;0;0;0;0;0;1;0;0;0;(-38.49140269999999 -3.725483);
WHP5185;2021-06-19 06:50:00;Avenida César Cals;;;VICENTE PINZON;WHP5185;Choque c/ Obstáculo Fixo;Não informado;Não informado;Não informado;Meio de quadra;Não informado;Longo da via;0;1;0;0;1;0;0;0;0;0;0;0;0;(-38.46036509090989 -3.728674128780235);