COD_ACIDENTE;DATA;LOG1;LOG2;NUMERO;BAIRRO;AMC;NATUREZA;ILUMINACAO;TEMPO;SUPERFICIEPISTA;TIPOCRUZAMENTO;CONTROLETRAFEGO;USOSOLO;MORTOS;FERIDOS;ILESOS;MOTOCICLETA;AUTOMOVEL;MICROONIBUS;CAMINHAO;ONIBUS;CICLOMOTOR;BICICLETA;OUTROS;TREM;TRACAOANIMAL;COORDENADAS
AIO3445;2021-06-19 06:42:00;Avenida Alanis Maria Laurindo de Oliveira;;;CONJUNTO CEARA I;AIO3445;Queda;Não informado;Não informado;Não informado;Meio de quadra;Não informado;Longo da via;0;1;0;0;0;0;0;0;0;1;0;0;0;(-38.60576766764542 -3.766075179067909);
GPO4031;2021-06-04 02:58:00;Rua Antonio Martins;RUA CEL NUNES DE MELO;;RODOLFO TEOFILO;GPO4031;Atropelamento;Não informado;Não informado;Não informado;Meio de quadra;Não informado;Longo da via;0;1;0;0;1;0;0;0;0;0;0;0;0;(-38.556081 -3.7517443);
QGM2021;2021-06-04 02:50:00;Rua Padre Pedro de Alencar;;;MESSEJANA;QGM2021;Atropelamento;Não informado;Não informado;Não informado;Meio de quadra;Não informado;Longo da via;0;1;0;0;1;0;0;0;0;0;0;0;0;(-38.4938453 -3.8282921);
PIC1112;2021-06-04 01:44:00;Avenida José Torres;;;GRANJA PORTUGAL;PIC1112;Queda;Não informado;Não informado;Não informado;Meio de quadra;Não informado;Longo da via;0;1;0;1;0;0;0;0;0;0;0;0;0;(-38.6067431 -3.7784814);
XLX3024;2021-06-04 01:35:00;Rua Padre Anchieta;;;MONTE CASTELO;LX3024;Outros;Não informado;Não informado;Não informado;Meio de quadra;Não informado;Longo da via;0;1;0;1;0;0;0;0;0;0;0;0;0;(-38.5519269 -3.7296898);
YJM6159;2021-06-04 01:17:00;Rua Carlos Câmara;;;DAMAS;YJM6159;Colisão;Não informado;Não informado;Não informado;Meio de quadra;Não informado;Longo da via;0;1;0;1;1;0;0;0;0;0;0;0;0;(-38.5432925 -3.7473505);
BTB9741;2021-06-04 00:33:00;Avenida Mister Hull;;;ANTONIO BEZERRA;BTB9741;Atropelamento;Não informado;Não informado;Não informado;Meio de quadra;Não informado;Longo da via;0;1;0;0;1;0;0;0;0;0;0;0;0;(-38.5918137 -3.7395231);
BXX6284;2021-06-03 23:53:00;Avenida Radialista João Ramos;;;PREFEITO JOSE VALTER;BXX6284;Colisão;Não informado;Não informado;Não informado;Meio de quadra;Não informado;Longo da via;0;2;0;2;0;0;0;0;0;0;0;0;0;(-38.5735286 -3.8418099);
YVZ1670;2021-06-03 23:48:00;Rua Antônio Magalhães;;;GUAJERU;YVZ1670;Colisão;Não informado;Não informado;Não informado;Meio de quadra;Não informado;Longo da via;0;1;0;2;0;0;0;0;0;0;0;0;0;(-38.4759298 -3.8356375);
XKK1437;2021-06-19 02:46:00;Avenida Domingos Olímpio;;;FARIAS BRITO;XKK1437;Queda;Não informado;Não informado;Não informado;Meio de quadra;Não informado;Longo da via;0;1;0;1;0;0;0;0;0;0;0;0;0;(-38.53380931633989 -3.735804379253661);
ROI1819;2021-06-03 23:37:00;Avenida Frei Cirilo;;;MESSEJANA;ROI1819;Não informado;Não informado;Não informado;Não informado;Meio de quadra;Não informado;Longo da via;0;1;0;1;0;0;0;0;0;0;0;0;0;(-38.4956275 -3.8227981);
VJS9868;2021-06-19 02:43:00;AV N.1474;;;PREFEITO JOSE VALTER;VJS9868;Colisão;Não informado;Não informado;Não informado;Meio de quadra;Não informado;Longo da via;0;1;0;1;1;0;0;0;0;0;0;0;0;(-38.55266526682664 -3.831350524845017);
UIN2606;2021-06-03 23:05:00;Rua Parque Ipiranga;RUA ELCIAS LOPES;;ITAOCA;UIN2606;Queda;Não informado;Não informado;Não informado;Cruz;Não informado;Cruzamento;0;1;0;0;0;0;0;0;0;1;0;0;0;(-38.5598584 -3.7696315);
OJF8209;2021-06-03 22:29:00;Avenida Treze de Maio;;;FATIMA;OJF8209;Colisão;Não informado;Não informado;Não informado;Meio de quadra;Não informado;Longo da via;0;1;0;0;0;0;0;0;0;0;1;0;0;(-38.5286926 -3.7501864);
YDW9414;2021-06-19 02:15:00;Avenida Eduardo Girão;AV LUCIANO CARNEIRO;;FATIMA;YDW9414;Queda;Não informado;Não informado;Não informado;Cruz;Não informado;Longo da via;0;1;0;1;0;0;0;0;0;0;0;0;0;(-38.5327702 -3.7519598);
OJF8209;2021-06-03 21:58:00;Rua 24 de Outubro;;;GENIBAU;OJF8209;Colisão;Não informado;Não informado;Não informado;Meio de quadra;Não informado;Longo da via;0;4;0;2;0;0;0;0;0;0;0;0;0;(-38.60220026397364 -3.754015161166002);
CLF5736;2021-06-19 02:08:00;Rua General Clarindo de Queiroz;;;CENTRO;CLF5736;Atropelamento;Não informado;Não informado;Não informado;Meio de quadra;Não informado;Longo da via;0;2;0;1;0;0;0;0;0;0;0;0;0;(-38.5381166 -3.7301579);
TXD6746;2021-06-03 22:03:00;Rua Doutor Augusto Ribeiro;;;SIQUEIRA;TXD6746;Colisão;Não informado;Não informado;Não informado;Meio de quadra;Não informado;Longo da via;0;1;0;2;0;0;0;0;0;0;0;0;0;(-38.58518436915777 -3.790451641898536);
PLY7741;2021-06-19 02:02:00;Rua Raimundo Neri;;;JANGURUSSU;PLY7741;Queda;Não informado;Não informado;Não informado;Meio de quadra;Não informado;Longo da via;0;1;0;1;0;0;0;0;0;0;0;0;0;(-38.5864203 -3.794134);
LFD8916;2021-06-03 21:58:00;Rua 24 de Outubro;;;GENIBAU;LFD8916;Atropelamento;Não informado;Não informado;Não informado;Meio de quadra;Não informado;Longo da via;0;1;0;1;0;0;0;0;0;0;0;0;0;(-38.6040274 -3.7588664);
UPO4605;2021-06-03 21:51:00;Avenida L Cj Planalto Da Barra;;;VILA VELHA;UPO4605;Colisão;Não informado;Não informado;Não informado;Cruz;Não informado;Cruzamento;0;1;0;1;1;0;0;0;0;0;0;0;0;(-38.6013807 -3.716595);
EHT4737;2021-06-18 22:47:00;Rua Torres Câmara;RUA SILVA PAULET;;ALDEOTA;EHT4737;Colisão;Não informado;Não informado;Não informado;Cruz;Não informado;Longo da via;0;1;0;1;1;0;0;0;0;0;0;0;0;(-38.50587144882198 -3.735906086611826);
YKY4752;2021-06-18 22:08:00;Rua Deputado Matoso Filho;;;QUINTINO CUNHA;YKY4752;Colisão;Não informado;Não informado;Não informado;Meio de quadra;Não informado;Longo da via;0;1;0;1;1;0;0;0;0;0;0;0;0;(-38.58950270268305 -3.732035845674558);
HSK2799;2021-06-03 21:35:00;Rua DIONISIO CERQUEIRA;;;MONDUBIM;HSK2799;Colisão;Não informado;Não informado;Não informado;Meio de quadra;Não informado;Longo da via;0;1;0;1;1;0;0;0;0;0;0;0;0;(-38.5890423 -3.8104062);
IOW6735;2021-06-03 21:18:00;Avenida Desembargador Moreira;AV PDE ANTONIO TOMAS;;ALDEOTA;IOW6735;Queda;Não informado;Não informado;Não informado;Meio de quadra;Não informado;Longo da via;0;1;0;0;0;0;0;0;0;1;0;0;0;(-38.4996697 -3.7401983);
EGM8145;2021-06-18 21:47:00;Avenida Santos Dumont;;;PAPICU;EGM8145;Queda;Não informado;Não informado;Não informado;Meio de quadra;Não informado;Longo da via;0;1;0;1;0;0;0;0;0;0;0;0;0;(-38.4816451 -3.7417138);
PTK0133;2021-06-03 21:15:00;Rua Piauí;;;PAN AMERICANO;PTK0133;Colisão;Não informado;Não informado;Não informado;Meio de quadra;Não informado;Longo da via;0;2;0;2;0;0;0;0;0;0;0;0;0;(-38.5642449 -3.7583608);
QOH8216;2021-06-18 21:32:00;Avenida Coronel Virgílio Nogueira;;;BOM JARDIM;QOH8216;Atropelamento de Animal;Não informado;Não informado;Não informado;Meio de quadra;Não informado;Longo da via;0;1;0;1;0;0;0;0;0;0;0;0;0;(-38.6089959 -3.7897721);
RBH9133;2021-06-03 20:51:00;RUA JARDIM FLUMINENSE;;;CANINDEZINHO;RBH9133;Atropelamento;Não informado;Não informado;Não informado;Meio de quadra;Não informado;Longo da via;0;1;0;1;0;0;0;0;0;0;0;0;0;(-38.60443185108342 -3.81596750620665);
KKP7509;2021-06-18 21:20:00;Rua André Rebouças;;;BONSUCESSO;KKP7509;Queda;Não informado;Não informado;Não informado;Meio de quadra;Não informado;Longo da via;0;1;0;1;0;0;0;0;0;0;0;0;0;(-46.75942554871619 -23.50505905802434);
CRF1831;2021-06-18 20:52:00;Rua São Francisco;;;BOM JARDIM;CRF1831;Colisão;Não informado;Não informado;Não informado;Meio de quadra;Não informado;Longo da via;0;1;0;1;1;0;0;0;0;0;0;0;0;(-38.60342877059384 -3.797816902817795);
RBH9133;2021-06-03 19:38:00;Avenida Dioguinho;;;VICENTE PINZON;RBH9133;Colisão;Não informado;Não informado;Não informado;Não informado;Não informado;Longo da via;0;0;0;0;0;0;0;0;0;0;0;0;0;(-38.4396632 -3.7690286);
WMY1002;2021-06-03 19:38:00;Avenida Dioguinho;;;VICENTE PINZON;WMY1002;Colisão;Não informado;Não informado;Não informado;Meio de quadra;Não informado;Longo da via;0;2;0;1;1;0;0;0;0;0;0;0;0;(-38.4562079 -3.7360163);
AWI3896;2021-06-18 20:22:00;Avenida General Osório de Paiva;;;PARQUE SAO JOSE;AWI3896;Colisão;Não informado;Não informado;Não informado;Meio de quadra;Não informado;Longo da via;0;1;0;1;1;0;0;0;0;0;0;0;0;(-38.59242096415381 -3.79469630938221);
DZZ8640;2021-06-18 20:14:00;Rua Anselmo Nogueira;;;BONSUCESSO;DZZ8640;Queda;Não informado;Não informado;Não informado;Meio de quadra;Não informado;Longo da via;0;1;0;1;0;0;0;0;0;0;0;0;0;(-38.5876734600619 -3.777706809013046);
FKJ2327;2021-06-03 19:12:00;Avenida C;;;PREFEITO JOSE VALTER;FKJ2327;Colisão;Não informado;Não informado;Não informado;Meio de quadra;Não informado;Longo da via;0;1;0;1;1;0;0;0;0;0;0;0;0;(-38.55484322031216 -3.828727830687026);
TXW7351;2021-06-18 20:13:00;Rua Equador;;;MONTESE;TXW7351;Colisão;Não informado;Não informado;Não informado;Meio de quadra;Não informado;Longo da via;0;1;0;1;1;0;0;0;0;0;0;0;0;(-38.55121686926702 -3.770352082724458);
HGZ8250;2021-06-03 17:23:00;Avenida das Adenanteras;RUA VITORIA DA CONQUISTA;;CIDADE 2000;HGZ8250;Colisão;Não informado;Não informado;Não informado;Meio de quadra;Não informado;Longo da via;0;1;0;0;0;0;0;0;0;0;1;0;0;(-38.46831346055126 -3.754969985572601);
FGD2721;2021-06-18 20:08:00;Rua Dez;;;PREFEITO JOSE VALTER;FGD2721;Colisão;Não informado;Não informado;Não informado;Meio de quadra;Não informado;Longo da via;0;1;0;1;1;0;0;0;0;0;0;0;0;(-38.55755223499669 -3.822668841227001);
QQS3740;2021-06-03 16:31:00;Avenida I Cj Prefeito Jose Walter;;;PREFEITO JOSE VALTER;QQS3740;Queda;Não informado;Não informado;Não informado;Não informado;Não informado;Longo da via;0;1;0;1;0;0;0;0;0;0;0;0;0;(-38.55377063680884 -3.835116750975489);
KYR3645;2021-06-18 18:18:00;Rua Jornalista César Magalhães;;;ENGENHEIRO LUCIANO CAVALCANTE;KYR3645;Colisão;Não informado;Não informado;Não informado;Meio de quadra;Não informado;Longo da via;0;1;0;1;1;0;0;0;0;0;0;0;0;(-38.48879114298803 -3.767986138619408);
VZR4121;2021-06-03 16:01:00;RUA LETICIA;;;MESSEJANA;VZR4121;Colisão;Não informado;Não informado;Não informado;Meio de quadra;Não informado;Longo da via;0;1;0;1;1;0;0;0;0;0;0;0;0;(-38.49193856934233 -3.82170215285853);
CKV4640;2021-06-18 17:32:00;Rua Prisco Bezerra;;;PAPICU;CKV4640;Colisão;Não informado;Não informado;Não informado;Meio de quadra;Não informado;Longo da via;0;1;0;1;1;0;0;0;0;0;0;0;0;(-38.46884087092779 -3.742704393807364);
KXZ8568;2021-06-03 13:35:00;Rua Monsenhor Agostinho;;;SIQUEIRA;KXZ8568;Atropelamento;Não informado;Não informado;Não informado;Meio de quadra;Não informado;Longo da via;0;1;0;0;0;0;0;1;0;0;0;0;0;(-38.5824129 -3.7878473);
AKB4101;2021-06-03 12:46:00;BR 116 KM 05;;;CAJAZEIRAS;AKB4101;Colisão;Não informado;Não informado;Não informado;Meio de quadra;Não informado;Longo da via;0;1;0;2;0;0;0;0;0;0;0;0;0;(-38.50432649713312 -3.7990854770272);
TGE2345;2021-06-18 16:13:00;Avenida General Osório de Paiva;;;SIQUEIRA;TGE2345;Colisão;Não informado;Não informado;Não informado;Meio de quadra;Não informado;Longo da via;0;1;0;1;1;0;0;0;0;0;0;0;0;(-38.5900776 -3.7923071);
GEK2709;2021-06-18 16:10:00;Avenida Viena Weyne;;;CAMBEBA;GEK2709;Colisão;Não informado;Não informado;Não informado;Meio de quadra;Não informado;Longo da via;0;1;0;1;1;0;0;0;0;0;0;0;0;(-38.48705843174201 -3.801504862331499);
ZXQ6463;2021-06-18 16:02:00;Avenida General Osório de Paiva;;;PARANGABA;ZXQ6463;Colisão;Não informado;Não informado;Não informado;Meio de quadra;Não informado;Longo da via;0;1;0;1;1;0;0;0;0;0;0;0;0;(-38.56771246338801 -3.776464967314786);
NHO4235;2021-06-18 15:14:00;Rua Vinte Dois;;;VILA VELHA;NHO4235;Queda;Não informado;Não informado;Não informado;Meio de quadra;Não informado;Longo da via;0;1;0;1;0;0;0;0;0;0;0;0;0;(-38.59611539041046 -3.718119833407858);
MAG5926;2021-06-18 15:30:00;Avenida H;;;CONJUNTO CEARA II;MAG5926;Colisão;Não informado;Não informado;Não informado;Meio de quadra;Não informado;Longo da via;0;1;0;1;1;0;0;0;0;0;0;0;0;(-38.61785904008093 -3.776663019773692);
HBC8237;2021-06-03 12:40:00;Rua General Sampaio;;;CENTRO;HBC8237;Colisão;Não informado;Não informado;Não informado;Meio de quadra;Não informado;Longo da via;0;1;0;2;0;0;0;0;0;0;0;0;0;(-38.5320980676921 -3.729552030611052);
CWA9997;2021-06-18 14:31:00;RUA BONANCA;;;SIQUEIRA;CWA9997;Colisão;Não informado;Não informado;Não informado;Meio de quadra;Não informado;Longo da via;0;1;0;1;1;0;0;0;0;0;0;0;0;(-38.61349776658066 -3.800894664023029);
ZZF0331;2021-06-18 11:56:00;Avenida Treze de Maio;;;FATIMA;ZZF0331;Colisão;Não informado;Não informado;Não informado;Meio de quadra;Não informado;Longo da via;0;1;0;1;1;0;0;0;0;0;0;0;0;(-38.53117005105321 -3.747698707131071);
ZZF0331;2021-06-18 11:42:00;Rua Coronel de Queiroz;;;PLANALTO AYRTON SENNA;ZZF0331;Colisão;Não informado;Não informado;Não informado;Cruz;Não informado;Longo da via;0;1;0;1;1;0;0;0;0;0;0;0;0;(-38.56579200009131 -3.834813539303479);
JXZ5558;2021-06-03 04:43:00;AV JOSE BASTOS;;;BENFICA;JXZ5558;Queda;Não informado;Não informado;Não informado;Meio de quadra;Não informado;Longo da via;0;1;0;1;0;0;0;0;0;0;0;0;0;(-38.54504712256258 -3.749853265437885);
QOF5297;2021-06-18 11:12:00;Avenida E;;;PREFEITO JOSE VALTER;QOF5297;Colisão;Não informado;Não informado;Não informado;Meio de quadra;Não informado;Longo da via;0;2;0;0;0;0;0;0;0;0;0;0;0;(-38.5553105867393 -3.834974780554583);
KPY4461;2021-06-03 02:08:00;Avenida Sargento Hermínio Sampaio;;;PADRE ANDRADE;KPY4461;Colisão;Não informado;Não informado;Não informado;Meio de quadra;Não informado;Longo da via;0;1;0;1;1;0;0;0;0;0;0;0;0;(-38.5802332 -3.7317649);
ZXL4789;2021-06-18 11:00:00;Avenida Washington Luiz;;;JARDIM GUANABARA;ZXL4789;Colisão;Não informado;Não informado;Não informado;Meio de quadra;Não informado;Longo da via;0;1;0;1;1;0;0;0;0;0;0;0;0;(-38.5890402 -3.7175695);
CDO9199;2021-06-03 01:28:00;Rua Emílio de Menezes;;;GRANJA PORTUGAL;CDO9199;Queda;Não informado;Não informado;Não informado;Meio de quadra;Não informado;Longo da via;0;1;0;0;0;0;0;0;0;1;0;0;0;(-38.6072129 -3.7760808);
MHC8081;2021-06-18 10:56:00;Avenida Sargento Hermínio Sampaio;AV JOSE JATAHY;;MONTE CASTELO;MHC8081;Colisão;Não informado;Não informado;Não informado;Cruz;Não informado;Longo da via;0;1;0;0;0;0;0;0;0;0;0;0;0;(-38.5459049 -3.7247097);
FBF8299;2021-06-18 10:35:00;Avenida Jovita Feitosa;;;PARQUELANDIA;FBF8299;Colisão;Não informado;Não informado;Não informado;Meio de quadra;Não informado;Longo da via;0;1;0;0;0;0;0;0;0;0;0;0;0;(-38.55991260379513 -3.740531082437328);
EXB1211;2021-06-03 01:19:00;Rua 15 de Novembro;;;MONTESE;EXB1211;Colisão;Não informado;Não informado;Não informado;Meio de quadra;Não informado;Longo da via;0;1;0;0;0;0;0;0;0;0;1;0;0;(-38.5545277 -3.7693354);
PTH4854;2021-06-18 09:48:00;Avenida Jovita Feitosa;;;PARQUELANDIA;PTH4854;Queda;Não informado;Não informado;Não informado;Meio de quadra;Não informado;Longo da via;0;1;0;1;0;0;0;0;0;0;0;0;0;(-38.5455271 -3.737695);
ZEU6769;2021-06-03 00:59:00;Avenida Humberto Monte;;;PARQUELANDIA;ZEU6769;Colisão;Não informado;Não informado;Não informado;Meio de quadra;Não informado;Longo da via;0;1;0;0;0;0;0;0;0;0;1;0;0;(-38.5679321 -3.7400837);
TFI4667;2021-06-03 00:36:00;Avenida Senador Carlos Jereissati;;;MONTESE;TFI4667;Colisão;Não informado;Não informado;Não informado;Meio de quadra;Não informado;Longo da via;0;1;0;1;1;0;0;0;0;0;0;0;0;(-38.5499047 -3.769566199999999);
YOJ3993;2021-06-03 00:08:00;Rua José Alves de Freitas;;;DIAS MACEDO;YOJ3993;Atropelamento;Não informado;Não informado;Não informado;Meio de quadra;Não informado;Longo da via;0;1;0;1;0;0;0;0;0;0;0;0;0;(-38.5273898 -3.7862326);
GOH1920;2021-06-18 08:44:00;Avenida Oliveira Paiva;;;CIDADE DOS FUNCIONRAIOS;GOH1920;Colisão;Não informado;Não informado;Não informado;Meio de quadra;Não informado;Longo da via;0;1;0;1;1;0;0;0;0;0;0;0;0;(-38.492164 -3.795765);
IVQ4278;2021-06-18 01:00:00;Rua Engenheiro Luís Montenegro;;;SIQUEIRA;IVQ4278;Colisão;Não informado;Não informado;Não informado;Meio de quadra;Não informado;Longo da via;0;1;0;1;1;0;0;0;0;0;0;0;0;(-38.61449393302703 -3.815391440521109);
MFJ5232;2021-06-18 00:45:00;Avenida Coronel Virgílio Nogueira;RUA OSCAR FRANCA;;BOM JARDIM;MFJ5232;Colisão;Não informado;Não informado;Não informado;Cruz;Não informado;Longo da via;0;2;0;1;0;0;1;0;0;0;0;0;0;(-38.60873417181504 -3.788920773102805);
VQJ8676;2021-06-18 00:12:00;Rua José Roberto Sáles;;;BARRA DO CEARA;VQJ8676;Queda;Não informado;Não informado;Não informado;Meio de quadra;Não informado;Longo da via;0;1;0;1;0;0;0;0;0;0;0;0;0;(-38.57561424833094 -3.698851712500262);
ABZ3547;2021-06-17 23:58:00;Avenida Américo Barreira;;;DEMOCRITO ROCHA;ABZ3547;Colisão;Não informado;Não informado;Não informado;Meio de quadra;Não informado;Longo da via;0;1;0;1;1;0;0;0;0;0;0;0;0;(-38.56446161503678 -3.760417215411987);
WBO7817;2021-06-02 23:44:00;Avenida Pontes Vieira;;;SAO JOAO DO TAUAPE;WBO7817;Colisão;Não informado;Não informado;Não informado;Meio de quadra;Não informado;Longo da via;0;1;0;1;1;0;0;0;0;0;0;0;0;(-38.5088786 -3.7522169);
QPW2775;2021-06-02 23:21:00;AV PRE CASTELO BRANCO;;;JACARECANGA;QPW2775;Atropelamento;Não informado;Não informado;Não informado;Meio de quadra;Não informado;Longo da via;0;1;0;0;0;0;0;0;0;0;1;0;0;(-38.5454338 -3.7149803);
ARH6636;2021-06-02 23:13:00;Rua Misericórdia;;;JARDIM GUANABARA;ARH6636;Colisão;Não informado;Não informado;Não informado;Meio de quadra;Não informado;Longo da via;0;1;0;1;0;0;1;0;0;0;0;0;0;(-38.5858435 -3.7261048);
ORM5357;2021-06-02 22:19:00;BR 116 KM 11;;;PARQUE IRACEMA;ORM5357;Queda;Não informado;Não informado;Não informado;Meio de quadra;Não informado;Longo da via;0;1;0;1;0;0;0;0;0;0;0;0;0;(-38.5051639 -3.799603299999999);
IEX6047;2021-06-02 21:47:00;Estrada do Jatobá;;;BOM JARDIM;IEX6047;Colisão;Não informado;Não informado;Não informado;Meio de quadra;Não informado;Longo da via;0;1;0;1;1;0;0;0;0;0;0;0;0;(-38.626423 -3.7941318);
ODA8505;2021-06-02 21:22:00;Rua Professor José Bonifácio;;;ALVARO WEYNE;ODA8505;Colisão;Não informado;Não informado;Não informado;Meio de quadra;Não informado;Longo da via;0;1;0;1;1;0;0;0;0;0;0;0;0;(-38.5618352 -3.7092442);
NJB2321;2021-06-02 21:19:00;Rua Arruda Câmara;;;VILA PERY;NJB2321;Colisão;Não informado;Não informado;Não informado;Meio de quadra;Não informado;Longo da via;0;1;0;0;0;0;0;0;0;0;1;0;0;(-38.5838801 -3.7894426);
ZGL0111;2021-06-02 21:10:00;Rua do Oriente;;;CARLITO PAMPLONA;ZGL0111;Colisão;Não informado;Não informado;Não informado;Meio de quadra;Não informado;Longo da via;0;1;0;0;0;0;0;0;0;0;1;0;0;(-38.5626158 -3.711858);
KOI0447;2021-06-02 20:23:00;Rua Júlio Alcídes;;;MARAPONGA;KOI0447;Colisão;Não informado;Não informado;Não informado;Meio de quadra;Não informado;Longo da via;0;1;0;1;1;0;0;0;0;0;0;0;0;(-38.5640277 -3.788780899999999);
HCW8868;2021-06-02 20:15:00;Rua Cônego de Castro;;;PARANGABA;HCW8868;Colisão;Não informado;Não informado;Não informado;Meio de quadra;Não informado;Longo da via;0;1;0;1;1;0;0;0;0;0;0;0;0;(-38.5757051 -3.787551299999999);
HTC2701;2021-06-02 19:46:00;Avenida Ministro Albuquerque Lima;;;CONJUNTO CEARA II;HTC2701;Colisão;Não informado;Não informado;Não informado;Meio de quadra;Não informado;Longo da via;0;1;0;0;0;0;0;0;0;0;1;0;0;(-38.602753 -3.770962);
RBZ8786;2021-06-02 19:39:00;RUA ANTONIO BARBOSA;;;PLANALTO AYRTON SENNA;RBZ8786;Colisão;Não informado;Não informado;Não informado;Meio de quadra;Não informado;Longo da via;0;2;0;2;0;0;0;0;0;0;0;0;0;(-38.564227 -3.830008);
QLW3301;2021-06-02 19:05:00;Avenida Dom Luís;RUA JOAQUIM NABUCO;;ALDEOTA;QLW3301;Colisão;Não informado;Não informado;Não informado;Cruz;Não informado;Cruzamento;0;1;0;1;1;0;0;0;0;0;0;0;0;(-38.5003412 -3.7323091);
FLS6877;2021-06-02 18:23:00;RUA FLORENCIO DE ALENCAR;;;BARRA DO CEARA;FLS6877;Queda;Não informado;Não informado;Não informado;Meio de quadra;Não informado;Longo da via;0;1;0;1;0;0;0;0;0;0;0;0;0;(-38.583104 -3.7109755);
BAF9292;2021-06-02 16:56:00;Rua João Crispim;;;PAUPINA;BAF9292;Colisão;Não informado;Não informado;Não informado;Meio de quadra;Não informado;Longo da via;0;2;0;1;1;0;0;0;0;0;0;0;0;(-38.4949587 -3.8568569);
LOL0172;2021-06-02 16:50:00;Rua da Assunção;;;FATIMA;LOL0172;Colisão;Não informado;Não informado;Não informado;Meio de quadra;Não informado;Longo da via;0;1;0;1;1;0;0;0;0;0;0;0;0;(-38.5315139 -3.743462);
ZNK0526;2021-06-17 23:52:00;Avenida Rogaciano Leite;RUA DES WALDEMAR ALVES PEREIRA;;JARDIM DAS OLIVEIRAS;ZNK0526;Colisão;Não informado;Não informado;Não informado;Cruz;Não informado;Longo da via;0;1;0;2;0;0;0;0;0;0;0;0;0;(-38.4980751 -3.7705326);
KMV9948;2021-06-17 23:11:00;Rua Professor José Silveira;RUA CRISANTO ARRUDA;;PASSARE;KMV9948;Colisão;Não informado;Não informado;Não informado;Cruz;Não informado;Longo da via;0;1;0;2;0;0;0;0;0;0;0;0;0;(-38.52456086003028 -3.80925006120717);
ZUI0747;2021-06-02 16:46:00;Rua Capitão Gustavo;;;SAO JOAO DO TAUAPE;ZUI0747;Colisão;Não informado;Não informado;Não informado;Meio de quadra;Não informado;Longo da via;0;1;0;1;1;0;0;0;0;0;0;0;0;(-38.5176727 -3.7524575);
LOW2884;2021-06-02 15:37:00;Avenida Doutor Silas Munguba;;;SERRINHA;LOW2884;Colisão;Não informado;Não informado;Não informado;Meio de quadra;Não informado;Longo da via;0;1;0;1;1;0;0;0;0;0;0;0;0;(-38.555259 -3.7823);
SJM7194;2021-06-17 22:32:00;Avenida Santos Dumont;;;ALDEOTA;SJM7194;Queda;Não informado;Não informado;Não informado;Meio de quadra;Não informado;Longo da via;0;1;0;1;0;0;0;0;0;0;0;0;0;(-38.50366130507503 -3.734498241606317);
HYO2575;2021-06-17 21:27:00;Avenida I;;;CONJUNTO CEARA II;HYO2575;Colisão;Não informado;Não informado;Não informado;Meio de quadra;Não informado;Longo da via;0;1;0;0;0;0;0;0;0;0;0;0;0;(-38.59803214588211 -3.772669845254073);
GMW4167;2021-06-17 18:48:00;Rua Demétrio Menezes;;;ANTONIO BEZERRA;GMW4167;Queda;Não informado;Não informado;Não informado;Meio de quadra;Não informado;Longo da via;0;1;0;1;0;0;0;0;0;0;0;0;0;(-38.58353051075166 -3.738054651797698);
OYF3583;2021-06-02 14:43:00;RUA MIGUEL GURGEL;;;;OYF3583;Atropelamento;Não informado;Não informado;Não informado;Meio de quadra;Não informado;Longo da via;0;1;0;1;0;0;0;0;0;0;0;0;0;(-38.4824514 -3.8402533);
CRQ8493;2021-06-02 11:26:00;Rua Costa Barros;;;CENTRO;CRQ8493;Atropelamento;Não informado;Não informado;Não informado;Meio de quadra;Não informado;Longo da via;0;1;0;1;0;0;0;0;0;0;0;0;0;(-38.5222948 -3.7268364);
RKP7307;2021-06-02 10:07:00;Avenida Alberto Nepomuceno;;;CENTRO;RKP7307;Atropelamento;Não informado;Não informado;Não informado;Meio de quadra;Não informado;Longo da via;0;1;0;0;1;0;0;0;0;0;0;0;0;(-38.52393310000001 -3.722480999999999);
OGV7115;2021-06-17 16:26:00;Avenida General Osório de Paiva;;;SIQUEIRA;OGV7115;Colisão;Não informado;Não informado;Não informado;Meio de quadra;Não informado;Longo da via;0;1;0;2;0;0;0;0;0;0;0;0;0;(-38.57876314482479 -3.78335930738255);
HHX0114;2021-06-17 15:48:00;Rua Alberto Magno;RUA ZACARIAS GONDIM;;MONTESE;HHX0114;Colisão;Não informado;Não informado;Não informado;Cruz;Não informado;Longo da via;0;1;0;1;1;0;0;0;0;0;0;0;0;(-38.5474993306219 -3.762081955932177);
PUS5772;2021-06-17 15:45:00;Rua 8 de Setembro;;;VARJOTA;PUS5772;Colisão;Não informado;Não informado;Não informado;Meio de quadra;Não informado;Longo da via;0;1;0;1;1;0;0;0;0;0;0;0;0;(-38.48703697899602 -3.735060309274789);
VDZ5125;2021-06-17 15:12:00;Rua Capitão Vasconcelos;;;AEROLANDIA;VDZ5125;Colisão;Não informado;Não informado;Não informado;Meio de quadra;Não informado;Longo da via;0;1;0;1;1;0;0;0;0;0;0;0;0;(-38.5166592899612 -3.767745261596179);