COD_ACIDENTE;DATA;LOG1;LOG2;NUMERO;BAIRRO;AMC;NATUREZA;ILUMINACAO;TEMPO;SUPERFICIEPISTA;TIPOCRUZAMENTO;CONTROLETRAFEGO;USOSOLO;MORTOS;FERIDOS;ILESOS;MOTOCICLETA;AUTOMOVEL;MICROONIBUS;CAMINHAO;ONIBUS;CICLOMOTOR;BICICLETA;OUTROS;TREM;TRACAOANIMAL;COORDENADAS
NZD0965;2021-06-17 12:59:00;Rua Doutor José Lourenço;AV SANTOS DUMONT;;ALDEOTA;NZD0965;Colisão;Não informado;Não informado;Não informado;Cruz;Não informado;Longo da via;0;2;0;1;1;0;0;0;0;0;0;0;0;(-38.50731447492621 -3.733159983804359);
ZSX4401;2021-06-17 11:52:00;Rua Senador Robert Kennedy;;;BARRA DO CEARA;ZSX4401;Colisão;Não informado;Não informado;Não informado;Cruz;Não informado;Longo da via;0;1;0;1;1;0;0;0;0;0;0;0;0;(-38.57949272585059 -3.705034687130919);
HVP2414;2021-06-02 10:01:00;AV WASHINGTON SOARES;;;GUARARAPES;HVP2414;Atropelamento;Não informado;Não informado;Não informado;Meio de quadra;Não informado;Longo da via;0;2;0;1;0;0;0;0;0;0;0;0;0;(-38.4846684 -3.7588817);
SZX0736;2021-06-02 09:10:00;Avenida Presidente Costa e Silva;RUA BERNARDO MANUEL;;PREFEITO JOSE VALTER;SZX0736;Colisão;Não informado;Não informado;Não informado;Cruz;Não informado;Cruzamento;0;1;0;0;0;0;0;0;0;0;1;0;0;(-38.5572278 -3.8209879);
UCR8574;2021-06-17 11:27:00;Avenida Monsenhor Tabosa;RUA BAR ARACATI;;PARQUE IRACEMA;UCR8574;Colisão;Não informado;Não informado;Não informado;Cruz;Não informado;Longo da via;0;2;0;1;1;0;0;0;0;0;0;0;0;(-38.50898816842535 -3.72423642867561);
HJP5396;2021-06-17 10:47:00;Rua Beni Carvalho;;;ALDEOTA;HJP5396;Colisão;Não informado;Não informado;Não informado;Meio de quadra;Não informado;Longo da via;0;1;0;1;1;0;0;0;0;0;0;0;0;(-38.49781408942257 -3.74512928904457);
GBS7386;2021-06-02 05:39:00;Rua Dom José Lourenço;;;PARQUELANDIA;GBS7386;Colisão;Não informado;Não informado;Não informado;Meio de quadra;Não informado;Longo da via;0;1;0;0;0;0;0;0;0;0;1;0;0;(-38.55904891794847 -3.736949840965559);
ZID1784;2021-06-02 00:49:00;Rua Taubaté;;;GRANJA PORTUGAL;ZID1784;Colisão;Não informado;Não informado;Não informado;Meio de quadra;Não informado;Longo da via;0;1;0;1;1;0;0;0;0;0;0;0;0;(-38.5984935 -3.7794277);
YTP9631;2021-06-01 23:43:00;Avenida Engenheiro Santana Júnior;AV ANTONIO SALES;;PAPICU;YTP9631;Colisão;Não informado;Não informado;Não informado;T;Não informado;Cruzamento;0;1;0;1;1;0;0;0;0;0;0;0;0;(-38.48953514331615 -3.747186664193848);
LYR8837;2021-06-17 01:55:00;Rua Ribeiro Júnior;;;JOQUEI CLUBE;LYR8837;Colisão;Não informado;Não informado;Não informado;Cruz;Não informado;Longo da via;0;1;0;1;1;0;0;0;0;0;0;0;0;(-38.5762257936284 -3.772782253903199);
EPH5483;2021-06-01 23:03:00;Rua Pedro Araújo;;;JOAO XXIII;EPH5483;Queda;Não informado;Não informado;Não informado;Meio de quadra;Não informado;Longo da via;0;1;0;1;0;0;0;0;0;0;0;0;0;(-38.5834038 -3.7737705);
CED2865;2021-06-17 00:33:00;Avenida Américo Barreira;;;DAMAS;CED2865;Atropelamento;Não informado;Não informado;Não informado;Meio de quadra;Não informado;Longo da via;0;1;0;1;0;0;0;0;0;0;0;0;0;(-38.55396882814896 -3.753683280819395);
RKJ2140;2021-06-17 00:21:00;Rua Barão do Crato;;;VILA ELLERY;RKJ2140;Colisão;Não informado;Não informado;Não informado;Meio de quadra;Não informado;Longo da via;0;1;0;0;0;0;0;0;0;0;0;0;0;(-38.5632438890945 -3.722234370881099);
DSQ8904;2021-06-16 23:10:00;Rua Eduardo Perdigão;;;PARANGABA;DSQ8904;Colisão;Não informado;Não informado;Não informado;Meio de quadra;Não informado;Longo da via;0;1;0;1;1;0;0;0;0;0;0;0;0;(-38.56396549999999 -3.7765172);
NYX2697;2021-06-01 22:28:00;Avenida Radialista Jose Lima Verde;;;BARRA DO CEARA;NYX2697;Colisão;Não informado;Não informado;Não informado;Meio de quadra;Não informado;Longo da via;0;1;0;2;0;0;0;0;0;0;0;0;0;(-38.5897857 -3.702331);
JMJ3263;2021-06-16 22:28:00;Avenida Doutor Silas Munguba;;;ITAPERI;JMJ3263;Atropelamento;Não informado;Não informado;Não informado;Meio de quadra;Não informado;Longo da via;0;1;0;0;0;0;0;1;0;0;0;0;0;(-38.55158702232134 -3.785612802609599);
LWR1438;2021-06-01 21:59:00;Avenida José Bastos;;;PICI;LWR1438;Colisão;Não informado;Não informado;Não informado;Meio de quadra;Não informado;Longo da via;0;1;0;1;1;0;0;0;0;0;0;0;0;(-38.5524908 -3.7517735);
LWR1438;2021-06-01 21:59:00;Avenida José Bastos;;;PICI;LWR1438;Colisão;Não informado;Não informado;Não informado;Meio de quadra;Não informado;Longo da via;0;1;0;1;1;0;0;0;0;0;0;0;0;(-38.5524908 -3.7517735);
XLN7627;2021-06-16 22:12:00;Avenida Barão de Studart;AV ANTONIO SALES;;ALDEOTA;XLN7627;Colisão;Não informado;Não informado;Não informado;Cruz;Não informado;Longo da via;0;1;0;1;1;0;0;0;0;0;0;0;0;(-38.5094276 -3.7432939);
BQF7265;2021-08-31 15:30:00;CE 040 KM 05 ;;;SAPIRANGA / COITE;BQF7265;Colisão;Não informado;Não informado;Não informado;Não informado;Não informado;Longo da via;0;0;0;1;2;0;0;0;0;0;0;0;0;(-38.47947851047338 -3.800669854011085);
YDE3133;2021-06-01 21:48:00;Avenida Duque de Caxias;;;CENTRO;YDE3133;Atropelamento;Não informado;Não informado;Não informado;Meio de quadra;Não informado;Longo da via;0;1;0;1;0;0;0;0;0;0;0;0;0;(-54.64893069999999 -20.4633286);
XXT4447;2021-06-01 20:29:00;Rodovia Estrada do Guarani (BR116);;;MESSEJANA;XXT4447;Colisão;Não informado;Não informado;Não informado;Meio de quadra;Não informado;Longo da via;0;1;0;0;0;0;0;0;0;0;1;0;0;(-38.5020858 -3.8367365);
KMT6038;2021-06-01 20:08:00;Rua Lorena;;;PICI;KMT6038;Colisão;Não informado;Não informado;Não informado;Meio de quadra;Não informado;Longo da via;0;1;0;1;1;0;0;0;0;0;0;0;0;(-38.5715846 -3.7520581);
WRH4771;2021-08-25 16:20:00;CE 040 KM 04 ;;;PARQUE MANIBURA;WRH4771;Colisão;Não informado;Não informado;Não informado;Não informado;Não informado;Longo da via;0;0;0;0;2;0;0;0;0;0;0;0;0;(-38.48037973715937 -3.791607820731346);
TFL5293;2021-06-16 20:57:00;Rua Elvira Pinho;RUA ZACARIAS GONDIM;;MONTESE;TFL5293;Colisão;Não informado;Não informado;Não informado;Cruz;Não informado;Longo da via;0;1;0;1;1;0;0;0;0;0;0;0;0;(-38.55785265788854 -3.766069826234137);
RUZ4401;2021-06-16 20:41:00;Avenida Bezerra de Menezes;;;PARQUELANDIA;RUZ4401;Queda;Não informado;Não informado;Não informado;Meio de quadra;Não informado;Longo da via;0;1;0;0;0;0;0;0;0;1;0;0;0;(-38.5615916572553 -3.735199487879946);
PUM7605;2021-08-25 10:20:00;CE 402 KM 01;;;CAMBEBA;PUM7605;Colisão;Não informado;Não informado;Não informado;Não informado;Não informado;Longo da via;0;0;0;0;2;0;0;0;0;0;0;0;0;(-38.489817 -3.808107);
HYW0614;2021-06-16 17:57:00;Rua José Assis;;;ANCURI;HYW0614;Colisão;Não informado;Não informado;Não informado;Meio de quadra;Não informado;Longo da via;0;1;0;1;1;0;0;0;0;0;0;0;0;(-38.50308195519974 -3.857957034004457);
FGJ9601;2021-08-25 03:35:00;CE 401 KM 01;;;DIAS MACEDO;FGJ9601;Colisão;Não informado;Não informado;Não informado;Não informado;Não informado;Longo da via;0;0;0;1;0;0;0;1;0;0;0;0;0;(-38.52667840659536 -3.78421775058461);
SXN9096;2021-06-16 17:46:00;Rua Cônego de Castro;;;PARQUE SANTA ROSA;SXN9096;Colisão;Não informado;Não informado;Não informado;T;Não informado;Longo da via;0;1;0;1;1;0;0;0;0;0;0;0;0;(-38.5992209 -3.8154424);
SXN9096;2021-06-16 17:46:00;Rua Cônego de Castro;;;PARQUE SANTA ROSA;SXN9096;Colisão;Não informado;Não informado;Não informado;T;Não informado;Longo da via;0;1;0;1;1;0;0;0;0;0;0;0;0;(-38.5992209 -3.8154424);
WDO1783;2021-06-16 17:44:00;Rua Coronel Jaime Rolemberg;;;JARDIM CEARENSE;WDO1783;Queda;Não informado;Não informado;Não informado;T;Não informado;Longo da via;0;1;0;1;0;0;0;0;0;0;0;0;0;(-38.56292202518559 -3.803078529660393);
BFJ5458;2021-06-16 16:00:00;Avenida Bezerra de Menezes;;;FARIAS BRITO;BFJ5458;Colisão;Não informado;Não informado;Não informado;Meio de quadra;Não informado;Longo da via;0;1;0;0;0;0;0;0;0;0;0;0;0;(-38.55156018498359 -3.733165336839626);
JTJ4047;2021-06-16 15:15:00;Rua Monsenhor Furtado;;;RODOLFO TEOFILO;JTJ4047;Colisão;Não informado;Não informado;Não informado;Cruz;Não informado;Longo da via;0;1;0;1;1;0;0;0;0;0;0;0;0;(-38.55462864406011 -3.752098818071535);
ZCW6145;2021-06-01 19:24:00;Rua Brumado;;;CONJUNTO ESPERANCA;ZCW6145;Colisão;Não informado;Não informado;Não informado;Meio de quadra;Não informado;Longo da via;0;1;0;0;2;0;0;0;0;0;0;0;0;(-38.5955381 -3.8108767);
SZS0230;2021-06-01 19:10:00;Avenida Carapinima;;;BENFICA;SZS0230;Colisão;Não informado;Não informado;Não informado;Não informado;Não informado;Longo da via;0;1;0;2;0;0;0;0;0;0;0;0;0;(-38.53789539427753 -3.737990354914675);
QQR4536;2021-06-01 18:10:00;Rua Emílio de Menezes;;;GRANJA PORTUGAL;QQR4536;Colisão;Não informado;Não informado;Não informado;Meio de quadra;Não informado;Longo da via;0;1;0;1;0;0;1;0;0;0;0;0;0;(-38.6057086111931 -3.7766147612184);
LZJ1232;2021-06-01 17:21:00;Avenida Godofredo Maciel;;;MARAPONGA;LZJ1232;Queda;Não informado;Não informado;Não informado;Meio de quadra;Não informado;Longo da via;0;1;0;1;0;0;0;0;0;0;0;0;0;(-38.57016400665005 -3.798464488105072);
NRS2488;2021-06-16 14:50:00;Rua Raimundo Arruda;AV BEZERRA DE MENEZES;;PARQUE ARAXA;NRS2488;Colisão;Não informado;Não informado;Não informado;Cruz;Não informado;Longo da via;0;2;0;0;0;0;0;0;0;0;0;0;0;(-38.55216220000001 -3.7332317);
YVP7231;2021-06-01 17:01:00;Avenida Antônio Sales;;;DIONISIO TORRES;YVP7231;Colisão;Não informado;Não informado;Não informado;Meio de quadra;Não informado;Longo da via;0;1;0;0;2;0;0;0;0;0;0;0;0;(-38.5078839 -3.7436336);
CKW3762;2021-08-24 17:25:00;CE 401 KM 02;;;SERRINHA;CKW3762;Colisão;Não informado;Não informado;Não informado;Não informado;Não informado;Longo da via;0;1;0;1;1;0;0;0;0;0;0;0;0;(-38.535424 -3.782194);
OWW4159;2021-08-24 11:15:00;CE 040 KM 04;;;PARQUE MANIBURA;OWW4159;Colisão;Não informado;Não informado;Não informado;Não informado;Não informado;Longo da via;0;0;0;1;1;0;0;0;0;0;0;0;0;(-38.48035291389635 -3.791629231435895);
XXH3833;2021-06-01 16:24:00;Rua Cônego de Castro;;;PARQUE SANTA ROSA;XXH3833;Atropelamento;Não informado;Não informado;Não informado;Meio de quadra;Não informado;Longo da via;0;1;0;1;0;0;0;0;0;0;0;0;0;(-38.6085231 -3.8302429);
IOP1830;2021-08-21 20:00:00;CE 402 KM 02;;;JOSE DE ALENCAR;IOP1830;Colisão;Não informado;Não informado;Não informado;Não informado;Não informado;Longo da via;0;0;0;0;2;0;0;0;0;0;0;0;0;(-38.480712 -3.811859);
ZGI6638;2021-06-16 14:25:00;Avenida Treze de Maio;AV DOS EXPEDICIONARIOS;;BENFICA;ZGI6638;Colisão;Não informado;Não informado;Não informado;Cruz;Não informado;Longo da via;0;1;0;1;1;0;0;0;0;0;0;0;0;(-38.534947 -3.7444587);
LCJ7791;2021-06-16 13:42:00;Rua Carlos Ribeiro;;;FATIMA;LCJ7791;Queda;Não informado;Não informado;Não informado;Meio de quadra;Não informado;Longo da via;0;1;0;1;0;0;0;0;0;0;0;0;0;(-38.52753296741879 -3.7466655878491);
SEZ3118;2021-08-21 10:50:00;CE 025 KM 03;;;JOSE DE ALENCAR;SEZ3118;Colisão;Não informado;Não informado;Não informado;Não informado;Não informado;Longo da via;0;0;0;1;1;0;0;0;0;0;0;0;0;(-38.45224656 -3.805889179);
DMM2807;2021-06-16 12:53:00;Avenida Frei Cirilo;;;MESSEJANA;DMM2807;Queda;Não informado;Não informado;Não informado;Meio de quadra;Não informado;Longo da via;0;1;0;1;0;0;0;0;0;0;0;0;0;(-38.4979833 -3.8161503);
FDT2449;2021-06-16 11:30:00;Rua Anselmo Nogueira;;;PARQUE SAO JOSE;FDT2449;Colisão;Não informado;Não informado;Não informado;Cruz;Não informado;Longo da via;0;1;0;1;1;0;0;0;0;0;0;0;0;(-38.5879987 -3.7903612);
CEU4999;2021-08-17 21:20:00;CE 401 KM 01;;;AEROPORTO;CEU4999;Colisão;Não informado;Não informado;Não informado;Não informado;Não informado;Longo da via;0;0;0;0;2;0;0;0;0;0;0;0;0;(-38.52685 -3.783753);
DZC8729;2021-06-01 10:17:00;Rua Ernesto Pedro dos Santos;;;JOQUEI CLUBE;DZC8729;Colisão;Não informado;Não informado;Não informado;Meio de quadra;Não informado;Longo da via;0;1;0;1;1;0;0;0;0;0;0;0;0;(-38.5746999 -3.7599121);
CXY8320;2021-06-01 09:51:00;QUARTO ANEL VIARIO;;;ANCURI;CXY8320;Colisão;Não informado;Não informado;Não informado;Meio de quadra;Não informado;Longo da via;0;1;0;1;1;0;0;0;0;0;0;0;0;(-38.50124732048031 -3.867312652493117);
AEN1795;2021-08-17 21:20:00;CE 401 KM 01;;;DIAS MACEDO;AEN1795;Colisão;Não informado;Não informado;Não informado;Não informado;Não informado;Longo da via;0;0;0;0;2;0;0;0;0;0;0;0;0;(-38.52685 -3.783753);
SAI8458;2021-06-16 10:25:00;Rua Medelim;;;BOM JARDIM;SAI8458;Queda;Não informado;Não informado;Não informado;Meio de quadra;Não informado;Longo da via;0;1;0;1;0;0;0;0;0;0;0;0;0;(-38.62582519475611 -3.791859396476283);
PWB2003;2021-06-16 08:23:00;AV PERIMETRAL ;;;PARQUE SAO JOSE;PWB2003;Colisão;Não informado;Não informado;Não informado;Cruz;Não informado;Longo da via;0;1;0;1;1;0;0;0;0;0;0;0;0;(-38.5879987 -3.7903612);
IQY8715;2021-08-17 19:30:00;CE 040 KM 03;;;ENGENHEIRO LUCIANO CAVALCANTE;IQY8715;Colisão;Não informado;Não informado;Não informado;Não informado;Não informado;Longo da via;0;0;0;0;2;0;0;0;0;0;0;0;0;(-38.4810839 -3.782614325);
GXI4138;2021-06-01 08:56:00;RUA SGT HERMINIO;;;MONTE CASTELO;GXI4138;Queda;Não informado;Não informado;Não informado;Meio de quadra;Não informado;Longo da via;0;1;0;1;0;0;0;0;0;0;0;0;0;(-38.54916083219139 -3.724599839100592);
IVV5271;2021-06-01 05:33:00;RUA SEN POMPEU;;;CENTRO;IVV5271;Atropelamento;Não informado;Não informado;Não informado;Não informado;Não informado;Longo da via;0;1;0;1;0;0;0;0;0;0;0;0;0;(-38.52604169744278 -3.723733154465381);
YLC9278;2021-08-17 19:30:00;CE 040 KM 03;;;ENGENHEIRO LUCIANO CAVALCANTE;YLC9278;Colisão;Não informado;Não informado;Não informado;Não informado;Não informado;Longo da via;0;0;0;0;2;0;0;0;0;0;0;0;0;(-38.4810839 -3.782614325);
DIW3042;2021-08-16 19:15:00;CE 402 KM 02;;;JOSE DE ALENCAR;DIW3042;Não informado;Não informado;Não informado;Não informado;Meio de quadra;Não informado;Longo da via;0;0;0;0;2;0;0;0;0;0;0;0;0;(-38.480712 -3.811859);
VDM7744;2021-08-16 15:50:00;CE 040 KM 06;;;CAMBEBA;VDM7744;Colisão;Não informado;Não informado;Não informado;Não informado;Não informado;Longo da via;0;0;0;0;2;0;0;0;0;0;0;0;0;(-38.47873348 -3.809596804);
MSJ7450;2021-08-13 21:20:00;CE 401 KM 02 ;;;AEROPORTO;MSJ7450;Colisão;Não informado;Não informado;Não informado;Não informado;Não informado;Longo da via;0;0;0;1;1;0;0;0;0;0;0;0;0;(-38.535424 -3.782194);
QDI4623;2021-08-13 21:20:00;CE 401 KM 02;;;SERRINHA;QDI4623;Colisão;Não informado;Não informado;Não informado;Não informado;Não informado;Longo da via;0;0;0;1;1;0;0;0;0;0;0;0;0;(-38.535424 -3.782194);
GRJ6315;2021-08-12 23:00:00;CE 040 KM 02;;;ENGENHEIRO LUCIANO CAVALCANTE;GRJ6315;Colisão;Não informado;Não informado;Não informado;Não informado;Não informado;Longo da via;0;0;0;2;0;0;0;0;0;0;0;0;0;(-38.4817994 -3.773616148);
RFN1031;2021-08-12 08:15:00;CE 010 KM 01;;;SABIAGUABA;RFN1031;Tombamento;Não informado;Não informado;Não informado;Não informado;Não informado;Longo da via;0;0;0;0;1;0;0;0;0;0;0;0;0;(-38.440524 -3.785563);
PRE2207;2021-08-10 10:43:00;CE 040 KM 10;;;COACU;PRE2207;Colisão;Não informado;Não informado;Não informado;Não informado;Não informado;Longo da via;0;0;0;0;2;0;0;0;0;0;0;0;0;(-38.48088284 -3.84257666);
QDP7693;2021-08-10 10:43:00;CE 040 KM 10;;;COACU;QDP7693;Colisão;Não informado;Não informado;Não informado;Não informado;Não informado;Longo da via;0;0;0;0;2;0;0;0;0;0;0;0;0;(-38.48088284 -3.84257666);
XMJ9430;2021-06-30 15:40:00;Avenida Washington Soares;;;GUARARAPES;XMJ9430;Colisão;Não informado;Não informado;Não informado;Não informado;Não informado;Longo da via;0;1;1;1;0;0;0;0;0;1;0;0;0;(-38.48257914644038 -3.764565595002883);
ISD7656;2021-07-25 08:40:00;CE 401, KM 03;; KM 03 ;AEROPORTO;ISD7656;Capotamento;Não informado;Não informado;Não informado;Não informado;Não informado;Longo da via;0;0;0;0;1;0;0;0;0;0;0;0;0;(-38.54401782543179 -3.779590895593425);
BSD3169;2021-07-23 19:00:00;CE 401, KM 02;; KM 02 ;AEROPORTO;BSD3169;Colisão;Não informado;Não informado;Não informado;Não informado;Não informado;Longo da via;0;0;0;0;2;0;0;0;0;0;0;0;0;(-38.535424 -3.782194);
DNV9929;2021-07-23 11:00:00;CE 040, KM 09;; KM 09 ;GUAJERU;DNV9929;Colisão;Não informado;Não informado;Não informado;Não informado;Não informado;Longo da via;0;0;0;0;2;0;0;0;0;0;0;0;0;(-38.48246582 -3.834450897);
UDN6287;2021-06-28 15:00:00;CE 401 KM 03;;;AEROPORTO;UDN6287;Colisão;Não informado;Não informado;Não informado;Não informado;Não informado;Longo da via;0;1;1;1;1;0;0;0;0;0;0;0;0;(-38.54405001193997 -3.779590895593425);
KGN5482;2021-08-09 17:00:00;CE 401 KM 04;;;ITAOCA;KGN5482;Colisão;Não informado;Não informado;Não informado;Não informado;Não informado;Longo da via;0;0;0;0;2;0;0;0;0;0;0;0;0;(-38.550907 -3.77402);
JAO5633;2021-07-21 15:20:00;CE 040, KM 02;; KM 02 ;ENGENHEIRO LUCIANO CAVALCANTE;JAO5633;Engavetamento;Não informado;Não informado;Não informado;Não informado;Não informado;Longo da via;0;0;0;0;3;0;0;0;0;0;0;0;0;(-38.48114681844245 -3.782502786968209);
UWM2618;2021-07-21 14:00:00;CE 401, KM 0,2;; KM 0;AEROPORTO;UWM2618;Colisão;Não informado;Não informado;Não informado;Não informado;Não informado;Longo da via;0;0;0;1;1;0;0;0;0;0;0;0;0;(-38.52702872221085 -3.783428809197217);
QID3758;2021-07-20 19:40:00;CE 040 , KM 07;; KM 07 ;JOSE DE ALENCAR;QID3758;Colisão;Não informado;Não informado;Não informado;Não informado;Não informado;Longo da via;0;0;0;0;1;0;1;0;0;0;0;0;0;(-38.48308876873358 -3.817107509620673);
TAN7625;2021-01-20 18:30:00;CE 401, KM 05;; KM 05 ;MONTESE;TAN7625;Colisão;Não informado;Não informado;Não informado;Não informado;Não informado;Longo da via;0;0;0;0;2;0;0;0;0;0;0;0;0;(-38.550907 -3.77402);
PJT4728;2021-06-26 11:30:00;CE 040 KM 11;;;COACU;PJT4728;Colisão;Não informado;Não informado;Não informado;Não informado;Não informado;Longo da via;0;1;1;1;1;0;0;0;0;0;0;0;0;(-38.47570194657487 -3.849955281294454);
ZQD0447;2021-07-20 14:30:00;CE 401 , KM 01;; KM 01 ;DIAS MACEDO;ZQD0447;Colisão;Não informado;Não informado;Não informado;Não informado;Não informado;Longo da via;0;0;0;0;2;0;0;0;0;0;0;0;0;(-38.52685 -3.783753);
CJB1628;2021-06-26 08:00:00;CE 040 KM 12;;;SAO BENTO;CJB1628;Colisão;Não informado;Não informado;Não informado;Não informado;Não informado;Longo da via;0;0;1;0;2;0;0;0;0;0;0;0;0;(-38.47204254 -3.857690949);
XPM0246;2021-08-09 18:00:00;CE 040 KM 10;;;COACU;XPM0246;Colisão;Não informado;Não informado;Não informado;Não informado;Não informado;Longo da via;0;0;0;0;1;0;0;0;0;0;1;0;0;(-38.48088284 -3.84257666);
HCC5089;2021-07-18 15:50:00;CE 040 , KM 01;; KM 01 ;GUARARAPES;HCC5089;Engavetamento;Não informado;Não informado;Não informado;Não informado;Não informado;Longo da via;0;0;0;0;3;0;0;0;0;0;0;0;0;(-38.48258304 -3.764650449);
UBC2190;2021-06-18 12:20:00;Avenida Washington Soares;;;COACU;UBC2190;Colisão;Não informado;Não informado;Não informado;Não informado;Não informado;Longo da via;0;0;2;0;2;0;0;0;0;0;0;0;0;(-38.48010611594936 -3.84246201129072);
HNY2938;2021-06-17 10:40:00;CE 402 KM 01;;;CAMBEBA;HNY2938;Colisão;Não informado;Não informado;Não informado;Rotatória;Não informado;Longo da via;0;0;2;0;1;0;0;1;0;0;0;0;0;(-38.489817 -3.808107);
FFJ4456;2021-08-07 16:20:00;CE 040 KM 05;;;CAMBEBA;FFJ4456;Colisão;Não informado;Não informado;Não informado;Não informado;Não informado;Longo da via;0;0;0;0;2;0;0;0;0;0;0;0;0;(-38.47953463 -3.800595823);
MZJ4451;2021-06-15 10:30:00;Avenida Senador Carlos Jereissati;;;DIAS MACEDO;MZJ4451;Colisão;Não informado;Não informado;Não informado;Não informado;Não informado;Longo da via;0;0;2;0;2;0;0;0;0;0;0;0;0;(-38.52686241797999 -3.784097899787251);
YVM4869;2021-08-07 12:10:00;CE 040 KM 09;;;GUAJERU;YVM4869;Engavetamento;Não informado;Não informado;Não informado;Não informado;Não informado;Longo da via;0;0;0;0;5;0;0;0;0;0;0;0;0;(-38.48246582 -3.834450897);
LSF1939;2021-06-14 12:30:00;Avenida Maestro Lisboa;;;JOSE DE ALENCAR;LSF1939;Queda;Não informado;Não informado;Não informado;Não informado;Não informado;Longo da via;0;1;1;1;0;0;0;0;0;0;0;0;0;(-38.46865147335095 -3.8080972931947);
RDU5442;2021-07-16 13:20:00;CE 403, KM 0,1;; KM 0;GUARARAPES;RDU5442;Colisão;Não informado;Não informado;Não informado;Não informado;Não informado;Longo da via;0;0;0;0;2;0;0;0;0;0;0;0;0;(-38.48565832262406 -3.758463332573987);
GSC8847;2021-08-07 11:20:00;CE 040 KM 09;;;GUAJERU;GSC8847;Colisão;Não informado;Não informado;Não informado;Não informado;Não informado;Longo da via;0;0;0;0;1;0;0;0;0;0;1;0;0;(-38.48246582 -3.834450897);
ADZ9564;2021-07-14 22:00:00;CE 040, KM 02;; KM 02 ;ENGENHEIRO LUCIANO CAVALCANTE;ADZ9564;Colisão;Não informado;Não informado;Não informado;Não informado;Não informado;Longo da via;0;1;0;0;1;0;0;0;0;1;0;0;0;(-38.4817994 -3.773616148);
PIE8535;2021-06-14 10:10:00;CE 010 KM 04;;;SABIAGUABA;PIE8535;Choque;Não informado;Não informado;Não informado;Não informado;Não informado;Longo da via;0;0;1;0;1;0;0;0;0;0;0;0;0;(-38.428704 -3.807032);
CGP9899;2021-06-13 20:05:00;CE 040 KM 12;;;COACU;CGP9899;Colisão;Não informado;Não informado;Não informado;Não informado;Não informado;Longo da via;0;0;2;0;1;0;0;1;0;0;0;0;0;(-38.47204254 -3.857690949);
QII3997;2021-06-13 12:40:00;ce 040 km 03;;;ENGENHEIRO LUCIANO CAVALCANTE;QII3997;Colisão;Não informado;Não informado;Não informado;Não informado;Não informado;Longo da via;0;0;2;0;2;0;0;0;0;0;0;0;0;(-38.4810839 -3.782614325);
WYW7125;2021-06-13 00:25:00;CE 403 KM 02;;;GUARARAPES;WYW7125;Colisão;Não informado;Não informado;Não informado;Não informado;Não informado;Longo da via;0;1;1;0;1;0;0;1;0;0;0;0;0;(-38.485653 -3.75854);
DTQ8775;2021-06-09 11:30:00;CE 040 KM 06;;;JOSE DE ALENCAR;DTQ8775;Colisão;Não informado;Não informado;Não informado;Não informado;Não informado;Longo da via;0;0;3;0;3;0;0;0;0;0;0;0;0;(-38.47873348 -3.809596804);
QFW4417;2021-06-09 17:30:00;CE 040 KM 03;;;ENGENHEIRO LUCIANO CAVALCANTE;QFW4417;Colisão;Não informado;Não informado;Não informado;Não informado;Não informado;Longo da via;0;0;3;0;3;0;0;0;0;0;0;0;0;(-38.4810839 -3.782614325);
PQL8441;2021-06-09 16:15:00;CE 401 KM 03;;;AEROPORTO;PQL8441;Colisão;Não informado;Não informado;Não informado;Não informado;Não informado;Longo da via;0;0;2;0;1;0;1;0;0;0;0;0;0;(-38.544038 -3.779641);
HHY6360;2021-07-14 21:50:00;CE 401,KM 03;;KM 03 ;SERRINHA;HHY6360;Colisão;Não informado;Não informado;Não informado;Não informado;Não informado;Longo da via;0;0;0;0;2;0;0;0;0;0;0;0;0;(-38.54401246077916 -3.779585542842933);
TEL5899;2021-06-08 11:00:00;CE 402 KM 02;;;CAMBEBA;TEL5899;Colisão;Não informado;Não informado;Não informado;Não informado;Não informado;Longo da via;0;0;2;0;0;0;1;0;0;0;1;0;0;(-38.480712 -3.811859);
ALY5602;2021-07-14 11:15:00;CE 401, KM 03;; KM 03 ;SERRINHA;ALY5602;Colisão;Não informado;Não informado;Não informado;Não informado;Não informado;Longo da via;0;0;0;1;1;0;0;0;0;0;0;0;0;(-38.54401782543179 -3.779590895593425);
WUK4393;2021-07-13 21:40:00;CE 040,KM 03;;KM 03 ;ENGENHEIRO LUCIANO CAVALCANTE;WUK4393;Colisão;Não informado;Não informado;Não informado;Não informado;Não informado;Longo da via;0;0;0;0;0;0;1;1;0;0;0;0;0;(-38.4810839 -3.782614325);
WDW3776;2021-06-08 10:20:00;CE 010 KM 01;;;SABIAGUABA;WDW3776;Colisão;Não informado;Não informado;Não informado;Não informado;Não informado;Longo da via;0;0;2;1;1;0;0;0;0;0;0;0;0;(-38.440524 -3.785563);