COD_ACIDENTE;DATA;LOG1;LOG2;NUMERO;BAIRRO;AMC;NATUREZA;ILUMINACAO;TEMPO;SUPERFICIEPISTA;TIPOCRUZAMENTO;CONTROLETRAFEGO;USOSOLO;MORTOS;FERIDOS;ILESOS;MOTOCICLETA;AUTOMOVEL;MICROONIBUS;CAMINHAO;ONIBUS;CICLOMOTOR;BICICLETA;OUTROS;TREM;TRACAOANIMAL;COORDENADAS
EPH0810;2021-07-08 21:40:00;CE 040, KM 06;; KM 06 ;JOSE DE ALENCAR;EPH0810;Engavetamento;Não informado;Não informado;Não informado;Não informado;Não informado;Longo da via;0;0;0;0;4;0;0;0;0;0;0;0;0;(-38.47873348 -3.809596804);
FJT6069;2021-06-08 09:20:00;CE-501;;;AEROPORTO;FJT6069;Colisão;Não informado;Não informado;Não informado;Não informado;Não informado;Longo da via;0;0;2;0;2;0;0;0;0;0;0;0;0;(-38.52735595851345 -3.78357333280842);
OIC7525;2021-05-22 03:10:00;CE 025 KM 08 ;;;SABIAGUABA;OIC7525;Choque;Não informado;Não informado;Não informado;Não informado;Não informado;Longo da via;0;0;0;0;0;0;0;0;0;0;1;0;0;(-38.41861484 -3.824679648);
CCR1908;2021-05-22 16:00:00;Ce 060 km 02;;;PLANALTO AYRTON SENNA;CCR1908;Colisão;Não informado;Não informado;Não informado;Não informado;Não informado;Longo da via;0;0;0;0;1;0;1;0;0;0;0;0;0;(-38.582111 -3.834064);
DAK6432;2021-06-07 11:30:00;CE 401 KM 02;;;AEROPORTO;DAK6432;Colisão;Não informado;Não informado;Não informado;Não informado;Não informado;Longo da via;0;0;2;0;2;0;0;0;0;0;0;0;0;(-38.535424 -3.782194);
TAT3606;2021-07-07 19:50:00;CE 040, KM 02;; KM 02 ;ENGENHEIRO LUCIANO CAVALCANTE;TAT3606;Colisão;Não informado;Não informado;Não informado;Não informado;Não informado;Longo da via;0;0;0;0;2;0;0;0;0;0;0;0;0;(-38.4817994 -3.773616148);
TMW2839;2021-05-22 14:40:00;ce 060 km 04;;;PARQUE MANIBURA;TMW2839;Colisão;Não informado;Não informado;Não informado;Não informado;Não informado;Longo da via;0;0;0;0;2;0;0;0;0;0;0;0;0;(-38.48033084 -3.791613156);
GZW0315;2021-06-02 13:50:00;CE 401 KM 01;;;AEROPORTO;GZW0315;Colisão;Não informado;Não informado;Não informado;Não informado;Não informado;Longo da via;0;0;2;0;2;0;0;0;0;0;0;0;0;(-38.52685 -3.783753);
REY5275;2021-07-07 21:00:00;CE 402, KM 01;; KM 01 ;CAMBEBA;REY5275;Colisão;Não informado;Não informado;Não informado;Não informado;Não informado;Longo da via;0;0;0;1;1;0;0;0;0;0;0;0;0;(-38.489817 -3.808107);
JTE6186;2021-05-22 10:00:00;040 km 07;;;CURIO;JTE6186;Choque;Não informado;Não informado;Não informado;Não informado;Não informado;Longo da via;0;0;0;1;0;0;0;0;0;0;0;0;0;(-38.48303286 -3.817159445);
LEG7791;2021-07-03 02:30:00;CE 401, KM 04;; KM 04 ;MONTESE;LEG7791;Colisão;Não informado;Não informado;Não informado;Não informado;Não informado;Longo da via;0;0;0;0;2;0;0;0;0;0;0;0;0;(-38.550907 -3.77402);
AQB4239;2021-06-02 10:00:00;CE 040 KM 09;;;GUAJERU;AQB4239;Choque;Não informado;Não informado;Não informado;Não informado;Não informado;Longo da via;0;0;1;0;1;0;0;0;0;0;0;0;0;(-38.48246582 -3.834450897);
SSE3208;2021-07-02 11:30:00;CE 401, KM 03;; KM 03 ;SERRINHA;SSE3208;Colisão;Não informado;Não informado;Não informado;Não informado;Não informado;Longo da via;0;0;0;1;0;0;0;0;0;0;0;0;0;(-38.54405537800005 -3.779687245096829);
VIX5182;2021-06-03 11:30:00;CE 040 KM 10;;;COACU;VIX5182;Colisão;Não informado;Não informado;Não informado;Não informado;Não informado;Longo da via;0;0;2;0;2;0;0;0;0;0;0;0;0;(-38.48088284 -3.84257666);
EFQ6805;2021-05-25 16:30:00;ce 040 km 10;;;COACU;EFQ6805;Choque;Não informado;Não informado;Não informado;Não informado;Não informado;Longo da via;0;3;0;0;1;0;0;0;0;0;0;0;0;(-38.48088284 -3.84257666);
WTN2337;2021-05-21 20:20:00;CE 040, KM 09;; KM 09 ;GUAJERU;WTN2337;Colisão;Não informado;Não informado;Não informado;Não informado;Não informado;Longo da via;0;0;0;2;0;0;0;0;0;0;0;0;0;(-38.48246582 -3.834450897);
DGC3245;2021-05-21 15:20:00;CE 040, KM 02;; KM 02 ;ENGENHEIRO LUCIANO CAVALCANTE;DGC3245;Colisão;Não informado;Não informado;Não informado;Não informado;Não informado;Longo da via;0;0;0;0;2;0;0;0;0;0;0;0;0;(-38.4817994 -3.773616148);
KQD6681;2021-05-20 18:15:00;CE 401,KM 03;;KM 03 ;SERRINHA;KQD6681;Colisão;Não informado;Não informado;Não informado;Não informado;Não informado;Longo da via;0;0;0;0;2;0;0;0;0;0;0;0;0;(-38.544038 -3.779641);
BJA5304;2021-05-20 10:20:00;CE 060, KM 02;; KM 02 ;PLANALTO AYRTON SENNA;BJA5304;Colisão;Não informado;Não informado;Não informado;Não informado;Não informado;Longo da via;0;0;0;1;1;0;0;0;0;0;0;0;0;(-38.5820354534285 -3.834117642455441);
IKM6435;2021-05-19 21:30:00;CE 060, KM 03;; KM 03 ;PLANALTO AYRTON SENNA;IKM6435;Atropelamento;Não informado;Não informado;Não informado;Não informado;Não informado;Longo da via;0;0;1;1;0;0;0;0;0;0;0;0;0;(-38.58265770269669 -3.835985632040912);
PRS5541;2021-05-19 14:10:00;CE 040, KM 01;; KM 01 ;GUARARAPES;PRS5541;Colisão;Não informado;Não informado;Não informado;Não informado;Não informado;Longo da via;0;0;0;0;2;0;0;0;0;0;0;0;0;(-38.48258304 -3.764650449);
YJV5945;2021-05-17 20:30:00;CE 401, KM 04;; KM 04 ;MONTESE;YJV5945;Colisão;Não informado;Não informado;Não informado;Não informado;Não informado;Longo da via;0;0;0;0;1;0;0;1;0;0;0;0;0;(-38.550907 -3.77402);
MNA0270;2021-05-17 11:24:00;CE-010,KM 04;;KM 04 ;SABIAGUABA;MNA0270;Colisão;Não informado;Não informado;Não informado;Não informado;Não informado;Longo da via;0;1;0;1;1;0;0;0;0;0;0;0;0;(-38.42878476478349 -3.806996544034002);
VZE3707;2021-05-15 13:00:00;CE040,KM 05;;KM 05 ;SAPIRANGA / COITE;VZE3707;Colisão;Não informado;Não informado;Não informado;Não informado;Não informado;Longo da via;0;0;0;1;1;0;0;0;0;0;0;0;0;(-38.47953463 -3.800595823);
UHF1621;2021-05-15 14:05:00;CE 040, KM 08;; KM 08 ;CURIO;UHF1621;Colisão;Não informado;Não informado;Não informado;Não informado;Não informado;Longo da via;0;0;0;0;2;0;0;0;0;0;0;0;0;(-38.48151162607957 -3.825521626344054);
PSM5205;2021-05-14 16:40:00;CE 040, KM 03;; KM 03 ;JARDIM DAS OLIVEIRAS;PSM5205;Colisão;Não informado;Não informado;Não informado;Não informado;Não informado;Longo da via;0;0;0;0;2;0;0;0;0;0;0;0;0;(-38.4810839 -3.782614325);
HWG1144;2021-05-14 13:45:00;CE 040, KM 08;; KM 08 ;CURIO;HWG1144;Engavetamento;Não informado;Não informado;Não informado;Não informado;Não informado;Longo da via;0;0;0;0;3;0;0;0;0;0;0;0;0;(-38.48151162607957 -3.825553741135208);
HUS2884;2021-05-29 23:30:00;Avenida Washington Soares;;;COACU;HUS2884;Colisão;Não informado;Não informado;Não informado;Não informado;Não informado;Longo da via;0;1;0;1;0;0;0;0;0;0;0;0;0;(-38.47612575413092 -3.849147165401783);
SAU9925;2021-05-14 11:00:00;CE 040 ,KM 04;;KM 04 ;PARQUE MANIBURA;SAU9925;Colisão;Não informado;Não informado;Não informado;Não informado;Não informado;Longo da via;0;0;0;1;1;0;0;0;0;0;0;0;0;(-38.48034218459112 -3.791602384419566);
KNK2822;2021-05-29 09:15:00;CE 040 KM 06;;;JOSE DE ALENCAR;KNK2822;Colisão;Não informado;Não informado;Não informado;Não informado;Não informado;Longo da via;0;1;0;0;1;0;0;0;0;1;0;0;0;(-38.47873348 -3.809596804);
OXM9068;2021-04-30 22:15:00;CE 401 KM 03;;;AEROPORTO;OXM9068;Engavetamento;Não informado;Não informado;Não informado;Não informado;Não informado;Longo da via;0;0;4;0;4;0;0;0;0;0;0;0;0;(-38.544038 -3.779641);
IOF9616;2021-05-13 10:50:00;CE 040, KM 06;; KM 06 ;JOSE DE ALENCAR;IOF9616;Colisão;Não informado;Não informado;Não informado;Não informado;Não informado;Longo da via;1;0;1;1;0;0;0;1;0;0;0;0;0;(-38.47873348 -3.809596804);
VKI2905;2021-05-12 11:15:00;CE 040, KM 03;; KM 03 ;;VKI2905;Engavetamento;Não informado;Não informado;Não informado;Não informado;Não informado;Longo da via;0;0;0;0;3;0;0;0;0;0;0;0;0;(-38.4810839 -3.782614325);
FPK9999;2021-04-30 20:56:00;CE 040 KM 03;;;ENGENHEIRO LUCIANO CAVALCANTE;FPK9999;Engavetamento;Não informado;Não informado;Não informado;Não informado;Não informado;Longo da via;0;0;3;0;3;0;0;0;0;0;0;0;0;(-38.4810839 -3.782614325);
QLB7480;2021-04-28 17:10:00;CE 401 KM 01;;;AEROPORTO;QLB7480;Choque;Não informado;Não informado;Não informado;Não informado;Não informado;Longo da via;0;0;1;0;1;0;0;0;0;0;0;0;0;(-38.52685 -3.783753);
GKQ8029;2021-04-25 18:30:00;CE 010 KM 03;;;SABIAGUABA;GKQ8029;Colisão;Não informado;Não informado;Não informado;Não informado;Não informado;Longo da via;0;1;1;1;1;0;0;0;0;0;0;0;0;(-38.431884 -3.79845);
MUB0420;2021-04-24 09:30:00;CE 060 KM 01;;;MONDUBIM;MUB0420;Colisão;Não informado;Não informado;Não informado;Não informado;Não informado;Longo da via;0;1;0;0;1;0;0;0;0;0;0;0;0;(-38.5795 -3.826136);
SDJ6618;2021-05-11 20:20:00;CE 040,KM 09;;KM 09 ;;SDJ6618;Colisão;Não informado;Não informado;Não informado;Não informado;Não informado;Longo da via;1;0;0;0;1;0;0;0;0;1;0;0;0;(-38.48246582 -3.834450897);
LSD6792;2021-05-10 19:10:00;CE 401, KM 01;; KM 01 ;;LSD6792;Colisão;Não informado;Não informado;Não informado;Não informado;Não informado;Longo da via;0;0;0;1;1;0;0;0;0;0;0;0;0;(-38.52632601957404 -3.784044372559061);
KED0061;2021-05-09 09:30:00;CE 040 ,KM 05;;KM 05 ;;KED0061;Choque;Não informado;Não informado;Não informado;Não informado;Não informado;Longo da via;0;0;0;0;1;0;0;0;0;0;0;0;0;(-38.47949996908383 -3.800616244174425);
GFI5482;2021-05-08 20:15:00;CE 040, KM 13;; KM 13 ;;GFI5482;Colisão;Não informado;Não informado;Não informado;Não informado;Não informado;Longo da via;0;0;0;1;2;0;0;0;0;0;0;0;0;(-38.46893682 -3.866093254);
RDX5092;2021-05-08 16:30:00;CE 040 ,KM 06;;KM 06 ;;RDX5092;Colisão;Não informado;Não informado;Não informado;Não informado;Não informado;Longo da via;0;0;0;0;1;1;0;0;0;0;0;0;0;(-38.47873348 -3.809596804);
HPV8134;2021-05-08 13:30:00;CE 040, KM 02;; KM 02 ;;HPV8134;Colisão;Não informado;Não informado;Não informado;Não informado;Não informado;Longo da via;0;0;0;0;2;0;0;0;0;0;0;0;0;(-38.4817994 -3.773616148);
RKM7735;2021-05-07 18:20:00;CE 040, KM 10;; KM 10 ;;RKM7735;Colisão;Não informado;Não informado;Não informado;Não informado;Não informado;Longo da via;0;0;0;1;1;0;0;0;0;0;0;0;0;(-38.48088284 -3.84257666);
CJJ4574;2021-04-21 12:50:00;CE 040 KM 06;;;JOSE DE ALENCAR;CJJ4574;Colisão;Não informado;Não informado;Não informado;Não informado;Não informado;Longo da via;0;0;2;0;2;0;0;0;0;0;0;0;0;(-38.47873348 -3.809596804);
SLG5391;2021-05-07 18:30:00;CE 403 ,KM 01;;KM 01 ;EDSON QUEIROZ;SLG5391;Colisão;Não informado;Não informado;Não informado;Não informado;Não informado;Longo da via;0;2;0;2;0;0;0;0;0;0;0;0;0;(-38.485653 -3.75854);
OKF2655;2021-01-20 19:20:00;CE 040 KM 12;;;SAO BENTO;OKF2655;Colisão;Não informado;Não informado;Não informado;Não informado;Não informado;Longo da via;0;3;0;1;1;0;0;0;0;0;0;0;0;(-38.47204254 -3.857690949);
XWQ0347;2021-04-18 04:45:00;CE 040 KM 07;;;CURIO;XWQ0347;Choque;Não informado;Não informado;Não informado;Não informado;Não informado;Longo da via;0;0;1;0;1;0;0;0;0;0;0;0;0;(-38.48303286 -3.817159445);
XQM5701;2021-04-16 17:40:00;CE 401 KM 03;;;AEROPORTO;XQM5701;Engavetamento;Não informado;Não informado;Não informado;Não informado;Não informado;Longo da via;0;0;4;0;4;0;0;0;0;0;0;0;0;(-38.544038 -3.779641);
EQF3103;2021-05-07 14:00:00;CE 040, KM 08;; KM 08 ;;EQF3103;Colisão;Não informado;Não informado;Não informado;Não informado;Não informado;Longo da via;0;1;0;1;1;0;0;0;0;0;0;0;0;(-38.48150626142696 -3.825532331274561);
PTY0645;2021-05-07 11:20:00;CE 040 ,KM 07;;KM 07 ;;PTY0645;Engavetamento;Não informado;Não informado;Não informado;Não informado;Não informado;Longo da via;0;0;0;0;2;1;0;0;0;0;0;0;0;(-38.48308340408098 -3.81708609954922);
QSB1643;2021-04-16 10:00:00;CE 040 KM 07;;;JOSE DE ALENCAR;QSB1643;Colisão;Não informado;Não informado;Não informado;Não informado;Não informado;Longo da via;0;0;2;0;1;0;0;0;0;1;0;0;0;(-38.48303286 -3.817159445);
WOW1397;2021-05-07 12:50:00;CE 040, KM 07;; KM 07 ;;WOW1397;Colisão;Não informado;Não informado;Não informado;Não informado;Não informado;Longo da via;0;1;0;1;1;0;1;0;0;0;0;0;0;(-38.48307803942836 -3.817091452067125);
KBS5345;2021-04-16 04:50:00;CE 010 KM 1;;;SABIAGUABA;KBS5345;Capotamento;Não informado;Não informado;Não informado;Não informado;Não informado;Longo da via;0;0;1;0;1;0;0;0;0;0;0;0;0;(-38.440524 -3.785563);
JFU2521;2021-04-15 17:30:00;CE 040 KM 8;;;CURIO;JFU2521;Colisão;Não informado;Não informado;Não informado;Não informado;Não informado;Longo da via;0;0;2;0;2;0;0;0;0;0;0;0;0;(-38.48153832 -3.825515822);
TLQ6182;2021-05-06 20:00:00;CE 040, KM 06;; KM 06 ;;TLQ6182;Colisão;Não informado;Não informado;Não informado;Não informado;Não informado;Longo da via;0;0;0;0;1;0;0;1;0;0;0;0;0;(-38.47873348 -3.809596804);
EGB3063;2021-04-14 01:30:00;CE 402 KM 02;;;CAMBEBA;EGB3063;Colisão;Não informado;Não informado;Não informado;Não informado;Não informado;Longo da via;0;1;1;1;1;0;0;0;0;0;0;0;0;(-38.480712 -3.811859);
KSM5632;2021-05-06 11:50:00;CE 403, KM 01;; KM 01 ;;KSM5632;Colisão;Não informado;Não informado;Não informado;Não informado;Não informado;Longo da via;0;0;0;1;1;0;0;0;0;0;0;0;0;(-38.4856851383806 -3.758441921051666);
TTI0857;2021-04-12 17:30:00;Avenida Washington Soares;;;COCO;TTI0857;Colisão;Não informado;Não informado;Não informado;Não informado;Não informado;Longo da via;0;0;2;0;2;0;0;0;0;0;0;0;0;(-38.4899107074696 -3.752314774892669);
WNB4428;2021-05-05 23:00:00;CE 040 ,KM 09;;KM 09 ;;WNB4428;Colisão;Não informado;Não informado;Não informado;Não informado;Não informado;Longo da via;0;0;0;0;1;0;1;0;0;0;0;0;0;(-38.48246582 -3.834450897);
SKO0442;2021-05-05 16:50:00;CE 401 ,KM 01;;KM 01 ;;SKO0442;Colisão;Não informado;Não informado;Não informado;Não informado;Não informado;Longo da via;0;1;0;1;1;0;0;0;0;0;0;0;0;(-38.52641178809922 -3.784071136173575);
CDR5707;2021-04-12 20:30:00;CE 040 KM 07;;;JOSE DE ALENCAR;CDR5707;Atropelamento;Não informado;Não informado;Não informado;Não informado;Não informado;Longo da via;0;1;1;0;1;0;0;0;0;0;0;0;0;(-38.48303286 -3.817159445);
JLM4531;2021-05-05 13:00:00;CE 040,KM 06;;KM 06 ;;JLM4531;Colisão;Não informado;Não informado;Não informado;Não informado;Não informado;Longo da via;0;0;0;0;1;0;1;0;0;0;0;0;0;(-38.47873348 -3.809596804);
KVL4857;2021-04-13 01:00:00;CE 402 KM 02;;;CAMBEBA;KVL4857;Colisão;Não informado;Não informado;Não informado;Não informado;Não informado;Longo da via;0;0;1;0;1;0;0;0;0;0;0;0;0;(-38.480712 -3.811859);
DMR3656;2021-04-09 13:20:00;Avenida Washington Soares;;;GUARARAPES;DMR3656;Outros;Não informado;Não informado;Não informado;Não informado;Não informado;Longo da via;0;0;2;0;2;0;0;0;0;0;0;0;0;(-38.485653752 -3.75854);
ZZD7642;2021-04-08 19:40:00;CE 040 KM 11;;;COACU;ZZD7642;Colisão;Não informado;Não informado;Não informado;Não informado;Não informado;Longo da via;0;0;2;0;2;0;0;0;0;0;0;0;0;(-38.47608283691005 -3.849580619359472);
UBA5074;2021-05-04 16:40:00;CE 025 ,KM 04;;KM 04 ;;UBA5074;Colisão;Não informado;Não informado;Não informado;Não informado;Não informado;Longo da via;1;1;0;1;2;0;0;0;0;0;0;0;0;(-38.44332769924729 -3.80516595947766);
XTE0695;2021-04-08 12:10:00;CE 402;;;PARQUE IRACEMA;XTE0695;Engavetamento;Não informado;Não informado;Não informado;Não informado;Não informado;Longo da via;0;0;3;0;3;0;0;0;0;0;0;0;0;(-38.498892 -3.812602);
YUS7571;2021-05-03 15:30:00;CE 040 , KM 07;; KM 07 ;;YUS7571;Colisão;Não informado;Não informado;Não informado;Não informado;Não informado;Longo da via;0;1;0;1;1;0;0;0;0;0;0;0;0;(-38.48303286 -3.817159445);
FJU1439;2021-05-03 13:50:00; CE 401,KM 02;;KM 02 ;;FJU1439;Colisão;Não informado;Não informado;Não informado;Não informado;Não informado;Longo da via;0;0;0;0;2;0;0;0;0;0;0;0;0;(-38.535424 -3.782194);
OOY1441;2021-04-07 18:50:00;CE 403,KM 01;;KM 01 ;GUARARAPES;OOY1441;Colisão;Não informado;Não informado;Não informado;Não informado;Não informado;Longo da via;0;0;2;0;2;0;0;0;0;0;0;0;0;(-38.485653 -3.75854);
HMX0398;2021-04-05 10:30:00;CE 401 KM 04;;;MONTESE;HMX0398;Colisão;Não informado;Não informado;Não informado;Não informado;Não informado;Longo da via;0;1;1;2;0;0;0;0;0;0;0;0;0;(-38.550907 -3.77402);
RUR0545;2021-04-04 23:20:00;CE 404,KM 0,6;;KM 0;COCO;RUR0545;Colisão;Não informado;Não informado;Não informado;Não informado;Não informado;Longo da via;0;1;1;1;0;0;0;0;0;1;0;0;0;(-38.490865 -3.752823);
VCG3424;2021-04-03 20:00:00;CE 040,KM 9;;KM 9 ;GUAJERU;VCG3424;Colisão;Não informado;Não informado;Não informado;Não informado;Não informado;Longo da via;0;1;1;1;1;0;0;0;0;0;0;0;0;(-38.48246582 -3.834450897);
JMQ2050;2021-05-02 18:50:00;CE 040, KM 05;; KM 05 ;;JMQ2050;Colisão;Não informado;Não informado;Não informado;Não informado;Não informado;Longo da via;0;0;0;0;2;0;0;0;0;0;0;0;0;(-38.47951069838903 -3.800616244174425);
RPF9679;2021-04-01 15:25:00;CE 040;;;COACU;RPF9679;Colisão;Não informado;Não informado;Não informado;Não informado;Não informado;Longo da via;0;0;2;0;2;0;0;0;0;0;0;0;0;(-38.47056655787872 -3.860758102160138);
BMC5638;2021-05-02 02:00:00;CE 040, KM 10;; KM 10 ;;BMC5638;Choque c/ Obstáculo Fixo;Não informado;Não informado;Não informado;Não informado;Não informado;Longo da via;0;0;0;0;1;0;0;0;0;0;0;0;0;(-38.48088284 -3.84257666);
GPK0135;2021-05-02 02:00:00;CE 040, KM 03;; KM 03 ;;GPK0135;Colisão;Não informado;Não informado;Não informado;Não informado;Não informado;Longo da via;0;1;0;1;1;0;0;0;0;0;0;0;0;(-38.4810839 -3.782614325);
NWY5243;2021-04-01 09:40:00;CE 040;;;COCO;NWY5243;Colisão;Não informado;Não informado;Não informado;Não informado;Não informado;Longo da via;0;0;2;0;2;0;0;0;0;0;0;0;0;(-38.49074735 -3.752392518);
NZG1266;2021-05-01 07:50:00;CE 025, KM 02;; KM 02 ;;NZG1266;Colisão;Não informado;Não informado;Não informado;Não informado;Não informado;Longo da via;0;0;0;0;2;0;0;0;0;0;0;0;0;(-38.46108452 -3.807634505);
CRL7783;2021-08-01 00:35:00;Rua Capitão Aragão;RUA CAP OLAVO;;AEROLANDIA;968321;Colisão Lateral;Via Iluminada;Bom;Seca;Cruz;Semáforo;Cruzamento;0;1;0;0;2;0;0;0;0;0;0;0;0;(-38.5159353 -3.7654072);
PCP7979;2021-07-31 11:57:00;Avenida Aldir Mentor;;;CIDADE 2000;968312;Colisão Traseira;Luz do Dia;Bom;Seca;Meio de quadra;Não há Controle;Longo da via;0;2;0;1;1;0;0;0;0;0;0;0;0;(-38.45803165562637 -3.753709961728942);
SPE4736;2021-07-31 18:13:00;Rua Pedro Dantas;RUA NENEN GONCALVES;;DIAS MACEDO;968237;Colisão Lateral;Luz do Dia;Bom;Seca;Cruz;Pare;Cruzamento;0;0;0;1;1;0;0;0;0;0;0;0;0;(-38.51887479624954 -3.786469152676472);
AEN3170;2021-07-31 12:30:00;Rua Raimundo Neri;RUA DOM XISTO ALBANO;;MANOEL SATIRO;968182;Colisão Transversal;Luz do Dia;Bom;Seca;Cruz;Pare;Cruzamento;0;1;1;1;1;0;0;0;0;0;0;0;0;(-38.58535603358425 -3.796692764527782);
HUK0588;2021-07-31 15:39:00;Avenida Rogaciano Leite;;;GUARARAPES;967960;Colisão Traseira;Luz do Dia;Bom;Seca;Meio de quadra;Não há Controle;Longo da via;0;1;1;1;1;0;0;0;0;0;0;0;0;(-38.49352792833076 -3.762055108001883);
ZLR3263;2021-07-31 12:45:00;Rua Descarte Braga;RUA TRES CORACOES;;GRANJA LISBOA;967585;Colisão Transversal;Luz do Dia;Bom;Seca;Cruz;Pare;Cruzamento;0;1;1;1;1;0;0;0;0;0;0;0;0;(-38.61233369185603 -3.794648051831935);
LYN2833;2021-08-01 00:50:00;Rua Aristóteles Bezerra;;;CARLITO PAMPLONA;967225;Colisão Frontal;Via Iluminada;Bom;Seca;Meio de quadra;Não há Controle;Longo da via;0;0;0;1;1;0;0;0;0;0;0;0;0;(-38.55713382728002 -3.719830741254603);
ZSG0811;2021-07-30 20:00:00;Avenida Aguanambi;;;JOSE BONIFACIO;968309;Colisão Traseira;Luz do Dia;Bom;Seca;Meio de quadra;Semáforo;Longo da via;0;0;1;1;1;0;0;0;0;0;0;0;0;(-38.52480248051824 -3.738657450186337);
CLV1301;2021-07-30 09:30:00;Avenida D;RUA 91 CJ JOSE WALTER;;PREFEITO JOSE VALTER;968252;Colisão Transversal;Luz do Dia;Bom;Seca;T;Pare;Cruzamento;0;0;0;2;0;0;0;0;0;0;0;0;0;(-38.5542116 -3.832139);
KTL1109;2021-07-30 19:45:00;Avenida Borges de Melo;;;VILA UNIAO;968050;Colisão Traseira;Via Iluminada;Bom;Seca;T;Não há Controle;Longo da via;0;3;0;0;2;0;0;0;0;0;0;0;0;(-38.5275490580925 -3.76064195222232);
XPE4139;2021-07-01 00:40:00;Avenida Pedro Lazar;AV ENG JOSÉ GUIMARÃES;;CAMBEBA;968076;Colisão Transversal;Via Iluminada;Bom;Seca;Cruz;Pare;Cruzamento;0;1;2;0;2;0;0;0;0;0;0;0;0;(-38.4883906 -3.8048829);
FAP3440;2021-06-30 22:10:00;Rua Augusto Benevides;;;CURIO;968075;Choque c/ Obstáculo Fixo;Via Iluminada;Bom;Seca;Meio de quadra;Não há Controle;Longo da via;0;0;1;0;0;0;1;0;0;0;0;0;0;(-38.5026301 -3.8498039);
XBK5724;2021-06-30 10:30:00;Rua Araripe Prata;RUA STA JULIA;;PARANGABA;967945;Colisão Lateral;Luz do Dia;Bom;Seca;Cruz;Pare;Cruzamento;0;1;1;1;1;0;0;0;0;0;0;0;0;(-38.5690761 -3.7750828);
KTL1109;2021-07-30 21:52:00;Avenida Padre Antônio Tomás;RUA OSVALDO CRUZ;;ALDEOTA;967782;Colisão Transversal;Via Iluminada;Bom;Seca;Cruz;Não informado;Cruzamento;0;1;1;0;1;0;0;0;0;1;0;0;0;(-38.50147262369178 -3.739529989037412);
HFX5091;2021-06-30 16:27:00;Rua Maria Tomásia;RUA BARBOSA DE FREITAS;;ALDEOTA;967903;Colisão Transversal;Luz do Dia;Bom;Seca;Cruz;Pare;Cruzamento;0;1;1;1;1;0;0;0;0;0;0;0;0;(-38.4970451 -3.7355665);
HLB4544;2021-07-31 01:00:00;Avenida Américo Barreira;AV ENG HUMBERTO MONTE;;COUTO FERNANDES;967535;Colisão Transversal;Via Iluminada;Bom;Seca;Cruz;Semáforo;Cruzamento;0;0;0;1;1;0;0;0;0;0;0;0;0;(-38.55569080187954 -3.755192716448571);
AUT7200;2021-07-30 19:30:00;Rua Demétrio Menezes;RUA BALDUINO FREIRE;;PADRE ANDRADE;967271;Colisão Transversal;Via Iluminada;Bom;Seca;Cruz;Semáforo;Longo da via;0;1;1;1;1;0;0;0;0;0;0;0;0;(-38.584212 -3.7352052);
HXN6515;2021-06-30 20:15:00;Rua Marcos Macêdo;RUA JOAQUIM NABUCO;;ALDEOTA;967839;Colisão Lateral;Via Iluminada;Bom;Seca;Cruz;Pare;Cruzamento;0;1;1;0;2;0;0;0;0;0;0;0;0;(-38.5006556 -3.7333379);
BIG6022;2021-06-30 22:28:00;Rua Cônego de Castro;RUA JOAO AMORA;;MANOEL SATIRO;966931;Colisão Traseira;Via Iluminada;Bom;Seca;Cruz;Não informado;Cruzamento;0;1;1;1;1;0;0;0;0;0;0;0;0;(-38.5868851 -3.7995409);
RCD0061;2021-07-30 16:05:00;Avenida Pompílio Gomes;;;JANGURUSSU;966965;Colisão Lateral;Luz do Dia;Bom;Seca;Meio de quadra;Não há Controle;Longo da via;0;2;0;2;0;0;0;0;0;0;0;0;0;(-38.5214807 -3.8277227);
PNO9776;2021-06-30 15:00:00;Avenida Governador Raul Barbosa;;;AEROLANDIA;966585;Colisão Traseira;Luz do Dia;Bom;Seca;Meio de quadra;Não há Controle;Longo da via;0;1;1;1;1;0;0;0;0;0;0;0;0;(-38.51268799123729 -3.775000314450889);
IRR7942;2021-06-29 10:40:00;Avenida Borges de Melo;;;FATIMA;960762;Atropelamento de Animal;Luz do Dia;Bom;Seca;Meio de quadra;Não informado;Longo da via;0;1;0;1;0;0;0;0;0;0;0;0;0;(-38.5311115 -3.759205);
KDP3054;2021-07-30 13:15:00;Rua Raimundo Arruda;AV JOVITA FEITOSA;;PARQUELANDIA;966752;Colisão Traseira;Luz do Dia;Bom;Seca;Cruz;Semáforo;Longo da via;0;0;2;0;2;0;0;0;0;0;0;0;0;(-38.55093792469021 -3.73894115923318);
LGS4378;2021-06-29 17:30:00;Rua Carlos Câmara;RUA DELMIRO FARIAS;;MONTESE;968063;Colisão Lateral;Luz do Dia;Bom;Seca;Cruz;Pare;Cruzamento;0;2;1;1;1;0;0;0;0;0;0;0;0;(-38.54672 -3.7510056);
PHO2992;2021-07-31 01:30:00;Avenida Major Assis;;;JARDIM GUANABARA;965949;Colisão Lateral;Via Iluminada;Bom;Seca;Meio de quadra;Não há Controle;Longo da via;0;2;0;2;0;0;0;0;0;0;0;0;0;(-38.5853106 -3.7239476);
NCQ9544;2021-06-29 13:05:00;Rua Tavares Coutinho;RUA CASTRO MONTE;;VARJOTA;968060;Colisão Lateral;Luz do Dia;Bom;Seca;Cruz;Pare;Cruzamento;0;3;1;0;3;0;0;0;0;0;1;0;0;(-38.4860704 -3.7325722);
TVX2813;2021-07-30 13:25:00;Avenida Engenheiro Santana Júnior;;;COCO;965359;Colisão Traseira;Luz do Dia;Bom;Seca;Meio de quadra;Não há Controle;Longo da via;0;1;2;1;2;0;0;0;0;0;0;0;0;(-38.49007322599533 -3.749711329054397);