COD_ACIDENTE;DATA;LOG1;LOG2;NUMERO;BAIRRO;AMC;NATUREZA;ILUMINACAO;TEMPO;SUPERFICIEPISTA;TIPOCRUZAMENTO;CONTROLETRAFEGO;USOSOLO;MORTOS;FERIDOS;ILESOS;MOTOCICLETA;AUTOMOVEL;MICROONIBUS;CAMINHAO;ONIBUS;CICLOMOTOR;BICICLETA;OUTROS;TREM;TRACAOANIMAL;COORDENADAS
PDM7328;2021-06-29 16:20:00;Rua ANA NERY;;;RODOLFO TEOFILO;968035;Colisão Lateral;Luz do Dia;Bom;Seca;Meio de quadra;Pare;Longo da via;0;0;2;0;2;0;0;0;0;0;0;0;0;(-38.5476319 -3.7487024);
PNG3704;2021-07-29 20:40:00;Rua Amadeu Furtado;RUA NESTOR BARBOSA;;AMADEU FURTADO;968049;Colisão Transversal;Luz do Dia;Bom;Seca;Cruz;Pare;Longo da via;0;1;1;1;1;0;0;0;0;0;0;0;0;(-38.5620583670192 -3.745321912022737);
KLW9879;2021-06-29 16:00:00;RUA SARGENTO HERMINIO;RUA ODETE PACHECO;;MONTE CASTELO;967955;Colisão Frontal;Luz do Dia;Bom;Seca;T;Dê Preferência;Cruzamento;0;2;1;1;1;0;0;0;0;0;0;0;0;(-38.5551634 -3.7253725);
XCI3920;2021-07-29 19:55:00;Avenida Presidente Costa e Silva;;;PASSARE;967157;Colisão Traseira;Luz do Dia;Bom;Seca;Meio de quadra;Semáforo Intermitente;Longo da via;0;1;1;1;1;0;0;0;0;0;0;0;0;(-38.53052094826138 -3.828893672841982);
AQF2475;2021-07-29 22:40:00;Rua Manoel Lourenço dos Santos;AV ANTONIO SALES;;DIONISIO TORRES;967075;Colisão Lateral;Via Iluminada;Bom;Seca;T;Pare;Cruzamento;0;1;0;1;1;0;0;0;0;0;0;0;0;(-38.4924711377443 -3.748539035685996);
SSU7911;2021-06-29 13:00:00;Rua ALBERTO MAGNO;RUA TEN MOACIR MATOS;;MONTESE;967788;Colisão Transversal;Luz do Dia;Bom;Seca;Cruz;Pare;Cruzamento;0;1;1;1;1;0;0;0;0;0;0;0;0;(-38.5521405 -3.7674043);
PXH2392;2021-07-30 01:00:00;Rua General Dutra;RUA TAVARES COUTINHO;;VARJOTA;964647;Colisão Transversal;Via Iluminada;Bom;Seca;Cruz;Pare;Cruzamento;0;1;1;1;1;0;0;0;0;0;0;0;0;(-38.48659175974525 -3.732629949509778);
TVF0511;2021-06-29 17:30:00;Rua Mario Martins Coelho;;;ALDEOTA;TVF0511;Colisão;Luz do Dia;Bom;Seca;Meio de quadra;Não há Controle;Longo da via;0;1;1;1;1;0;0;0;0;0;0;0;0;(-38.4954039 -3.7443617);
SHY1192;2021-07-28 15:45:00;Rua Professor Nogueira;;;PARQUE ARAXA;967657;Choque c/ Obstáculo Fixo;Luz do Dia;Bom;Seca;Duplo T;Não há Controle;Longo da via;0;0;1;0;0;0;1;0;0;0;0;0;0;(-38.54979530904517 -3.733529259520369);
PJY5815;2021-06-29 13:48:00;AV DUQUE DE CAXIAS;;;CENTRO;967564;Atropelamento;Não informado;Bom;Seca;Meio de quadra;Semáforo;Longo da via;1;0;1;0;0;1;0;0;0;0;0;0;0;(-38.53624238212072 -3.729713542371053);
WYF4157;2021-07-29 01:00:00;Avenida Jornalista Tomaz Coelho;;;BARROSO;968177;Colisão Lateral;Via Iluminada;Bom;Seca;Meio de quadra;Outros;Longo da via;0;0;2;0;1;0;1;0;0;0;0;0;0;(-38.52423921287185 -3.829295106064402);
NJX1280;2021-06-29 10:47:00;Rua Gustavo Sampaio;RUA PRO JOSE DE BARCELOS;;PARQUE ARAXA;967563;Colisão Transversal;Luz do Dia;Bom;Seca;Cruz;Pare;Cruzamento;0;0;2;0;2;0;0;0;0;0;0;0;0;(-38.54818057488286 -3.733679228073711);
QLZ0718;2021-07-28 16:40:00;Rua Paurilo Barroso;RUA RUBENS MONTE D43;;MARAPONGA;968120;Colisão;Luz do Dia;Bom;Seca;Não informado;Pare;Longo da via;0;1;1;1;1;0;0;0;0;0;0;0;0;(-38.569346 -3.799811);
XXA2014;2021-06-29 12:45:00;RUA BARAO DO RIO BRANCO;;;CENTRO;967451;Colisão Traseira;Não informado;Não informado;Seca;Meio de quadra;Não informado;Longo da via;0;1;1;2;0;0;0;0;0;0;0;0;0;(-54.60889879653438 -20.46074841569362);
RQU9542;2021-06-29 10:20:00;Avenida Porto Velho;;;JOAO XXIII;967342;Colisão Lateral;Luz do Dia;Bom;Seca;Meio de quadra;Não há Controle;Longo da via;0;1;1;1;1;0;0;0;0;0;0;0;0;(-38.58138061383232 -3.769157838791193);
XTL0975;2021-06-29 21:00:00;Rua ZENITO ALMADA;;;PRESIDENTE KENNEDY;966659;Colisão Lateral;Via Iluminada;Bom;Seca;Meio de quadra;Outros;Longo da via;0;1;1;1;0;0;0;1;0;0;0;0;0;(-38.5669891 -3.7252373);
QLZ0718;2021-07-27 09:30:00;Rua Rafael Dantas;RUA ROBERTO GRADVOHL;;JOSE DE ALENCAR;967602;Colisão Transversal;Luz do Dia;Bom;Seca;Cruz;Pare;Cruzamento;0;0;1;1;1;0;0;0;0;0;0;0;0;(-38.4736473946432 -3.809100105692092);
WQU9307;2021-06-28 13:00:00;Avenida Treze de Maio;;;FATIMA;963997;Colisão Traseira;Luz do Dia;Chuva;Molhada;Meio de quadra;Semáforo;Longo da via;0;1;2;1;2;0;0;0;0;0;0;0;0;(-38.5310317 -3.747557399999999);
UDK8444;2021-07-28 17:25:00;Rua 8 de Setembro;RUA REPUBLICA DO LIBANO;;VARJOTA;967427;Colisão Lateral;Luz do Dia;Bom;Seca;Cruz;Pare;Cruzamento;0;1;1;1;1;0;0;0;0;0;0;0;0;(-38.48703697805772 -3.733845088412687);
TMD6215;2021-06-24 21:40:00;Avenida AMERICO BARREIRA;AV CARNEIRO DE MENDONCA;;DEMOCRITO ROCHA;963287;Colisão Transversal;Não informado;Bom;Não informado;Cruz;Semáforo;Cruzamento;0;1;1;1;1;0;0;0;0;0;0;0;0;(-38.5667168 -3.7641444);
CVP8657;2021-06-28 18:40:00;Rua Major Gerardo Mendes;RUA CAP CLOVIS MAIA;;ALTO DA BALANCA;968034;Colisão Transversal;Luz do Dia;Bom;Seca;Cruz;Pare;Cruzamento;0;2;1;1;1;0;0;0;0;0;0;0;0;(-38.51279154268511 -3.768435775550985);
XJS5019;2021-07-29 00:35:00;Avenida Dom Luís;RUA CEL JUCA;;VARJOTA;967369;Colisão Traseira;Via Iluminada;Bom;Seca;Cruz;Semáforo Intermitente;Cruzamento;0;0;0;1;0;0;0;0;0;0;1;0;0;(-38.49059800000001 -3.7354558);
HDB3250;2021-06-28 09:32:00;Rua Ildefonso Albano;;;ALDEOTA;967565;Colisão Lateral;Luz do Dia;Bom;Seca;Meio de quadra;Pare;Longo da via;0;1;1;1;1;0;0;0;0;0;0;0;0;(-38.51521090506882 -3.738839535867586);
XQZ4476;2021-06-28 22:50:00;Avenida Beira Mar;RUA JOSE NAPOLEAO;;MUCURIPE;966658;Colisão Transversal;Via Iluminada;Bom;Seca;T;Outros;Cruzamento;0;1;1;1;1;0;0;0;0;0;0;0;0;(-38.49062577278134 -3.724921623880345);
CUQ0326;2021-06-27 21:35:00;Avenida Monsenhor Tabosa;RUA SEN ALMINO;;PRAIA DE IRACEMA;967967;Colisão Frontal;Anoitecer;Bom;Seca;Cruz;Pare;Cruzamento;0;1;1;1;1;0;0;0;0;0;0;0;0;(-38.5180016 -3.7236748);
UMS8168;2021-07-28 10:30:00;Rua João Sorongo;RUA CARLOS CAMARA;;JARDIM AMERICA;967300;Colisão Transversal;Luz do Dia;Bom;Seca;Cruz;Pare;Cruzamento;0;2;1;1;1;0;0;0;0;0;0;0;0;(-38.54512289671881 -3.749523976338489);
WHH5134;2021-07-27 08:00:00;Avenida Presidente Castelo Branco;;;BARRA DO CEARA;968251;Choque c/ Obstáculo Fixo;Amanhecer;Bom;Seca;Meio de quadra;Não há Controle;Longo da via;0;1;0;0;1;0;0;0;0;0;0;0;0;(-38.5779048477923 -3.704691998230647);
CUQ0326;2021-06-27 17:30:00;Avenida OSCAR FRANÇA;AV GAL OSORIO DE PAIVA;;BOM JARDIM;967829;Outros;Luz do Dia;Bom;Seca;T;Semáforo;Cruzamento;0;1;1;1;1;0;0;0;0;0;0;0;0;(-38.5921257 -3.7944034);
VCS7007;2021-07-26 04:00:00;Rua Delta;;;MANOEL SATIRO;968181;Choque c/ Obstáculo Fixo;Amanhecer;Bom;Seca;Meio de quadra;Outros;Longo da via;0;0;0;0;1;0;0;0;0;0;0;0;0;(-38.57711091908463 -3.792159062568934);
VMR2771;2021-06-27 23:00:00;Avenida Coronel Carvalho;RUA ROSINHA SAMPAIO;;JARDIM GUANABARA;967760;Colisão Lateral;Não informado;Bom;Seca;Cruz;Semáforo;Cruzamento;0;1;1;0;2;0;0;0;0;0;0;0;0;(-38.5853529 -3.7269366);
CIR1037;2021-06-27 15:15:00;Rua Mário de Alencar Araripe;AV EDILSON B SOARES;;SAPIRANGA / COITE;967754;Colisão Lateral;Luz do Dia;Bom;Seca;T;Não há Controle;Cruzamento;0;1;1;1;1;0;0;0;0;0;0;0;0;(-38.4788064 -3.7893399);
LPQ6498;2021-07-26 15:30:00;Avenida Monsenhor Tabosa;;;MEIRELES;967351;Não informado;Não informado;Bom;Seca;Meio de quadra;Não há Controle;Longo da via;0;0;1;1;1;0;0;0;0;0;0;0;0;(-38.51090863594447 -3.724118577054036);
UHX4034;2021-07-26 19:30:00;Avenida João Pessoa;RUA CEARA;;DAMAS;967056;Colisão Transversal;Luz do Dia;Bom;Seca;T;Semáforo;Longo da via;0;0;1;1;0;0;0;1;0;0;0;0;0;(-38.55829254298192 -3.76355925993107);
DBD3783;2021-07-26 18:30:00;Avenida João Pessoa;RUA CEARA;;DAMAS;967054;Colisão Transversal;Luz do Dia;Bom;Seca;T;Semáforo;Longo da via;0;1;0;0;1;0;0;1;0;0;0;0;0;(-38.55827645019701 -3.763564612780274);
TEA7068;2021-06-27 15:30:00;Avenida General Osório de Paiva;RUA PERDIGAO DE OLIVEIRA;;PARANGABA;967614;Colisão;Luz do Dia;Bom;Seca;Y;Semáforo;Cruzamento;0;1;1;1;0;0;0;1;0;0;0;0;0;(-38.56893013256231 -3.777647928627838);
PUV7651;2021-07-26 22:15:00;Rua Vicente Leite;AV DOM LUIS;;ALDEOTA;967047;Atropelamento;Mal Iluminada;Bom;Seca;Cruz;Semáforo;Cruzamento;0;1;1;0;1;0;0;0;0;0;0;0;0;(-38.49445060307114 -3.734316155024041);
TAV6495;2021-06-28 13:20:00;Avenida Engenheiro Santana Júnior;;;PAPICU;967560;Colisão Lateral;Luz do Dia;Bom;Seca;Meio de quadra;Pare;Longo da via;0;1;1;1;1;0;0;0;0;0;0;0;0;(-38.485757 -3.7410765);
VDA3280;2021-06-27 07:00:00;AV PRE CASTELO BRANCO,3592;;3592 ;CRISTO REDENTOR;966867;Choque c/ Obstáculo Fixo;Não informado;Bom;Seca;Meio de quadra;Não há Controle;Longo da via;0;1;0;0;1;0;0;0;0;0;0;0;0;(-38.5641880402733 -3.709649138746963);
EGR7405;2021-06-28 02:10:00;RUA ARISTOBULO QUEVEDO;AV GODOFREDO MACIEL;;MARAPONGA;960580;Colisão Lateral;Via Iluminada;Bom;Seca;Cruz;Semáforo;Cruzamento;0;2;0;0;2;0;0;0;0;0;0;0;0;(-38.5720844617365 -3.803099940080422);
WXQ7660;2021-07-26 12:30:00;Avenida Américo Barreira;;;RODOLFO TEOFILO;966880;Colisão Traseira;Luz do Dia;Bom;Seca;Meio de quadra;Semáforo;Longo da via;0;1;1;1;1;0;0;0;0;0;0;0;0;(-38.55172648663407 -3.751226208110864);
IQM6132;2021-06-27 10:00:00;Avenida Borges de Melo;;;VILA UNIAO;960500;Colisão Frontal;Amanhecer;Bom;Seca;Meio de quadra;Semáforo;Longo da via;0;2;0;1;1;0;0;0;0;0;0;0;0;(-38.52941588049302 -3.760700917397426);
UFN0868;2021-07-26 22:00:00;Rua Carlos Vasconcelos;RUA BARBARA DE ALENCAR;;ALDEOTA;966728;Colisão Transversal;Via Iluminada;Bom;Seca;Cruz;Pare;Longo da via;0;1;0;1;1;0;0;0;0;0;0;0;0;(-38.51261452439662 -3.738641391180941);
RMK0994;2021-06-27 00:00:00;Avenida General Murilo Borges;;;ENGENHEIRO LUCIANO CAVALCANTE;968020;Colisão Transversal;Via Iluminada;Bom;Seca;Meio de quadra;Semáforo;Longo da via;0;1;1;1;1;0;0;0;0;0;0;0;0;(-38.4980672 -3.7672671);
JII2094;2021-06-26 05:45:00;Avenida General Osório de Paiva;;;CANINDEZINHO;967932;Colisão Traseira;Via Iluminada;Chuva;Molhada;Meio de quadra;Outros;Longo da via;0;3;0;2;1;0;0;0;0;0;0;0;0;(-38.61026991073779 -3.813343962154029);
RQK7421;2021-06-26 14:50:00;Rua Carlos Vasconcelos;RUA TEN BENEVOLO;;MEIRELES;967789;Colisão Transversal;Luz do Dia;Bom;Seca;Não informado;Semáforo;Cruzamento;0;0;2;0;2;0;0;0;0;0;0;0;0;(-38.5091757 -3.7280059);
HTE0087;2021-06-26 12:20:00;Rua Barão de Aracati;AV MON TABOSA;;PRAIA DE IRACEMA;967738;Colisão Lateral;Luz do Dia;Bom;Seca;Cruz;Semáforo;Cruzamento;0;1;1;1;1;0;0;0;0;0;0;0;0;(-38.5091718 -3.7242136);
HTE0087;2021-06-26 14:30:00;Avenida Monte Pascoal;;;CANINDEZINHO;967731;Colisão Transversal;Luz do Dia;Bom;Seca;Meio de quadra;Pare;Longo da via;0;1;1;1;1;0;0;0;0;0;0;0;0;(-38.5977017 -3.805745);
AZY5224;2021-06-26 15:30:00;Avenida Aldir Mentor;;;MANUEL DIAS BRANCO;966870;Choque c/ Obstáculo Fixo;Luz do Dia;Bom;Seca;Meio de quadra;Não há Controle;Longo da via;0;1;0;0;1;0;0;0;0;0;0;0;0;(-38.46535945651953 -3.755262387792387);
GDP4848;2021-07-26 09:15:00;Avenida Coronel Carvalho;AV FRANCISCO SA;;BARRA DO CEARA;960546;Choque c/ Obstáculo Fixo;Luz do Dia;Bom;Seca;Cruz;Semáforo;Longo da via;0;0;0;0;1;0;0;0;0;0;0;0;0;(-38.59152510892319 -3.703300163012467);
VEE0881;2021-06-25 03:40:00;RUA FREI MANSUETO;AV DOM LUIS;;VARJOTA;967935;Colisão Lateral;Via Iluminada;Bom;Seca;Cruz;Semáforo;Cruzamento;0;0;2;0;2;0;0;0;0;0;0;0;0;(-38.48858679177466 -3.735835330152966);
XAM9138;2021-06-26 00:00:00;RUA MINAS GERAIS;RUA PARAIBA;;DEMOCRITO ROCHA;967711;Colisão Transversal;Via Iluminada;Bom;Seca;Cruz;Pare;Cruzamento;0;1;1;1;1;0;0;0;0;0;0;0;0;(-38.56484247276555 -3.760791916127918);
SWI3583;2021-06-25 16:30:00;Rua Osvaldo Cruz;RUA MARIA TOMASIA;;ALDEOTA;967664;Colisão Traseira;Luz do Dia;Bom;Seca;Cruz;Não há Controle;Cruzamento;0;1;1;1;1;0;0;0;0;0;0;0;0;(-38.5000022 -3.7345975);
WHL6186;2021-06-25 04:46:00;AV DEP PAULINO ROCHA;;;BOA VISTA;964232;Choque c/ Obstáculo Fixo;Via Iluminada;Bom;Seca;Meio de quadra;Não há Controle;Longo da via;0;3;0;1;0;0;0;0;0;0;0;0;0;(-38.52131568714809 -3.810705958123313);
WHL6186;2021-06-26 01:50:00;Avenida G;RUA 127 CJ CEARA;;CONJUNTO CEARA I;960689;Colisão Frontal;Via Iluminada;Bom;Seca;T;Não há Controle;Cruzamento;0;0;2;0;2;0;0;0;0;0;0;0;0;(-38.610293 -3.7741468);
SIE3858;2021-07-25 23:45:00;Avenida Bezerra de Menezes;RUA DOM LINO;;PARQUELANDIA;965896;Colisão Frontal;Via Iluminada;Bom;Seca;Cruz;Semáforo Danificado;Cruzamento;0;1;1;1;1;0;0;0;0;0;0;0;0;(-38.5575619 -3.7343141);
QPT0565;2021-07-25 17:00:00;Avenida Doutor Silas Munguba;;;SERRINHA;960700;Colisão Traseira;Luz do Dia;Bom;Seca;Não informado;Semáforo;Longo da via;0;0;2;1;1;0;0;0;0;0;0;0;0;(-38.53553131329372 -3.792672919003997);
LLT0404;2021-07-25 10:30:00;Rua Paraná;RUA RIO GRANDE DO NORTE;;DEMOCRITO ROCHA;960699;Colisão Transversal;Luz do Dia;Bom;Seca;Cruz;Pare;Cruzamento;0;1;1;1;1;0;0;0;0;0;0;0;0;(-38.56878535168554 -3.757997631844809);
QWO6822;2021-07-24 11:07:00;Rua Meton de Alencar;AV IMPERADOR;;CENTRO;968268;Colisão Lateral;Não informado;Bom;Não informado;Cruz;Semáforo;Longo da via;0;1;0;1;1;0;0;0;0;0;0;0;0;(-38.53606239677772 -3.731928701183953);
XQW3758;2021-07-24 18:00:00;RUA Maria Gomes de Sá;;;PLANALTO AYRTON SENNA;967270;Colisão Transversal;Via Iluminada;Bom;Seca;Cruz;Outros;Cruzamento;0;1;1;1;1;0;0;0;0;0;0;0;0;(-38.5830216 -3.8246937);
VIK2426;2021-06-24 16:30:00;Avenida Bernardo Manuel;;;PLANALTO AYRTON SENNA;967974;Atropelamento;Luz do Dia;Bom;Seca;Meio de quadra;Não há Controle;Longo da via;0;1;1;0;0;0;1;0;0;0;0;0;0;(-38.56332609206977 -3.837789639776068);
CCR3240;2021-06-24 15:00:00;RUA EDUARDO GARCIA;;;ALDEOTA;967973;Colisão Transversal;Luz do Dia;Bom;Seca;Meio de quadra;Não há Controle;Longo da via;0;1;1;1;1;0;0;0;0;0;0;0;0;(-38.4967156 -3.7387663);
BAT0727;2021-06-24 04:00:00;Rua Raimundo Neri;;;PARQUE SAO JOSE;967889;Choque c/ Obstáculo Fixo;Via Iluminada;Bom;Seca;Meio de quadra;Não há Controle;Longo da via;0;1;0;0;1;0;0;0;0;0;0;0;0;(-38.58586994098908 -3.795374591129403);
OAI1947;2021-06-24 09:30:00;Avenida Pompílio Gomes;;;BARROSO;967680;Colisão Lateral;Luz do Dia;Bom;Seca;Meio de quadra;Outros;Longo da via;0;1;0;1;1;0;0;0;0;0;0;0;0;(-38.5211868625316 -3.819858782992453);
OXO4057;2021-07-24 14:45:00;Rua Deputado Matoso Filho;RUA RAIMUNDO R. MENEZES;;QUINTINO CUNHA;966183;Colisão Transversal;Luz do Dia;Bom;Seca;Cruz;Pare;Longo da via;0;0;0;1;0;0;1;0;0;0;0;0;0;(-38.58604267745 -3.730488731492787);
TVW3025;2021-06-24 19:30:00;Rua Três de Maio;RUA ARGENTINA;;BELA VISTA;967404;Colisão Transversal;Luz do Dia;Bom;Seca;Cruz;Pare;Cruzamento;0;1;1;0;1;0;1;0;0;0;0;0;0;(-38.5653488 -3.7481865);
PAI2192;2021-07-23 22:41:00;Rua Escrivão Azevedo;RUA CEZIDIO ALBUQUERQUE;;CIDADE DOS FUNCIONRAIOS;968267;Outros;Luz do Dia;Bom;Seca;Cruz;Pare;Cruzamento;0;0;1;1;1;0;0;0;0;0;0;0;0;(-38.50506142240321 -3.795847046251152);
DCZ1874;2021-06-24 00:45:00;Avenida Sargento Hermínio Sampaio;;;MONTE CASTELO;965973;Colisão Lateral;Via Iluminada;Bom;Seca;Meio de quadra;Semáforo;Longo da via;0;0;2;0;2;0;0;0;0;0;0;0;0;(-38.5601483 -3.7262405);
HFL2034;2021-06-23 21:15:00;AV DES MOREIRA;RUA VICENTE LINHARES;;ALDEOTA;967966;Colisão Lateral;Anoitecer;Bom;Seca;Cruz;Semáforo;Cruzamento;0;1;1;1;1;0;0;0;0;0;0;0;0;(-38.5002791 -3.7420939);
OOH3133;2021-07-23 19:48:00;Avenida Barão de Studart;RUA TEN BENEVOLO;;MEIRELES;968236;Colisão Transversal;Luz do Dia;Bom;Seca;Cruz;Semáforo;Cruzamento;0;0;0;0;2;0;0;0;0;0;0;0;0;(-38.5048843 -3.7294013);
QQT6443;2021-06-23 13:00:00;Avenida Filomeno Gomes;RUA SAO PAULO;;CENTRO;967777;Colisão Transversal;Luz do Dia;Bom;Seca;Cruz;Semáforo;Cruzamento;0;1;1;0;1;0;0;0;0;1;0;0;0;(-38.5411793 -3.7215331);
QQT6443;2021-06-23 11:50:00;Avenida Jornalista Tomaz Coelho;RUA STA CLARA DE ASSIS;;MESSEJANA;967740;Colisão Traseira;Luz do Dia;Bom;Seca;T;Semáforo;Cruzamento;0;1;1;1;1;0;0;0;0;0;0;0;0;(-38.502763 -3.8316795);
BHO7376;2021-07-24 01:35:00;Rua Meton de Alencar;RUA SEN POMPEU;;CENTRO;968109;Colisão Transversal;Não informado;Bom;Seca;Cruz;Semáforo;Cruzamento;0;1;0;1;0;0;0;1;0;0;0;0;0;(-38.53144362792791 -3.733448964021155);
QQT6443;2021-06-24 01:15:00;Rua Júlio Silva;AV DIOGUINHO;;PRAIA DO FUTURO I;967739;Colisão Lateral;Via Iluminada;Bom;Seca;T;Não informado;Cruzamento;0;1;1;0;1;0;0;0;1;0;0;0;0;(-38.45474415057247 -3.745596006928672);
CFL3609;2021-06-24 01:15:00;Avenida DIOGUINHO;RUA JULIO SILVA;;PRAIA DO FUTURO I;CFL3609;Não informado;Não informado;Não informado;Não informado;Não informado;Não informado;Longo da via;0;0;0;0;0;0;0;0;0;0;0;0;0;(-38.45129938909349 -3.743341104670643);
VRR8949;2021-07-23 21:30:00;Avenida G;;;CONJUNTO CEARA II;968108;Colisão Transversal;Via Iluminada;Bom;Seca;T;Pare;Longo da via;0;0;0;2;0;0;0;0;0;0;0;0;0;(-38.6116526 -3.7729482);
YNS5667;2021-07-23 14:45:00;Avenida Júlio Abreu;;;VARJOTA;967810;Colisão Traseira;Luz do Dia;Bom;Seca;Meio de quadra;Não há Controle;Longo da via;0;1;0;1;1;0;0;0;0;0;0;0;0;(-38.48773435193242 -3.735932768063211);
YXR1740;2021-07-24 16:30:00;Avenida Jovita Feitosa;RUA GAL PIRAGIBE;;PARQUELANDIA;967676;Colisão Transversal;Luz do Dia;Bom;Seca;Cruz;Semáforo;Cruzamento;0;1;1;0;2;0;0;0;0;0;0;0;0;(-38.5575033 -3.7401072);
WWU0192;2021-07-23 22:00:00;Rua Doutor José Lourenço;RUA JOAO CARVALHO;;ALDEOTA;967269;Colisão Transversal;Via Iluminada;Bom;Seca;Cruz;Pare;Cruzamento;0;1;0;0;2;0;0;0;0;0;0;0;0;(-38.50855365807145 -3.737089019271006);
KET9322;2021-07-27 12:10:00;Avenida Odilon Guimarães;;;MESSEJANA;967259;Colisão Transversal;Não informado;Bom;Seca;T;Pare;Longo da via;0;1;1;1;1;0;0;0;0;0;0;0;0;(-38.48085717153693 -3.82744851168283);
RED5914;2021-06-23 22:30:00;Rua Benjamim Brasil;;;JARDIM CEARENSE;967495;Colisão Transversal;Via Iluminada;Bom;Seca;Meio de quadra;Não há Controle;Longo da via;0;1;2;0;3;0;0;0;0;0;0;0;0;(-38.56099620591568 -3.806916338953352);
BFG8418;2021-07-23 10:30:00;Rua Barão de Canindé;RUA ELCIAS LOPES;;ITAOCA;967199;Colisão Transversal;Luz do Dia;Bom;Seca;Cruz;Pare;Cruzamento;0;1;2;2;0;0;0;0;0;0;0;0;0;(-38.5573921 -3.7704825);
HJP4776;2021-06-23 18:00:00;Avenida Sargento Hermínio Sampaio;;;MONTE CASTELO;967124;Colisão Traseira;Luz do Dia;Bom;Seca;Meio de quadra;Não há Controle;Longo da via;0;2;0;1;0;0;0;0;1;0;0;0;0;(-38.5526141 -3.7250116);
GKW0990;2021-06-24 01:00:00;Rua EDUARDO PERDIGAO;AV GAL OSORIO DE PAIVA;;PARANGABA;967040;Colisão Lateral;Via Iluminada;Bom;Seca;Cruz;Semáforo;Cruzamento;0;1;1;2;0;0;0;0;0;0;0;0;0;(-38.5654394 -3.7747773);
RPG9420;2021-07-23 18:16:00;Avenida Lineu Machado;;;JOQUEI CLUBE;966872;Choque c/ Obstáculo Fixo;Luz do Dia;Bom;Seca;Meio de quadra;Não há Controle;Longo da via;0;1;1;0;2;0;0;0;0;0;0;0;0;(-38.574671 -3.761648);
EUQ1977;2021-06-23 07:50:00;Rua Eduardo Perdigão;RUA CON DE CASTRO;;PARANGABA;966583;Colisão Transversal;Amanhecer;Bom;Seca;Cruz;Pare;Cruzamento;0;3;0;0;2;0;0;0;0;0;0;0;0;(-38.5647807 -3.7755704);
ABD1683;2021-06-23 18:20:00;Avenida Imperador;;;CENTRO;960575;Colisão Traseira;Luz do Dia;Bom;Seca;Meio de quadra;Não há Controle;Longo da via;0;1;1;1;1;0;0;0;0;0;0;0;0;(-38.5373307 -3.735600599999999);
VTC2348;2021-07-23 20:20:00;Rua Costa Barros;RUA JOAO CORDEIRO;;ALDEOTA;966182;Colisão Transversal;Via Iluminada;Bom;Seca;Cruz;Não há Controle;Cruzamento;0;0;1;1;1;0;0;0;0;0;0;0;0;(-38.51450280001227 -3.729407414411307);
JZE2457;2021-06-23 01:00:00;Rua SUECIA;RUA EQUADOR;;ITAPERI;967930;Choque c/ Obstáculo Fixo;Mal Iluminada;Bom;Seca;Cruz;Outros;Cruzamento;0;0;1;0;1;0;0;0;0;0;0;0;0;(-38.55636128141393 -3.783830347249562);
BEU2429;2021-07-25 11:32:00;Avenida Edilson Brasil Soares;;;EDSON QUEIROZ;963810;Colisão Lateral;Luz do Dia;Bom;Seca;Meio de quadra;Outros;Longo da via;0;1;1;1;1;0;0;0;0;0;0;0;0;(-38.47277298934362 -3.788738697891484);
TYN5418;2021-06-22 11:40:00;Rua Seixas Correia;AV AUGUSTO DOS ANJOS;;PARANGABA;967790;Colisão Transversal;Luz do Dia;Bom;Seca;Cruz;Semáforo;Cruzamento;0;1;1;1;1;0;0;0;0;0;0;0;0;(-38.578429 -3.7793644);
VKK7560;2021-06-22 11:10:00;Rua Almeida Prado;RUA VILEBALDO AGUIAR;;PAPICU;967747;Colisão Frontal;Luz do Dia;Nublado;Seca;Cruz;Pare;Cruzamento;0;1;1;0;1;0;0;0;0;1;0;0;0;(-38.4754331 -3.7445182);
EIE9245;2021-06-22 19:00:00;Avenida Carlos Amora;RUA PEDRO II;;PARANGABA;967688;Atropelamento;Luz do Dia;Bom;Seca;Cruz;Não há Controle;Cruzamento;0;1;1;0;0;0;0;1;0;0;0;0;0;(-38.5635095 -3.7753678);
VJO9310;2021-06-22 19:28:00;Rua 24 de Maio;RUA METON DE ALENCAR;;CENTRO;967678;Colisão Lateral;Luz do Dia;Bom;Seca;Cruz;Pare;Cruzamento;0;0;2;0;1;0;0;1;0;0;0;0;0;(-38.5338568 -3.7326284);
FVT8082;2021-06-22 10:15:00;Rua José Messías Matos;;;DIAS MACEDO;967512;Colisão Lateral;Não informado;Bom;Molhada;Meio de quadra;Não informado;Longo da via;0;1;1;1;1;0;0;0;0;0;0;0;0;(-38.5172661 -3.7994228);
VVL5768;2021-03-20 22:00:00;Avenida Engenheiro Santana Júnior;;;PAPICU;VVL5768;Atropelamento;Não informado;Não informado;Não informado;Não informado;Não informado;Longo da via;1;1;0;1;0;0;0;0;0;0;0;0;0;(-38.4816158 -3.7354447);
APT7989;2021-06-22 23:00:00;Rua Soriano Albuquerque;;;JOAQUIM TVORA;966448;Colisão Traseira;Via Iluminada;Bom;Seca;Meio de quadra;Semáforo;Longo da via;0;0;2;0;1;0;1;0;0;0;0;0;0;(-38.5210331 -3.7474287);
ZKZ0929;2021-03-12 17:00:00;Rua Major Weyne;;;MONTESE;ZKZ0929;Atropelamento;Não informado;Não informado;Não informado;Meio de quadra;Não informado;Longo da via;1;0;1;0;1;0;0;0;0;0;0;0;0;(-38.54066389605523 -3.751940572373201);
SCB7269;2021-07-22 17:06:00;Avenida Senador Fernandes Távora;RUA PDE SA LEITAO;;HENRIQUE JORGE;968260;Atropelamento;Luz do Dia;Bom;Seca;Meio de quadra;Semáforo;Cruzamento;0;1;1;0;0;0;0;1;0;0;0;0;0;(-38.58146682840143 -3.762551810302658);
OXN2472;2021-06-21 16:50:00;Rua Gustavo Sampaio;RUA PEDRO DE QUEIROZ;;PARQUELANDIA;967975;Colisão Transversal;Luz do Dia;Bom;Seca;Cruz;Pare;Cruzamento;0;1;1;0;2;0;0;0;0;0;0;0;0;(-38.5605856 -3.7360937);
ATT0706;2021-06-21 12:10:00;Avenida Senador Virgílio Távora;;;MEIRELES;967912;Queda;Luz do Dia;Bom;Molhada;Meio de quadra;Semáforo;Longo da via;0;1;0;1;0;0;0;0;0;0;0;0;0;(-38.49075451177668 -3.729171963462646);
LFK3002;2021-07-22 17:05:00;Avenida Godofredo Maciel;;;MARAPONGA;968256;Colisão Transversal;Não informado;Bom;Seca;Meio de quadra;Semáforo;Longo da via;0;0;0;1;1;0;0;0;0;0;0;0;0;(-38.57247606706763 -3.804657463077143);
YMT0458;2021-06-21 08:50:00;Rua José de Pontes;AV BEZERRA DE MENEZES;;PRESIDENTE KENNEDY;967906;Colisão Transversal;Amanhecer;Nublado;Seca;T;Semáforo;Cruzamento;0;0;2;1;0;1;0;0;0;0;0;0;0;(-38.5683428 -3.7365343);
YMT0458;2021-06-21 16:50:00;Rua Antônio Pompeu;;;CENTRO;967823;Colisão Transversal;Luz do Dia;Bom;Seca;Meio de quadra;Não há Controle;Longo da via;0;1;1;1;1;0;0;0;0;0;0;0;0;(-38.53384156548051 -3.733802347803875);
LFK3002;2021-07-22 07:30:00;Avenida Augusto dos Anjos;RUA TAQUARA D72;;VILA PERY;968180;Colisão Frontal;Amanhecer;Bom;Seca;T;Pare;Longo da via;0;0;1;0;1;0;0;1;0;0;0;0;0;(-38.58213574282848 -3.783628783701448);
OBE9964;2021-07-22 22:00:00;Avenida Bernardo Manuel;;;SERRINHA;968178;Colisão Lateral;Via Iluminada;Bom;Seca;Meio de quadra;Semáforo;Cruzamento;0;0;0;2;0;0;0;0;0;0;0;0;0;(-38.54815379454768 -3.787887702769253);
WXK1007;2021-07-22 23:45:00;Avenida Independência;RUA EMILIA GONCALVES;;QUINTINO CUNHA;968107;Colisão Transversal;Via Iluminada;Bom;Seca;Cruz;Pare;Longo da via;0;1;1;1;1;0;0;0;0;0;0;0;0;(-38.59605268219732 -3.725462285345033);
JHM7899;2021-07-22 17:45:00;Avenida Santos Dumont;RUA SILVA PAULET;;ALDEOTA;967584;Colisão Transversal;Luz do Dia;Bom;Seca;Cruz;Pare;Longo da via;0;1;1;1;1;0;0;0;0;0;0;0;0;(-38.50514725262254 -3.734027175092682);