COD_ACIDENTE;DATA;LOG1;LOG2;NUMERO;BAIRRO;AMC;NATUREZA;ILUMINACAO;TEMPO;SUPERFICIEPISTA;TIPOCRUZAMENTO;CONTROLETRAFEGO;USOSOLO;MORTOS;FERIDOS;ILESOS;MOTOCICLETA;AUTOMOVEL;MICROONIBUS;CAMINHAO;ONIBUS;CICLOMOTOR;BICICLETA;OUTROS;TREM;TRACAOANIMAL;COORDENADAS
TQD3715;2021-07-22 17:00:00;Avenida I;AV F CJ JOSE WALTER;;PREFEITO JOSE VALTER;966871;Colisão Lateral;Luz do Dia;Bom;Seca;T;Pare;Cruzamento;0;1;1;1;1;0;0;0;0;0;0;0;0;(-38.55422095227768 -3.836713641740221);
OAE5437;2021-07-22 04:30:00;Rua Castro e Silva;RUA FLORIANO PEIXOTO;;CENTRO;966365;Colisão Lateral;Não informado;Bom;Não informado;Cruz;Não informado;Cruzamento;0;1;0;0;2;0;0;0;0;0;0;0;0;(-38.52627234396022 -3.724241781765213);
FUG9747;2021-06-21 14:10:00;Rua Safira;RUA BAR CRATO;;VILA ELLERY;967616;Colisão Transversal;Luz do Dia;Bom;Seca;Cruz;Pare;Cruzamento;0;1;1;1;1;0;0;0;0;0;0;0;0;(-38.5646328 -3.7225925);
BZA0131;2021-07-22 11:10:00;Rua Araripe Prata;;;PARANGABA;925713;Choque c/ Obstáculo Fixo;Luz do Dia;Bom;Seca;Meio de quadra;Não há Controle;Longo da via;0;0;0;0;1;0;0;0;0;0;0;0;0;(-38.5701233 -3.7736402);
TCM8263;2021-06-21 14:15:00;Avenida Duque de Caxias;RUA MAJ FACUNDO;;CENTRO;967578;Colisão;Luz do Dia;Bom;Seca;Cruz;Semáforo;Cruzamento;0;1;1;1;1;0;0;0;0;0;0;0;0;(-38.5292949 -3.7319486);
ZIQ1538;2021-06-22 11:00:00;RUA PROF HERIBALDO COSTA;AV SEN FERNANDES TAVORA;;HENRIQUE JORGE;967679;Colisão Transversal;Luz do Dia;Bom;Seca;Cruz;Semáforo;Longo da via;0;3;0;3;0;0;0;0;0;0;0;0;0;(-38.58436361695247 -3.760957854964943);
DPH7677;2021-06-21 17:10:00;Rua Pereira de Miranda;RUA JOSE BORBA VASCONCELOS;;PAPICU;967126;Colisão Transversal;Luz do Dia;Bom;Seca;Cruz;Pare;Cruzamento;0;1;1;0;1;0;0;0;1;0;0;0;0;(-38.4710107 -3.7432809);
XDC5197;2021-06-21 22:00:00;Avenida Presidente Costa e Silva;;;PREFEITO JOSE VALTER;967125;Colisão Transversal;Via Iluminada;Bom;Seca;Meio de quadra;Não há Controle;Longo da via;0;0;2;0;2;0;0;0;0;0;0;0;0;(-38.54694676366216 -3.823519885618708);
FIO8700;2021-06-20 10:20:00;Rua Cônego de Castro;RUA TULIPA NEGRA;;PARQUE SANTA ROSA;963999;Colisão Lateral;Luz do Dia;Bom;Seca;T;Não há Controle;Cruzamento;0;1;1;0;1;0;0;0;1;0;0;0;0;(-38.6007239 -3.8173431);
MLE7214;2021-07-21 11:20:00;Rua 24 de Maio;RUA METON DE ALENCAR;;CENTRO;968169;Colisão Transversal;Luz do Dia;Bom;Seca;Cruz;Pare;Cruzamento;0;1;0;1;0;0;0;1;0;0;0;0;0;(-38.5338568 -3.7326284);
BDH2459;2021-06-20 07:00:00;Rua Barão de Sobral;RUA ALBERTO MAGNO;;ITAOCA;967894;Colisão Transversal;Via Iluminada;Bom;Seca;Cruz;Semáforo;Cruzamento;0;0;2;0;2;0;0;0;0;0;0;0;0;(-38.5524475 -3.767993199999999);
TTY4007;2021-07-21 15:20:00;Avenida Barão de Studart;RUA COSTA BARROS;;ALDEOTA;968106;Colisão Transversal;Não informado;Bom;Seca;Cruz;Semáforo;Cruzamento;0;1;2;1;2;0;0;0;0;0;0;0;0;(-38.50587681347459 -3.732324909902498);
MIR1587;2021-06-20 15:35:00;Rua Silva Paulet;RUA DOM EXPEDITO LOPES;;ALDEOTA;967776;Colisão Transversal;Luz do Dia;Bom;Seca;Cruz;Semáforo;Cruzamento;0;1;1;1;1;0;0;0;0;0;0;0;0;(-38.5081509 -3.7428075);
HHF5063;2021-06-20 22:00:00;Rua Paurilo Barroso;RUA GAL ONOFRE;;JARDIM CEARENSE;967768;Colisão Transversal;Via Iluminada;Bom;Seca;T;Pare;Cruzamento;0;1;1;1;1;0;0;0;0;0;0;0;0;(-38.5702933 -3.8028921);
VQB9615;2021-06-20 17:00:00;Rua Suiça;RUA JOAO AREAS;;MANOEL SATIRO;967613;Colisão Transversal;Luz do Dia;Bom;Seca;Cruz;Não há Controle;Cruzamento;0;1;2;0;2;0;0;0;0;0;0;0;0;(-38.5784526 -3.7939276);
BXS7954;2021-07-22 01:30:00;Rua Professor Edgard de Arruda;RUA MANAUS;;DOM LUSTOSA;967785;Capotamento;Via Iluminada;Bom;Seca;Cruz;Pare;Longo da via;0;1;1;0;2;0;0;0;0;0;0;0;0;(-38.5835643233576 -3.758907705182329);
KNO1892;2021-06-21 00:30:00;RUA PROF COSTA MENDES;AV JOAO PESSOA;;DAMAS;967106;Colisão Transversal;Via Iluminada;Bom;Seca;Cruz;Semáforo;Cruzamento;0;1;1;0;1;0;0;1;0;0;0;0;0;(-38.5494485 -3.7523912);
QRS7886;2021-07-24 18:44:00;Avenida Santos Dumont;;;ALDEOTA;967717;Colisão Lateral;Luz do Dia;Bom;Seca;Meio de quadra;Não informado;Longo da via;0;1;1;1;1;0;0;0;0;0;0;0;0;(-38.5130222070305 -3.731463069978926);
NBY6033;2021-07-24 16:30:00;Rua Manoel Monteiro;;;CIDADE DOS FUNCIONRAIOS;967716;Colisão Transversal;Luz do Dia;Bom;Seca;Não informado;Pare;Cruzamento;0;1;1;1;1;0;0;0;0;0;0;0;0;(-38.4941209 -3.7924994);
OPD5767;2021-06-21 00:45:00;Avenida Luiz Vieira;;;SIQUEIRA;967099;Colisão Traseira;Via Iluminada;Bom;Seca;Meio de quadra;Semáforo Manual;Longo da via;0;0;1;0;2;0;0;0;0;0;0;0;0;(-38.5888279 -3.7907549);
OPD5767;2021-06-19 18:30:00;Rua Alberto Magno;RUA DULCINEIA GONDIM;;MONTESE;967956;Colisão Lateral;Luz do Dia;Bom;Seca;Cruz;Pare;Cruzamento;0;1;1;1;1;0;0;0;0;0;0;0;0;(-38.5451398 -3.7593038);
CDN7177;2021-06-19 13:30:00;Avenida Antônio Sales;AV SEN VIRGILIO TAVORA;;DIONISIO TORRES;967911;Colisão Transversal;Luz do Dia;Bom;Seca;Cruz;Semáforo;Cruzamento;0;1;2;1;2;0;0;0;0;0;0;0;0;(-38.4964928 -3.7472672);
PVC2989;2021-07-21 15:30:00;Avenida Governador Raul Barbosa;;;AEROLANDIA;967583;Colisão Lateral;Luz do Dia;Bom;Seca;Rotatória;Dê Preferência;Cruzamento;0;1;1;1;1;0;0;0;0;0;0;0;0;(-38.51363294811483 -3.777945675989378);
QEC6787;2021-07-21 17:00:00;Rua XX;RUA EMILIA GONCALVES;;QUINTINO CUNHA;967537;Colisão Lateral;Via Iluminada;Bom;Seca;T;Não há Controle;Cruzamento;0;1;1;1;1;0;0;0;0;0;0;0;0;(-38.59397665406185 -3.730975942691609);
ODD1329;2021-06-20 00:45:00;Rua Amazonas;RUA ESPIRITO SANTO;;BELA VISTA;967759;Colisão Lateral;Via Iluminada;Bom;Seca;Cruz;Pare;Cruzamento;0;1;3;0;4;0;0;0;0;0;0;0;0;(-38.5672153 -3.7513791);
VEV7463;2021-07-21 21:30:00;Rua Eugênio Gadelha;RUA BAR CANINDE;;MONTESE;96935;Colisão Transversal;Via Iluminada;Bom;Seca;Cruz;Pare;Longo da via;0;1;0;2;0;0;0;0;0;0;0;0;0;(-38.5513992674557 -3.760915032042282);
YYB8200;2021-06-19 22:00:00;Avenida Augusto dos Anjos;RUA ABEL RIBEIRO;;BONSUCESSO;967758;Colisão Traseira;Via Iluminada;Bom;Seca;T;Pare;Cruzamento;0;1;0;1;0;0;0;0;0;0;1;0;0;(-38.5790367 -3.7800116);
CMK8732;2021-06-19 15:30:00;Avenida Professor Gomes de Matos;;;MONTESE;967746;Colisão Lateral;Luz do Dia;Bom;Seca;Meio de quadra;Semáforo;Longo da via;0;0;2;0;2;0;0;0;0;0;0;0;0;(-38.5428282 -3.7577866);
XIB2921;2021-06-20 01:22:00;Avenida Governador Parsifal Barroso;;;PRESIDENTE KENNEDY;967039 ;Colisão Traseira;Via Iluminada;Bom;Seca;Meio de quadra;Não há Controle;Longo da via;0;1;1;1;1;0;0;0;0;0;0;0;0;(-38.5691076 -3.7320742);
NYZ1089;2021-07-21 11:13:00;Rua Alan Kardec;;;MONTESE;963812;Colisão Lateral;Não informado;Bom;Seca;Meio de quadra;Outros;Longo da via;0;2;1;1;0;0;1;0;0;0;0;0;0;(-38.54894772161331 -3.765539895528097);
AGR6450;2021-07-20 12:20:00;Avenida A;;;CONJUNTO CEARA I;968211;Colisão Traseira;Luz do Dia;Nublado;Seca;Não informado;Não informado;Longo da via;0;1;1;1;0;0;0;1;0;0;0;0;0;(-38.6042173 -3.7693333);
KPZ6781;2021-07-20 19:30:00;Avenida Duque de Caxias;;;CENTRO;967986;Colisão Traseira;Luz do Dia;Bom;Seca;Não informado;Não há Controle;Longo da via;0;1;1;1;1;0;0;0;0;0;0;0;0;(-38.52836982085383 -3.732260673415613);
QHU2581;2021-07-20 15:15:00;Rua República do Líbano;RUA BARBOSA DE FREITAS;;ALDEOTA;967953;Colisão Transversal;Luz do Dia;Bom;Seca;Cruz;Pare;Longo da via;0;1;0;1;1;0;0;0;0;0;0;0;0;(-38.49566832174148 -3.731634367422379);
MWA7944;2021-07-20 19:54:00;Rua Andrade Furtado;;;COCO;967922;Colisão Lateral;Via Iluminada;Não informado;Seca;Meio de quadra;Outros;Longo da via;0;1;1;1;1;0;0;0;0;0;0;0;0;(-38.478577294578 -3.746108880579947);
NTP9825;2021-07-20 21:21:00;Rua Braz de Francesco;;;PRESIDENTE KENNEDY;966403;Colisão Transversal;Via Iluminada;Bom;Seca;Meio de quadra;Não há Controle;Longo da via;0;2;0;1;1;0;0;0;0;0;0;0;0;(-38.56728866474596 -3.73471236266532);
GJS7081;2021-07-20 22:50:00;Rua Aluísio Azevedo;;;JOAO XXIII;966402;Colisão Frontal;Via Iluminada;Bom;Seca;Meio de quadra;Não há Controle;Longo da via;0;0;0;1;1;0;0;0;0;0;0;0;0;(-38.57612387156246 -3.771749164342557);
LVI6396;2021-07-19 10:40:00;Avenida Pontes Vieira;;;JOAQUIM TVORA;967520;Colisão Lateral;Não informado;Bom;Seca;Meio de quadra;Semáforo;Longo da via;0;0;1;0;2;0;0;0;0;0;0;0;0;(-38.5152645461996 -3.752976696435558);
SXK6247;2021-07-19 20:11:00;Rua Escrivão Pinheiro;RUA VIA FERREA;;SAO JOAO DO TAUAPE;967952;Colisão Lateral;Não informado;Bom;Não informado;Cruz;Não informado;Longo da via;0;0;0;1;1;0;0;0;0;0;0;0;0;(-38.5077688 -3.760069);
JLJ4115;2021-07-19 17:52:00;Avenida Duque de Caxias;AV IMPERADOR;;CENTRO;967809;Colisão Lateral;Luz do Dia;Bom;Seca;Cruz;Semáforo;Cruzamento;0;0;0;1;1;0;0;0;0;0;0;0;0;(-38.53517189329789 -3.730135513659896);
CEF9919;2021-07-19 22:00:00;Avenida Almirante Henrique Sabóia;RUA OLGA BARROSO;;MUCURIPE;967624;Atropelamento;Via Iluminada;Bom;Seca;T;Pare;Longo da via;0;0;0;0;1;0;0;0;0;1;0;0;0;(-38.48054603271083 -3.72600294647753);
RVU2975;2021-06-19 19:18:00;Rua Curitiba;RUA PRO HERIBALDO COSTA;;HENRIQUE JORGE;966861;Colisão Lateral;Luz do Dia;Bom;Seca;Cruz;Pare;Cruzamento;0;1;1;0;2;0;0;0;0;0;0;0;0;(-38.5896306 -3.7569024);
JDO9868;2021-07-19 13:35:00;Rua Pedro Pereira;;;CENTRO;967539;Colisão Lateral;Luz do Dia;Bom;Seca;Meio de quadra;Pare;Cruzamento;0;0;2;0;1;0;1;0;0;0;0;0;0;(-38.53218391972722 -3.728508183823454);
DSK9335;2021-02-18 18:00:00;RUA PRISCO BEZERRA;RUA ARI BARROSO;;PAPICU;967971;Colisão Traseira;Luz do Dia;Bom;Seca;Rotatória;Não há Controle;Cruzamento;0;1;1;1;1;0;0;0;0;0;0;0;0;(-38.46912 -3.74164);
VDQ9993;2021-07-19 10:40:00;Avenida General Osório de Paiva;RUA EDUARDO PERDIGAO;;PARANGABA;968179;Colisão Transversal;Luz do Dia;Bom;Seca;Cruz;Semáforo;Cruzamento;0;0;1;1;1;0;0;0;0;0;0;0;0;(-38.56533602010177 -3.774800254320185);
TGD0907;2021-06-18 11:00:00;Avenida Oliveira Paiva;;;CIDADE DOS FUNCIONRAIOS;967871;Colisão Lateral;Luz do Dia;Chuva;Molhada;Meio de quadra;Não há Controle;Longo da via;0;1;1;1;1;0;0;0;0;0;0;0;0;(-38.495299 -3.7950852);
IMX4844;2021-06-18 08:30:00;Rua Vitória;RUA PORTO ALEGRE;;HENRIQUE JORGE;966582;Colisão Transversal;Luz do Dia;Chuva;Molhada;Cruz;Pare;Cruzamento;0;1;1;1;0;0;0;1;0;0;0;0;0;(-38.5869471 -3.7621938);
QUR9632;2021-07-19 01:30:00;Rua Júlio Braga;AV AUGUSTO DOS ANJOS;;PARANGABA;968172;Colisão Transversal;Via Iluminada;Bom;Seca;Cruz;Semáforo;Cruzamento;0;0;2;0;2;0;0;0;0;0;0;0;0;(-38.57634917688513 -3.776711194689288);
JXQ4113;2021-07-19 01:40:00;Rua Capitão Theogenes Gondim;;;BONSUCESSO;968171;Choque c/ Obstáculo Fixo;Via Iluminada;Bom;Seca;Duplo T;Pare;Longo da via;0;0;2;0;2;0;0;0;0;0;0;0;0;(-38.58554915099126 -3.777562284424026);
FPD9934;2021-06-19 02:35:00;Avenida João de Araújo Lima;;;PREFEITO JOSE VALTER;964231;Colisão Traseira;Via Iluminada;Chuva;Molhada;Meio de quadra;Semáforo;Longo da via;0;1;1;1;1;0;0;0;0;0;0;0;0;(-38.56112495570165 -3.834224774310911);
XNG1077;2021-07-18 20:16:00;Rua Doutor José Lourenço;RUA PDE VALDEVINO;;ALDEOTA;966934;Colisão Transversal;Via Iluminada;Bom;Seca;Cruz;Semáforo;Cruzamento;0;1;1;0;2;0;0;0;0;0;0;0;0;(-38.50991085489468 -3.741376854497952);
SUW1903;2021-06-18 11:10:00;Rua Doutor Pedro Teles;RUA LAURO MAIA;;JOSE BONIFACIO;925710;Colisão Lateral;Luz do Dia;Chuva;Molhada;Cruz;Pare;Cruzamento;0;1;1;0;2;0;0;0;0;0;0;0;0;(-38.5229514 -3.7469345);
HZV9930;2021-06-17 17:20:00;Rua Melvin Jones;RUA SENA MADUREIRA;;CENTRO;967946;Atropelamento;Luz do Dia;Bom;Seca;T;Não há Controle;Cruzamento;0;1;1;0;1;0;0;0;0;0;0;0;0;(-38.5257164 -3.7290085);
DGX6788;2021-07-18 00:09:00;Avenida Antônio Sales;RUA PRO DIAS DA ROCHA;;MEIRELES;968195;Colisão Transversal;Via Iluminada;Bom;Seca;Cruz;Não informado;Cruzamento;0;1;1;1;1;0;0;0;0;0;0;0;0;(-38.49555549999999 -3.7475843);
GTX4982;2021-06-17 11:10:00;Avenida Presidente Juscelino Kubitschek;;;PASSARE;967941;Colisão Traseira;Luz do Dia;Bom;Seca;Meio de quadra;Não há Controle;Longo da via;0;1;1;1;1;0;0;0;0;0;0;0;0;(-38.5335196647428 -3.819098727564834);
DGY8066;2021-07-17 18:50:00;Rua Coronel Matos Dourado;;;ANTONIO BEZERRA;967781;Colisão Traseira;Luz do Dia;Bom;Seca;Meio de quadra;Gesto;Longo da via;0;0;2;1;1;0;0;0;0;0;0;0;0;(-38.58533996613379 -3.738116880483616);
QLU4379;2021-06-17 15:50:00;Rua Fausto Cabral;;;PAPICU;967905;Colisão Traseira;Luz do Dia;Bom;Seca;Meio de quadra;Não há Controle;Longo da via;0;0;2;0;2;0;0;0;0;0;0;0;0;(-38.47768142644556 -3.733352693053559);
GXU1614;2021-06-17 16:00:00;Avenida Ministro Albuquerque Lima;;;CONJUNTO CEARA I;967868;Colisão Lateral;Luz do Dia;Bom;Seca;Meio de quadra;Não há Controle;Longo da via;0;0;2;0;2;0;0;0;0;0;0;0;0;(-38.5996684 -3.7705682);
UDY8346;2021-07-19 12:00:00;Avenida Luciano Carneiro;RUA ARMANDO MONTEIRO;;PARREAO;967710;Colisão Lateral;Luz do Dia;Bom;Seca;Cruz;Semáforo;Cruzamento;0;0;2;0;1;0;1;1;0;0;0;0;0;(-38.53626624184789 -3.763404110928162);
XMR1806;2021-06-17 13:20:00;Avenida Presidente Costa e Silva;;;JANGURUSSU;967852;Capotamento;Luz do Dia;Bom;Seca;Meio de quadra;Não há Controle;Longo da via;0;0;1;0;1;0;0;0;0;0;0;0;0;(-38.5612493 -3.8196094);
ESJ0551;2021-06-17 22:30:00;AV SILVA PAULET;AV SANTOS DUMONT;;ALDEOTA;967843;Colisão Lateral;Via Iluminada;Bom;Seca;Cruz;Pare;Cruzamento;0;1;1;1;1;0;0;0;0;0;0;0;0;(-38.5052598 -3.7339893);
KXJ4027;2021-06-17 11:00:00;Rua Nogueira Acioli;AV ANTONIO SALES;;JOAQUIM TVORA;967801;Colisão;Luz do Dia;Bom;Seca;Não informado;Semáforo;Cruzamento;0;3;1;2;1;0;0;0;0;0;0;0;0;(-38.5203181 -3.739861);
LPK4072;2021-06-17 17:20:00;Rua República do Líbano;RUA 8 DE SETEMBRO;;VARJOTA;967752;Colisão Transversal;Luz do Dia;Bom;Seca;Cruz;Pare;Cruzamento;0;1;1;1;0;0;1;0;0;0;0;0;0;(-38.48710671502294 -3.733738111425078);
YZG7199;2021-06-17 19:30:00;Rua Joaquim Tôrres;RUA ILDEFONSO ALBANO;;JOAQUIM TVORA;967700;Colisão Lateral;Anoitecer;Bom;Seca;Cruz;Pare;Cruzamento;0;1;1;1;1;0;0;0;0;0;0;0;0;(-38.5161793 -3.7419656);
LYB1462;2021-07-17 16:50:00;Rua Argentina;RUA 21 DE ABRIL D27;;BELA VISTA;967426;Colisão Transversal;Não informado;Bom;Não informado;Cruz;Não informado;Cruzamento;0;1;1;2;0;0;0;0;0;0;0;0;0;(-38.56363013610662 -3.746553175832912);
JEI3165;2021-06-17 13:15:00;RUA JOSE FURTADO;AV OLIVEIRA PAIVA;;CIDADE DOS FUNCIONRAIOS;967527;Colisão Traseira;Luz do Dia;Bom;Seca;Cruz;Semáforo;Cruzamento;0;0;2;0;2;0;0;0;0;0;0;0;0;(-38.4880989 -3.7962466);
JHQ3589;2021-06-17 23:50:00;Rua Barão de Aracati;RUA PEREIRA FILGUEIRAS;;ALDEOTA;967100;Colisão Transversal;Via Iluminada;Bom;Seca;Não informado;Pare;Cruzamento;0;1;1;1;1;0;0;0;0;0;0;0;0;(-38.5106964 -3.7290731);
BHI5929;2021-06-18 00:00:00;Rua Joaquim Felício;;;MESSEJANA;966876;Choque c/ Obstáculo Fixo;Via Iluminada;Bom;Seca;Meio de quadra;Gesto;Longo da via;0;0;1;0;2;0;0;0;0;0;0;0;0;(-38.488288 -3.830617);
GTU7500;2021-06-17 21:50:00;Rua Tenente Jurandir Alencar;RUA CEL FRANCISCO PEREIRA (MESSEJANA);;MESSEJANA;966875;Colisão Transversal;Via Iluminada;Bom;Seca;Cruz;Semáforo;Cruzamento;0;1;1;1;1;0;0;0;0;0;0;0;0;(-38.49295559999999 -3.8317674);
YHR2213;2021-07-18 00:30:00;Avenida Américo Barreira;;;PARANGABA;967310;Colisão Traseira;Anoitecer;Bom;Seca;Outros;Não há Controle;Longo da via;0;0;1;1;1;0;0;0;0;0;0;0;0;(-38.55412438055507 -3.753795691918668);
OSE0906;2021-06-16 12:00:00;Avenida Jovita Feitosa;RUA GAL PIRAGIBE;;PARQUELANDIA;967815;Colisão Traseira;Luz do Dia;Nublado;Molhada;Cruz;Semáforo Intermitente;Cruzamento;0;0;2;0;2;0;0;0;0;0;0;0;0;(-38.5575033 -3.7401072);
HPF8745;2021-07-17 17:45:00;Rua Alfredo Mamede;;;CONJUNTO ESPERANCA;966878;Colisão Transversal;Luz do Dia;Bom;Seca;Meio de quadra;Não informado;Longo da via;0;1;0;0;1;0;0;0;0;1;0;0;0;(-38.58156875422064 -3.809774612585876);
MNL9069;2021-07-17 05:35:00;Avenida Presidente Costa e Silva;RUA BERNARDO MANUEL;;PREFEITO JOSE VALTER;966498;Atropelamento;Via Iluminada;Bom;Seca;Cruz;Semáforo;Longo da via;0;0;0;0;1;0;0;0;0;1;0;0;0;(-38.55827109047054 -3.821041684818776);
RAE8533;2021-06-16 18:40:00;Rua Des.Frota;RUA ANTONIO COSTA MENDES (PQ SÃO JOSÉ);;PARQUE SAO JOSE;RAE8533;Colisão Transversal;Luz do Dia;Bom;Seca;Cruz;Pare;Cruzamento;0;1;1;0;0;0;0;1;0;0;1;0;0;(-38.5888278 -3.7954283);
HEP1820;2021-07-18 01:38:00;Rua Martins Neto;;;ANTONIO BEZERRA;960592;Colisão Frontal;Via Iluminada;Chuva;Molhada;Meio de quadra;Pare;Longo da via;0;1;1;1;1;0;0;0;0;0;0;0;0;(-38.5893153 -3.7404126);
CHX1053;2021-06-17 02:00:00;Rua Padre Valdevino;AV RUI BARBOSA;;ALDEOTA;967668;Colisão Lateral;Via Iluminada;Nublado;Não informado;Cruz;Não informado;Cruzamento;0;1;1;0;1;0;0;1;0;0;0;0;0;(-38.51145581268256 -3.740809437889178);
ICU4463;2021-07-16 10:00:00;Avenida Jornalista Tomaz Coelho;RUA IRMAOS FONTENELE;;MESSEJANA;968201;Colisão Transversal;Luz do Dia;Bom;Seca;T;Não há Controle;Longo da via;0;0;0;1;1;0;0;0;0;0;0;0;0;(-38.51035340000001 -3.8297106);
UDH6720;2021-07-16 17:03:00;Rua Valdetário Mota;RUA VILEBALDO AGUIAR;;COCO;968011;Colisão Transversal;Luz do Dia;Bom;Seca;Cruz;Pare;Longo da via;0;1;1;1;1;0;0;0;0;0;0;0;0;(-38.48388270189825 -3.741976388628743);
HQI2694;2021-07-16 18:15:00;Rua Historiador Guarino Alves;AV HIS RAIMUNDO GIRAO;;PARQUE IRACEMA;967780;Colisão Lateral;Luz do Dia;Bom;Seca;Não informado;Pare;Longo da via;0;0;1;1;1;0;0;0;0;0;0;0;0;(-38.51461008696539 -3.720532082866085);
XJS6711;2021-07-16 21:30:00;Rua Padre Pedro de Alencar;;;MESSEJANA;966933;Colisão Transversal;Via Iluminada;Bom;Seca;Cruz;Semáforo;Cruzamento;0;0;1;1;1;0;0;0;0;0;0;0;0;(-38.4941180190056 -3.83752185304508);
RSO1177;2021-07-15 13:10:00;Avenida Bernardo Manuel;;;PREFEITO JOSE VALTER;968185;Colisão Lateral;Luz do Dia;Bom;Seca;T;Pare;Cruzamento;0;1;1;1;1;0;0;0;0;0;0;0;0;(-38.56509999274582 -3.842601256250199);
FJJ0029;2021-07-15 12:05:00;Avenida Bernardo Manuel;;;ITAPERI;968184;Colisão Lateral;Luz do Dia;Bom;Seca;Duplo T;Não há Controle;Longo da via;0;1;1;1;1;0;0;0;0;0;0;0;0;(-38.55595365836299 -3.813842551193465);
LKH4079;2021-07-15 20:30:00;Avenida Heróis do Acre;;;PASSARE;968173;Colisão Transversal;Luz do Dia;Bom;Seca;Duplo T;Outros;Longo da via;0;0;0;1;1;0;0;0;0;0;0;0;0;(-38.53482857711217 -3.803180229150845);
WDX7262;2021-07-16 00:00:00;Rua Emílio de Menezes;;;BONSUCESSO;968139;Colisão Traseira;Anoitecer;Bom;Seca;Meio de quadra;Semáforo;Longo da via;0;0;1;1;2;0;0;0;0;0;0;0;0;(-38.58958855659481 -3.78114327548154);
NGB0055;2021-07-05 19:00:00;Rua Rio Grande do Sul;RUA PERNAMBUCO;;DEMOCRITO ROCHA;968130;Atropelamento;Luz do Dia;Bom;Seca;Cruz;Pare;Cruzamento;0;0;0;0;1;0;0;0;0;1;0;0;0;(-38.5684956670129 -3.760144219074677);
SXJ0765;2021-07-15 16:50:00;Rua José Sombra;AV JOVITA FEITOSA;;PARQUE ARAXA;967549;Colisão Frontal;Luz do Dia;Bom;Seca;T;Semáforo;Cruzamento;0;1;1;1;1;0;0;0;0;0;0;0;0;(-38.54631916193945 -3.737661874936329);
JVJ2500;2021-06-16 09:00:00;Avenida Filomeno Gomes;;;JACARECANGA;967290;Colisão;Luz do Dia;Bom;Seca;Com via férrea;Cancela;Longo da via;0;0;0;0;1;0;0;0;0;0;0;1;0;(-38.5414322 -3.7200583);
MEY7549;2021-06-16 22:00:00;Rua Cônego de Castro;;;CANINDEZINHO;967038;Colisão Lateral;Via Iluminada;Bom;Seca;Meio de quadra;Não informado;Longo da via;0;1;1;1;1;0;0;0;0;0;0;0;0;(-38.599118 -3.815509);
YMY8929;2021-07-14 10:00:00;Avenida Eduardo Girão;;;FATIMA;967749;Choque c/ Obstáculo Fixo;Luz do Dia;Bom;Seca;Meio de quadra;Semáforo;Longo da via;0;0;1;0;1;0;0;0;0;0;0;0;0;(-38.53136316142289 -3.753704692458468);
NFU4926;2021-07-14 16:50:00;Avenida da Universidade;AV DOMINGOS OLIMPIO;;CENTRO;967720;Colisão Traseira;Luz do Dia;Bom;Não informado;Meio de quadra;Semáforo;Cruzamento;0;0;0;0;2;0;0;0;0;0;0;0;0;(-38.53428677276781 -3.735702671883702);
INH9762;2021-06-16 18:00:00;Avenida GOMES BRASIL;AV AUGUSTO DOS ANJOS;;PARANGABA;966616;Colisão Lateral;Luz do Dia;Bom;Seca;Cruz;Semáforo;Cruzamento;0;1;1;1;1;0;0;0;0;0;0;0;0;(-38.5704451 -3.7702252);
VYO4787;2021-07-14 13:30:00;Rua Joaquim Moreira;;;PARANGABA;967689;Colisão Frontal;Luz do Dia;Bom;Seca;Meio de quadra;Não há Controle;Longo da via;0;1;1;1;1;0;0;0;0;0;0;0;0;(-38.56304541876379 -3.771561816363208);
KCF9696;2021-06-16 22:20:00;Avenida Antônio Sales;;;DIONISIO TORRES;964712;Colisão Traseira;Via Iluminada;Bom;Seca;Meio de quadra;Semáforo;Longo da via;0;1;1;1;1;0;0;0;0;0;0;0;0;(-38.50888088897874 -3.743421692435671);
LXI6230;2021-07-19 12:20:00;Avenida Bernardo Manuel;;;ITAPERI;967656;Colisão Lateral;Não informado;Bom;Seca;Meio de quadra;Não há Controle;Longo da via;0;1;1;0;0;0;0;1;0;0;0;0;0;(-38.55115251126368 -3.798014950391038);
CWD2743;2021-06-16 15:45:00;Rua Raimundo Arruda;AV BEZERRA DE MENEZES;;PARQUE ARAXA;CWD2743;Colisão Frontal;Luz do Dia;Nublado;Seca;Cruz;Semáforo;Cruzamento;0;1;1;1;0;0;0;1;0;0;0;0;0;(-38.55216220000001 -3.7332317);
HKS1777;2021-06-16 11:29:00;Avenida Tristão Gonçalves;;;CENTRO;953926;Colisão Transversal;Luz do Dia;Chuva;Molhada;Meio de quadra;Não há Controle;Longo da via;0;1;1;1;1;0;0;0;0;0;0;0;0;(-38.53320851981766 -3.727234153757225);
UQR5592;2021-06-15 20:07:00;Rua Joaquim Frota;;;SAPIRANGA / COITE;967828;Colisão Frontal;Luz do Dia;Bom;Seca;Meio de quadra;Não há Controle;Longo da via;0;1;1;1;1;0;0;0;0;0;0;0;0;(-38.469213 -3.8011749);
XWU5831;2021-06-15 22:30:00;AV L;;;VILA VELHA;767767;Colisão Transversal;Via Iluminada;Bom;Seca;Meio de quadra;Pare;Longo da via;0;1;1;1;1;0;0;0;0;0;0;0;0;(-38.6001126 -3.7139419);
NFS0316;2021-07-14 21:20:00;Avenida da Abolição;;;MEIRELES;967366;Colisão Traseira;Via Iluminada;Bom;Seca;Meio de quadra;Não há Controle;Longo da via;0;0;0;0;2;0;0;0;0;0;0;0;0;(-38.49609748339412 -3.72708426774574);
XDA7788;2021-06-15 19:30:00;Rua Nova Conquista;RUA ACESSO A;;GRANJA LISBOA;967562;Colisão Transversal;Luz do Dia;Bom;Seca;Cruz;Não há Controle;Cruzamento;0;1;1;1;1;0;0;0;0;0;0;0;0;(-38.6271519 -3.7871604);
CKZ1434;2021-07-14 16:20:00;Avenida Lineu Machado;AV SEN FERNANDES TAVORA;;JOQUEI CLUBE;966811;Colisão Lateral;Luz do Dia;Bom;Seca;Cruz;Semáforo;Longo da via;0;1;1;1;0;0;0;1;0;0;0;0;0;(-38.5765023 -3.7652475);
HRB6644;2021-06-16 00:05:00;Rua Carlos Gomes;RUA EUSEBIO DE SOUZA;;JOSE BONIFACIO;967215;Colisão Lateral;Via Iluminada;Bom;Seca;Cruz;Pare;Cruzamento;0;2;1;1;1;0;0;0;0;0;0;0;0;(-38.5267499 -3.7414731);
HOB3541;2021-07-14 16:30:00;Rua Alberto Magno;;;MONTESE;966587;Colisão Lateral;Luz do Dia;Bom;Seca;Meio de quadra;Não há Controle;Cruzamento;0;0;1;1;1;0;0;0;0;0;0;0;0;(-38.54879215349045 -3.763564696418544);
VGD7524;2021-06-15 16:30:00;Rua Monsenhor Catão;;;ALDEOTA;966869;Colisão Lateral;Luz do Dia;Bom;Seca;Meio de quadra;Não há Controle;Longo da via;0;1;1;1;0;0;0;0;0;1;0;0;0;(-38.4915298 -3.741686);
RJH8530;2021-07-14 11:15:00;Avenida Porto Velho;;;JOAO XXIII;963811;Colisão Traseira;Luz do Dia;Bom;Seca;Meio de quadra;Outros;Longo da via;0;0;1;1;1;0;0;0;0;0;0;0;0;(-38.59374061873022 -3.762349598805888);
SET3999;2021-06-15 13:00:00;Rua HUGO VITOR;;;ANTONIO BEZERRA;966154;Colisão Lateral;Luz do Dia;Bom;Seca;Meio de quadra;Não há Controle;Longo da via;0;1;1;1;1;0;0;0;0;0;0;0;0;(-38.591288 -3.7408424);
MXV4229;2021-07-13 12:40:00;Avenida José Jatahy;;;PARQUE ARAXA;968146;Colisão Lateral;Luz do Dia;Bom;Seca;Meio de quadra;Outros;Longo da via;0;0;2;0;1;0;1;0;0;0;0;0;0;(-38.5447551 -3.731955);
XSB1061;2021-07-13 10:00:00;Rua Érico Mota;;;PARQUELANDIA;968145;Colisão Traseira;Luz do Dia;Bom;Seca;Meio de quadra;Outros;Longo da via;0;1;1;1;1;0;0;0;0;0;0;0;0;(-38.56188133395228 -3.740654201205782);
PGG9706;2021-06-16 02:50:00;Avenida Pontes Vieira;AV VIS RIO BRANCO;;JOAQUIM TVORA;960688;Choque c/ Obstáculo Fixo;Via Iluminada;Bom;Seca;Cruz;Semáforo;Cruzamento;0;1;0;0;1;0;0;0;0;0;0;0;0;(-38.5205024 -3.7534873);