COD_ACIDENTE;DATA;LOG1;LOG2;NUMERO;BAIRRO;AMC;NATUREZA;ILUMINACAO;TEMPO;SUPERFICIEPISTA;TIPOCRUZAMENTO;CONTROLETRAFEGO;USOSOLO;MORTOS;FERIDOS;ILESOS;MOTOCICLETA;AUTOMOVEL;MICROONIBUS;CAMINHAO;ONIBUS;CICLOMOTOR;BICICLETA;OUTROS;TREM;TRACAOANIMAL;COORDENADAS
JTY4871;2021-07-13 22:00:00;Rua Desembargador Lauro Nogueira;;;PAPICU;967872;Colisão Lateral;Não informado;Bom;Seca;Não informado;Não informado;Longo da via;0;0;2;0;2;0;0;0;0;0;0;0;0;(-38.4774132130506 -3.740359786730725);
ZFG7990;2021-07-13 10:00:00;Avenida da Abolição;RUA PAULA BARROS;;MEIRELES;967821;Colisão Transversal;Não informado;Bom;Seca;Cruz;Semáforo;Longo da via;0;0;2;0;1;0;0;1;0;0;0;0;0;(-38.49233419999999 -3.72681);
OXW6022;2021-07-13 17:30:00;Rua Anselmo Nogueira;RUA OLIVEIRA SOBRINHO;;GRANJA PORTUGAL;967425;Colisão Lateral;Luz do Dia;Bom;Seca;Cruz;Pare;Cruzamento;0;0;1;1;1;0;0;0;0;0;0;0;0;(-38.58758763007716 -3.782561750660235);
QKH1610;2021-07-13 22:30:00;Avenida Doutor Silas Munguba;;;SERRINHA;967309;Colisão Lateral;Anoitecer;Bom;Seca;Outros;Outros;Longo da via;0;0;0;1;1;0;0;0;0;0;0;0;0;(-38.54886725839238 -3.787154382664886);
IDD3540;2021-07-13 09:25:00;Rua Castro e Silva;RUA FLORIANO PEIXOTO;;CENTRO;967159;Colisão Transversal;Luz do Dia;Bom;Seca;Cruz;Pare;Cruzamento;0;1;1;2;1;0;0;0;0;0;0;0;0;(-38.52616504480902 -3.724263194123307);
WTK7255;2021-06-14 16:00:00;Rua PADRE PEDRO ALENCAR;RUA JOSE ARAO;;MESSEJANA;967867;Colisão Lateral;Luz do Dia;Bom;Seca;T;Semáforo;Cruzamento;0;0;2;0;1;0;1;0;0;0;0;0;0;(-38.4933704 -3.8454567);
ODF2942;2021-06-14 21:45:00;Avenida Santos Dumont;;;PAPICU;967850;Colisão Traseira;Luz do Dia;Bom;Seca;Meio de quadra;Não há Controle;Longo da via;0;1;1;1;1;0;0;0;0;0;0;0;0;(-38.4845293 -3.7408829);
YTS6620;2021-07-13 20:40:00;Rua Júlio Braga;RUA 12 DE JULHO;;JOAO XXIII;967156;Atropelamento;Luz do Dia;Não informado;Seca;Cruz;Pare;Cruzamento;0;2;0;1;0;0;0;0;0;0;0;0;0;(-38.58444407970425 -3.773226535564547);
OCF8197;2021-06-14 19:14:00;Rua Francisco Leandro;;;LAGOA REDONDA;967582;Choque c/ Obstáculo Fixo;Luz do Dia;Bom;Seca;Meio de quadra;Não há Controle;Longo da via;0;0;1;0;1;0;0;0;0;0;0;0;0;(-38.477151 -3.8256081);
WXE2138;2021-06-14 11:50:00;Rua Joaquim Magalhães;RUA JAIME BENEVOLO;;FATIMA;967448;Colisão Lateral;Luz do Dia;Bom;Seca;Cruz;Pare;Cruzamento;0;1;2;1;2;0;0;0;0;0;0;0;0;(-38.52796530000001 -3.7399412);
BWQ5645;2021-06-14 20:10:00;Avenida Padre Antônio Tomás;;;ALDEOTA;967359;Colisão Traseira;Luz do Dia;Bom;Seca;Meio de quadra;Não há Controle;Longo da via;0;0;2;0;1;0;1;0;0;0;0;0;0;(-38.4938414 -3.7418359);
PVV5232;2021-07-13 16:00:00;Avenida Domingos Olímpio;RUA BAR RIO BRANCO;;CENTRO;966516;Colisão Traseira;Luz do Dia;Bom;Seca;Cruz;Semáforo;Cruzamento;0;1;1;1;1;0;0;0;0;0;0;0;0;(-38.5314758 -3.736507199999999);
HHO1920;2021-07-13 10:00:00;Rua da Assunção;RUA SALDANHA MARINHO;;JOSE BONIFACIO;966488;Colisão Transversal;Amanhecer;Não informado;Seca;Cruz;Não informado;Cruzamento;0;1;1;0;3;0;0;0;0;0;0;0;0;(-38.53126 -3.7423013);
TMK2114;2021-07-13 22:00:00;Rua Manuel Queirós;AV SANTOS DUMONT;;COCO;965227;Colisão Traseira;Via Iluminada;Bom;Seca;T;Pare;Longo da via;0;1;1;1;1;0;0;0;0;0;0;0;0;(-38.46673801366481 -3.746579940599983);
XPG5563;2021-07-12 11:05:00;Rua Valdetário Mota;RUA AVILA GOULART;;PAPICU;968099;Colisão Lateral;Luz do Dia;Bom;Seca;Cruz;Pare;Cruzamento;0;0;0;0;1;0;1;0;0;0;0;0;0;(-38.4792800159811 -3.734664185431596);
HLW6821;2021-06-14 03:14:00;Avenida General Osório de Paiva;;;CANINDEZINHO;960590;Choque c/ Obstáculo Fixo;Mal Iluminada;Bom;Seca;Meio de quadra;Não há Controle;Longo da via;0;2;1;0;1;0;0;0;0;0;0;0;0;(-38.6037622 -3.8062084);
JLY1653;2021-07-12 11:00:00;Avenida Jovita Feitosa;RUA GAL PIRAGIBE;;PARQUELANDIA;967817;Colisão Transversal;Luz do Dia;Bom;Seca;Cruz;Semáforo Intermitente;Cruzamento;0;2;1;2;1;0;0;0;0;0;0;0;0;(-38.5575033 -3.7401072);
DHF1147;2021-06-15 02:20:00;Rua Gama;;;ENGENHEIRO LUCIANO CAVALCANTE;960543;Colisão Lateral;Via Iluminada;Bom;Seca;Outros;Pare;Cruzamento;0;0;2;0;2;0;0;0;0;0;0;0;0;(-38.4999493 -3.7757733);
OMH9666;2021-07-12 16:32:00;Avenida Val Paraíso;RUA RECANTO VERDE;;JANGURUSSU;967808;Colisão Transversal;Luz do Dia;Bom;Seca;T;Semáforo;Cruzamento;0;0;0;1;1;0;0;0;0;0;0;0;0;(-38.51517871715318 -3.84758428732826);
AIL5843;2021-07-12 15:30:00;Rua Ildefonso Albano;RUA DR ATUALPA BARBOSA LIMA (P. IRACEMA);;MEIRELES;967723;Colisão Transversal;Luz do Dia;Bom;Seca;Cruz;Pare;Longo da via;0;0;0;1;1;0;0;0;0;0;0;0;0;(-38.5101528 -3.7235074);
JZU7949;2021-07-13 00:00:00;Avenida Rui Barbosa;RUA FRE BERNARDINO;;ALDEOTA;963343;Colisão Transversal;Via Iluminada;Bom;Seca;Cruz;Não há Controle;Cruzamento;0;1;1;1;1;0;0;0;0;0;0;0;0;(-38.51411119491573 -3.750840881073349);
YXU2855;2021-07-13 02:30:00;Avenida Bernardo Manuel;;;PARQUE DOIS IRMAOS;960545;Choque c/ Obstáculo Fixo;Via Iluminada;Bom;Seca;Meio de quadra;Outros;Longo da via;0;0;0;0;1;0;0;0;0;0;0;0;0;(-38.55139389482743 -3.798330755886801);
GUI4066;2021-07-11 13:00:00;Rua Raimundo Neri;;;PARQUE SAO JOSE;968144;Colisão Transversal;Luz do Dia;Bom;Seca;Meio de quadra;Outros;Longo da via;0;0;1;1;1;0;0;0;0;0;0;0;0;(-38.5866399 -3.7934269);
WKC2557;2021-07-11 04:00:00;Avenida Presidente Costa e Silva;;;PREFEITO JOSE VALTER;968122;Colisão Traseira;Via Iluminada;Bom;Seca;Meio de quadra;Não há Controle;Longo da via;0;0;0;0;1;0;0;0;0;1;0;0;0;(-38.5425426158689 -3.824879413900423);
LQS2673;2021-06-13 17:05:00;RUA VALDETARIO MOTA;RUA ANDRE DALL OLIO;;PAPICU;967730;Choque c/ Obstáculo Fixo;Luz do Dia;Bom;Seca;Cruz;Pare;Cruzamento;0;0;0;0;1;0;0;0;0;0;0;0;0;(-38.4800694 -3.7359505);
LPV5218;2021-07-11 08:00:00;Avenida Almirante Henrique Sabóia;AV PONTES VIEIRA;;DIONISIO TORRES;968115;Choque c/ Obstáculo Fixo;Via Iluminada;Bom;Seca;Y;Não há Controle;Longo da via;0;0;0;0;1;0;0;0;0;0;0;0;0;(-38.49763171211136 -3.7517829957614);
JFP1954;2021-06-13 13:20:00;Avenida Jovita Feitosa;RUA GAL PIRAGIBE;;PARQUELANDIA;967336;Colisão Transversal;Luz do Dia;Bom;Seca;Cruz;Semáforo;Cruzamento;0;2;1;0;2;0;0;0;0;0;0;0;0;(-38.5575033 -3.7401072);
TXN4315;2021-07-11 17:00:00;Rua Tenente Benévolo;RUA DR JOSE LOURENCO;;ALDEOTA;967961;Choque c/ Obstáculo Fixo;Luz do Dia;Bom;Seca;Cruz;Pare;Cruzamento;0;1;1;0;2;0;0;0;0;0;0;0;0;(-38.50660640083399 -3.728781190026055);
SQT9871;2021-06-14 00:30:00;Rua Gomes Passos;;;ALVARO WEYNE;967278;Colisão Lateral;Via Iluminada;Bom;Seca;Meio de quadra;Não há Controle;Longo da via;0;1;1;1;1;0;0;0;0;0;0;0;0;(-38.562326 -3.7107267);
BRT2006;2021-06-13 16:30:00;Rua Barbosa de Freitas;RUA REPUBLICA DO LIBANO;;MEIRELES;967277;Colisão Lateral;Luz do Dia;Bom;Seca;Cruz;Pare;Cruzamento;0;1;1;1;1;0;0;0;0;0;0;0;0;(-38.4957763 -3.7315885);
OUX4774;2021-06-12 22:50:00;Rua Manaus;AV SEN FERNANDES TAVORA;;AUTRAN NUNES;967836;Atropelamento;Via Iluminada;Bom;Seca;Cruz;Outros;Cruzamento;0;1;1;0;1;0;0;0;0;0;0;0;0;(-38.5927024 -3.7564971);
JID3734;2021-06-12 08:00:00;RUA BR DO RIO BRANCO;RUA CASTRO E SILVA;;CENTRO;967528;Choque c/ Obstáculo Fixo;Amanhecer;Bom;Seca;Cruz;Semáforo;Cruzamento;0;1;0;0;1;0;0;0;0;0;0;0;0;(-38.5274425 -3.7238463);
JWQ7548;2021-07-11 07:00:00;Avenida Professor José Arthur de Carvalho;;;LAGOA REDONDA;967709;Choque c/ Obstáculo Fixo;Amanhecer;Bom;Seca;Meio de quadra;Outros;Longo da via;0;0;0;0;1;0;0;0;0;0;0;0;0;(-38.4613241 -3.8250273);
TZQ8870;2021-06-12 11:20:00;Rua José Hipólito;;;MESSEJANA;967526;Colisão Traseira;Luz do Dia;Bom;Seca;Meio de quadra;Semáforo;Longo da via;0;1;1;0;2;0;0;0;0;0;0;0;0;(-38.4850539 -3.8365792);
ZYY3927;2021-07-11 16:00:00;Avenida Nila Gomes de Soárez;AL ELIANE LUCIA;;CIDADE 2000;967424;Engavetamento;Luz do Dia;Bom;Seca;Cruz;Não há Controle;Cruzamento;0;0;3;0;3;0;0;0;0;0;0;0;0;(-38.46791819571823 -3.75115135079866);
RAY5444;2021-06-13 00:57:00;Avenida Historiador Raimundo Girão;RUA ARARIUS;;PRAIA DE IRACEMA;967393;Colisão Lateral;Via Iluminada;Bom;Seca;Rotatória;Semáforo;Cruzamento;0;1;1;1;1;0;0;0;0;0;0;0;0;(-38.5135601 -3.7204615);
NES7392;2021-07-11 10:50:00;Avenida Dioguinho;;;PRAIA DO FUTURO II;967322;Choque c/ Obstáculo Fixo;Amanhecer;Bom;Seca;Meio de quadra;Não há Controle;Longo da via;0;0;0;0;1;0;0;0;0;0;0;0;0;(-38.4473673 -3.753054);
YCI9449;2021-07-10 17:40:00;Avenida Monsenhor Tabosa;RUA CARLOS VASCONCELOS;;MEIRELES;968009;Colisão Traseira;Luz do Dia;Bom;Seca;Cruz;Semáforo;Cruzamento;0;0;2;0;2;0;0;0;0;0;0;0;0;(-38.5079822 -3.7243065);
LQW8756;2021-06-12 15:30:00;Avenida Américo Barreira;RUA MARIO DA SILVEIRA;;PARANGABA;967291;Colisão Traseira;Luz do Dia;Bom;Seca;T;Não há Controle;Cruzamento;0;0;2;0;2;0;0;0;0;0;0;0;0;(-38.569046 -3.766716);
LGN7627;2021-07-10 22:00:00;Avenida Dom Luís;RUA FRE MANSUETO;;VARJOTA;966932;Colisão Lateral;Via Iluminada;Bom;Seca;Cruz;Semáforo;Cruzamento;0;0;1;1;1;0;0;0;0;0;0;0;0;(-38.4886057 -3.7359642);
ATQ5415;2021-06-12 19:57:00;Avenida Coronel Miguel Dias;;;GUARARAPES;967086;Choque c/ Obstáculo Fixo;Anoitecer;Bom;Seca;Meio de quadra;Não há Controle;Longo da via;0;1;0;0;1;0;0;0;0;0;0;0;0;(-38.48769143705735 -3.765689774952424);
LRH9273;2021-06-12 04:50:00;Avenida Pessoa Anta;;;PRAIA DE IRACEMA;963697;Colisão Frontal;Via Iluminada;Bom;Seca;Meio de quadra;Outros;Longo da via;0;1;1;1;1;0;0;0;0;0;0;0;0;(-38.52244049946218 -3.721256760123641);
LGN7627;2021-07-09 19:10:00;Avenida Desembargador Moreira;RUA SILVA JATAHY;;MEIRELES;967807;Colisão Transversal;Luz do Dia;Bom;Seca;Cruz;Pare;Cruzamento;0;2;0;1;1;0;0;0;0;0;0;0;0;(-38.4958336 -3.72836);
KLO1505;2021-06-11 16:00:00;Rua Professora Heloísa Ferreira Lima;;;SERRINHA;967866;Colisão;Luz do Dia;Bom;Seca;Meio de quadra;Não há Controle;Longo da via;0;0;1;0;0;0;1;0;0;0;0;0;0;(-38.5455425 -3.7868438);
PRW3463;2021-07-09 17:40:00;Rua Crisanto Moreira da Rocha;RUA JOAQUIM DE FIGUEIREDO FILHO;;CAMBEBA;967601;Colisão Transversal;Luz do Dia;Bom;Seca;Rotatória;Dê Preferência;Cruzamento;0;1;1;0;2;0;0;0;0;0;0;0;0;(-38.4814297 -3.8015283);
WPC7584;2021-07-09 16:30:00;AV PAU BRASIL;;;PREFEITO JOSE VALTER;967233;Colisão Frontal;Luz do Dia;Bom;Seca;Meio de quadra;Não há Controle;Longo da via;0;0;0;0;2;0;0;0;0;0;0;0;0;(-38.54810552369941 -3.825039987964523);
XHQ8828;2021-06-11 18:00:00;Rua Padre Pedro de Alencar;RUA JOSE HIPOLITO;;MESSEJANA;967826;Colisão Transversal;Luz do Dia;Bom;Seca;Cruz;Semáforo;Cruzamento;0;1;1;1;1;0;0;0;0;0;0;0;0;(-38.4941088 -3.8327354);
BPI7641;2021-07-09 18:30:00;Avenida Sargento Hermínio Sampaio;;;MONTE CASTELO;966517;Colisão Traseira;Luz do Dia;Bom;Seca;Meio de quadra;Semáforo;Cruzamento;0;0;1;1;1;0;0;0;0;0;0;0;0;(-38.54870096166805 -3.724659322654051);
AFL6434;2021-06-11 17:20:00;Avenida José Jatahy;;;PARQUE ARAXA;967577;Engavetamento;Luz do Dia;Bom;Seca;Meio de quadra;Outros;Longo da via;0;0;3;0;3;0;0;0;0;0;0;0;0;(-38.5441694 -3.7353607);
MGO7443;2021-07-08 12:00:00;Rua Viriato Ribeiro;RUA PAPI JUNIOR;;BELA VISTA;968125;Colisão Transversal;Luz do Dia;Bom;Seca;Cruz;Pare;Cruzamento;0;1;1;1;1;0;0;0;0;0;0;0;0;(-38.5583855 -3.7531828);
ZLV1510;2021-06-11 12:23:00;Rua Padre Mororó;RUA LIBERATO BARROSO;;CENTRO;967292;Colisão;Luz do Dia;Bom;Seca;Cruz;Pare;Cruzamento;0;1;1;0;1;0;0;0;0;1;0;0;0;(-38.5375119 -3.7255091);
OTA0626;2021-07-08 03:30:00;Rua Estado do Rio de Janeiro;;;PAN AMERICANO;968124;Colisão Frontal;Via Iluminada;Bom;Seca;Meio de quadra;Não há Controle;Longo da via;0;0;0;1;1;0;0;0;0;0;0;0;0;(-38.56621579999999 -3.7512255);
CML1819;2021-06-11 03:21:00;AV SEN VIRGILIO TAVORA;;;MEIRELES;967240;Colisão Lateral;Via Iluminada;Bom;Seca;Meio de quadra;Não há Controle;Longo da via;0;1;1;0;2;0;0;0;0;0;0;0;0;(-38.49085105089291 -3.730970589642984);
JLL2388;2021-06-18 20:00:00;Rua Gontran Giffoni;RUA JOR CESAR MAGALHAES;;GUARARAPES;967127;Colisão Lateral;Luz do Dia;Bom;Seca;Cruz;Pare;Cruzamento;0;1;1;1;1;0;0;0;0;0;0;0;0;(-38.4891443 -3.7694514);
TCX9982;2021-07-09 00:15:00;Avenida Rui Barbosa;RUA TEN BENEVOLO;;ALDEOTA;968089;Colisão Transversal;Anoitecer;Bom;Seca;Cruz;Semáforo Danificado;Cruzamento;0;3;1;0;2;0;0;0;0;0;0;0;0;(-38.5070686 -3.7286654);
YIV0241;2021-06-19 06:30:00;AV CESAR CALS;;;PRAIA DO FUTURO I;966866;Choque c/ Obstáculo Fixo;Via Iluminada;Bom;Seca;Não informado;Não há Controle;Longo da via;0;1;0;0;1;0;0;0;0;0;0;0;0;(-38.46362186557272 -3.725757373949875);
LHE5286;2021-06-12 00:00:00;Avenida Santos Dumont;RUA DR JOSE LOURENCO;;ALDEOTA;966454;Colisão Lateral;Anoitecer;Bom;Seca;Cruz;Pare;Cruzamento;0;1;0;1;1;0;0;0;0;0;0;0;0;(-38.5073708 -3.7333035);
AKK3087;2021-02-06 22:30:00;Avenida Presidente Costa e Silva;;;MONDUBIM;AKK3087;Choque c/ Obstáculo Fixo;Não informado;Não informado;Não informado;Meio de quadra;Não informado;Longo da via;1;0;0;1;0;0;0;0;0;0;0;0;0;(-38.57084129997689 -3.813194425520076);
QHG7498;2021-07-08 11:15:00;Rua Professor Sila Ribeiro;AV ENG SANTANA JUNIOR;;PAPICU;967987;Colisão Lateral;Luz do Dia;Bom;Seca;Cruz;Semáforo;Longo da via;0;0;2;0;1;0;0;1;0;0;0;0;0;(-38.4828943 -3.7370775);
JAA9592;2021-06-10 18:20:00;AV JUSCELINO KUBITSCHEK;;;PASSARE;967655;Colisão Lateral;Luz do Dia;Bom;Seca;Rotatória;Dê Preferência;Longo da via;0;1;1;1;1;0;0;0;0;0;0;0;0;(-38.52649597978812 -3.807951393726863);
UIB4296;2021-07-08 16:45:00;Avenida José Leon;RUA VALTER DE CASTRO;;ENGENHEIRO LUCIANO CAVALCANTE;967724;Colisão Transversal;Luz do Dia;Bom;Seca;Duplo T;Pare;Cruzamento;0;0;1;1;1;0;0;0;0;0;0;0;0;(-38.49276615657436 -3.790002016379412);
PFT1622;2021-06-10 19:00:00;Avenida Almirante Henrique Sabóia;;;MUCURIPE;967592;Queda;Luz do Dia;Bom;Seca;Meio de quadra;Outros;Longo da via;0;1;0;1;0;0;0;0;0;0;0;0;0;(-38.48057821874986 -3.727839050615451);
YGN0517;2021-07-08 11:03:00;Rua Padre Ambrósio Machado;RUA SAO MATEUS D14;;PARREAO;967707;Colisão Transversal;Luz do Dia;Bom;Seca;Cruz;Pare;Cruzamento;0;0;1;1;1;0;0;0;0;0;0;0;0;(-38.5378686 -3.7614698);
RVA7737;2021-07-08 16:00:00;Rua Belos Portos;RUA PRO MOREIRA DE SOUSA (PASSARE);;PASSARE;967066;Colisão Transversal;Luz do Dia;Bom;Seca;Cruz;Pare;Cruzamento;0;1;1;1;1;0;0;0;0;0;0;0;0;(-38.5254336 -3.8132469);
VBN3236;2021-07-08 10:00:00;Rua Senador Pompeu;;;CENTRO;952797;Colisão Lateral;Luz do Dia;Bom;Seca;Meio de quadra;Não há Controle;Longo da via;0;2;0;2;0;0;0;0;0;0;0;0;0;(-38.5305745964295 -3.730119454498602);
XKD9428;2021-07-07 22:40:00;Rua Ildefonso Albano;;;ALDEOTA;968022;Colisão Transversal;Via Iluminada;Bom;Seca;Meio de quadra;Não há Controle;Cruzamento;0;0;0;1;1;0;0;0;0;0;0;0;0;(-38.51015607928944 -3.723580005816133);
CTL4580;2021-06-11 01:15:00;Rua CONEGO DE CASTRO;RUA LEAO DO NORTE;;VILA PERY;967216;Colisão Transversal;Não informado;Bom;Seca;Cruz;Pare;Cruzamento;0;1;1;1;0;0;0;1;0;0;0;0;0;(-38.5744078 -3.786025);
RMF9943;2021-07-07 10:20:00;Avenida Bezerra de Menezes;;;PRESIDENTE KENNEDY;967944;Colisão Lateral;Via Iluminada;Bom;Seca;Meio de quadra;Não há Controle;Longo da via;0;1;1;1;1;0;0;0;0;0;0;0;0;(-38.5609157586461 -3.734846188300667);
VSH7716;2021-06-10 23:30:00;AV VIRGILIO TAVORA;AV ANTONIO JUSTA;;MEIRELES;966795;Colisão Lateral;Via Iluminada;Bom;Seca;Cruz;Semáforo;Cruzamento;0;0;2;1;1;0;0;0;0;0;0;0;0;(-38.4906845 -3.7288179);
EFO2650;2021-07-07 12:05:00;Avenida Engenheiro Santana Júnior;;;PAPICU;967818;Colisão Traseira;Luz do Dia;Bom;Seca;Meio de quadra;Não há Controle;Longo da via;0;0;2;0;3;0;0;0;0;0;0;0;0;(-38.48389897257184 -3.738626084941149);
WCZ4606;2021-06-10 19:35:00;Rua Japi;RUA BERNARDO MANUEL;;SERRINHA;966520;Colisão Transversal;Não informado;Bom;Seca;Cruz;Pare;Cruzamento;0;1;1;1;1;0;0;0;0;0;0;0;0;(-38.5468433 -3.7840998);
TRG7350;2021-07-07 17:25:00;Avenida Imperador;RUA GUILHERME ROCHA;;CENTRO;967755;Colisão Lateral;Luz do Dia;Bom;Seca;Cruz;Semáforo;Cruzamento;0;2;1;1;0;0;0;1;0;0;0;0;0;(-38.5338704 -3.7250702);
EHH3918;2021-06-11 01:08:00;Avenida Rui Barbosa;;;JOAQUIM TVORA;965974;Choque c/ Obstáculo Fixo;Via Iluminada;Bom;Seca;Meio de quadra;Semáforo;Longo da via;0;1;0;0;1;0;0;0;0;0;0;0;0;(-38.5141406 -3.7513355);
MQV1450;2021-06-09 18:14:00;Rua Beni Carvalho;;;ALDEOTA;967833;Colisão Traseira;Luz do Dia;Bom;Seca;Cruz;Não há Controle;Longo da via;0;0;2;0;2;0;0;0;0;0;0;0;0;(-38.4981143 -3.7449475);
VAR6100;2021-07-07 10:39:00;Avenida Bernardo Manuel;;;SERRINHA;967708;Colisão Lateral;Luz do Dia;Bom;Seca;Meio de quadra;Outros;Cruzamento;0;0;1;0;0;0;1;0;0;0;0;0;0;(-38.54571835274999 -3.780297542006387);
ODN5496;2021-06-09 17:20:00;Avenida DIOGUINHO;;;PRAIA DO FUTURO I;967832;Colisão Lateral;Luz do Dia;Bom;Seca;Não informado;Não há Controle;Longo da via;0;1;1;1;1;0;0;0;0;0;0;0;0;(-38.44698513701866 -3.748740523720541);
BRV8380;2021-07-07 16:20:00;Avenida General Osório de Paiva;RUA LUIS VIEIRA;;VILA PERY;967677;Colisão Lateral;Luz do Dia;Bom;Seca;Cruz;Semáforo;Cruzamento;0;1;1;1;1;0;0;0;0;0;0;0;0;(-38.5886105 -3.7910171);
FRI7132;2021-06-09 23:00:00;Rua Adriano Martins;AV FRANCISCO SA;;JACARECANGA;967627;Colisão Transversal;Via Iluminada;Bom;Seca;Cruz;Semáforo;Cruzamento;0;1;1;1;1;0;0;0;0;0;0;0;0;(-38.544516 -3.7216117);
HPW8611;2021-07-07 15:15:00;Avenida Alberto Nepomuceno;;;CENTRO;967579;Colisão Lateral;Luz do Dia;Não informado;Seca;Outros;Semáforo;Longo da via;0;0;2;0;2;0;0;0;0;0;0;0;0;(-38.52393310000001 -3.722480999999999);
FSN0495;2021-06-09 17:30:00;Rua Pinho Pessoa;RUA DR JOSE LOURENCO;;DIONISIO TORRES;967430;Colisão Transversal;Luz do Dia;Bom;Seca;Cruz;Pare;Cruzamento;0;1;1;1;1;0;0;0;0;0;0;0;0;(-38.5112524 -3.745496999999999);
SXF9413;2021-07-07 21:50:00;Rua Coronel Luiz David de Souza;;;PRESIDENTE KENNEDY;967417;Colisão Traseira;Via Iluminada;Bom;Seca;Meio de quadra;Pare;Cruzamento;0;0;1;1;0;0;0;1;0;0;0;0;0;(-38.56695607317389 -3.725071510260266);
HLW0385;2021-06-09 22:30:00;Avenida Treze de Maio;;;BENFICA;967265;Atropelamento de Animal;Via Iluminada;Bom;Seca;Meio de quadra;Não há Controle;Longo da via;0;2;0;1;0;0;0;0;0;0;0;0;0;(-38.53696750813852 -3.742864565742701);
YJD7403;2021-07-07 03:40:00;Rua Padre Mororó;RUA ANTONIO POMPEU;;CENTRO;967410;Colisão Lateral;Luz do Dia;Bom;Seca;Outros;Pare;Cruzamento;0;0;1;1;1;0;0;0;0;0;0;0;0;(-38.5394598 -3.7320034);
QYC9838;2021-06-09 10:30:00;Avenida Desembargador Moreira;RUA SILVA JATAHY;;MEIRELES;966742;Colisão Lateral;Não informado;Bom;Seca;Cruz;Pare;Cruzamento;0;1;1;1;1;0;0;0;0;0;0;0;0;(-38.4958336 -3.72836);
UML9944;2021-07-07 18:40:00;Rua Dom Sebastião Leme;RUA DR JOSE VITOR;;FATIMA;966675;Colisão Transversal;Luz do Dia;Bom;Seca;Cruz;Pare;Cruzamento;0;0;0;2;0;0;0;0;0;0;0;0;0;(-38.5259952 -3.7477023);
ZVI9876;2021-06-09 10:30:00;Rua Maria Tomásia;AV SEN VIRGILIO TAVORA;;VARJOTA;965683;Colisão Transversal;Luz do Dia;Nublado;Seca;Cruz;Semáforo;Cruzamento;0;1;1;1;1;0;0;0;0;0;0;0;0;(-38.4931364 -3.7368195);
SAE0256;2021-06-09 15:05:00;Avenida Luciano Carneiro;;;FATIMA;967687;Colisão Transversal;Luz do Dia;Bom;Seca;Meio de quadra;Não há Controle;Longo da via;0;1;1;1;1;0;0;0;0;0;0;0;0;(-38.53201 -3.749585);
EEG7231;2021-06-08 13:00:00;Rua Gomes Brasil;;;PARANGABA;967822;Colisão Lateral;Luz do Dia;Bom;Seca;Não informado;Não há Controle;Longo da via;0;1;1;1;1;0;0;0;0;0;0;0;0;(-38.56676292409878 -3.774232859451265);
AQN2729;2021-07-07 17:00:00;Rua Salvador Mendonça;RUA MATIAS BARBOSA;;PARQUE MANIBURA;966586;Colisão Transversal;Luz do Dia;Bom;Seca;Cruz;Não há Controle;Cruzamento;0;0;1;1;1;0;0;0;0;0;0;0;0;(-38.4898903 -3.7878603);
GWB8150;2021-06-08 13:00:00;Avenida Edilson Brasil Soares;RUA MARVIN;;SAPIRANGA / COITE;967820;Colisão Transversal;Luz do Dia;Nublado;Molhada;Cruz;Não informado;Cruzamento;0;2;0;2;0;0;0;0;0;0;0;0;0;(-38.4838558776969 -3.789691560527426);
ECB1764;2021-07-07 07:50:00;Avenida José Jatahy;AV BEZERRA DE MENEZES;;FARIAS BRITO;966396;Colisão Lateral;Luz do Dia;Bom;Seca;Meio de quadra;Semáforo;Cruzamento;0;1;0;0;1;0;0;1;0;0;0;0;0;(-38.5448332127499 -3.731816370919431);
QCH3945;2021-06-08 09:44:00;Avenida Domingos Olímpio;RUA JAIME BENEVOLO;;JOSE BONIFACIO;967819;Queda;Luz do Dia;Nublado;Molhada;Cruz;Semáforo;Cruzamento;0;1;0;1;0;0;0;0;0;0;0;0;0;(-38.5272608 -3.7378222);
FPS7789;2021-07-08 00:00:00;Rua Sergipe;RUA PAULO DE FRONTIM;;PAN AMERICANO;960591;Choque c/ Obstáculo Fixo;Via Iluminada;Bom;Seca;T;Pare;Cruzamento;0;0;0;1;0;0;0;0;0;0;0;0;0;(-38.57024446212989 -3.760963207830126);
QIC7655;2021-06-08 10:25:00;Rua Goiás;RUA DIAMANTINA;;JOQUEI CLUBE;967814;Colisão Transversal;Luz do Dia;Bom;Seca;Cruz;Pare;Cruzamento;0;1;0;1;1;0;0;0;0;0;0;0;0;(-38.56891409044633 -3.764116039710165);
ENW3358;2021-06-08 11:45:00;Avenida Carapinima;;;BENFICA;967516;Colisão;Luz do Dia;Bom;Seca;Não informado;Pare;Longo da via;0;2;0;2;0;0;0;0;0;0;0;0;0;(-38.5423981 -3.7418581);
UDG2608;2021-07-04 04:00:00;Avenida Coronel Carvalho;;;BARRA DO CEARA;960544;Engavetamento;Via Iluminada;Chuva;Molhada;Meio de quadra;Não há Controle;Cruzamento;0;0;3;0;3;0;0;0;0;0;0;0;0;(-38.58927205147406 -3.712422080681825);
HYW8323;2021-06-08 10:40:00;AV RAUL BARBOSA;;;SAO JOAO DO TAUAPE;967503;Queda;Luz do Dia;Bom;Seca;Não informado;Não há Controle;Longo da via;0;1;0;1;0;0;0;0;0;0;0;0;0;(-38.50649907259508 -3.761605551413572);
DQY4524;2021-06-08 22:03:00;Avenida Alberto Craveiro;;;DIAS MACEDO;967423;Colisão Lateral;Via Iluminada;Bom;Seca;Outros;Pare;Longo da via;0;0;2;0;2;0;0;0;0;0;0;0;0;(-38.5173909 -3.7864731);
TTZ2897;2021-07-06 16:30:00;Rua Vital Brasil;;;GRANJA PORTUGAL;967999;Colisão Traseira;Luz do Dia;Bom;Seca;Meio de quadra;Não há Controle;Longo da via;0;1;2;0;2;0;0;0;0;0;0;0;0;(-38.59360650382249 -3.779259108636568);
MKC7418;2021-06-08 15:00:00;Rua Pompéu Cavalcante;RUA BAR CRATO;;VILA ELLERY;967414;Colisão Transversal;Luz do Dia;Bom;Seca;Cruz;Pare;Cruzamento;0;0;0;0;2;0;0;0;0;0;0;0;0;(-38.5641661 -3.7224656);
CXP4968;2021-07-06 16:17:00;Rua Chico Lemos;AV JOSE LEON;;JARDIM DAS OLIVEIRAS;967806;Colisão Lateral;Luz do Dia;Bom;Seca;T;Não há Controle;Cruzamento;0;0;0;1;1;0;0;0;0;0;0;0;0;(-38.50045874070847 -3.788219570057494);
TOK1391;2021-07-06 23:00:00;Rua Carlos Chagas;RUA ANSELMO NOGUEIRA;;BONSUCESSO;965381;Colisão Transversal;Não informado;Bom;Não informado;Cruz;Não informado;Cruzamento;0;1;1;1;1;0;0;0;0;0;0;0;0;(-38.5867717 -3.77969);
JCM7530;2021-07-05 10:00:00;Rua Padre Pedro de Alencar;;;MESSEJANA;968078;Colisão Lateral;Não informado;Bom;Seca;Meio de quadra;Não há Controle;Longo da via;0;0;2;1;1;0;0;0;0;0;0;0;0;(-38.49448113204805 -3.846531885366236);
GRZ1530;2021-06-08 14:30:00;Avenida Odilon Guimarães;;;LAGOA REDONDA;967378;Colisão Traseira;Luz do Dia;Bom;Seca;Não informado;Não há Controle;Longo da via;0;0;2;0;1;0;1;0;0;0;0;0;0;(-38.4624545 -3.8103095);
SKR9962;2021-07-05 17:50:00;Rua Aquiles Boris Expedic;RUA PERU;;MONTESE;967998;Colisão Traseira;Luz do Dia;Bom;Seca;Cruz;Semáforo;Cruzamento;0;1;1;1;1;0;0;0;0;0;0;0;0;(-38.5495479 -3.768537499999999);
PCZ3478;2021-06-08 23:00:00;Avenida F;;;CONJUNTO CEARA I;966796;Colisão Lateral;Via Iluminada;Bom;Seca;Não informado;Não há Controle;Longo da via;0;1;1;1;1;0;0;0;0;0;0;0;0;(-38.6045837 -3.7705838);
KQH1679;2021-07-05 04:00:00;Avenida Bernardo Manuel;AV B;;PARQUE DOIS IRMAOS;967933;Colisão Traseira;Via Iluminada;Não informado;Seca;Não informado;Semáforo;Cruzamento;0;1;0;1;1;0;0;0;0;0;0;0;0;(-38.55905964654993 -3.825382545867392);