COD_ACIDENTE;DATA;LOG1;LOG2;NUMERO;BAIRRO;AMC;NATUREZA;ILUMINACAO;TEMPO;SUPERFICIEPISTA;TIPOCRUZAMENTO;CONTROLETRAFEGO;USOSOLO;MORTOS;FERIDOS;ILESOS;MOTOCICLETA;AUTOMOVEL;MICROONIBUS;CAMINHAO;ONIBUS;CICLOMOTOR;BICICLETA;OUTROS;TREM;TRACAOANIMAL;COORDENADAS
MNP5714;2021-06-08 17:30:00;Rua Padre Miguelino;;;BENFICA;966790;Colisão Lateral;Luz do Dia;Bom;Seca;Não informado;Não há Controle;Longo da via;0;2;0;1;1;0;0;0;0;0;0;0;0;(-38.5350331 -3.742065);
VPU2445;2021-07-05 15:47:00;Rua Tenente Benévolo;;;MEIRELES;967714;Outros;Luz do Dia;Bom;Seca;Duplo T;Semáforo;Longo da via;0;0;0;0;1;0;0;0;0;0;0;0;0;(-38.51162210753027 -3.7271645638265);
VLP9212;2021-07-05 11:10:00;Avenida I;AV A CJ JOSE WALTER;;PREFEITO JOSE VALTER;967321;Colisão Traseira;Luz do Dia;Bom;Seca;Cruz;Semáforo;Cruzamento;0;1;1;1;0;1;0;0;0;0;0;0;0;(-38.55100229817571 -3.825976669405449);
MNP5714;2021-06-08 20:00:00;Avenida Treze de Maio;;;BENFICA;966718;Colisão Traseira;Luz do Dia;Bom;Seca;Não informado;Não há Controle;Longo da via;0;1;1;1;0;0;0;1;0;0;0;0;0;(-38.5374763 -3.7424212);
RQP4082;2021-06-08 04:15:00;Rua Afrodísio Gondim;AV PRO GOMES DE MATOS;;MONTESE;965139;Choque c/ Obstáculo Fixo;Via Iluminada;Bom;Seca;Não informado;Não há Controle;Longo da via;0;0;0;0;1;0;0;0;0;0;0;0;0;(-38.543694 -3.7588887);
HGZ2968;2021-07-06 00:50:00;Rua B;RUA MONTE LIBANO;;MONDUBIM;967046;Colisão Transversal;Mal Iluminada;Bom;Seca;T;Não informado;Longo da via;0;1;1;1;1;0;0;0;0;0;0;0;0;(-38.56176868891475 -3.823921321359313);
UHZ4977;2021-06-07 20:45:00;Avenida João Pessoa;;;PARANGABA;958058;Colisão Lateral;Luz do Dia;Bom;Seca;Não informado;Não há Controle;Longo da via;0;1;1;1;1;0;0;0;0;0;0;0;0;(-38.56110750000001 -3.770617099999999);
IBP2131;2021-06-07 13:00:00;Avenida Godofredo Maciel;;;MARAPONGA;967805;Atropelamento;Luz do Dia;Bom;Seca;Não informado;Não há Controle;Longo da via;0;1;0;0;1;0;0;0;0;0;0;0;0;(-38.5697423 -3.795282);
MTF1390;2021-06-07 23:00:00;Avenida GAL OSORIO DE PAIVA;;;PARANGABA;967756;Colisão Lateral;Via Iluminada;Bom;Seca;Não informado;Semáforo;Longo da via;0;1;2;1;2;0;0;0;0;0;0;0;0;(-38.56485882952944 -3.778365867597665);
OBE6456;2021-06-07 17:10:00;Rua 15 de Novembro;;;ITAOCA;967644;Colisão Lateral;Luz do Dia;Bom;Seca;Não informado;Semáforo;Longo da via;0;1;1;1;1;0;0;0;0;0;0;0;0;(-38.5516694 -3.7705234);
WTP6538;2021-07-05 22:00:00;Avenida Sargento Hermínio Sampaio;;;PRESIDENTE KENNEDY;964385;Colisão Lateral;Via Iluminada;Bom;Seca;Meio de quadra;Não há Controle;Longo da via;0;1;1;0;2;0;0;0;0;0;0;0;0;(-38.57011571938126 -3.728095997827554);
FOZ2776;2021-07-04 16:30:00;Rua Marcondes Pereira;RUA OSVALDO CRUZ;;DIONISIO TORRES;968113;Colisão Transversal;Luz do Dia;Bom;Seca;Cruz;Pare;Cruzamento;0;0;0;1;1;0;0;0;0;0;0;0;0;(-38.5049922 -3.7500466);
OVK2700;2021-06-07 13:50:00;Rua Professor Raimundo Vítor;RUA GUSTAVO SAMPAIO;;PARQUELANDIA;967296;Colisão Traseira;Luz do Dia;Bom;Seca;Cruz;Pare;Cruzamento;0;2;1;1;1;0;0;0;0;0;0;0;0;(-38.565991 -3.7372552);
XWV3811;2021-07-04 20:00:00;Avenida Recreio;;;LAGOA REDONDA;968018;Não informado;Luz do Dia;Bom;Seca;Duplo T;Pare;Longo da via;0;1;0;1;1;0;0;0;0;0;0;0;0;(-38.4501403 -3.8162506);
HKB7051;2021-06-07 22:20:00;Rua Bento Albuquerque;AV ENG SANTANA JUNIOR;;COCO;967272;Colisão Transversal;Via Iluminada;Bom;Seca;Não informado;Semáforo;Cruzamento;0;1;1;0;2;0;0;0;0;0;0;0;0;(-38.4865857 -3.7426475);
CYH8657;2021-06-06 16:30:00;Avenida Engenheiro Leal Lima Verde;RUA TAB JOAQUIM COELHO;;SAPIRANGA / COITE;965965;Colisão Transversal;Luz do Dia;Não informado;Seca;Cruz;Pare;Cruzamento;0;0;2;2;0;0;0;0;0;0;0;0;0;(-38.4756647 -3.7966081);
YFK4768;2021-07-04 18:00:00;Avenida Engenheiro Santana Júnior;;;COCO;967929;Colisão Traseira;Luz do Dia;Bom;Seca;Meio de quadra;Semáforo;Longo da via;0;0;1;0;2;0;0;0;0;0;0;0;0;(-38.48944023287807 -3.746264116296378);
LGB6474;2021-06-06 03:15:00;Rua Marechal Bittencourt;;;DIAS MACEDO;967786;Choque c/ Obstáculo Fixo;Via Iluminada;Bom;Seca;Não informado;Não há Controle;Longo da via;0;1;0;0;1;0;0;0;0;0;0;0;0;(-38.528356 -3.786182);
YFK4768;2021-07-04 22:15:00;AV JOSE JATHAY;;;BENFICA;967921;Atropelamento;Via Iluminada;Bom;Seca;Meio de quadra;Outros;Longo da via;0;1;1;0;1;0;0;0;0;0;0;0;0;(-38.5438167 -3.7454174);
ZEL8514;2021-06-06 22:40:00;Rua Mario Mamede;AV LUCIANO CARNEIRO;;FATIMA;967477;Choque c/ Obstáculo Fixo;Via Iluminada;Bom;Seca;Outros;Não informado;Cruzamento;0;1;0;0;1;0;0;0;0;0;0;0;0;(-38.531755 -3.7489596);
KMX0510;2021-07-04 11:10:00;Avenida Borges de Melo;AV LUCIANO CARNEIRO;;PARREAO;967778;Colisão Lateral;Luz do Dia;Bom;Seca;Cruz;Semáforo;Cruzamento;0;1;1;1;1;0;0;0;0;0;0;0;0;(-38.5341213 -3.7563791);
IYU4043;2021-06-06 19:30:00;Rua Pedro Dantas;;;DIAS MACEDO;IYU4043;Choque c/ Obstáculo Fixo;Luz do Dia;Bom;Seca;Meio de quadra;Pare;Longo da via;0;1;0;0;1;0;0;0;0;0;0;0;0;(-38.52466837780858 -3.78545757391026);
IAE6276;2021-06-06 20:50:00;Rua Inácio Parente;;;SERRINHA;967079;Choque c/ Obstáculo Fixo;Anoitecer;Bom;Seca;Não informado;Pare;Longo da via;0;0;0;0;0;0;0;0;0;0;1;0;0;(-38.5432659 -3.7822957);
MJM7012;2021-06-06 18:05:00;Rua Osvaldo Cruz;AV PDE ANTONIO TOMAS;;ALDEOTA;964419;Colisão Lateral;Luz do Dia;Bom;Seca;Cruz;Semáforo;Cruzamento;0;1;1;1;1;0;0;0;0;0;0;0;0;(-38.5015466 -3.7395327);
DID9727;2021-07-04 15:45:00;Rua Meton de Alencar;AV VIS RIO BRANCO;;CENTRO;967715;Colisão Transversal;Não informado;Bom;Seca;Cruz;Semáforo;Cruzamento;0;0;0;0;1;0;0;1;0;0;0;0;0;(-38.5241555 -3.735761);
GIS6947;2021-06-05 21:05:00;Rua José Vilar;RUA JOAO CARVALHO;;ALDEOTA;967698;Colisão Transversal;Via Iluminada;Bom;Seca;Cruz;Semáforo;Cruzamento;0;1;1;1;1;0;0;0;0;0;0;0;0;(-38.5054836 -3.7382973);
BFL1346;2021-07-04 16:00:00;Avenida Francisco Sá;;;BARRA DO CEARA;967691;Colisão Transversal;Luz do Dia;Bom;Seca;Meio de quadra;Não há Controle;Longo da via;0;0;2;1;1;0;0;0;0;0;0;0;0;(-38.58031884247391 -3.709584900606711);
YTD3508;2021-06-05 17:50:00;Avenida Recreio;;;LAGOA REDONDA;967612;Colisão Transversal;Luz do Dia;Bom;Seca;Não informado;Outros;Longo da via;0;1;1;1;1;0;0;0;0;0;0;0;0;(-38.4504982 -3.816965);
YSS2092;2021-06-05 14:15:00;Avenida Monsenhor Tabosa;AV RUI BARBOSA;;MEIRELES;967522;Colisão Transversal;Luz do Dia;Bom;Seca;Cruz;Semáforo;Cruzamento;0;1;1;0;2;0;0;0;0;0;0;0;0;(-38.5056957 -3.7244353);
RBC6150;2021-07-04 15:40:00;Rua Casemiro de Abreu;RUA INGLATERRA;;PARANGABA;966881;Colisão Transversal;Luz do Dia;Bom;Seca;Cruz;Pare;Cruzamento;0;1;1;1;0;0;0;1;0;0;0;0;0;(-38.5623239 -3.7814495);
BSW6333;2021-06-06 01:20:00;Rua Frederico Borges;RUA PEREIRA VALENTE;;VARJOTA;967470;Colisão Lateral;Via Iluminada;Bom;Seca;Cruz;Pare;Cruzamento;0;1;1;1;1;0;0;0;0;0;0;0;0;(-38.4891804 -3.7348116);
LHF9081;2021-06-05 17:38:00;Avenida Presidente Costa e Silva;;;PARQUE DOIS IRMAOS;967303;Colisão Transversal;Não informado;Bom;Não informado;Não informado;Não informado;Longo da via;0;1;1;1;1;0;0;0;0;0;0;0;0;(-38.54242995816411 -3.824627847806167);
YVO5521;2021-07-04 07:00:00;Avenida Governador Parsifal Barroso;;;PRESIDENTE KENNEDY;960691;Colisão Traseira;Via Iluminada;Bom;Seca;Não informado;Não informado;Longo da via;0;1;1;1;1;0;0;0;0;0;0;0;0;(-38.56913938662044 -3.730280046098372);
TYQ1359;2021-07-04 05:30:00;Rua Coronel Francisco Pereira;RUA JOSE HIPOLITO;;MESSEJANA;955994;Choque c/ Obstáculo Fixo;Via Iluminada;Chuva;Molhada;Não informado;Não informado;Longo da via;0;0;0;0;1;0;0;0;0;0;0;0;0;(-38.49306657102137 -3.832790326995363);
OUZ8206;2021-06-06 00:00:00;Avenida Santos Dumont;;;PRAIA DO FUTURO I;967276;Choque c/ Obstáculo Fixo;Via Iluminada;Bom;Seca;Não informado;Não há Controle;Longo da via;0;1;0;0;1;0;0;0;0;0;0;0;0;(-38.456281 -3.7493237);
QSN3779;2021-06-05 19:41:00;Rua Maria Perdigão;;;BARROSO;967119;Colisão Frontal;Via Iluminada;Não informado;Seca;Não informado;Não informado;Longo da via;0;1;1;1;1;0;0;0;0;0;0;0;0;(-38.50795284325211 -3.823675107460708);
AEV1164;2021-07-03 18:30:00;Avenida Rogaciano Leite;RUA HENRIQUE DE CASTRO;;JARDIM DAS OLIVEIRAS;968101;Colisão Transversal;Luz do Dia;Bom;Seca;Cruz;Semáforo;Cruzamento;0;0;1;0;0;0;1;0;0;0;1;0;0;(-38.5006513 -3.7770167);
AEV1164;2021-07-03 12:35:00;Avenida Imperador;RUA METON DE ALENCAR;;CENTRO;968094;Colisão Lateral;Luz do Dia;Bom;Seca;Cruz;Semáforo Danificado;Cruzamento;0;1;1;1;1;0;0;0;0;0;0;0;0;(-38.5358268 -3.7319841);
EUI6469;2021-06-05 16:22:00;Rua SANTA JULIA;RUA ARARIPE PRATA;;PARANGABA;966900;Colisão Transversal;Luz do Dia;Bom;Seca;Cruz;Gesto;Cruzamento;0;1;1;1;1;0;0;0;0;0;0;0;0;(-38.5690761 -3.7750828);
IGG9893;2021-07-03 03:30:00;Rua 8;;;PARQUE DOIS IRMAOS;967787;Colisão Frontal;Mal Iluminada;Bom;Molhada;Meio de quadra;Não há Controle;Longo da via;0;0;0;1;1;0;0;0;0;0;0;0;0;(-38.55229512573585 -3.807483712376962);
LKL0258;2021-07-03 23:00:00;Rua Beni Carvalho;RUA PRO DIAS DA ROCHA;;ALDEOTA;967734;Choque c/ Obstáculo Fixo;Via Iluminada;Bom;Seca;Cruz;Pare;Cruzamento;0;0;0;0;1;0;0;0;0;0;0;0;0;(-38.4950371 -3.745997599999999);
VOE7544;2021-06-05 21:10:00;Avenida Presidente Castelo Branco;;;MOURA BRASIL;966362;Colisão Lateral;Anoitecer;Bom;Seca;Não informado;Não há Controle;Longo da via;0;1;1;1;1;0;0;0;0;0;0;0;0;(-38.5344252 -3.718373);
UKI2543;2021-07-03 16:48:00;Avenida Professor Gomes de Matos;;;MONTESE;967733;Colisão Traseira;Luz do Dia;Bom;Seca;Meio de quadra;Não há Controle;Longo da via;0;0;0;0;2;0;0;0;0;0;0;0;0;(-38.54499415138982 -3.760449248983962);
TEB9590;2021-06-05 11:30:00;Avenida da Abolição;;;MEIRELES;963951;Colisão Lateral;Luz do Dia;Bom;Seca;Meio de quadra;Não há Controle;Longo da via;0;1;1;2;0;0;0;0;0;0;0;0;0;(-38.49913799999999 -3.7263576);
KBE9495;2021-06-04 11:30:00;Rua Miracema;;;MESSEJANA;967766;Choque c/ Obstáculo Fixo;Luz do Dia;Bom;Seca;Não informado;Não há Controle;Longo da via;0;1;0;0;1;0;0;0;0;0;0;0;0;(-38.49634144727887 -3.837041343320085);
UIN5845;2021-07-03 15:50:00;Rua Paulo Firmeza;RUA PRO CARVALHO;;SAO JOAO DO TAUAPE;967732;Colisão Transversal;Luz do Dia;Bom;Seca;Cruz;Pare;Cruzamento;0;0;1;1;1;0;0;0;0;0;0;0;0;(-38.5140698 -3.7572544);
BPO1546;2021-07-03 11:20:00;Rua Diogo Correia;RUA ANDRE REBOUCAS;;JOAO XXIII;967706;Colisão Lateral;Luz do Dia;Bom;Seca;Cruz;Semáforo;Cruzamento;0;0;1;1;1;0;0;0;0;0;0;0;0;(-38.5885778 -3.7740608);
XEB2531;2021-06-04 18:30:00;Rua Elcias Lopes;RUA ALM RUBIM;;MONTESE;967643;Colisão Traseira;Luz do Dia;Bom;Seca;Cruz;Semáforo;Cruzamento;0;1;1;1;1;0;0;0;0;0;0;0;0;(-38.5566006 -3.770771499999999);
RVL4429;2021-07-03 17:50:00;Avenida Bezerra de Menezes;RUA JUSTINIANO DE SERPA;;FARIAS BRITO;967304;Colisão Traseira;Luz do Dia;Bom;Seca;Cruz;Gesto;Cruzamento;0;0;2;0;2;0;0;0;0;0;0;0;0;(-38.5426445381694 -3.731372068198525);
BOC1367;2021-06-04 22:45:00;Rua João Brígido;RUA NOGUEIRA ACIOLI;;JOAQUIM TVORA;967264;Colisão Transversal;Via Iluminada;Bom;Seca;Não informado;Semáforo Intermitente;Cruzamento;0;1;1;1;1;0;0;0;0;0;0;0;0;(-38.5200393 -3.7392651);
QJR2837;2021-06-04 23:25:00;Rua José Hipólito;;;MESSEJANA;967037;Colisão Lateral;Não informado;Não informado;Não informado;Não informado;Não informado;Longo da via;0;1;1;1;1;0;0;0;0;0;0;0;0;(-38.4920274 -3.8330246);
SXP2405;2021-07-03 15:28:00;Avenida Contôrno Norte;RUA 110 CJ ESPERANCA;;CONJUNTO ESPERANCA;966857;Colisão Transversal;Luz do Dia;Bom;Seca;T;Pare;Longo da via;0;0;0;1;0;0;0;0;0;1;0;0;0;(-38.59077409509059 -3.810250990601682);
PCY5684;2021-06-04 21:00:00;Rua Solon Pinheiro;RUA DEP JOAO PONTES;;FATIMA;966719;Colisão Transversal;Não informado;Não informado;Não informado;Não informado;Não informado;Cruzamento;0;1;1;0;2;0;0;0;0;0;0;0;0;(-38.5314475 -3.7456905);
CLG6683;2021-07-03 11:00:00;Avenida Desembargador Moreira;;;ALDEOTA;966786;Colisão Lateral;Luz do Dia;Bom;Seca;Meio de quadra;Outros;Longo da via;0;0;2;1;1;0;1;0;0;0;0;0;0;(-38.50276544820237 -3.74980776550367);
WCZ5815;2021-06-04 11:00:00;Avenida Augusto dos Anjos;RUA CARLOS CHAGAS;;BONSUCESSO;963949;Colisão Transversal;Luz do Dia;Bom;Seca;T;Pare;Cruzamento;0;2;1;1;1;0;0;0;0;0;0;0;0;(-38.58037785154139 -3.781480498092833);
YEW8213;2021-07-02 16:10:00;Avenida Jovita Feitosa;RUA DOM LINO;;PARQUELANDIA;968008;Colisão Frontal;Luz do Dia;Bom;Seca;Cruz;Semáforo;Cruzamento;0;3;0;1;1;0;0;0;1;0;0;0;0;(-38.5564222 -3.7398141);
PSP6300;2021-06-03 17:00:00;Rua Roberto Carvalho;;;PASSARE;PSP6300;Colisão Traseira;Luz do Dia;Bom;Seca;Não informado;Não há Controle;Longo da via;0;0;1;1;1;0;0;0;0;0;0;0;0;(-38.54159847102372 -3.816165549605134);
SUY2239;2021-06-03 06:15:00;Avenida Edilson Brasil Soares;;;EDSON QUEIROZ;967502;Colisão Traseira;Não informado;Não informado;Não informado;Não informado;Não informado;Longo da via;0;0;3;0;3;0;0;0;0;0;0;0;0;(-38.4668489 -3.7884463);
ZPF7703;2021-06-03 12:20:00;Rua Galileu;RUA DIANA;;MONTESE;960574;Tombamento;Luz do Dia;Não informado;Seca;Não informado;Não informado;Cruzamento;0;0;1;0;0;0;1;0;0;0;0;0;0;(-38.5542701 -3.7758589);
KHM6712;2021-07-02 04:30:00;Avenida Almirante Henrique Sabóia;;;VARJOTA;967864;Capotamento;Via Iluminada;Chuva;Molhada;Meio de quadra;Não há Controle;Longo da via;0;0;0;0;1;0;0;0;0;0;0;0;0;(-38.48223582697059 -3.731516600433598);
BDA2614;2021-07-02 19:23:00;Rua Francisco Moreira;;;PRAIA DO FUTURO I;967830;Colisão Lateral;Luz do Dia;Bom;Seca;Meio de quadra;Não há Controle;Longo da via;0;0;0;1;1;0;0;0;0;0;0;0;0;(-38.45389023787877 -3.747393589128118);
DOQ3505;2021-06-01 09:55:00;AV ALBERTO NEPOMUCENO;RUA CONDE D´EU;;CENTRO;964889;Colisão Lateral;Não informado;Não informado;Não informado;Não informado;Não informado;Cruzamento;0;0;3;0;3;0;0;0;0;0;0;0;0;(-38.52442532099681 -3.725400055762669);
DNC7242;2021-06-01 19:00:00;Rua EMILIO DE MENEZES;;;GRANJA PORTUGAL;967642;Colisão Lateral;Não informado;Não informado;Não informado;Não informado;Não informado;Longo da via;0;1;1;1;0;0;1;0;0;0;0;0;0;(-38.6020639 -3.7789579);
ZPE5155;2021-07-02 12:20:00;Rua Leão do Norte;RUA COSTA FREIRE;;VILA PERY;967816;Colisão Transversal;Luz do Dia;Bom;Seca;Cruz;Pare;Cruzamento;0;0;0;0;2;0;0;0;0;0;0;0;0;(-38.5772129 -3.7839782);
KYY1249;2021-06-01 17:25:00;Rua Engenheiro Ronaldo de Castro Barbosa;;;ENGENHEIRO LUCIANO CAVALCANTE;967485;Colisão Transversal;Não informado;Não informado;Não informado;Não informado;Não informado;Longo da via;0;1;1;0;2;0;0;0;0;0;0;0;0;(-38.48806310000001 -3.7860655);
AEL1646;2021-07-03 00:00:00;Rua Pereira de Miranda;RUA BATISTA DE OLIVEIRA;;PAPICU;967797;Colisão Transversal;Via Iluminada;Bom;Seca;Cruz;Pare;Cruzamento;0;0;0;1;1;0;0;0;0;0;0;0;0;(-38.4787798 -3.7408134);
FFJ9477;2021-07-02 13:30:00;Avenida Jovita Feitosa;RUA GAL PIRAGIBE;;PARQUELANDIA;967519;Colisão Transversal;Não informado;Bom;Seca;Cruz;Semáforo;Cruzamento;0;0;1;1;1;0;0;0;0;0;0;0;0;(-38.5575033 -3.7401072);
FUZ1638;2021-07-02 23:45:00;Rua Raimundo Arruda;AV JOVITA FEITOSA;;PARQUELANDIA;967045;Colisão Transversal;Via Iluminada;Bom;Seca;Cruz;Semáforo;Cruzamento;0;0;1;1;1;0;0;0;0;0;0;0;0;(-38.55093255933385 -3.738914477873318);
BTB7875;2021-07-01 12:00:00;Rua Padre Valdevino;;;DIONISIO TORRES;968088;Colisão Traseira;Luz do Dia;Bom;Seca;Não informado;Semáforo;Longo da via;0;0;1;1;1;0;0;0;0;0;0;0;0;(-38.50371495629268 -3.743239691346794);
UTP6633;2021-07-01 22:30:00;Rua Cônego de Castro;;;PARQUE SANTA ROSA;967965;Choque c/ Obstáculo Fixo;Via Iluminada;Não informado;Seca;Meio de quadra;Pare;Longo da via;0;0;1;0;1;0;0;0;0;0;0;0;0;(-38.6005564 -3.8171801);
AHA0162;2021-06-01 23:52:00;Rua Gonçalves Lêdo;RUA TEN BENEVOLO;;ALDEOTA;967479;Colisão Transversal;Não informado;Não informado;Não informado;Cruz;Não informado;Cruzamento;0;1;0;1;1;0;0;0;0;0;0;0;0;(-38.5145413 -3.7261825);
AHA0162;2021-06-01 11:30:00;AV JOAO PESSOA;RUA PRO COSTA MENDES;;MONTESE;9674;Colisão Transversal;Não informado;Não informado;Não informado;Não informado;Não informado;Cruzamento;0;1;0;1;1;0;0;0;0;0;0;0;0;(-38.5494485 -3.7523912);
EKI2673;2021-07-01 22:45:00;Rua João Cordeiro;RUA JOAO BRIGIDO;;JOAQUIM TVORA;967796;Colisão Transversal;Mal Iluminada;Nublado;Seca;Não informado;Semáforo;Cruzamento;0;0;0;1;1;0;0;0;0;0;0;0;0;(-38.517871 -3.7399567);
URS7650;2021-06-01 22:05:00;Rua Rui Monte;;;ANTONIO BEZERRA;967437;Colisão Lateral;Não informado;Não informado;Não informado;Não informado;Não informado;Longo da via;0;1;1;1;1;0;0;0;0;0;0;0;0;(-38.5866854 -3.7450969);
NHE9176;2021-06-01 10:00:00;Rua Major Weyne;AV JOAO PESSOA;;RODOLFO TEOFILO;966971;Colisão Transversal;Não informado;Não informado;Não informado;Cruz;Não informado;Cruzamento;0;0;2;0;2;0;0;0;0;0;0;0;0;(-38.54530532563726 -3.747907388379367);
SLH9350;2021-07-01 10:25:00;Avenida Governador Raul Barbosa;;;AEROLANDIA;967750;Colisão Traseira;Luz do Dia;Nublado;Seca;Meio de quadra;Não há Controle;Longo da via;0;1;0;0;2;0;0;0;0;0;0;0;0;(-38.51201370605862 -3.772139918569488);
IQK2707;2021-07-01 14:30:00;RUA MINERVINO DE CASTRO;RUA CAP FRANCISCO PEDRO;;RODOLFO TEOFILO;966840;Colisão Lateral;Luz do Dia;Bom;Seca;Cruz;Pare;Cruzamento;0;0;1;0;2;0;0;0;0;0;0;0;0;(-38.544762 -3.7426098);
SYG0975;2021-06-01 11:02:00;Rua Valdemar Holanda;;;BONSUCESSO;966818;Colisão Lateral;Não informado;Não informado;Não informado;Meio de quadra;Não informado;Longo da via;0;1;0;1;1;0;0;0;0;0;0;0;0;(-38.59122470737798 -3.77182945632133);
UJY6133;2021-06-01 22:49:00;Rua Barão do Crato;RUA DR ALMEIDA FILHO;;VILA ELLERY;966722;Atropelamento;Não informado;Não informado;Não informado;Cruz;Não informado;Cruzamento;0;2;0;1;0;0;0;0;0;0;0;0;0;(-38.5596066 -3.7212562);
WSI2563;2021-07-01 13:20:00;Rua Dona Lúcia Pinheiro;;;QUINTINO CUNHA;966397;Colisão Lateral;Luz do Dia;Bom;Seca;Duplo T;Outros;Longo da via;0;1;0;1;0;0;0;0;0;0;0;0;0;(-38.59717384720759 -3.732212496047377);
NPQ0991;2021-07-01 04:00:00;Avenida João de Araújo Lima;AV O CJ JOSE WALTER;;PREFEITO JOSE VALTER;966363;Choque c/ Obstáculo Fixo;Não informado;Bom;Não informado;Não informado;Não informado;Longo da via;0;0;0;0;5;0;0;0;0;0;0;0;0;(-38.56240170197118 -3.841284575076147);
EDD2555;2021-06-01 16:30:00;Avenida Américo Barreira;RUA GUSTAVO BRAGA;;DAMAS;966113;Colisão Traseira;Não informado;Não informado;Não informado;Não informado;Não informado;Cruzamento;0;1;0;0;2;0;0;0;0;0;0;0;0;(-38.5519057 -3.751533099999999);
FNM7745;2021-07-01 12:00:00;Rua Padre Mororó;AV DOMINGOS OLIMPIO;;CENTRO;966193;Colisão Lateral;Luz do Dia;Nublado;Molhada;Cruz;Semáforo;Cruzamento;0;0;1;1;1;0;0;0;0;0;0;0;0;(-38.5399131 -3.7336107);
DZE1441;2021-06-02 01:30:00;Avenida Desembargador Moreira;;;DIONISIO TORRES;964709;Choque c/ Obstáculo Fixo;Não informado;Não informado;Não informado;Meio de quadra;Não informado;Longo da via;0;1;0;0;1;0;0;0;0;0;0;0;0;(-38.5030791 -3.7505746);
MAG7830;2021-06-01 23:50:00;Avenida Jovita Feitosa;RUA DOM LINO;;AMADEU FURTADO;959575;Colisão Lateral;Não informado;Não informado;Não informado;Cruz;Não informado;Longo da via;0;1;1;2;0;0;0;0;0;0;0;0;0;(-38.5564222 -3.7398141);
WNR0671;2021-02-16 11:35:00;AV AGUANAMBI;;;FATIMA;WNR0671;Colisão;Não informado;Não informado;Não informado;Não informado;Não informado;Longo da via;0;1;0;0;2;0;0;0;0;0;0;0;0;(-38.52469809999999 -3.7467082);
XFP5914;2021-02-17 18:25:00;Rua Barbosa de Freitas;;;ALDEOTA;XFP5914;Colisão;Não informado;Não informado;Não informado;Não informado;Não informado;Longo da via;0;1;0;0;2;0;0;0;0;0;0;0;0;(-38.50195542061072 -3.750947939611779);
MTZ3354;2021-02-15 23:20:00;Rua Taubaté;RUA TEODORO DE CASTRO;;GRANJA PORTUGAL;MTZ3354;Colisão;Não informado;Não informado;Não informado;Não informado;Não informado;Cruzamento;0;1;0;1;1;0;0;0;0;0;0;0;0;(-38.5989159 -3.7814836);
KQO2946;2021-02-17 17:30:00;Rua Carlos Vasconcelos;RUA JOAO BRIGIDO;;DIONISIO TORRES;KQO2946;Colisão;Não informado;Não informado;Não informado;Não informado;Não informado;Longo da via;0;1;0;0;2;0;0;0;0;0;0;0;0;(-38.5135405 -3.7413314);
IRI6691;2021-02-14 19:15:00;Avenida Castelo de Castro;;;JANGURUSSU;IRI6691;Colisão;Não informado;Não informado;Não informado;Não informado;Não informado;Longo da via;0;1;0;1;0;0;1;0;0;0;0;0;0;(-38.5213462 -3.8343341);
RRY7507;2021-02-19 19:40:00;Avenida Alberto Craveiro;AV DEP PAULINO ROCHA;;CASTELAO;RRY7507;Colisão;Não informado;Não informado;Não informado;Não informado;Não informado;Longo da via;0;1;0;1;1;0;0;0;0;0;0;0;0;(-38.52425002521785 -3.807060858634471);
VQS2082;2021-02-14 18:05:00;Avenida Presidente Castelo Branco;;;MOURA BRASIL;VQS2082;Colisão;Não informado;Não informado;Não informado;Não informado;Não informado;Longo da via;0;1;0;1;1;0;0;0;0;0;0;0;0;(-38.5344252 -3.718373);
UUT4289;2021-02-21 11:40:00;Avenida Padre Antônio Tomás;;;ALDEOTA;UUT4289;Colisão;Não informado;Não informado;Não informado;Não informado;Não informado;Longo da via;0;1;0;0;2;0;0;0;0;0;0;0;0;(-38.49264815462531 -3.742511686613083);
QKX9706;2021-02-08 03:35:00;RUA NILDECIA MONTE;AV WASHINGTON SOARES;;ALAGADICO;QKX9706;Atropelamento;Não informado;Não informado;Não informado;Não informado;Não informado;Cruzamento;0;1;0;0;1;0;0;0;0;0;0;0;0;(-38.4792648 -3.8032227);
CLN0619;2021-02-07 23:15:00;Avenida Maestro Lisboa;AV ODILON GUIMARAES;;LAGOA REDONDA;CLN0619;Colisão;Não informado;Não informado;Não informado;Não informado;Não informado;Cruzamento;0;1;0;0;1;0;0;0;0;1;0;0;0;(-38.4644123 -3.8077874);
ZRH1512;2021-02-10 14:00:00;Rua Doutor Catunda Gondim;;;ANTONIO BEZERRA;ZRH1512;Colisão;Não informado;Não informado;Não informado;Não informado;Não informado;Longo da via;0;1;0;0;1;0;0;1;0;0;0;0;0;(-38.5859937 -3.7375577);
KAT6139;2021-02-19 23:37:00;Avenida da Abolição;AV DES MOREIRA;;MEIRELES;KAT6139;Atropelamento;Não informado;Não informado;Não informado;Não informado;Não informado;Longo da via;0;1;0;0;1;0;0;0;0;0;0;0;0;(-38.4955231 -3.7273668);
YUC4825;2021-02-23 23:00:00;Avenida Monte Pascoal;RUA RAIMUNDO MARQUES;;CANINDEZINHO;YUC4825;Colisão;Não informado;Não informado;Não informado;Não informado;Não informado;Longo da via;0;1;0;1;1;0;0;0;0;0;0;0;0;(-38.5973668 -3.8059102);
GCP4241;2021-02-09 13:35:00;CE-040;;;EDSON QUEIROZ;GCP4241;Colisão;Não informado;Não informado;Não informado;Não informado;Não informado;Longo da via;0;1;0;1;1;0;0;0;0;0;0;0;0;(-38.4814843 -3.7834483);
BZG7970;2021-02-10 17:45:00;Avenida Presidente Castelo Branco;;;BARRA DO CEARA;BZG7970;Colisão;Não informado;Não informado;Não informado;Não informado;Não informado;Longo da via;0;1;0;1;1;0;0;0;0;0;0;0;0;(-38.5775225 -3.7049034);
MGJ9697;2021-02-24 02:30:00;Rua General Piragibe;AV BEZERRA DE MENEZES;;PARQUELANDIA;MGJ9697;Colisão;Não informado;Não informado;Não informado;Não informado;Não informado;Longo da via;0;1;0;0;2;0;0;0;0;0;0;0;0;(-38.5586004 -3.7345334);
YHZ0003;2021-02-25 17:05:00;Rua Wencery Félix;RUA DNA JULIETA GURGEL;;COACU;YHZ0003;Colisão;Não informado;Não informado;Não informado;Não informado;Não informado;Longo da via;0;1;0;0;2;0;0;0;0;0;0;0;0;(-38.4812271 -3.8426803);
PTK0302;2021-02-24 17:43:00;Avenida Américo Barreira;;;BELA VISTA;PTK0302;Colisão;Não informado;Não informado;Não informado;Não informado;Não informado;Longo da via;0;1;0;1;1;0;0;0;0;0;0;0;0;(-38.55564632682324 -3.75531257122988);
BZH7218;2021-02-25 21:05:00;Rua João Cordeiro;RUA ROCHA LIMA;;ALDEOTA;BZH7218;Colisão;Não informado;Não informado;Não informado;Não informado;Não informado;Longo da via;0;1;0;0;2;0;0;0;0;0;0;0;0;(-38.51728749999999 -3.7379927);