COD_ACIDENTE;DATA;LOG1;LOG2;NUMERO;BAIRRO;AMC;NATUREZA;ILUMINACAO;TEMPO;SUPERFICIEPISTA;TIPOCRUZAMENTO;CONTROLETRAFEGO;USOSOLO;MORTOS;FERIDOS;ILESOS;MOTOCICLETA;AUTOMOVEL;MICROONIBUS;CAMINHAO;ONIBUS;CICLOMOTOR;BICICLETA;OUTROS;TREM;TRACAOANIMAL;COORDENADAS
COC8941;2021-02-25 17:00:00;Avenida José Jatahy;AV JOSE BASTOS;;PARQUE ARAXA;COC8941;Colisão;Não informado;Não informado;Não informado;Não informado;Não informado;Longo da via;0;1;0;1;1;0;0;0;0;0;0;0;0;(-38.5447551 -3.731955);
RPP2561;2021-01-29 19:30:00;Rua Osvaldo Cruz;AV ABOLICAO;;MEIRELES;RPP2561;Atropelamento;Não informado;Não informado;Não informado;Não informado;Não informado;Longo da via;0;1;0;0;0;0;0;1;0;0;0;0;0;(-38.497451 -3.7266487);
AIR1891;2021-02-08 16:40:00;Avenida Aguanambi;RUA PERGENTINO FERREIRA;;FATIMA;AIR1891;Colisão;Não informado;Não informado;Não informado;Não informado;Não informado;Cruzamento;0;1;0;0;2;0;0;0;0;0;0;0;0;(-38.523997 -3.7485455);
UMT7734;2021-02-08 11:10:00;AV ROGACIANO LEITE;;;JARDIM DAS OLIVEIRAS;UMT7734;Colisão;Não informado;Não informado;Não informado;Não informado;Não informado;Longo da via;0;1;0;0;0;0;0;0;0;0;1;0;0;(-38.5012918 -3.7791908);
NUT1584;2021-02-23 12:10:00;Avenida I;;;PREFEITO JOSE VALTER;NUT1584;Colisão;Não informado;Não informado;Não informado;Não informado;Não informado;Longo da via;0;1;0;1;0;0;0;1;0;0;0;0;0;(-38.55353119999999 -3.834191);
OIO2388;2021-02-23 19:20:00;Avenida Washington Soares;;;GUARARAPES;OIO2388;Colisão;Não informado;Não informado;Não informado;Não informado;Não informado;Longo da via;0;1;0;0;2;0;0;0;0;0;0;0;0;(-38.48961726430293 -3.757366075016932);
DAN3278;2021-02-06 23:13:00;Rua Júlio Braga;RUA SABIA;;JOAO XXIII;DAN3278;Colisão;Não informado;Não informado;Não informado;Não informado;Não informado;Cruzamento;0;1;0;1;1;0;0;0;0;0;0;0;0;(-38.5780724 -3.7763246);
FKB1154;2021-02-07 15:40:00;Avenida Dioguinho;;;PRAIA DO FUTURO II;FKB1154;Choque;Não informado;Não informado;Não informado;Não informado;Não informado;Longo da via;0;1;0;0;1;0;0;0;0;0;0;0;0;(-38.44592 -3.756315);
ZXX9437;2021-02-26 13:25:00;Avenida Professor Gomes de Matos;;;MONTESE;ZXX9437;Colisão;Não informado;Não informado;Não informado;Não informado;Não informado;Longo da via;0;1;0;0;2;0;0;0;0;0;0;0;0;(-38.54719356536239 -3.763029411335488);
DJF6669;2021-02-26 14:05:00;Avenida C;;;JANGURUSSU;DJF6669;Colisão;Não informado;Não informado;Não informado;Não informado;Não informado;Longo da via;0;1;0;0;0;0;0;1;0;1;0;0;0;(-38.5127536 -3.8491909);
UQJ6104;2021-02-03 23:30:00;RUA HUGO VITOR;;;;UQJ6104;Colisão;Não informado;Não informado;Não informado;Não informado;Não informado;Longo da via;0;1;0;0;2;0;0;0;0;0;0;0;0;(-38.5914102 -3.7399471);
JNU2729;2021-02-26 14:45:00;Rua Professor Costa Mendes;RUA MON FURTADO;;RODOLFO TEOFILO;JNU2729;Colisão;Não informado;Não informado;Não informado;Não informado;Não informado;Longo da via;0;1;0;1;0;0;0;1;0;0;0;0;0;(-38.55251340957836 -3.749713420044298);
DGU6623;2021-02-27 11:15:00;Avenida Bernardo Manuel;;;PARQUE DOIS IRMAOS;DGU6623;Colisão;Não informado;Não informado;Não informado;Não informado;Não informado;Longo da via;0;1;0;0;1;0;1;0;0;0;0;0;0;(-38.55650618708644 -3.815159274566507);
QJG1525;2021-02-28 17:00:00;Rua Nunes Valente;RUA PDE VALDEVINO;;ALDEOTA;QJG1525;Colisão;Não informado;Não informado;Não informado;Não informado;Não informado;Longo da via;0;1;0;2;0;0;0;0;0;0;0;0;0;(-38.5057674 -3.7425894);
BTM8523;2021-02-06 19:50:00;Rua Cidade de Rio Branco;;;JOAO XXIII;BTM8523;Colisão;Não informado;Não informado;Não informado;Não informado;Não informado;Longo da via;0;1;0;0;2;0;0;0;0;0;0;0;0;(-38.5918516 -3.7645867);
FIL7802;2021-02-28 11:45:00;Rua Professor Heribaldo Costa;RUA GOIANIA;;HENRIQUE JORGE;FIL7802;Colisão;Não informado;Não informado;Não informado;Não informado;Não informado;Longo da via;0;1;0;1;1;0;0;0;0;0;0;0;0;(-38.5858934 -3.7639822);
OVY7186;2021-03-01 11:55:00;Rua Dom Lino;RUA PDE GUERRA;;PARQUELANDIA;OVY7186;Colisão;Não informado;Não informado;Não informado;Não informado;Não informado;Longo da via;0;1;0;0;2;0;0;0;0;0;0;0;0;(-38.5566469 -3.7387074);
DLT6432;2021-03-01 12:45:00;Avenida Augusto dos Anjos;AV SEN FERNANDES TAVORA;;PARANGABA;DLT6432;Colisão;Não informado;Não informado;Não informado;Não informado;Não informado;Longo da via;0;1;0;0;1;0;1;0;0;0;0;0;0;(-38.5704451 -3.7702252);
JOE8180;2021-03-01 17:30:00;Rua Carlos Chagas;RUA THOMPSON GONCALVES;;BONSUCESSO;JOE8180;Colisão;Não informado;Não informado;Não informado;Não informado;Não informado;Longo da via;0;1;0;0;1;0;0;0;0;0;0;0;0;(-38.5823061 -3.7810139);
BFT3161;2021-02-05 13:20:00;RUA JOSE BARCELOS;RUA GUSTAVO SAMPAIO;;PARQUE ARAXA;BFT3161;Colisão;Não informado;Não informado;Não informado;Não informado;Não informado;Cruzamento;0;1;0;0;2;0;0;0;0;0;0;0;0;(-38.5508373 -3.734094599999999);
MXI7843;2021-02-05 13:40:00;Rua Padre Anchieta;RUA LEIRIA DE ANDRADE;;MONTE CASTELO;MXI7843;Colisão;Não informado;Não informado;Não informado;Não informado;Não informado;Cruzamento;0;1;0;1;1;0;0;0;0;0;0;0;0;(-38.5518174 -3.7293106);
NHG9525;2021-01-30 03:30:00;Rua Vereador Pedro Paulo;RUA JUNIOR ROCHA;;PARQUE MANIBURA;NHG9525;Colisão;Não informado;Não informado;Não informado;Não informado;Não informado;Cruzamento;0;1;0;1;1;0;0;0;0;0;0;0;0;(-38.4884257 -3.7871037);
CIT1381;2021-01-30 01:40:00;Rua José de Pontes;AV ENG HUMBERTO MONTE;;PICI;CIT1381;Colisão;Não informado;Não informado;Não informado;Não informado;Não informado;Cruzamento;0;1;0;0;2;0;0;0;0;0;0;0;0;(-38.5685522 -3.7393436);
TTP5706;2021-01-30 00:30:00;AV MENDEL STTEINBRUCH;;;MONDUBIM;TTP5706;Atropelamento;Não informado;Não informado;Não informado;Não informado;Não informado;Longo da via;0;1;0;1;0;0;0;0;0;0;0;0;0;(-38.57848443725037 -3.823477734855047);
JFE0157;2021-02-04 04:41:00;Avenida Audízio Pinheiro;AV SEN FERNANDES TAVORA;;HENRIQUE JORGE;JFE0157;Colisão;Não informado;Não informado;Não informado;Não informado;Não informado;Cruzamento;0;1;0;2;0;0;0;0;0;0;0;0;0;(-38.58852639502214 -3.758302829782517);
KUS0779;2021-02-04 20:50:00;AV DES LEITE ALBUQUERQUE;;;ALDEOTA;KUS0779;Colisão;Não informado;Não informado;Não informado;Não informado;Não informado;Longo da via;0;1;0;1;2;0;0;0;0;0;0;0;0;(-38.4967191 -3.7378818);
KTM5548;2021-02-04 19:10:00;Avenida João Pessoa;;;DAMAS;KTM5548;Colisão;Não informado;Não informado;Não informado;Não informado;Não informado;Longo da via;0;1;0;1;1;0;0;0;0;0;0;0;0;(-38.5491985 -3.7517941);
PID5084;2021-01-30 19:55:00;Avenida José Jatahy;RUA AZEVEDO BOLAO;;FARIAS BRITO;PID5084;Colisão;Não informado;Não informado;Não informado;Não informado;Não informado;Cruzamento;0;1;0;2;0;0;0;0;0;0;0;0;0;(-38.54373730003082 -3.734328952107083);
MBR2639;2021-02-03 00:00:00;Rua Cidade Palhano;;;VILA VELHA;MBR2639;Colisão;Não informado;Não informado;Não informado;Não informado;Não informado;Longo da via;0;1;0;1;0;0;0;1;0;0;0;0;0;(-38.5941579 -3.7177746);
IXW8711;2021-02-04 10:35:00;Avenida do Contorno;RUA INES BRASIL;;BOA VISTA;IXW8711;Colisão;Não informado;Não informado;Não informado;Não informado;Não informado;Cruzamento;0;1;0;1;0;1;0;0;0;0;0;0;0;(-38.5203032 -3.8051412);
XYA1821;2021-02-02 17:00:00;Rua Gabriel Fiúsa;RUA MON AGOSTINHO;;VILA PERY;XYA1821;Colisão;Não informado;Não informado;Não informado;Não informado;Não informado;Cruzamento;0;1;0;1;1;0;0;0;0;0;0;0;0;(-38.580442 -3.7866346);
FOC3584;2021-02-03 19:30:00;Rua OTAVIO LOBO;RUA LAURO NOGUEIRA;;PAPICU;FOC3584;Colisão;Não informado;Não informado;Não informado;Não informado;Não informado;Cruzamento;0;1;0;1;0;0;0;1;0;0;0;0;0;(-38.4765008 -3.7406845);
CGO2494;2021-02-01 23:15:00;Rua Monsenhor Bruno;RUA JOAO CARVALHO;;ALDEOTA;CGO2494;Colisão;Não informado;Não informado;Não informado;Não informado;Não informado;Cruzamento;0;1;0;0;2;0;0;0;0;0;0;0;0;(-38.510779 -3.7365884);
REC3125;2021-01-02 13:50:00;Rua Doutor José Lourenço;RUA JULIO SIQUEIRA;;JOAQUIM TVORA;REC3125;Colisão;Não informado;Não informado;Não informado;Não informado;Não informado;Cruzamento;0;0;0;1;1;0;0;0;0;0;0;0;0;(-38.5121981 -3.7484693);
YRV8529;2021-02-02 11:00:00;Rua Ns 03 Cj Res Cajazeiras;RUA JOAOZITO ARRUDA;;PARQUE IRACEMA;YRV8529;Colisão;Não informado;Não informado;Não informado;Não informado;Não informado;Cruzamento;0;0;0;0;2;0;0;0;0;0;0;0;0;(-38.4979703 -3.8031918);
NID0735;2021-01-31 21:40:00;Rua Demétrio Menezes;RUA BALDUINO FREIRE;;ANTONIO BEZERRA;NID0735;Colisão;Não informado;Não informado;Não informado;Não informado;Não informado;Cruzamento;0;1;0;1;1;0;0;0;0;0;0;0;0;(-38.584212 -3.7352052);
WRR7099;2021-03-02 22:20:00;Avenida Doutor Mendel Steinbruch;;;MONDUBIM;WRR7099;Colisão;Não informado;Não informado;Não informado;Não informado;Não informado;Longo da via;0;1;0;1;0;0;0;0;0;0;0;0;0;(-38.5886288 -3.854776999999999);
CQL7969;2021-03-02 23:56:00;Avenida H;AV G CJ CEARA;;CONJUNTO CEARA II;CQL7969;Colisão;Não informado;Não informado;Não informado;Não informado;Não informado;Longo da via;0;1;0;1;1;0;0;0;0;0;0;0;0;(-38.61012354740536 -3.775774459739804);
AOI7907;2021-03-04 05:50:00;Avenida Jornalista Tomaz Coelho;;;MESSEJANA;AOI7907;Colisão;Não informado;Não informado;Não informado;Não informado;Não informado;Longo da via;0;1;0;1;0;0;0;1;0;0;0;0;0;(-38.50691213911698 -3.83045131632487);
CWR4541;2021-01-30 16:30:00;Rua Tomás Ildefonso;;;CAMBEBA;CWR4541;Colisão;Não informado;Não informado;Não informado;Não informado;Não informado;Longo da via;0;1;0;0;3;0;0;0;0;0;0;0;0;(-38.4838549 -3.8115345);
ACD8367;2021-01-25 00:15:00;Rua C;RUA D UI 503;;MONDUBIM;ACD8367;Colisão;Não informado;Não informado;Não informado;Não informado;Não informado;Cruzamento;0;1;0;0;2;0;0;0;0;0;0;0;0;(-38.5628052 -3.8219652);
RTT9845;2021-01-26 16:00:00;RUA DOUTOR SULIANO;;;JOQUEI CLUBE;RTT9845;Colisão;Não informado;Não informado;Não informado;Não informado;Não informado;Longo da via;0;1;0;0;0;0;0;0;0;0;1;0;0;(-38.57695 -3.7662831);
RPJ1822;2021-03-05 22:44:00;Rua Pascoal De Castro Alves;RUA JULIO AZEVEDO;;VICENTE PINZON;RPJ1822;Colisão;Não informado;Não informado;Não informado;Não informado;Não informado;Longo da via;0;1;0;1;0;0;0;1;0;0;0;0;0;(-38.4761181 -3.7330735);
DXH9936;2021-01-28 12:25:00;Rua Conegundes Rodrigues;;;MONTESE;DXH9936;Choque;Não informado;Não informado;Não informado;Não informado;Não informado;Longo da via;0;1;0;0;1;0;0;0;0;0;0;0;0;(-38.54396828395838 -3.766873067819002);
FEM2589;2021-03-05 23:44:00;Rua Napoleão Quezado;RUA CON DE CASTRO;;PARANGABA;FEM2589;Colisão;Não informado;Não informado;Não informado;Não informado;Não informado;Longo da via;0;1;0;0;2;0;0;0;0;0;0;0;0;(-38.5668102 -3.7777191);
XQG7042;2021-01-23 00:36:00;Rua B;RUA MONTE LIBANO;;MONDUBIM;XQG7042;Colisão;Não informado;Não informado;Não informado;Não informado;Não informado;Cruzamento;0;1;0;0;0;0;0;0;0;0;1;0;0;(-38.55990180247433 -3.825179152129085);
MJX7330;2021-01-22 04:05:00;Avenida Rogaciano Leite;;;ENGENHEIRO LUCIANO CAVALCANTE;MJX7330;Choque;Não informado;Não informado;Não informado;Não informado;Não informado;Longo da via;0;1;0;0;1;0;0;0;0;0;0;0;0;(-38.5021637 -3.7819452);
CGT4446;2021-01-14 00:43:00;Rua OSVALDO CRUZ;RUA PEREIRA VALENTE;;ALDEOTA;CGT4446;Colisão;Não informado;Não informado;Não informado;Não informado;Não informado;Cruzamento;0;0;0;0;2;0;0;0;0;0;0;0;0;(-38.49803935510147 -3.731281066408683);
SYA6446;2021-01-14 00:00:00;Avenida Dionísio Leonel Alencar;;;ANCURI;SYA6446;Colisão;Não informado;Não informado;Não informado;Não informado;Não informado;Longo da via;0;0;0;0;1;0;0;0;0;0;0;0;0;(-38.5128713 -3.8602595);
PMD1373;2021-01-23 03:20:00;Rodovia Anel Viario De Fortaleza;;;ANCURI;PMD1373;Colisão;Não informado;Não informado;Não informado;Não informado;Não informado;Longo da via;0;0;0;1;0;0;0;0;0;0;0;0;0;(-38.5082531 -3.8687273);
TYY7699;2021-01-23 23:40:00;RUA DR ESTENIO GOMES ;RUA BERNARDINO CAMPOS;;PARQUE SAO JOSE;TYY7699;Colisão;Não informado;Não informado;Não informado;Não informado;Não informado;Cruzamento;0;0;0;0;2;0;0;0;0;0;0;0;0;(-38.59054039999999 -3.8002746);
PQI8262;2021-03-04 23:20:00;Avenida Washington Soares;;;MESSEJANA;PQI8262;Atropelamento;Não informado;Não informado;Não informado;Não informado;Não informado;Longo da via;0;1;0;0;1;0;0;0;0;0;0;0;0;(-38.48191395320938 -3.827213087339381);
HLG2806;2021-01-27 03:38:00;AV DOM LUIZ;AV DES MOREIRA;;ALDEOTA;HLG2806;Colisão;Não informado;Não informado;Não informado;Não informado;Não informado;Cruzamento;0;0;0;0;1;0;0;1;0;0;0;0;0;(-38.49685386281763 -3.733534696194529);
KWS3473;2021-01-25 11:40:00;Rua General Piragibe;RUA GUSTAVO SAMPAIO;;PARQUELANDIA;KWS3473;Colisão;Não informado;Não informado;Não informado;Não informado;Não informado;Cruzamento;0;0;0;2;0;0;0;0;0;0;0;0;0;(-38.5583911 -3.7356662);
XYO8025;2021-01-26 13:55:00;Avenida Deputado Paulino Rocha;;;CAJAZEIRAS;XYO8025;Colisão;Não informado;Não informado;Não informado;Não informado;Não informado;Longo da via;0;0;0;1;1;0;0;0;0;0;0;0;0;(-38.5081884 -3.8061682);
OEP1493;2021-03-09 13:50:00;Avenida Almirante Henrique Sabóia;;;MUCURIPE;OEP1493;Colisão;Não informado;Não informado;Não informado;Não informado;Não informado;Longo da via;0;1;0;0;1;0;1;0;0;0;0;0;0;(-38.48035827409195 -3.72387241850614);
OSP4408;2021-01-25 17:10:00;Avenida dos Expedicionários;;;FATIMA;OSP4408;Colisão;Não informado;Não informado;Não informado;Não informado;Não informado;Longo da via;0;0;0;0;1;0;1;0;0;0;0;0;0;(-38.5361122 -3.7492845);
YMP1798;2021-03-09 17:30:00;Rua Mario Mamede;RUA PAULA RODRIGUES;;FATIMA;YMP1798;Colisão;Não informado;Não informado;Não informado;Não informado;Não informado;Longo da via;0;1;0;0;2;0;0;0;0;0;0;0;0;(-38.52674469999999 -3.753299);
XOW4733;2021-03-09 19:50:00;Rua Barbosa de Freitas;;;DIONISIO TORRES;XOW4733;Colisão;Não informado;Não informado;Não informado;Não informado;Não informado;Longo da via;0;1;0;0;1;0;1;0;0;0;0;0;0;(-38.49837737325485 -3.739770957483878);
DFL1773;2021-03-11 00:30:00;Rua José Franca Cabral;AV DEP PAULINO ROCHA;;CASTELAO;DFL1773;Colisão;Não informado;Não informado;Não informado;Não informado;Não informado;Longo da via;0;1;0;0;2;0;0;0;0;0;0;0;0;(-38.5189769 -3.8101826);
LNH6454;2021-03-12 17:10:00;Avenida Dioguinho;;;PRAIA DO FUTURO II;LNH6454;Choque;Não informado;Não informado;Não informado;Não informado;Não informado;Longo da via;0;1;0;0;1;0;0;0;0;0;0;0;0;(-38.4376984 -3.7750918);
JBO3634;2021-03-14 03:15:00;Rua Emílio de Menezes;RUA ANSELMO NOGUEIRA;;BONSUCESSO;JBO3634;Colisão;Não informado;Não informado;Não informado;Não informado;Não informado;Longo da via;0;1;0;1;1;0;0;0;0;0;0;0;0;(-38.5873836 -3.7818048);
LXP6689;2021-03-14 17:30:00;Avenida Bezerra de Menezes;;;PARQUELANDIA;LXP6689;Choque;Não informado;Não informado;Não informado;Não informado;Não informado;Longo da via;0;1;0;0;1;0;0;0;0;0;0;0;0;(-38.5548599 -3.7335861);
NPE5814;2021-01-25 17:10:00;RUA JOSE JATAI;AV JOAO PESSOA;;BENFICA;NPE5814;Colisão;Não informado;Não informado;Não informado;Não informado;Não informado;Cruzamento;0;0;0;0;2;0;0;0;0;0;0;0;0;(-38.5434501 -3.7456965);
NPE5814;2021-01-23 14:40:00;Rua Taquari;RUA TAUBATE;;GRANJA PORTUGAL;NPE5814;Colisão;Não informado;Não informado;Não informado;Não informado;Não informado;Cruzamento;0;0;0;2;0;0;0;0;0;0;0;0;0;(-38.6014529 -3.7761583);
NPE5814;2021-01-22 16:30:00;Avenida Alberto Craveiro;;;DIAS MACEDO;NPE5814;Colisão;Não informado;Não informado;Não informado;Não informado;Não informado;Longo da via;0;0;0;0;2;0;0;0;0;0;0;0;0;(-38.5169845 -3.7882848);
NPE5814;2021-01-22 17:20:00;Rua Tereza Cristina;;;FARIAS BRITO;NPE5814;Atropelamento;Não informado;Não informado;Não informado;Não informado;Não informado;Longo da via;0;0;0;0;0;0;0;1;0;0;0;0;0;(-38.5378255 -3.7306487);
NPE5814;2021-01-20 14:50:00;Avenida Pontes Vieira;;;JOAQUIM TVORA;NPE5814;Choque c/ Obstáculo Fixo;Não informado;Não informado;Não informado;Não informado;Não informado;Longo da via;0;0;0;0;1;0;0;0;0;0;0;0;0;(-38.5184883 -3.7530693);
NPE5814;2021-01-15 18:40:00;RUA MON SABINO FEIJÃO;RUA MANUEL GALDINO;;BOM JARDIM;NPE5814;Choque c/ Obstáculo Fixo;Não informado;Não informado;Não informado;Não informado;Não informado;Cruzamento;0;0;0;0;1;0;0;0;0;0;0;0;0;(-38.59842940000001 -3.798317299999999);
KGT5701;2021-03-14 00:27:00;Rua Manuel Queirós;AV SANTOS DUMONT;;PAPICU;KGT5701;Colisão;Não informado;Não informado;Não informado;Não informado;Não informado;Longo da via;0;1;0;1;1;0;0;0;0;0;0;0;0;(-38.46675412146276 -3.746558528786387);
NPE5814;2021-01-12 21:30:00;AV DUQUE DE CAXIAS;RUA SOLON PINHEIRO;;CENTRO;NPE5814;Atropelamento;Não informado;Não informado;Não informado;Não informado;Não informado;Cruzamento;0;0;0;0;0;0;0;1;0;0;0;0;0;(-38.52647079411719 -3.732362381184337);
NPE5814;2021-01-20 19:37:00;Rua RENATO BRAGA;;;VICENTE PINZON;NPE5814;Colisão;Não informado;Não informado;Não informado;Não informado;Não informado;Longo da via;0;0;0;1;1;0;0;0;0;0;0;0;0;(-38.46047233962672 -3.731944843953467);
IWC4955;2021-01-06 23:40:00;Avenida General Osório de Paiva;;;SAO BENTO;IWC4955;Atropelamento;Não informado;Não informado;Não informado;Não informado;Não informado;Longo da via;0;1;0;1;0;0;0;0;0;0;0;0;0;(-38.5949496 -3.7975027);
NPE5814;2021-01-19 15:00:00;Rua Coronel Matos Dourado;;;ANTONIO BEZERRA;NPE5814;Colisão;Não informado;Não informado;Não informado;Não informado;Não informado;Longo da via;0;0;0;0;1;0;1;0;0;0;0;0;0;(-38.585343 -3.7404535);
GCL2299;2021-03-17 16:00:00;Avenida Presidente Costa e Silva;;;PREFEITO JOSE VALTER;GCL2299;Colisão;Não informado;Não informado;Não informado;Não informado;Não informado;Longo da via;0;1;0;1;0;0;1;0;0;0;0;0;0;(-38.5390289143183 -3.825816095516878);
NPE5814;2021-01-15 23:15:00;Rua Padre Valdevino;RUA GONCALVES LEDO;;JOAQUIM TVORA;NPE5814;Colisão;Não informado;Não informado;Não informado;Não informado;Não informado;Cruzamento;0;0;0;0;0;0;0;0;0;0;1;0;0;(-38.5186071 -3.738573299999999);
NPE5814;2021-01-16 00:22:00;Avenida Presidente Castelo Branco;;;MOURA BRASIL;NPE5814;Colisão;Não informado;Não informado;Não informado;Não informado;Não informado;Longo da via;0;0;0;0;0;0;0;1;0;1;0;0;0;(-38.5309442 -3.719774);
BLF3747;2021-03-18 13:30:00;Avenida Almirante Henrique Sabóia;;;SAO JOAO DO TAUAPE;BLF3747;Colisão;Não informado;Não informado;Não informado;Não informado;Não informado;Longo da via;0;1;0;1;1;0;0;0;0;0;0;0;0;(-38.50363446468776 -3.754727097613053);
WSB5901;2021-03-18 13:20:00;Rua Catolé;;;JANGURUSSU;WSB5901;Colisão;Não informado;Não informado;Não informado;Não informado;Não informado;Longo da via;0;1;0;0;2;0;0;0;0;0;0;0;0;(-38.52132633505458 -3.850463834429463);
MWP0966;2021-03-20 13:50:00;Avenida Audízio Pinheiro;;;JOAO XXIII;MWP0966;Colisão;Não informado;Não informado;Não informado;Não informado;Não informado;Longo da via;0;1;0;1;1;0;0;0;0;0;0;0;0;(-38.59331146481867 -3.767616793823188);
KEN5677;2021-03-20 18:55:00;Rua Mundica Paula;RUA GERMANO FRANCK;;ITAOCA;KEN5677;Colisão;Não informado;Não informado;Não informado;Não informado;Não informado;Longo da via;0;1;0;1;1;0;0;0;0;0;0;0;0;(-38.55757371518836 -3.773285416249605);
RWB3574;2021-03-20 22:30:00;Rua Almeida Prado;;;PAPICU;RWB3574;Colisão;Não informado;Não informado;Não informado;Não informado;Não informado;Longo da via;0;1;0;1;1;0;0;0;0;0;0;0;0;(-38.47467 -3.742117899999999);
GMR1514;2021-03-21 10:49:00;Avenida Almirante Henrique Sabóia;;;PAPICU;GMR1514;Colisão;Não informado;Não informado;Não informado;Não informado;Não informado;Longo da via;0;1;0;0;1;0;0;0;0;0;0;0;0;(-38.4886409359991 -3.742415333000033);
YYL0818;2021-03-21 13:35:00;Rua Mozart Anselmo;;;PAUPINA;YYL0818;Colisão;Não informado;Não informado;Não informado;Não informado;Não informado;Longo da via;0;1;0;0;2;0;0;0;0;0;0;0;0;(-38.48214464101264 -3.846460297900127);
NEZ6527;2021-03-21 19:20:00;Avenida João Pessoa;;;DAMAS;NEZ6527;Colisão;Não informado;Não informado;Não informado;Não informado;Não informado;Longo da via;0;1;0;1;1;0;0;0;0;0;0;0;0;(-38.55537965554693 -3.759073644377968);
QCZ9249;2021-01-14 22:50:00;Avenida Governador Raul Barbosa;;;SAO JOAO DO TAUAPE;QCZ9249;Atropelamento;Não informado;Não informado;Não informado;Não informado;Não informado;Longo da via;0;1;0;0;0;0;0;0;0;0;1;0;0;(-38.5050153 -3.7565871);
AZP9926;2021-03-19 12:25:00;Rua Sena Madureira;;;CENTRO;AZP9926;Colisão;Não informado;Não informado;Não informado;Não informado;Não informado;Longo da via;0;1;0;1;2;0;0;0;0;0;0;0;0;(-38.5257442 -3.72878);
QYK4635;2021-03-22 12:50:00;Avenida Jornalista Tomaz Coelho;RUA POMPILIO GOMES;;JANGURUSSU;QYK4635;Colisão;Não informado;Não informado;Não informado;Não informado;Não informado;Longo da via;0;1;0;1;1;0;1;0;0;0;0;0;0;(-38.52118685854376 -3.828551199975314);
OUI6589;2021-01-07 01:13:00;Rua Beni Carvalho;RUA LEONARDO MOTA;;ALDEOTA;OUI6589;Colisão;Não informado;Não informado;Não informado;Não informado;Não informado;Cruzamento;0;1;0;0;0;0;0;0;0;0;1;0;0;(-38.4989558 -3.7447278);
KGY2346;2021-03-23 14:20:00;Rua São Paulo;AV TRISTAO GONCALVES;;CENTRO;KGY2346;Colisão;Não informado;Não informado;Não informado;Não informado;Não informado;Longo da via;0;1;0;0;1;0;1;0;0;0;0;0;0;(-38.5324318 -3.7244243);
XAF6248;2021-03-18 23:00:00;Rua Pedro Luiz Sobrinho;;;CIDADE DOS FUNCIONRAIOS;XAF6248;Colisão;Não informado;Não informado;Não informado;Não informado;Não informado;Longo da via;0;1;0;1;1;0;0;0;0;0;0;0;0;(-38.503430638853 -3.801751082579306);
AZJ0574;2021-01-17 14:00:00;Rua Teodoro de Castro;;;GRANJA LISBOA;AZJ0574;Colisão;Não informado;Não informado;Não informado;Não informado;Não informado;Longo da via;0;1;0;0;0;0;0;1;0;0;0;0;0;(-38.611086 -3.778090299999999);
UUQ9111;2021-03-26 14:25:00;Rua Filó;AV CEL CARVALHO;;BARRA DO CEARA;UUQ9111;Colisão;Não informado;Não informado;Não informado;Não informado;Não informado;Longo da via;0;1;0;0;2;0;0;0;0;0;0;0;0;(-38.58961001285945 -3.709135233494252);
EFA2549;2021-03-28 00:23:00;Avenida Dois;RUA BERNARDO MANUEL;;PARQUE DOIS IRMAOS;EFA2549;Colisão;Não informado;Não informado;Não informado;Não informado;Não informado;Longo da via;0;1;0;0;1;0;0;0;0;0;0;0;0;(-38.55289593164118 -3.804807419365924);
JNB0451;2021-01-14 21:40:00;Avenida Godofredo Maciel;;;MONDUBIM;JNB0451;Colisão;Não informado;Não informado;Não informado;Não informado;Não informado;Longo da via;0;0;2;0;2;0;0;0;0;0;0;0;0;(-38.574495 -3.817149);
QQK3477;2021-03-28 23:45:00;Rua José Façanha;;;RODOLFO TEOFILO;QQK3477;Colisão;Não informado;Não informado;Não informado;Não informado;Não informado;Longo da via;0;1;0;0;2;0;0;0;0;0;0;0;0;(-38.55799749623703 -3.751493937953752);
ZOQ7152;2021-01-30 22:40:00;Avenida Senador Carlos Jereissati;;;SERRINHA;ZOQ7152;Colisão;Não informado;Não informado;Não informado;Não informado;Não informado;Longo da via;0;0;0;0;4;0;0;0;0;0;0;0;0;(-38.5353259 -3.7822053);
SXL7392;2021-02-21 20:00:00;Rua João Carvalho;RUA DR JOSE LOURENCO;;ALDEOTA;SXL7392;Colisão;Não informado;Não informado;Não informado;Não informado;Não informado;Cruzamento;0;0;0;0;2;0;0;0;0;0;0;0;0;(-38.5086365 -3.7373127);
BUX8144;2021-01-14 14:43:00;Rua Santa Filomena;RUA PRO EDGAR DE ARRUDA;;DOM LUSTOSA;BUX8144;Colisão;Não informado;Não informado;Não informado;Não informado;Não informado;Cruzamento;0;0;0;1;1;0;0;0;0;0;0;0;0;(-38.5885497 -3.7562776);