COD_ACIDENTE;DATA;LOG1;LOG2;NUMERO;BAIRRO;AMC;NATUREZA;ILUMINACAO;TEMPO;SUPERFICIEPISTA;TIPOCRUZAMENTO;CONTROLETRAFEGO;USOSOLO;MORTOS;FERIDOS;ILESOS;MOTOCICLETA;AUTOMOVEL;MICROONIBUS;CAMINHAO;ONIBUS;CICLOMOTOR;BICICLETA;OUTROS;TREM;TRACAOANIMAL;COORDENADAS
YSB1330;2021-01-14 14:57:00;Rua Alberto Magno;;;MONTESE;YSB1330;Colisão;Não informado;Não informado;Não informado;Não informado;Não informado;Longo da via;0;1;0;1;1;0;0;0;0;0;0;0;0;(-38.54968800989396 -3.764613854227032);
BCH1097;2021-01-14 16:56:00;Avenida José Leon;;;CIDADE DOS FUNCIONRAIOS;BCH1097;Colisão;Não informado;Não informado;Não informado;Não informado;Não informado;Longo da via;0;1;0;1;1;0;0;0;0;0;0;0;0;(-38.50986793368597 -3.786924216372632);
BBR1957;2021-01-14 17:22:00;Avenida Clóvis Arrais Maia;;;PRAIA DO FUTURO I;BBR1957;Colisão;Não informado;Não informado;Não informado;Não informado;Não informado;Longo da via;0;1;0;0;0;0;0;0;0;0;0;0;0;(-38.45131531347123 -3.742982748568703);
IWY2754;2021-01-14 13:05:00;Avenida Manoel Mavignier;;;;IWY2754;Queda;Não informado;Não informado;Não informado;Não informado;Não informado;Longo da via;0;1;0;1;0;0;0;0;0;0;0;0;0;(-38.4153794 -3.8087263);
XEQ8976;2021-01-14 17:50:00;Rua Virgílio Brandão;;;AUTRAN NUNES;XEQ8976;Atropelamento;Não informado;Não informado;Não informado;Não informado;Não informado;Longo da via;0;1;0;0;0;0;1;0;0;0;0;0;0;(-38.59636918872555 -3.753704692458468);
UFM2628;2021-01-14 11:34:00;Rua Jorge Dumar;;;JARDIM AMERICA;UFM2628;Colisão;Não informado;Não informado;Não informado;Não informado;Não informado;Longo da via;0;1;0;1;1;0;0;0;0;0;0;0;0;(-38.53961 -3.753869);
WZM9108;2021-01-14 17:55:00;Rua Vitória;;;HENRIQUE JORGE;WZM9108;Colisão;Não informado;Não informado;Não informado;Não informado;Não informado;Longo da via;0;1;0;1;0;0;1;0;0;0;0;0;0;(-38.58600512159766 -3.76042256828049);
TMZ9570;2021-01-14 18:49:00;Rua Daura;;;BARROSO;TMZ9570;Colisão;Não informado;Não informado;Não informado;Não informado;Não informado;Longo da via;0;1;0;1;1;0;0;0;0;0;0;0;0;(-38.50748614076014 -3.822808005776499);
VIH6972;2021-01-14 11:12:00;Rua Cônego de Castro;;;PARQUE SANTA ROSA;VIH6972;Queda;Não informado;Não informado;Não informado;Não informado;Não informado;Longo da via;0;1;0;1;0;0;0;0;0;0;0;0;0;(-38.5993419 -3.8154118);
HRH1582;2021-01-14 10:45:00;Avenida Mister Hull;;;ANTONIO BEZERRA;HRH1582;Colisão;Não informado;Não informado;Não informado;Não informado;Não informado;Longo da via;0;2;0;0;0;0;0;0;0;0;1;0;0;(-38.5918137 -3.7395231);
LFG5030;2021-01-14 19:19:00;Avenida Oscar Araripe;;;BOM JARDIM;LFG5030;Queda;Não informado;Não informado;Não informado;Não informado;Não informado;Longo da via;0;1;0;0;0;0;0;0;0;1;0;0;0;(-38.6013312655508 -3.790590811654691);
ETL0532;2021-01-14 19:57:00;Rua Barão de Sobral;;;DEMOCRITO ROCHA;ETL0532;Atropelamento;Não informado;Não informado;Não informado;Não informado;Não informado;Longo da via;0;1;0;0;1;0;0;0;0;0;0;0;0;(-38.56085672987403 -3.763104351266913);
SCD6911;2021-01-14 10:34:00;Avenida Presidente Costa e Silva;;;JANGURUSSU;SCD6911;Colisão;Não informado;Não informado;Não informado;Não informado;Não informado;Longo da via;0;1;0;1;1;0;0;0;0;0;0;0;0;(-38.5295236 -3.8292483);
CCW5422;2021-01-14 20:11:00;Rua Cônego de Castro;;;VILA PERY;CCW5422;Colisão;Não informado;Não informado;Não informado;Não informado;Não informado;Longo da via;0;1;0;0;0;0;0;0;0;0;1;0;0;(-38.57268527890163 -3.784183626981747);
GPT1016;2021-01-14 05:12:00;Avenida da Abolição;AV DES MOREIRA;;MEIRELES;GPT1016;Queda;Não informado;Não informado;Não informado;Não informado;Não informado;Cruzamento;0;1;0;1;0;0;0;0;0;0;0;0;0;(-38.4959714 -3.7270013);
QZD7382;2021-01-14 00:41:00;CE-025;AV WASHINGTON SOARES;;SAPIRANGA / COITE;QZD7382;Queda;Não informado;Não informado;Não informado;Não informado;Não informado;Cruzamento;0;1;0;1;0;0;0;0;0;0;0;0;0;(-38.4788811 -3.8079016);
HPJ1036;2021-01-14 20:12:00;Rua Afonso Lopes;;;PARQUE DOIS IRMAOS;HPJ1036;Atropelamento;Não informado;Não informado;Não informado;Não informado;Não informado;Longo da via;0;1;0;0;0;0;0;0;0;0;1;0;0;(-38.54791775522823 -3.792094914128593);
SSI3321;2021-01-14 20:22:00;Rua Livino de Carvalho;;;ITAOCA;SSI3321;Queda;Não informado;Não informado;Não informado;Não informado;Não informado;Longo da via;0;1;0;1;0;0;0;0;0;0;0;0;0;(-38.55580344855911 -3.771984687459276);
BGL8558;2021-01-14 20:40:00;Rodovia Br116;;;PEDRAS;BGL8558;Colisão;Não informado;Não informado;Não informado;Não informado;Não informado;Longo da via;0;1;0;0;0;0;0;0;0;0;1;0;0;(-38.50220217469153 -3.891311673078096);
SLS2873;2021-01-13 23:40:00;Avenida João Pessoa;;;COUTO FERNANDES;SLS2873;Colisão;Não informado;Não informado;Não informado;Não informado;Não informado;Longo da via;0;1;0;0;0;0;0;0;0;0;1;0;0;(-38.5575365 -3.761095);
HVT9284;2021-01-14 21:51:00;Avenida Governador Raul Barbosa;;;AEROLANDIA;HVT9284;Atropelamento;Não informado;Não informado;Não informado;Não informado;Não informado;Longo da via;0;1;0;0;1;0;0;0;0;0;0;0;0;(-38.50608065572984 -3.761289732544212);
LCV1027;2021-01-13 21:21:00;Avenida Francisco Sá;;;CARLITO PAMPLONA;LCV1027;Colisão;Não informado;Não informado;Não informado;Não informado;Não informado;Longo da via;0;2;0;1;1;0;0;0;0;0;0;0;0;(-38.5630678 -3.7156634);
MYF0805;2021-01-14 23:04:00;Avenida Barão de Studart;;;ALDEOTA;MYF0805;Colisão;Não informado;Não informado;Não informado;Não informado;Não informado;Longo da via;0;1;0;1;1;0;0;0;0;0;0;0;0;(-38.50572661821457 -3.732239261252284);
LQZ8564;2021-01-13 21:08:00;Rua Irmã Bazet;;;MONTESE;LQZ8564;Colisão;Não informado;Não informado;Não informado;Não informado;Não informado;Longo da via;0;1;0;1;1;0;0;0;0;0;0;0;0;(-38.5519896 -3.7643202);
TLQ3478;2021-01-15 00:12:00;Avenida Castelo de Castro;;;JANGURUSSU;TLQ3478;Colisão;Não informado;Não informado;Não informado;Não informado;Não informado;Longo da via;0;1;0;2;0;0;0;0;0;0;0;0;0;(-38.52177191680726 -3.839021190038091);
MKU9227;2021-01-13 21:08:00;AV WASHINGTON SOARES;;;COCO;MKU9227;Choque c/ Obstáculo Fixo;Não informado;Não informado;Não informado;Não informado;Não informado;Longo da via;0;1;0;0;1;0;0;0;0;0;0;0;0;(-38.4794868 -3.8019547);
TLQ3478;2021-01-15 00:47:00;Avenida Senador Fernandes Távora;;;GENIBAU;TLQ3478;Colisão;Não informado;Não informado;Não informado;Não informado;Não informado;Longo da via;0;1;0;1;1;0;0;0;0;0;0;0;0;(-38.60177115064418 -3.754512981449406);
WNI4920;2021-01-15 01:26:00;Avenida Doutor Silas Munguba;;;SERRINHA;WNI4920;Queda;Não informado;Não informado;Não informado;Não informado;Não informado;Longo da via;0;1;0;1;0;0;0;0;0;0;0;0;0;(-38.5429223 -3.7895058);
QUT9220;2021-01-13 20:30:00;Avenida Treze de Maio;;;FATIMA;QUT9220;Colisão;Não informado;Não informado;Não informado;Não informado;Não informado;Longo da via;0;1;0;1;1;0;0;0;0;0;0;0;0;(-38.5285142 -3.7503322);
QUM5644;2021-01-15 01:51:00;Avenida Beira Mar;;;MUCURIPE;QUM5644;Atropelamento;Não informado;Não informado;Não informado;Não informado;Não informado;Longo da via;0;1;0;1;0;0;0;0;0;0;0;0;0;(-38.48732570000001 -3.7233288);
JGH1217;2021-01-13 20:20:00;Rua Tibúrcio Frota;;;SAO JOAO DO TAUAPE;JGH1217;Colisão;Não informado;Não informado;Não informado;Não informado;Não informado;Longo da via;0;1;0;0;0;0;0;0;0;0;1;0;0;(-38.5138652 -3.7550818);
ENZ0853;2021-01-15 02:34:00;Avenida Leste Oeste;;;BARRA DO CEARA;ENZ0853;Atropelamento;Não informado;Não informado;Não informado;Não informado;Não informado;Longo da via;0;1;0;0;1;0;0;0;0;0;0;0;0;(-38.5578526562465 -3.711549514949821);
UIF9106;2021-01-13 19:51:00;AV WASHINGTON SOARES;RUA FIRMINO ROCHA AGUIAR;;EDSON QUEIROZ;UIF9106;Colisão;Não informado;Não informado;Não informado;Não informado;Não informado;Cruzamento;0;1;0;0;0;0;0;0;0;0;1;0;0;(-38.482678 -3.7631562);
JYZ2991;2021-01-15 04:18:00;Rua José Carlos Gurgel Nogueira;;;VICENTE PINZON;JYZ2991;Colisão;Não informado;Não informado;Não informado;Não informado;Não informado;Longo da via;0;1;0;0;2;0;0;0;0;0;0;0;0;(-38.47397462156267 -3.733149277733725);
QHU5694;2021-01-13 19:51:00;Rua Wenefrido Melo;;;MONDUBIM;QHU5694;Queda;Não informado;Não informado;Não informado;Não informado;Não informado;Longo da via;0;1;0;1;0;0;0;0;0;0;0;0;0;(-38.5771836 -3.8093876);
SXP0866;2021-01-15 08:53:00;Rua Aspirante Mendes;RUA CAP ARAGAO;;AEROLANDIA;SXP0866;Colisão;Não informado;Não informado;Não informado;Não informado;Não informado;Longo da via;0;3;0;1;1;0;0;0;0;0;0;0;0;(-38.51477638275143 -3.765416780267388);
QHU5694;2021-01-13 19:24:00;Rua TAQUATIARA;;;MESSEJANA;QHU5694;Colisão;Não informado;Não informado;Não informado;Não informado;Não informado;Longo da via;0;1;0;1;1;0;0;0;0;0;0;0;0;(-38.5042517 -3.829839);
TVD4676;2021-01-13 18:13:00;Rua Jardim Silveira;RUA JOSE ONOFRE;;CONJUNTO ESPERANCA;TVD4676;Colisão;Não informado;Não informado;Não informado;Não informado;Não informado;Cruzamento;0;2;0;1;1;0;0;0;0;0;0;0;0;(-38.5879888 -3.806217);
CZO8043;2021-01-15 10:01:00;Rua Padre Rodolfo;TR REJANE;;MONDUBIM;CZO8043;Colisão;Não informado;Não informado;Não informado;Não informado;Não informado;Longo da via;0;1;0;2;0;0;0;0;0;0;0;0;0;(-38.58493550000001 -3.805504199999999);
JTC0684;2021-01-13 17:41:00;Rua Dom Quintino;;;PIRAMBU;JTC0684;Colisão;Não informado;Não informado;Não informado;Não informado;Não informado;Longo da via;0;1;0;1;1;0;0;0;0;0;0;0;0;(-38.559285 -3.709856);
EPU9893;2021-01-15 10:21:00;BR-116;;;MESSEJANA;EPU9893;Colisão;Não informado;Não informado;Não informado;Não informado;Não informado;Longo da via;0;3;0;0;0;0;0;0;0;0;1;0;0;(-38.50142971890356 -3.815346613093846);
RHN6144;2021-01-15 11:02:00;Avenida Presidente Castelo Branco;;;MOURA BRASIL;RHN6144;Colisão;Não informado;Não informado;Não informado;Não informado;Não informado;Longo da via;0;1;0;1;1;0;0;0;0;0;0;0;0;(-38.53495731868789 -3.718342657282254);
YGJ5760;2021-01-13 16:22:00;Avenida Governador Raul Barbosa;;;;YGJ5760;Colisão;Não informado;Não informado;Não informado;Não informado;Não informado;Longo da via;0;1;0;0;0;0;0;0;0;0;1;0;0;(-38.5101811 -3.7685343);
DOW8083;2021-01-15 11:10:00;Avenida Bernardo Manuel;;;ITAPERI;DOW8083;Queda;Não informado;Não informado;Não informado;Não informado;Não informado;Longo da via;0;1;0;1;0;0;0;0;0;0;0;0;0;(-38.54917303420793 -3.791490061846873);
ETU7282;2021-01-15 17:09:00;Rua Maria Alice Ferraz;;;ENGENHEIRO LUCIANO CAVALCANTE;ETU7282;Colisão;Não informado;Não informado;Não informado;Não informado;Não informado;Longo da via;0;2;0;2;0;0;0;0;0;0;0;0;0;(-38.49429 -3.7766463);
SPB2957;2021-01-13 14:37:00;Rua Manuel Castelo Branco;;;MESSEJANA;SPB2957;Colisão;Não informado;Não informado;Não informado;Não informado;Não informado;Longo da via;0;1;0;1;1;0;0;0;0;0;0;0;0;(-38.4859685 -3.833253);
GQD2968;2021-01-15 17:20:00;Rua Pôrto Velho;;;JOAO XXIII;GQD2968;Colisão;Não informado;Não informado;Não informado;Não informado;Não informado;Longo da via;0;1;0;1;1;0;0;0;0;0;0;0;0;(-38.59108522570644 -3.764356917737736);
VGP6812;2021-01-13 13:20:00;Estrada Barão de Aquiraz;;;PAUPINA;VGP6812;Colisão;Não informado;Não informado;Não informado;Não informado;Não informado;Longo da via;0;1;0;1;1;0;0;0;0;0;0;0;0;(-38.4841728 -3.8415404);
PMD0027;2021-01-13 12:43:00;Rua Padre Anchieta;RUA NAT FEIJO;;MONTE CASTELO;PMD0027;Colisão;Não informado;Não informado;Não informado;Não informado;Não informado;Cruzamento;0;1;0;1;1;0;0;0;0;0;0;0;0;(-38.5504323 -3.7222733);
MWY8714;2021-01-13 12:24:00;Avenida General Osório de Paiva;;;VILA PERY;MWY8714;Colisão;Não informado;Não informado;Não informado;Não informado;Não informado;Longo da via;0;2;0;2;0;0;0;0;0;0;0;0;0;(-38.58139389999999 -3.7853454);
EVY9371;2021-01-13 11:16:00;Rua Doutor Pergentino Maia;RUA CEL DIONISIO ALENCAR;;MESSEJANA;EVY9371;Colisão;Não informado;Não informado;Não informado;Não informado;Não informado;Cruzamento;0;1;0;1;1;0;0;0;0;0;0;0;0;(-38.4877304 -3.8315587);
TBZ8058;2021-01-13 10:58:00;Avenida Bernardo Manuel;;;PREFEITO JOSE VALTER;TBZ8058;Colisão;Não informado;Não informado;Não informado;Não informado;Não informado;Longo da via;0;1;0;1;1;0;0;0;0;0;0;0;0;(-38.5592287 -3.825307);
LFG0897;2021-01-13 10:53:00;Rua Dom Xisto Albano;RUA RAIMUNDO NERY;;PARQUE SAO JOSE;LFG0897;Colisão;Não informado;Não informado;Não informado;Não informado;Não informado;Cruzamento;0;1;0;1;1;0;0;0;0;0;0;0;0;(-38.5853106 -3.7967871);
TKI8838;2021-01-13 10:43:00;Avenida Tristão Gonçalves;RUA ANTONIO POMPEU;;CENTRO;TKI8838;Colisão;Não informado;Não informado;Não informado;Não informado;Não informado;Cruzamento;0;1;0;1;1;0;0;0;0;0;0;0;0;(-38.535101 -3.7333914);
WTE8390;2021-01-15 18:21:00;Avenida Jornalista Tomaz Coelho;;;MESSEJANA;WTE8390;Atropelamento;Não informado;Não informado;Não informado;Não informado;Não informado;Longo da via;0;1;0;0;0;0;0;0;0;0;1;0;0;(-38.5107767 -3.8295793);
BKL0057;2021-01-13 10:42:00;Estrada do Fio;;;COACU;BKL0057;Atropelamento;Não informado;Não informado;Não informado;Não informado;Não informado;Longo da via;0;1;0;0;1;0;0;0;0;0;0;0;0;(-38.4432275 -3.8631412);
WTG4518;2021-01-15 18:37:00;Rua General Góis Monteiro;;;PADRE ANDRADE;WTG4518;Colisão;Não informado;Não informado;Não informado;Não informado;Não informado;Longo da via;0;1;0;1;1;0;0;0;0;0;0;0;0;(-38.58128443936132 -3.734128882656794);
TXI1180;2021-01-15 20:13:00;Rua Professor Jacinto Botelho;RUA JUSTINO CAFE NETO;;GUARARAPES;TXI1180;Colisão;Não informado;Não informado;Não informado;Não informado;Não informado;Longo da via;0;1;0;1;1;0;0;0;0;0;0;0;0;(-38.49094762801082 -3.761825018696074);
BAT1869;2021-01-15 20:34:00;Avenida Odilon Guimarães;;;CURIO;BAT1869;Colisão;Não informado;Não informado;Não informado;Não informado;Não informado;Longo da via;0;2;0;1;1;0;0;0;0;0;0;0;0;(-38.47757951071326 -3.822957875266083);
LXD8075;2021-01-15 20:36:00;Avenida Washington Soares;;;GUAJERU;LXD8075;Colisão;Não informado;Não informado;Não informado;Não informado;Não informado;Longo da via;0;1;0;1;1;0;0;0;0;0;0;0;0;(-38.48257914127966 -3.832710040693906);
QFQ9013;2021-01-15 21:01:00;Avenida Oscar Araripe;AV GAL OSORIO DE PAIVA;;BOM JARDIM;QFQ9013;Colisão;Não informado;Não informado;Não informado;Não informado;Não informado;Longo da via;0;1;0;1;1;0;0;0;0;0;0;0;0;(-38.5918034 -3.794082699999999);
QRO9804;2021-01-15 21:11:00;Avenida Presidente Castelo Branco;;;CENTRO;QRO9804;Colisão;Não informado;Não informado;Não informado;Não informado;Não informado;Longo da via;0;1;0;0;0;0;0;0;0;0;1;0;0;(-38.52727765177215 -3.721375866762664);
CXN3614;2021-01-13 10:29:00;AV VISCONDE DO RIO BRANCO;;;FATIMA;CXN3614;Colisão;Não informado;Não informado;Não informado;Não informado;Não informado;Longo da via;0;2;0;1;1;0;0;0;0;0;0;0;0;(-38.5210233 -3.7561985);
LNU5635;2021-01-15 21:30:00;Avenida Eduardo Girão;RUA CARLOS CAMARA;;BENFICA;LNU5635;Colisão;Não informado;Não informado;Não informado;Não informado;Não informado;Longo da via;0;1;0;0;0;0;0;0;0;0;1;0;0;(-38.5430218 -3.7469349);
TEC0269;2021-01-15 22:11:00;Rua Leão do Norte;;;VILA PERY;TEC0269;Colisão;Não informado;Não informado;Não informado;Não informado;Não informado;Longo da via;0;1;0;2;0;0;0;0;0;0;0;0;0;(-38.57700899420376 -3.784081925255428);
OQM4877;2021-01-15 22:23:00;Rua Júlio Braga;;;JOAO XXIII;OQM4877;Atropelamento;Não informado;Não informado;Não informado;Não informado;Não informado;Longo da via;0;1;0;1;0;0;0;0;0;0;0;0;0;(-38.58282939269221 -3.774596848655078);
QDI1318;2021-01-15 22:39:00;Rua Joaquim Alfredo;;;MONDUBIM;QDI1318;Colisão;Não informado;Não informado;Não informado;Não informado;Não informado;Longo da via;0;1;0;1;1;0;0;0;0;0;0;0;0;(-38.58378961812424 -3.807151852495329);
DXJ0306;2021-01-13 09:42:00;Rua Antonio Márcio;;;PADRE ANDRADE;DXJ0306;Atropelamento;Não informado;Não informado;Não informado;Não informado;Não informado;Longo da via;0;1;0;1;0;0;0;0;0;0;0;0;0;(-38.5779971 -3.7228118);
LTI1790;2021-01-15 22:46:00;Avenida Historiador Raimundo Girão;AV ALM BARROSO;;PRAIA DE IRACEMA;LTI1790;Atropelamento;Não informado;Não informado;Não informado;Não informado;Não informado;Longo da via;0;1;0;0;1;0;0;0;0;0;0;0;0;(-38.50766856264124 -3.722534144530465);
UUC1868;2021-01-15 22:51:00;Rua Paraguaçú;;;SERRINHA;UUC1868;Colisão;Não informado;Não informado;Não informado;Não informado;Não informado;Longo da via;0;1;0;0;0;0;0;0;0;0;0;0;0;(-38.5396121 -3.786973);
IKR1102;2021-01-16 00:24:00;Avenida Aguanambi;;;FATIMA;IKR1102;Queda;Não informado;Não informado;Não informado;Não informado;Não informado;Longo da via;0;1;0;1;0;0;0;0;0;0;0;0;0;(-38.52563446668518 -3.74314400693563);
YGC8563;2021-01-16 00:31:00;Avenida B Cj Sitio Sao Joao;;;CONJUNTO PALMEIRAS;YGC8563;Colisão;Não informado;Não informado;Não informado;Não informado;Não informado;Longo da via;0;1;0;2;0;0;0;0;0;0;0;0;0;(-38.51891072178172 -3.849561300848982);
RDC8054;2021-01-16 02:14:00;Avenida Visconde do Rio Branco;;;FATIMA;RDC8054;Atropelamento;Não informado;Não informado;Não informado;Não informado;Não informado;Longo da via;0;1;0;0;0;0;0;0;0;0;1;0;0;(-38.51992086433356 -3.756252673758803);
PZS5287;2021-01-16 08:43:00;Avenida General Osório de Paiva;RUA JOAQUIM PEREIRA;;SIQUEIRA;PZS5287;Colisão;Não informado;Não informado;Não informado;Não informado;Não informado;Longo da via;0;1;0;1;1;0;0;0;0;0;0;0;0;(-38.5949496 -3.7975027);
ZPK8084;2021-01-16 10:01:00;Rua Raimundo Neri;;;PARQUE SAO JOSE;ZPK8084;Colisão;Não informado;Não informado;Não informado;Não informado;Não informado;Longo da via;0;1;0;1;1;0;0;0;0;0;0;0;0;(-38.5864203 -3.794134);
GBF5531;2021-01-16 11:07:00;Avenida Sargento Hermínio Sampaio;;;MONTE CASTELO;GBF5531;Colisão;Não informado;Não informado;Não informado;Não informado;Não informado;Longo da via;0;2;0;1;1;0;0;0;0;0;0;0;0;(-38.5545159945656 -3.725285633615885);
TRS6333;2021-01-16 11:11:00;Avenida Bernardo Manuel;;;SERRINHA;TRS6333;Colisão;Não informado;Não informado;Não informado;Não informado;Não informado;Longo da via;0;1;0;1;1;0;0;0;0;0;0;0;0;(-38.54565934297877 -3.780179781583657);
WOK9990;2021-01-16 11:56:00;Avenida Frei Cirilo;;;MESSEJANA;WOK9990;Queda;Não informado;Não informado;Não informado;Não informado;Não informado;Longo da via;0;1;0;1;0;0;0;0;0;0;0;0;0;(-38.4991551798553 -3.813451815820633);
MAF6104;2021-01-16 12:29:00;Rua 26º Batalhão;;;MONDUBIM;MAF6104;Colisão;Não informado;Não informado;Não informado;Não informado;Não informado;Longo da via;0;1;0;0;1;0;0;0;0;1;0;0;0;(-38.5692466775614 -3.809260766340546);
HFB9923;2021-01-16 12:59:00;Rua Dom Henrique;;;VILA PERY;HFB9923;Colisão;Não informado;Não informado;Não informado;Não informado;Não informado;Longo da via;0;1;0;0;0;0;0;0;0;0;1;0;0;(-38.58046904336381 -3.788588906083486);
JNT9561;2021-01-16 13:46:00;Rua Dom Hélio Campos;RUA MARCILIO DIAS;;PIRAMBU;JNT9561;Colisão;Não informado;Não informado;Não informado;Não informado;Não informado;Longo da via;0;1;0;2;0;0;0;0;0;0;0;0;0;(-38.55630771229874 -3.717111437572557);
APQ1269;2021-01-16 14:02:00;Rua Padre Ambrósio Machado;;;PARREAO;APQ1269;Colisão;Não informado;Não informado;Não informado;Não informado;Não informado;Longo da via;0;1;0;1;1;0;0;0;0;0;0;0;0;(-38.53968173150341 -3.760943803693672);
HTB2024;2021-01-16 14:15:00;Avenida Presidente Costa e Silva;;;PREFEITO JOSE VALTER;HTB2024;Colisão;Não informado;Não informado;Não informado;Não informado;Não informado;Longo da via;0;1;0;1;1;0;0;0;0;0;0;0;0;(-38.5503326 -3.823450799999999);
AWR7846;2021-01-16 16:11:00;Avenida Castelo de Castro;;;CONJUNTO PALMEIRAS;AWR7846;Atropelamento;Não informado;Não informado;Não informado;Não informado;Não informado;Longo da via;0;1;0;0;1;0;0;0;0;0;0;0;0;(-38.52142821794593 -3.832174798491597);
AUZ9815;2021-01-16 16:51:00;Avenida Bezerra de Menezes;;;FARIAS BRITO;AUZ9815;Colisão;Não informado;Não informado;Não informado;Não informado;Não informado;Longo da via;0;1;0;0;0;0;0;0;0;0;0;0;0;(-38.54325607760239 -3.731174005467381);
NHY6477;2021-01-16 16:55:00;Avenida José Lima Verde;;;BARRA DO CEARA;NHY6477;Atropelamento;Não informado;Não informado;Não informado;Não informado;Não informado;Longo da via;0;1;0;1;0;0;0;0;0;0;0;0;0;(-38.58998016990159 -3.701983354396896);
VND8157;2021-01-13 08:42:00;Rua Pereira Filgueiras;AV DOM MANUEL;;CENTRO;VND8157;Queda;Não informado;Não informado;Não informado;Não informado;Não informado;Cruzamento;0;1;0;1;0;0;0;0;0;0;0;0;0;(-38.5203661 -3.7259258);
UBA8292;2021-01-16 17:01:00;Avenida Bezerra de Menezes;;;MONTE CASTELO;UBA8292;Atropelamento;Não informado;Não informado;Não informado;Não informado;Não informado;Longo da via;0;1;0;1;0;0;0;0;0;0;0;0;0;(-38.5548599 -3.7335861);
GTJ1054;2021-01-13 03:28:00;Avenida César Cals;;;PRAIA DO FUTURO I;GTJ1054;Atropelamento;Não informado;Não informado;Não informado;Não informado;Não informado;Longo da via;0;1;0;0;1;0;0;0;0;0;0;0;0;(-38.4646468 -3.7207488);
BFR5600;2021-01-13 02:28:00;BR 116;;;CIDADE DOS FUNCIONRAIOS;BFR5600;Colisão;Não informado;Não informado;Não informado;Não informado;Não informado;Longo da via;0;2;0;1;1;0;0;0;0;0;0;0;0;(-38.5051039 -3.7994186);
TEN8517;2021-01-16 17:37:00;Avenida Bernardo Manuel;;;ITAPERI;TEN8517;Colisão;Não informado;Não informado;Não informado;Não informado;Não informado;Longo da via;0;1;0;1;1;0;0;0;0;0;0;0;0;(-38.55321243676194 -3.804298922753786);
OES4879;2021-01-13 01:11:00;Rua Nove;RUA DOZE;;JARDIM DAS OLIVEIRAS;OES4879;Colisão;Não informado;Não informado;Não informado;Não informado;Não informado;Cruzamento;0;2;0;0;0;0;0;0;0;0;2;0;0;(-38.5046503 -3.7764607);
TMP0383;2021-01-13 00:15:00;RUA MARIA CLARA;;;JARDIM IRACEMA;TMP0383;Colisão;Não informado;Não informado;Não informado;Não informado;Não informado;Longo da via;0;1;0;1;1;0;0;0;0;0;0;0;0;(-38.5859276 -3.725243399999999);
YGN9304;2021-01-16 17:48:00;Rua Rodrigues de Andrade;;;DEMOCRITO ROCHA;YGN9304;Colisão;Não informado;Não informado;Não informado;Não informado;Não informado;Longo da via;0;1;0;1;0;0;1;0;0;0;0;0;0;(-38.56334581960526 -3.762494125923513);
XKE4986;2021-01-12 23:46:00;Avenida L;;;VILA VELHA;XKE4986;Atropelamento;Não informado;Não informado;Não informado;Não informado;Não informado;Longo da via;0;1;0;0;0;0;0;0;0;1;0;0;0;(-38.60002619999999 -3.7134732);
ADV5599;2021-01-16 17:51:00;Avenida Gutemberg Braun;;;JANGURUSSU;ADV5599;Colisão;Não informado;Não informado;Não informado;Não informado;Não informado;Longo da via;0;1;0;0;0;0;0;0;0;0;0;0;0;(-38.52501706028895 -3.838458520819175);
RLG8688;2021-01-12 22:45:00;Avenida Humberto Monte;;;RODOLFO TEOFILO;RLG8688;Colisão;Não informado;Não informado;Não informado;Não informado;Não informado;Longo da via;0;1;0;2;0;0;0;0;0;0;0;0;0;(-38.5585761 -3.7515536);
JBL5951;2021-01-16 18:33:00;Avenida Maestro Lisboa;AV ENG LEAL LIMA VERDE (SAPIRANGA/COITE);;LAGOA REDONDA;JBL5951;Colisão;Não informado;Não informado;Não informado;Não informado;Não informado;Longo da via;0;1;0;1;1;0;0;0;0;0;0;0;0;(-38.47444130810327 -3.807933328786735);
NDF6575;2021-01-16 18:57:00;Avenida General Osório de Paiva;;;SIQUEIRA;NDF6575;Colisão;Não informado;Não informado;Não informado;Não informado;Não informado;Longo da via;0;1;0;1;1;0;0;0;0;0;0;0;0;(-38.59969512415076 -3.802457627247876);
MVQ1239;2021-01-12 21:26:00;AV BERNARDO MANUEL;;;SERRINHA;MVQ1239;Colisão;Não informado;Não informado;Não informado;Não informado;Não informado;Longo da via;0;1;0;1;1;0;0;0;0;0;0;0;0;(-38.54711210000001 -3.7840973);