COD_ACIDENTE;DATA;LOG1;LOG2;NUMERO;BAIRRO;AMC;NATUREZA;ILUMINACAO;TEMPO;SUPERFICIEPISTA;TIPOCRUZAMENTO;CONTROLETRAFEGO;USOSOLO;MORTOS;FERIDOS;ILESOS;MOTOCICLETA;AUTOMOVEL;MICROONIBUS;CAMINHAO;ONIBUS;CICLOMOTOR;BICICLETA;OUTROS;TREM;TRACAOANIMAL;COORDENADAS
NID4429;2021-01-16 19:15:00;Rua Eretides de Alençar;;;JARDIM IRACEMA;NID4429;Colisão;Não informado;Não informado;Não informado;Não informado;Não informado;Longo da via;0;1;0;1;1;0;0;0;0;0;0;0;0;(-38.58344629959276 -3.730890293909872);
HZV0396;2021-01-12 21:02:00;Rua Cônego de Castro;;;PARQUE SANTA ROSA;HZV0396;Colisão;Não informado;Não informado;Não informado;Não informado;Não informado;Longo da via;0;2;0;0;0;0;0;0;0;0;1;0;0;(-38.59741210000001 -3.8116877);
UQG3498;2021-01-12 20:31:00;Avenida Mister Hull;;;ANTONIO BEZERRA;UQG3498;Colisão;Não informado;Não informado;Não informado;Não informado;Não informado;Longo da via;0;1;0;1;1;0;0;0;0;0;0;0;0;(-38.5918137 -3.7395231);
PBM3104;2021-01-12 19:15:00;Rodovia Estrada do Guarani (BR116);;;MESSEJANA;PBM3104;Colisão;Não informado;Não informado;Não informado;Não informado;Não informado;Longo da via;0;1;0;2;0;0;0;0;0;0;0;0;0;(-38.5020858 -3.8367365);
LEM4379;2021-01-16 19:40:00;Rua Bárbara de Alencar;AV DOM MANUEL;;CENTRO;LEM4379;Colisão;Não informado;Não informado;Não informado;Não informado;Não informado;Longo da via;0;1;0;1;1;0;0;0;0;0;0;0;0;(-38.5231888 -3.734991099999999);
OFN7944;2021-01-16 19:43:00;Avenida Carneiro de Mendonça;RUA GUARANI D65;;JOQUEI CLUBE;OFN7944;Colisão;Não informado;Não informado;Não informado;Não informado;Não informado;Longo da via;0;2;0;1;1;0;0;0;0;0;0;0;0;(-38.5773339 -3.7587602);
SHS4446;2021-01-12 18:52:00;Avenida Presidente Costa e Silva;;;MESSEJANA;SHS4446;Colisão;Não informado;Não informado;Não informado;Não informado;Não informado;Longo da via;0;1;0;0;0;0;0;0;0;0;1;0;0;(-38.5503326 -3.823450799999999);
IXT7387;2021-01-16 19:43:00;Rua Nova Conquista;;;BOM JARDIM;IXT7387;Atropelamento;Não informado;Não informado;Não informado;Não informado;Não informado;Longo da via;0;1;0;0;0;0;0;0;0;1;0;0;0;(-38.5957254515246 -3.797233465108152);
XCU5418;2021-01-16 19:50:00;Rua Amaro José Sousa;;;MONDUBIM;XCU5418;Colisão;Não informado;Não informado;Não informado;Não informado;Não informado;Longo da via;0;1;0;1;1;0;0;0;0;0;0;0;0;(-38.56651083281103 -3.825992726792654);
TPO1718;2021-01-16 19:53:00;Avenida Coronel Carvalho;;;BARRA DO CEARA;TPO1718;Colisão;Não informado;Não informado;Não informado;Não informado;Não informado;Longo da via;0;1;0;0;1;0;1;0;0;0;0;0;0;(-38.5904822 -3.7070972);
COQ1300;2021-01-16 20:19:00;Avenida Presidente Castelo Branco;;;CENTRO;COQ1300;Colisão;Não informado;Não informado;Não informado;Não informado;Não informado;Longo da via;0;1;0;0;0;0;0;0;0;0;1;0;0;(-38.52690530447109 -3.721484936311254);
EUB5816;2021-01-16 20:20:00;Avenida General Osório de Paiva;;;PARANGABA;EUB5816;Colisão;Não informado;Não informado;Não informado;Não informado;Não informado;Longo da via;0;1;0;0;0;0;0;0;0;0;0;0;0;(-38.56787340085506 -3.776555964396109);
VYQ9981;2021-01-16 20:36:00;Rua Coronel Fabriciano;;;GRANJA PORTUGAL;VYQ9981;Colisão;Não informado;Não informado;Não informado;Não informado;Não informado;Longo da via;0;1;0;1;1;0;0;0;0;0;0;0;0;(-38.605689 -3.783401);
GKL2834;2021-01-12 17:18:00;Avenida Deputado Paulino Rocha;;;CAJAZEIRAS;GKL2834;Atropelamento;Não informado;Não informado;Não informado;Não informado;Não informado;Longo da via;0;1;0;1;0;0;0;0;0;0;0;0;0;(-38.5082652 -3.8044556);
KJL7958;2021-01-16 21:39:00;Avenida General Osório de Paiva;;;CANINDEZINHO;KJL7958;Queda;Não informado;Não informado;Não informado;Não informado;Não informado;Longo da via;0;1;0;1;0;0;0;0;0;0;0;0;0;(-38.5949496 -3.7975027);
NLP3790;2021-01-12 15:19:00;Rua Germano Franck;RUA CON LIMA SUCUPIRA;;PARANGABA;NLP3790;Colisão;Não informado;Não informado;Não informado;Não informado;Não informado;Cruzamento;0;1;0;1;1;0;0;0;0;0;0;0;0;(-38.5595364 -3.7751575);
VBA7754;2021-01-16 21:56:00;Avenida Dioguinho;;;PRAIA DO FUTURO II;VBA7754;Colisão;Não informado;Não informado;Não informado;Não informado;Não informado;Longo da via;0;1;0;0;0;0;0;0;0;0;1;0;0;(-38.44559718829083 -3.756697632965686);
VFU4237;2021-01-12 14:40:00;RUA CEL ALIPIO DA CUNHA;;;MESSEJANA;VFU4237;Colisão;Não informado;Não informado;Não informado;Não informado;Não informado;Longo da via;0;1;0;1;1;0;0;0;0;0;0;0;0;(-38.4999986 -3.8598369);
DSM2621;2021-01-12 14:35:00;Rua Paraguaçú;;;SERRINHA;DSM2621;Colisão;Não informado;Não informado;Não informado;Não informado;Não informado;Longo da via;0;2;0;2;0;0;0;0;0;0;0;0;0;(-38.5403881 -3.7890506);
KVX7527;2021-01-16 22:46:00;Rua Eretides Martins;;;MONTE CASTELO;KVX7527;Colisão;Não informado;Não informado;Não informado;Não informado;Não informado;Longo da via;0;1;0;1;1;0;0;0;0;0;0;0;0;(-38.55918303215247 -3.729841095656141);
VGL7465;2021-01-17 00:04:00;Avenida Godofredo Maciel;RUA NIGERIA;;MARAPONGA;VGL7465;Colisão;Não informado;Não informado;Não informado;Não informado;Não informado;Longo da via;0;1;0;1;1;0;0;0;0;0;0;0;0;(-38.5668433676151 -3.792057445415459);
MZJ0428;2021-01-12 12:26:00;Avenida Contôrno Sul;;;MONDUBIM;MZJ0428;Colisão;Não informado;Não informado;Não informado;Não informado;Não informado;Longo da via;0;1;0;1;1;0;0;0;0;0;0;0;0;(-38.5869316 -3.8105527);
UKD3748;2021-01-12 11:45:00;Avenida Augusto dos Anjos;;;BONSUCESSO;UKD3748;Colisão;Não informado;Não informado;Não informado;Não informado;Não informado;Longo da via;0;1;0;1;1;0;0;0;0;0;0;0;0;(-38.5850762 -3.7867456);
RLG1965;2021-01-17 01:23:00;Rua Londrina;;;GRANJA LISBOA;RLG1965;Colisão;Não informado;Não informado;Não informado;Não informado;Não informado;Longo da via;0;1;0;1;1;0;0;0;0;0;0;0;0;(-38.59910503605627 -3.782213823001084);
ZET7869;2021-01-17 02:30:00;Rua Barão de Sobral;AV PRO GOMES DE MATOS;;MONTESE;ZET7869;Colisão;Não informado;Não informado;Não informado;Não informado;Não informado;Longo da via;0;1;0;1;1;0;0;0;0;0;0;0;0;(-38.5518201 -3.7683404);
FRZ3687;2021-01-17 03:03:00;Avenida Imperador;AV DOMINGOS OLIMPIO;;CENTRO;FRZ3687;Colisão;Não informado;Não informado;Não informado;Não informado;Não informado;Longo da via;0;2;0;2;0;0;0;0;0;0;0;0;0;(-38.5367055 -3.7349203);
QEU7972;2021-01-12 11:00:00;Rua Capitão Justino Ferreira Ramos;;;GUAJERU;QEU7972;Colisão;Não informado;Não informado;Não informado;Não informado;Não informado;Longo da via;0;1;0;0;0;0;0;0;0;0;1;0;0;(-38.4753385 -3.8317003);
ANV3697;2021-01-17 03:39:00;Rua Júlio Verne;;;ITAOCA;ANV3697;Queda;Não informado;Não informado;Não informado;Não informado;Não informado;Longo da via;0;1;0;1;0;0;0;0;0;0;0;0;0;(-38.55363652911156 -3.775186252709157);
ETO0130;2021-01-12 10:39:00;Rua Parque Ipiranga;;;ITAOCA;ETO0130;Queda;Não informado;Não informado;Não informado;Não informado;Não informado;Longo da via;0;1;0;1;0;0;0;0;0;0;0;0;0;(-38.5597227 -3.7695094);
VPI0609;2021-01-17 05:46:00;Avenida General Osório de Paiva;;;CANINDEZINHO;VPI0609;Colisão;Não informado;Não informado;Não informado;Não informado;Não informado;Longo da via;0;1;0;1;1;0;0;0;0;0;0;0;0;(-38.60567112008439 -3.808629163243652);
KVC7133;2021-01-12 08:35:00;RUA GEN SAMPAIO;RUA PEDRO I;;CENTRO;KVC7133;Colisão;Não informado;Não informado;Não informado;Não informado;Não informado;Cruzamento;0;1;0;1;1;0;0;0;0;0;0;0;0;(-38.5317908 -3.7302104);
OTO3079;2021-01-17 08:08:00;Avenida José Torres;RUA HUMBERTO LOMEU;;GRANJA PORTUGAL;OTO3079;Queda;Não informado;Não informado;Não informado;Não informado;Não informado;Longo da via;1;0;0;1;0;0;0;0;0;0;0;0;0;(-38.60730186516373 -3.780677586897907);
XDG2476;2021-01-12 04:29:00;Avenida Pompílio Gomes;AV PERIMETRAL;;JANGURUSSU;XDG2476;Colisão;Não informado;Não informado;Não informado;Não informado;Não informado;Cruzamento;0;1;0;0;0;0;0;0;0;0;1;0;0;(-38.52124951655713 -3.827766397167885);
BPJ1627;2021-01-12 01:09:00;CE 040;;;COACU;BPJ1627;Colisão;Não informado;Não informado;Não informado;Não informado;Não informado;Longo da via;0;1;0;1;1;0;0;0;0;0;0;0;0;(-38.4808886 -3.8420685);
TPI5936;2021-01-12 00:39:00;Rua César Correia;;;FLORESTA;TPI5936;Colisão;Não informado;Não informado;Não informado;Não informado;Não informado;Longo da via;0;1;0;1;1;0;0;0;0;0;0;0;0;(-38.5748587 -3.7154772);
IYY2262;2021-01-17 08:53:00;Avenida Tenente Lisboa;;;CARLITO PAMPLONA;IYY2262;Atropelamento;Não informado;Não informado;Não informado;Não informado;Não informado;Longo da via;0;1;0;1;0;0;0;0;0;0;0;0;0;(-38.55327144747147 -3.717555747492141);
DTM6216;2021-01-12 00:22:00;Rua Murara;;;PAUPINA;DTM6216;Colisão;Não informado;Não informado;Não informado;Não informado;Não informado;Longo da via;0;1;0;1;1;0;0;0;0;0;0;0;0;(-38.494403 -3.852244999999999);
KZT3429;2021-01-12 00:04:00;Avenida Oliveira Paiva;;;CIDADE DOS FUNCIONRAIOS;KZT3429;Queda;Não informado;Não informado;Não informado;Não informado;Não informado;Longo da via;0;1;0;1;0;0;0;0;0;0;0;0;0;(-38.49671 -3.7957203);
WOA9958;2021-01-17 09:31:00;Rua Raimundo Bizarria;;;FLORESTA;WOA9958;Queda;Não informado;Não informado;Não informado;Não informado;Não informado;Longo da via;1;0;0;1;0;0;0;0;0;0;0;0;0;(-38.57911184935553 -3.725494403837437);
MGE3010;2021-01-12 00:00:00;Rua Monte Líbano;;;MONDUBIM;MGE3010;Colisão;Não informado;Não informado;Não informado;Não informado;Não informado;Longo da via;0;1;0;2;0;0;0;0;0;0;0;0;0;(-38.5644358 -3.8277921);
IDA0757;2021-01-17 09:57:00;Rua Cândido Maia;;;ANTONIO BEZERRA;IDA0757;Queda;Não informado;Não informado;Não informado;Não informado;Não informado;Longo da via;0;1;0;1;0;0;0;0;0;0;0;0;0;(-38.59027888435863 -3.737155346424419);
QUU4307;2021-01-11 22:45:00;RUA JOSE HIPOLITO;;;MESSEJANA;QUU4307;Colisão;Não informado;Não informado;Não informado;Não informado;Não informado;Longo da via;0;1;0;0;0;0;0;0;0;0;1;0;0;(-38.48995439999999 -3.8337336);
SKI0365;2021-01-11 22:41:00;Avenida Presidente Castelo Branco;RUA ALVES LIMA;;CRISTO REDENTOR;SKI0365;Colisão;Não informado;Não informado;Não informado;Não informado;Não informado;Longo da via;0;1;0;2;0;0;0;0;0;0;0;0;0;(-38.5686795 -3.708124);
FEW5355;2021-01-12 13:20:00;Avenida Jovita Feitosa;RUA GAL PIRAGIBE;;PARQUELANDIA;FEW5355;Colisão;Não informado;Não informado;Não informado;Não informado;Não informado;Longo da via;0;1;0;1;1;0;0;0;0;0;0;0;0;(-38.5575033 -3.7401072);
USO9531;2021-01-13 14:05:00;Avenida Presidente Costa e Silva;;;MONDUBIM;USO9531;Colisão;Não informado;Não informado;Não informado;Não informado;Não informado;Longo da via;0;0;0;1;1;0;0;0;0;0;0;0;0;(-38.5503326 -3.823450799999999);
DGH8054;2021-01-13 12:50:00;Rua Naturalista Feijó;RUA MARIO STUDART;;VILA ELLERY;DGH8054;Colisão;Não informado;Não informado;Não informado;Não informado;Não informado;Cruzamento;0;0;0;1;1;0;0;0;0;0;0;0;0;(-38.5516977 -3.7225583);
YWL1163;2021-01-12 15:50:00;Rua Doutor Carlos Ribeiro Pamplona;;;ENGENHEIRO LUCIANO CAVALCANTE;YWL1163;Choque c/ Obstáculo Fixo;Não informado;Não informado;Não informado;Não informado;Não informado;Longo da via;0;0;0;0;1;0;0;0;0;0;0;0;0;(-38.4798335 -3.7743111);
BUP3456;2021-01-13 04:47:00;Avenida Zezé Diogo;;;PRAIA DO FUTURO I;BUP3456;Colisão;Não informado;Não informado;Não informado;Não informado;Não informado;Longo da via;0;0;0;0;1;0;0;0;0;0;0;0;0;(-38.4661155 -3.7139517);
GSA3711;2021-01-13 03:35:00;Rua Anselmo Nogueira;;;BONSUCESSO;GSA3711;Colisão;Não informado;Não informado;Não informado;Não informado;Não informado;Longo da via;0;0;0;2;0;0;0;0;0;0;0;0;0;(-38.5874325 -3.7819845);
QSU1918;2021-01-12 00:30:00;Avenida Bernardo Manuel;;;PARQUE DOIS IRMAOS;QSU1918;Colisão;Não informado;Não informado;Não informado;Não informado;Não informado;Longo da via;0;1;0;1;1;0;0;0;0;0;0;0;0;(-38.55290667689776 -3.803410391111247);
VWT9166;2021-01-11 19:30:00;Avenida Deputado Paulino Rocha;;;CASTELAO;VWT9166;Colisão;Não informado;Não informado;Não informado;Não informado;Não informado;Longo da via;0;0;0;1;2;0;0;0;0;0;0;0;0;(-38.5162212 -3.8108679);
DRM0733;2021-01-08 22:52:00;Avenida Presidente Juscelino Kubitschek;;;CASTELAO;DRM0733;Colisão;Não informado;Não informado;Não informado;Não informado;Não informado;Longo da via;0;0;0;0;0;0;0;0;0;0;0;0;0;(-38.5321687 -3.8168436);
CBV3428;2021-01-08 01:30:00;Avenida Engenheiro Leal Lima Verde;;;SAPIRANGA / COITE;CBV3428;Colisão;Não informado;Não informado;Não informado;Não informado;Não informado;Longo da via;0;0;0;0;0;0;0;0;0;0;0;0;0;(-38.47462371051438 -3.807339192766821);
TGF1187;2021-01-07 23:40:00;Avenida Heráclito Graça;;;CENTRO;TGF1187;Colisão;Não informado;Não informado;Não informado;Não informado;Não informado;Longo da via;0;0;0;1;1;0;0;0;0;0;0;0;0;(-38.52198615823767 -3.734316238665111);
BAS4471;2021-01-09 15:30:00;Avenida Bernardo Manuel;RUA TEN MATIAS PEIXOTO;;PREFEITO JOSE VALTER;BAS4471;Colisão;Não informado;Não informado;Não informado;Não informado;Não informado;Longo da via;0;0;0;1;1;0;0;0;0;0;0;0;0;(-38.5628069 -3.8362368);
UBF8697;2021-01-09 11:50:00;Avenida General Osório de Paiva;RUA ENG LUIS MONTENEGRO;;CANINDEZINHO;UBF8697;Colisão;Não informado;Não informado;Não informado;Não informado;Não informado;Longo da via;0;0;0;1;1;0;0;0;0;0;0;0;0;(-38.6129433 -3.8157506);
EZM8612;2021-01-07 12:40:00;Rua Matos Vasconcelos;;;DAMAS;EZM8612;Colisão;Não informado;Não informado;Não informado;Não informado;Não informado;Longo da via;0;0;0;1;0;0;0;0;0;0;0;0;0;(-38.55239168666785 -3.753351400346661);
ZGV8893;2021-01-06 20:52:00;Rua Cônego de Castro;;;CANINDEZINHO;ZGV8893;Colisão;Não informado;Não informado;Não informado;Não informado;Não informado;Longo da via;0;0;0;0;2;0;0;0;0;0;0;0;0;(-38.58982049999999 -3.8026072);
FAV4905;2021-01-06 18:00:00;Rua Manoel Pereira;;;VILA ELLERY;FAV4905;Colisão;Não informado;Não informado;Não informado;Não informado;Não informado;Longo da via;0;0;0;0;1;0;0;0;1;0;0;0;0;(-38.5705974 -3.717789);
QFO0860;2021-01-06 00:50:00;Avenida Domingos Olímpio;;;JOSE BONIFACIO;QFO0860;Colisão;Não informado;Não informado;Não informado;Não informado;Não informado;Longo da via;0;0;0;0;1;0;0;0;0;0;0;0;0;(-38.52492584805822 -3.738662886828717);
RNA6303;2021-01-06 00:30:00;Avenida Governador Raul Barbosa;;;AEROLANDIA;RNA6303;Colisão;Não informado;Não informado;Não informado;Não informado;Não informado;Longo da via;0;0;0;0;2;0;0;0;0;0;0;0;0;(-38.51297931631699 -3.775217771062431);
KUU2260;2021-01-06 00:15:00;Avenida Rogaciano Leite;;;GUARARAPES;KUU2260;Colisão;Não informado;Não informado;Não informado;Não informado;Não informado;Longo da via;0;0;0;0;3;0;0;0;0;0;0;0;0;(-38.49577560423764 -3.76524013660204);
DBO4961;2021-01-02 17:50:00;Avenida Washington Soares;;;;DBO4961;Colisão;Não informado;Não informado;Não informado;Não informado;Não informado;Longo da via;0;0;0;0;2;1;0;0;0;0;0;0;0;(-38.47949460794989 -3.800380812481033);
UOO4039;2021-01-05 17:00:00;Avenida Washington Soares;;;EDSON QUEIROZ;UOO4039;Colisão;Não informado;Não informado;Não informado;Não informado;Não informado;Longo da via;0;0;0;1;1;0;0;0;0;0;0;0;0;(-38.47939804279548 -3.801660088148098);
JZL7082;2021-01-04 21:40:00;Avenida Washington Soares;;;COACU;JZL7082;Colisão;Não informado;Não informado;Não informado;Não informado;Não informado;Longo da via;0;0;0;1;1;0;0;0;0;1;0;0;0;(-38.48016516982132 -3.793770299212261);
QEC3406;2021-01-04 19:00:00;Avenida Augusto dos Anjos;;;VILA PERY;QEC3406;Colisão;Não informado;Não informado;Não informado;Não informado;Não informado;Longo da via;0;0;0;1;1;0;0;0;0;0;0;0;0;(-38.57798532414962 -3.77883624108337);
YEH6004;2021-01-11 22:32:00;Rua Barra Nova;;;JARDIM DAS OLIVEIRAS;YEH6004;Queda;Não informado;Não informado;Não informado;Não informado;Não informado;Longo da via;0;1;0;1;0;0;0;0;0;0;0;0;0;(-38.5055016 -3.7845856);
DAW5743;2021-01-11 22:15:00;AV 13 DE MAIO;;;BENFICA;DAW5743;Colisão;Não informado;Não informado;Não informado;Não informado;Não informado;Longo da via;0;1;0;1;1;0;0;0;0;0;0;0;0;(-38.5426149 -3.738037499999999);
OPV7924;2021-01-11 21:49:00;Avenida Coronel Carvalho;;;BARRA DO CEARA;OPV7924;Colisão;Não informado;Não informado;Não informado;Não informado;Não informado;Longo da via;0;1;0;1;1;0;0;0;0;0;0;0;0;(-38.5886111 -3.7133333);
EVK1919;2021-01-11 21:26:00;Avenida Rogaciano Leite;;;EDSON QUEIROZ;EVK1919;Colisão;Não informado;Não informado;Não informado;Não informado;Não informado;Longo da via;0;1;0;1;1;0;0;0;0;0;0;0;0;(-38.4956173 -3.7647759);
EVY8584;2021-01-02 18:25:00;Avenida Deputado Paulino Rocha;;;CAJAZEIRAS;EVY8584;Colisão;Não informado;Não informado;Não informado;Não informado;Não informado;Longo da via;0;0;0;0;1;0;0;0;0;0;0;0;0;(-38.5162212 -3.8108679);
FMK6177;2021-01-11 20:22:00;Avenida Presidente Costa e Silva;;;MONDUBIM;FMK6177;Colisão;Não informado;Não informado;Não informado;Não informado;Não informado;Longo da via;0;1;0;1;1;0;0;0;0;0;0;0;0;(-38.5595115 -3.8207823);
ONZ6834;2021-01-11 20:20:00;Rua Recanto Verde;;;JANGURUSSU;ONZ6834;Colisão;Não informado;Não informado;Não informado;Não informado;Não informado;Longo da via;0;1;0;2;0;0;0;0;0;0;0;0;0;(-38.511892 -3.83975);
ZXN7547;2021-01-11 19:43:00;Avenida Bernardo Manuel;;;ITAPERI;ZXN7547;Colisão;Não informado;Não informado;Não informado;Não informado;Não informado;Longo da via;0;1;0;1;1;0;0;0;0;0;0;0;0;(-38.5539676 -3.805869199999999);
DZH3271;2021-01-02 17:10:00;Avenida Dioguinho;;;PRAIA DO FUTURO I;DZH3271;Colisão;Não informado;Não informado;Não informado;Não informado;Não informado;Longo da via;0;0;0;0;2;0;0;0;0;0;0;0;0;(-38.43967452916154 -3.768831884083878);
OVU8415;2021-01-11 18:12:00;Rua Floriano Peixoto;RUA PEDRO I;;CENTRO;OVU8415;Colisão;Não informado;Não informado;Não informado;Não informado;Não informado;Cruzamento;0;1;0;2;0;0;0;0;0;0;0;0;0;(-38.5284587 -3.7312843);
XPB8646;2021-01-02 13:20:00;Avenida General Osório de Paiva;;;BOM JARDIM;XPB8646;Queda;Não informado;Não informado;Não informado;Não informado;Não informado;Longo da via;0;0;0;1;0;0;0;0;0;0;0;0;0;(-38.600577 -3.8034009);
AEN7043;2021-01-11 18:01:00;AV RAUL BARBOSA;;;SAO JOAO DO TAUAPE;AEN7043;Queda;Não informado;Não informado;Não informado;Não informado;Não informado;Longo da via;0;1;0;1;0;0;0;0;0;0;0;0;0;(-38.5083913 -3.7615659);
NBB3703;2021-01-11 17:58:00;AV PAULINO ROCHA;;;BOA VISTA;NBB3703;Colisão;Não informado;Não informado;Não informado;Não informado;Não informado;Longo da via;0;1;0;1;1;0;0;0;0;0;0;0;0;(-38.52046296502869 -3.809218614877125);
CFU4063;2021-01-11 17:54:00;Rua 23;RUA 28 CJ DOS BANCARIOS;;VILA VELHA;CFU4063;Colisão;Não informado;Não informado;Não informado;Não informado;Não informado;Cruzamento;0;2;0;1;1;0;0;0;0;0;0;0;0;(-38.5976438 -3.7201682);
MQK7203;2021-03-01 02:48:00;Avenida Senador Virgílio Távora;;;MEIRELES;MQK7203;Colisão;Não informado;Não informado;Não informado;Não informado;Não informado;Longo da via;0;1;0;1;1;0;0;0;0;0;0;0;0;(-38.49183812586077 -3.732619327073902);
QKD1241;2021-03-01 01:52:00;Rua Maria Marques;;;GRANJA LISBOA;QKD1241;Queda;Não informado;Não informado;Não informado;Não informado;Não informado;Longo da via;0;1;0;1;0;0;0;0;0;0;0;0;0;(-38.62924771621324 -3.79510311122399);
EVZ7637;2021-03-01 01:46:00;Rua Desembargador Praxedes;;;MONTESE;EVZ7637;Colisão;Não informado;Não informado;Não informado;Não informado;Não informado;Longo da via;0;1;0;1;1;0;0;0;0;0;0;0;0;(-38.54483855582127 -3.762478067356079);
VFG8267;2021-02-28 22:37:00;Avenida Rui Barbosa;;;MEIRELES;VFG8267;Colisão;Não informado;Não informado;Não informado;Não informado;Não informado;Longo da via;0;1;0;2;0;0;0;0;0;0;0;0;0;(-38.51393416724411 -3.751975700913357);
GZP4637;2021-02-28 17:27:00;Avenida Olavo Bilac;;;PARQUELANDIA;GZP4637;Colisão;Não informado;Não informado;Não informado;Não informado;Não informado;Longo da via;0;1;0;1;1;0;0;0;0;0;0;0;0;(-38.56461719395026 -3.731655779600454);
CFU4063;2021-01-11 17:47:00;Avenida Tristão Gonçalves;;;CENTRO;CFU4063;Atropelamento;Não informado;Não informado;Não informado;Não informado;Não informado;Longo da via;0;1;0;0;1;0;0;0;0;0;0;0;0;(-38.5350447 -3.7336627);
COV1364;2021-02-28 15:30:00;Rua Padre Valdevino;RUA BRUNO VALENTE;;;COV1364;Colisão;Não informado;Não informado;Não informado;Não informado;Não informado;Cruzamento;0;1;0;2;0;0;0;0;0;0;0;0;0;(-38.5121022 -3.7406389);
CFU4063;2021-01-11 17:47:00;Avenida Tristão Gonçalves;;;CENTRO;CFU4063;Atropelamento;Não informado;Não informado;Não informado;Não informado;Não informado;Longo da via;0;0;0;0;0;0;0;0;0;0;0;0;0;(-38.5334242 -3.7282089);
FSM7681;2021-02-28 15:17:00;Rua Bom Jesus;;;GRANJA LISBOA;FSM7681;Colisão;Não informado;Não informado;Não informado;Não informado;Não informado;Longo da via;0;1;0;1;1;0;0;0;0;0;0;0;0;(-38.622601 -3.7876665);
VAV0964;2021-02-28 14:45:00;Avenida Doutor Silas Munguba;;;PASSARE;VAV0964;Colisão;Não informado;Não informado;Não informado;Não informado;Não informado;Longo da via;0;1;0;1;1;0;0;0;0;0;0;0;0;(-38.5254005 -3.807263);
NRD3065;2021-02-28 13:52:00;Rua Crispim Almeida;;;MONTE CASTELO;NRD3065;Colisão;Não informado;Não informado;Não informado;Não informado;Não informado;Longo da via;0;1;0;1;1;0;0;0;0;0;0;0;0;(-38.55401709430567 -3.727325155966023);
MMI8035;2021-01-11 17:30:00;Rua Padre Valdevino;;;ALDEOTA;MMI8035;Colisão;Não informado;Não informado;Não informado;Não informado;Não informado;Longo da via;0;1;0;2;0;0;0;0;0;0;0;0;0;(-38.50620403922115 -3.742479568743254);
TIQ9965;2021-02-28 13:23:00;Avenida Desembargador Gonzaga;;;CIDADE DOS FUNCIONRAIOS;TIQ9965;Colisão;Não informado;Não informado;Não informado;Não informado;Não informado;Longo da via;0;1;0;1;1;0;0;0;0;0;0;0;0;(-38.5008207 -3.795118);
MBG3098;2021-01-11 16:26:00;Rua Valdetário Mota;;;PAPICU;MBG3098;Colisão;Não informado;Não informado;Não informado;Não informado;Não informado;Longo da via;0;1;0;1;1;0;0;0;0;0;0;0;0;(-38.478493 -3.7336776);
IHM8035;2021-01-11 16:25:00;Rua Cuiabá;;;JOQUEI CLUBE;IHM8035;Colisão;Não informado;Não informado;Não informado;Não informado;Não informado;Longo da via;0;1;0;0;0;0;0;0;0;0;1;0;0;(-38.5793408 -3.7686359);
DXK8996;2021-01-11 15:41:00;Rua Rio Tocantins;;;JARDIM IRACEMA;DXK8996;Colisão;Não informado;Não informado;Não informado;Não informado;Não informado;Longo da via;0;1;0;1;1;0;0;0;0;0;0;0;0;(-38.5814905 -3.7257254);
QPL7590;2021-01-11 15:11:00;Rua Dona Leopoldina;;;CENTRO;QPL7590;Colisão;Não informado;Não informado;Não informado;Não informado;Não informado;Longo da via;0;1;0;0;1;0;0;0;0;1;0;0;0;(-38.5216745 -3.7368396);
HFU5475;2021-01-11 15:05:00;Avenida Desembargador Gonzaga;;;CIDADE DOS FUNCIONRAIOS;HFU5475;Colisão;Não informado;Não informado;Não informado;Não informado;Não informado;Longo da via;0;1;0;0;1;0;0;0;0;1;0;0;0;(-38.49936599999999 -3.799037);
AAL7625;2021-01-17 09:58:00;Rua Pôrto Velho;;;HENRIQUE JORGE;AAL7625;Queda;Não informado;Não informado;Não informado;Não informado;Não informado;Longo da via;0;1;0;1;0;0;0;0;0;0;0;0;0;(-38.59143927541978 -3.764174921011945);
FMW2485;2021-01-17 10:23:00;Avenida Godofredo Maciel;;;MONDUBIM;FMW2485;Colisão;Não informado;Não informado;Não informado;Não informado;Não informado;Longo da via;0;1;0;0;0;0;0;0;0;0;1;0;0;(-38.57898309886581 -3.824692077454261);
QWH5199;2021-01-17 10:43:00;Avenida Humberto Monte;RUA RIO GRANDE DO SUL;;PICI;QWH5199;Queda;Não informado;Não informado;Não informado;Não informado;Não informado;Longo da via;0;1;0;1;0;0;0;0;0;0;0;0;0;(-38.5604166 -3.7492391);