COD_ACIDENTE;DATA;LOG1;LOG2;NUMERO;BAIRRO;AMC;NATUREZA;ILUMINACAO;TEMPO;SUPERFICIEPISTA;TIPOCRUZAMENTO;CONTROLETRAFEGO;USOSOLO;MORTOS;FERIDOS;ILESOS;MOTOCICLETA;AUTOMOVEL;MICROONIBUS;CAMINHAO;ONIBUS;CICLOMOTOR;BICICLETA;OUTROS;TREM;TRACAOANIMAL;COORDENADAS
PJX9799;2021-01-17 10:49:00;Avenida José Bastos;AV ENG HUMBERTO MONTE;;BELA VISTA;PJX9799;Colisão;Não informado;Não informado;Não informado;Não informado;Não informado;Longo da via;0;1;0;1;1;0;0;0;0;0;0;0;0;(-38.55550304748308 -3.754898390506149);
WID4211;2021-01-17 10:58:00;Rua Pedro I;AV TRISTAO GONCALVES;;CENTRO;WID4211;Queda;Não informado;Não informado;Não informado;Não informado;Não informado;Longo da via;0;1;0;1;0;0;0;0;0;0;0;0;0;(-38.53409901790216 -3.72946638169054);
HPU6974;2021-01-17 11:09:00;Avenida Jovita Feitosa;;;RODOLFO TEOFILO;HPU6974;Queda;Não informado;Não informado;Não informado;Não informado;Não informado;Longo da via;0;1;0;1;0;0;0;0;0;0;0;0;0;(-38.54958073208938 -3.738400589705364);
OFY3599;2021-01-17 13:27:00;Rua Dom José Lourenço;;;PARQUELANDIA;OFY3599;Queda;Não informado;Não informado;Não informado;Não informado;Não informado;Longo da via;0;1;0;0;0;0;0;0;0;1;0;0;0;(-38.5590220982041 -3.7382667646122);
WIK9055;2021-01-17 14:18:00;Estrada Barão de Aquiraz;;;MESSEJANA;WIK9055;Colisão;Não informado;Não informado;Não informado;Não informado;Não informado;Longo da via;0;1;0;1;1;0;0;0;0;0;0;0;0;(-38.48485903137498 -3.840942023543343);
QAR4703;2021-01-17 15:08:00;Rua Bragança;;;GRANJA PORTUGAL;QAR4703;Queda;Não informado;Não informado;Não informado;Não informado;Não informado;Longo da via;0;1;0;0;0;0;0;0;0;1;0;0;0;(-38.5960365894124 -3.778916532406796);
OLL9495;2021-01-17 15:15:00;Rua Barão do Rio Branco;;;CENTRO;OLL9495;Colisão;Não informado;Não informado;Não informado;Não informado;Não informado;Longo da via;0;2;0;1;1;0;0;0;0;0;0;0;0;(-38.5305725 -3.7337034);
GQV9591;2021-01-17 17:05:00;Rua Araripe Prata;RUA STA JULIA;;PARANGABA;GQV9591;Colisão;Não informado;Não informado;Não informado;Não informado;Não informado;Longo da via;0;1;0;2;0;0;0;0;0;0;0;0;0;(-38.5690696541122 -3.775100009950322);
QKA4924;2021-01-17 17:39:00;Rua 30 de Maio;RUA DAS PEDRINHAS;;GENIBAU;QKA4924;Colisão;Não informado;Não informado;Não informado;Não informado;Não informado;Longo da via;0;1;0;1;1;0;0;0;0;0;0;0;0;(-38.60034421615199 -3.763125762674709);
RQY4000;2021-01-17 17:49:00;Rua Eduardo Araújo;RUA SAO FIDELIS D71;;PARQUE SANTA ROSA;RQY4000;Colisão;Não informado;Não informado;Não informado;Não informado;Não informado;Longo da via;0;1;0;1;1;0;0;0;0;0;0;0;0;(-38.59523563054515 -3.819363007477361);
JDD7107;2021-01-17 18:09:00;Avenida Major Assis;;;JARDIM GUANABARA;JDD7107;Colisão;Não informado;Não informado;Não informado;Não informado;Não informado;Longo da via;0;2;0;1;1;0;0;0;0;0;0;0;0;(-38.57880607635494 -3.724445199146059);
BPH4566;2021-01-17 18:53:00;Rua Cônego de Castro;;;PARQUE SANTA ROSA;BPH4566;Queda;Não informado;Não informado;Não informado;Não informado;Não informado;Longo da via;0;1;0;0;0;0;0;0;0;1;0;0;0;(-38.59744742807012 -3.811937045504671);
HCG5211;2021-01-17 19:03:00;Avenida Senador Fernandes Távora;;;AUTRAN NUNES;HCG5211;Colisão;Não informado;Não informado;Não informado;Não informado;Não informado;Longo da via;0;1;0;0;0;0;0;0;0;0;1;0;0;(-38.5868083 -3.7598014);
RBW5154;2021-01-17 19:12:00;Rua Cândido Maia;;;ANTONIO BEZERRA;RBW5154;Colisão;Não informado;Não informado;Não informado;Não informado;Não informado;Longo da via;0;1;0;0;0;0;0;0;0;0;0;0;0;(-38.59027893924998 -3.737091110291046);
WGU9117;2021-01-17 19:35:00;Avenida Lauro Viêira Chaves;;;VILA UNIAO;WGU9117;Queda;Não informado;Não informado;Não informado;Não informado;Não informado;Longo da via;0;1;0;1;0;0;0;0;0;0;0;0;0;(-38.535515 -3.7717381);
ASJ3904;2021-01-17 19:52:00;Rua 1018;;;CONJUNTO CEARA I;ASJ3904;Colisão;Não informado;Não informado;Não informado;Não informado;Não informado;Longo da via;0;1;0;0;0;0;0;0;0;0;0;0;0;(-38.6174568 -3.7700086);
ZRK9304;2021-01-17 20:15:00;Rua Ávila Goulart;;;PAPICU;ZRK9304;Queda;Não informado;Não informado;Não informado;Não informado;Não informado;Longo da via;0;2;0;1;0;0;0;0;0;0;0;0;0;(-38.47769213979945 -3.736152325430154);
AHM9799;2021-01-17 21:14:00;Rua Bragança;RUA LONDRINA;;GRANJA PORTUGAL;AHM9799;Capotamento;Não informado;Não informado;Não informado;Não informado;Não informado;Longo da via;0;1;0;0;0;0;0;0;0;0;0;0;0;(-38.597098 -3.7827492);
AQP9333;2021-01-17 21:47:00;Rua José Pereira;;;PAUPINA;AQP9333;Colisão;Não informado;Não informado;Não informado;Não informado;Não informado;Longo da via;0;1;0;0;0;0;0;0;0;0;0;0;0;(-38.4976370655042 -3.875496214693169);
URD4079;2021-01-17 22:28:00;Rua Antônio Pompil;;;LAGOA REDONDA;URD4079;Queda;Não informado;Não informado;Não informado;Não informado;Não informado;Longo da via;0;1;0;0;0;0;0;0;0;1;0;0;0;(-38.4501559 -3.8089094);
XJV8769;2021-01-17 22:38:00;Rua Sebastião de Abreu;;;MARAPONGA;XJV8769;Colisão;Não informado;Não informado;Não informado;Não informado;Não informado;Longo da via;0;1;0;1;1;0;0;0;0;0;0;0;0;(-38.56658966266226 -3.792021983953337);
WVD6478;2021-01-17 22:51:00;Rua Miguel Gurgel;;;MESSEJANA;WVD6478;Queda;Não informado;Não informado;Não informado;Não informado;Não informado;Longo da via;0;1;0;1;0;0;0;0;0;0;0;0;0;(-38.48240211829961 -3.840219453452919);
IMZ4114;2021-01-17 23:03:00;Avenida Bernardo Manuel;;;ITAPERI;IMZ4114;Queda;Não informado;Não informado;Não informado;Não informado;Não informado;Longo da via;0;2;0;1;0;0;0;0;0;0;0;0;0;(-38.54881362054572 -3.790349940908707);
PNJ1126;2021-01-17 23:04:00;Avenida Maestro Lisboa;;;LAGOA REDONDA;PNJ1126;Colisão;Não informado;Não informado;Não informado;Não informado;Não informado;Longo da via;0;1;0;1;1;0;0;0;0;0;0;0;0;(-38.4495853 -3.8057285);
VEI6357;2021-01-17 23:08:00;Avenida Governador Raul Barbosa;;;AEROLANDIA;VEI6357;Queda;Não informado;Não informado;Não informado;Não informado;Não informado;Longo da via;0;1;0;1;0;0;0;0;0;0;0;0;0;(-38.5088994 -3.7657658);
HQB3430;2021-02-28 13:02:00;Rua Senador Robert Kennedy;;;BARRA DO CEARA;HQB3430;Colisão;Não informado;Não informado;Não informado;Não informado;Não informado;Longo da via;0;1;0;1;1;0;0;0;0;0;0;0;0;(-38.5790774 -3.7040902);
EJS4528;2021-02-28 08:32:00;Via Expressa;;;ALDEOTA;EJS4528;Choque c/ Obstáculo Fixo;Não informado;Não informado;Não informado;Não informado;Não informado;Longo da via;0;2;0;0;1;0;0;0;0;0;0;0;0;(-38.4921063613061 -3.747506001036333);
KXY3187;2021-02-28 04:37:00;Avenida Senador Virgílio Távora;;;ALDEOTA;KXY3187;Colisão;Não informado;Não informado;Não informado;Não informado;Não informado;Longo da via;0;1;0;0;0;0;0;0;0;0;1;0;0;(-38.4937532371721 -3.738582591799296);
TYQ1845;2021-02-28 03:47:00;Avenida Conselheiro Gomes de Freitas;;;SAPIRANGA / COITE;TYQ1845;Colisão;Não informado;Não informado;Não informado;Não informado;Não informado;Longo da via;0;1;0;0;0;0;0;0;0;0;1;0;0;(-38.4689735 -3.7947874);
MYK0307;2021-02-28 03:04:00;Avenida Sargento Hermínio Sampaio;;;PADRE ANDRADE;MYK0307;Colisão;Não informado;Não informado;Não informado;Não informado;Não informado;Longo da via;0;1;0;1;1;0;0;0;0;0;0;0;0;(-38.5794802 -3.731588);
SVR2065;2021-01-18 00:00:00;Rua Jardim Paruara;;;BOM JARDIM;SVR2065;Queda;Não informado;Não informado;Não informado;Não informado;Não informado;Longo da via;0;1;0;1;0;0;0;0;0;0;0;0;0;(-38.60825136480923 -3.800461101804653);
VEF7835;2021-02-28 02:16:00;Rua César Rosas;RUA ALBERTO MAGNO;;MONTESE;VEF7835;Colisão;Não informado;Não informado;Não informado;Não informado;Não informado;Longo da via;0;1;0;1;1;0;0;0;0;0;0;0;0;(-38.552703 -3.7685761);
LJB1092;2021-02-28 01:29:00;Rua Pedro Wilson;;;SERRINHA;LJB1092;Queda;Não informado;Não informado;Não informado;Não informado;Não informado;Longo da via;0;1;0;1;0;0;0;0;0;0;0;0;0;(-38.55102911909298 -3.789498863735658);
IZF1096;2021-01-18 00:15:00;Rua Umarizeira;;;PARQUE SANTA ROSA;IZF1096;Colisão;Não informado;Não informado;Não informado;Não informado;Não informado;Longo da via;0;1;0;2;0;0;0;0;0;0;0;0;0;(-38.59393910595058 -3.823996256010076);
RLV1450;2021-01-11 13:35:00;RUA RAIMUNDO PINHEIRO;RUA NEREIDE;;BOM JARDIM;RLV1450;Colisão;Não informado;Não informado;Não informado;Não informado;Não informado;Cruzamento;0;2;0;1;1;0;0;0;0;0;0;0;0;(-38.59293055618638 -3.788819071932995);
MKG5847;2021-01-18 00:17:00;Avenida Doutor Theberge;;;ALVARO WEYNE;MKG5847;Colisão;Não informado;Não informado;Não informado;Não informado;Não informado;Longo da via;0;1;0;2;0;0;0;0;0;0;0;0;0;(-38.56578663543871 -3.717368387914784);
RLM3535;2021-01-18 00:28:00;Rua Pedestre IX;;;CANINDEZINHO;RLM3535;Colisão;Não informado;Não informado;Não informado;Não informado;Não informado;Longo da via;0;1;0;2;0;0;0;0;0;0;0;0;0;(-38.60556379559871 -3.816604456433627);
WNP7485;2021-02-28 00:51:00;Avenida Central Leste;;;CIDADE 2000;WNP7485;Queda;Não informado;Não informado;Não informado;Não informado;Não informado;Longo da via;0;1;0;1;0;0;0;0;0;0;0;0;0;(-38.6352809 -3.767175);
FLE6967;2021-01-18 00:51:00;Rua José Dantas Pereira;;;CANINDEZINHO;FLE6967;Queda;Não informado;Não informado;Não informado;Não informado;Não informado;Longo da via;0;1;0;1;0;0;0;0;0;0;0;0;0;(-38.60902920683101 -3.821946255703087);
WVP8931;2021-01-11 12:20:00;Avenida Carapinima;AV IMPERADOR;;BENFICA;WVP8931;Colisão;Não informado;Não informado;Não informado;Não informado;Não informado;Cruzamento;0;1;0;1;1;0;0;0;0;0;0;0;0;(-38.5371802 -3.7370231);
HVL7512;2021-02-28 00:50:00;Avenida Professor José Arthur de Carvalho;;;LAGOA REDONDA;HVL7512;Colisão;Não informado;Não informado;Não informado;Não informado;Não informado;Longo da via;0;1;0;0;0;0;0;0;0;0;1;0;0;(-38.4621738 -3.8252848);
WFY7288;2021-01-11 12:02:00;Rua Antônio Bandeira;;;ITAPERI;WFY7288;Colisão;Não informado;Não informado;Não informado;Não informado;Não informado;Longo da via;0;1;0;1;1;0;0;0;0;0;0;0;0;(-38.5629765 -3.7840073);
GWO4514;2021-01-18 00:54:00;Rua 23 de Julho;;;GRANJA PORTUGAL;GWO4514;Queda;Não informado;Não informado;Não informado;Não informado;Não informado;Longo da via;0;1;0;1;0;0;0;0;0;0;0;0;0;(-38.61218735056347 -3.780845529217686);
QOG6771;2021-01-11 11:23:00;Avenida Presidente Costa e Silva;AV DOS EXPEDICIONARIOS;;PREFEITO JOSE VALTER;QOG6771;Colisão;Não informado;Não informado;Não informado;Não informado;Não informado;Cruzamento;0;1;0;1;1;0;0;0;0;0;0;0;0;(-38.55814 -3.8210641);
TLI8556;2021-02-27 23:33:00;Rua dos Antares;;;AEROLANDIA;TLI8556;Colisão;Não informado;Não informado;Não informado;Não informado;Não informado;Longo da via;0;1;0;1;1;0;0;0;0;0;0;0;0;(-38.51385370402319 -3.780281483767861);
FJR5662;2021-01-11 11:16:00;AV GODOFREDO MACIEL;AV BENJAMIM BRASIL;;MARAPONGA;FJR5662;Colisão;Não informado;Não informado;Não informado;Não informado;Não informado;Cruzamento;0;1;0;1;1;0;0;0;0;0;0;0;0;(-38.5720778 -3.803175399999999);
OYO9638;2021-01-18 01:39:00;Avenida General Osório de Paiva;;;SIQUEIRA;OYO9638;Colisão;Não informado;Não informado;Não informado;Não informado;Não informado;Longo da via;0;1;0;1;1;0;0;0;0;0;0;0;0;(-38.58727436127881 -3.789645393591634);
LFN3786;2021-02-27 23:24:00;Rua Andrade Furtado;;;COCO;LFN3786;Colisão;Não informado;Não informado;Não informado;Não informado;Não informado;Longo da via;0;1;0;1;1;0;0;0;0;0;0;0;0;(-38.47715570503382 -3.746585293553293);
VKS0375;2021-01-11 10:47:00;Rodovia Anel Viario De Fortaleza;;;CONJUNTO PALMEIRAS;VKS0375;Colisão;Não informado;Não informado;Não informado;Não informado;Não informado;Longo da via;0;1;0;1;1;0;0;0;0;0;0;0;0;(-38.5231701 -3.8636405);
KYF9864;2021-02-27 23:11:00;Rua José Arão;;;SIQUEIRA;KYF9864;Queda;Não informado;Não informado;Não informado;Não informado;Não informado;Longo da via;0;1;0;1;0;0;0;0;0;0;0;0;0;(-38.6335492 -3.809007499999999);
CQW5024;2021-01-18 04:25:00;Avenida Cambará;;;ITAPERI;CQW5024;Queda;Não informado;Não informado;Não informado;Não informado;Não informado;Longo da via;0;1;0;1;0;0;0;0;0;0;0;0;0;(-38.56425240578314 -3.784301386860462);
AEF9779;2021-01-11 10:41:00;Rua General Onofre;;;MARAPONGA;AEF9779;Colisão;Não informado;Não informado;Não informado;Não informado;Não informado;Longo da via;0;1;0;0;1;0;0;0;0;1;0;0;0;(-38.5707781 -3.8080861);
OCK8475;2021-01-18 04:39:00;Avenida Senador Fernandes Távora;;;AUTRAN NUNES;OCK8475;Queda;Não informado;Não informado;Não informado;Não informado;Não informado;Longo da via;0;1;0;1;0;0;0;0;0;0;0;0;0;(-38.5918094237825 -3.757103783502309);
SYY5152;2021-02-27 22:40:00;Avenida Senador Fernandes Távora;;;HENRIQUE JORGE;965315;Atropelamento;Via Iluminada;Bom;Seca;Meio de quadra;Não informado;Longo da via;1;0;1;1;0;0;0;0;0;0;0;0;0;(-38.57777610621659 -3.764565678641052);
NGU6623;2021-02-27 22:17:00;Avenida Deputado Paulino Rocha;;;CAJAZEIRAS;NGU6623;Colisão;Não informado;Não informado;Não informado;Não informado;Não informado;Longo da via;0;1;0;2;0;0;0;0;0;0;0;0;0;(-38.5098545 -3.8110668);
ANB8012;2021-01-18 05:55:00;Rua Icaraçu;;;BARROSO;ANB8012;Queda;Não informado;Não informado;Não informado;Não informado;Não informado;Longo da via;0;1;0;1;0;0;0;0;0;0;0;0;0;(-38.5114131 -3.8170332);
KAJ8098;2021-02-27 21:28:00;Rua Tebas;;;SIQUEIRA;KAJ8098;Colisão;Não informado;Não informado;Não informado;Não informado;Não informado;Longo da via;0;1;0;1;1;0;0;0;0;0;0;0;0;(-38.62094894650813 -3.814474150461582);
FHQ8804;2021-01-18 09:56:00;Avenida Alberto Craveiro;;;BOA VISTA;FHQ8804;Colisão;Não informado;Não informado;Não informado;Não informado;Não informado;Longo da via;0;3;0;1;1;0;0;0;0;0;0;0;0;(-38.51692751438137 -3.789563096004339);
RJF6436;2021-01-18 10:20:00;Avenida Presidente Juscelino Kubitschek;;;PASSARE;RJF6436;Colisão;Não informado;Não informado;Não informado;Não informado;Não informado;Longo da via;0;1;0;0;2;0;0;0;0;0;0;0;0;(-38.52552133552292 -3.807863745310106);
GCB8424;2021-02-27 20:15:00;Avenida Engenheiro Leal Lima Verde;;;ALAGADICO;GCB8424;Colisão;Não informado;Não informado;Não informado;Não informado;Não informado;Longo da via;0;1;0;1;1;0;0;0;0;0;0;0;0;(-38.475206 -3.8018557);
OXL9356;2021-01-11 10:12:00;Rodovia Estrada do Guarani (BR116);;;MESSEJANA;OXL9356;Colisão;Não informado;Não informado;Não informado;Não informado;Não informado;Longo da via;0;1;0;1;1;0;0;0;0;0;0;0;0;(-38.5020858 -3.8367365);
AFR6597;2021-02-27 18:36:00;Avenida C;;;CONJUNTO CEARA I;AFR6597;Atropelamento;Não informado;Não informado;Não informado;Não informado;Não informado;Longo da via;1;1;0;1;0;0;0;0;0;0;0;0;0;(-38.61552015898067 -3.773515586161979);
KCN2503;2021-02-27 18:34:00;Rua Ari Maia;;;GRANJA LISBOA;KCN2503;Queda;Não informado;Não informado;Não informado;Não informado;Não informado;Longo da via;0;1;0;1;0;0;0;0;0;0;0;0;0;(-38.62033204875617 -3.779863969461933);
IXJ8290;2021-01-11 10:05:00;Avenida Dos Jangadeiros;;;CAIS DO PORTO;IXJ8290;Colisão;Não informado;Não informado;Não informado;Não informado;Não informado;Longo da via;0;1;0;1;1;0;0;0;0;0;0;0;0;(-38.4761387 -3.722554299999999);
GKY0947;2021-02-27 17:36:00;Rua Eudorado;;;PASSARE;GKY0947;Colisão;Não informado;Não informado;Não informado;Não informado;Não informado;Longo da via;0;1;0;1;1;0;0;0;0;0;0;0;0;(-38.53011322340338 -3.817284226322841);
DEP4204;2021-01-18 10:42:00;Avenida Mister Hull;;;ANTONIO BEZERRA;DEP4204;Colisão;Não informado;Não informado;Não informado;Não informado;Não informado;Longo da via;0;1;0;1;1;0;0;0;0;0;0;0;0;(-38.5804851333338 -3.738250705599642);
YLY6124;2021-02-27 17:36:00;Avenida Santos Dumont;AV DOM MANUEL;;CENTRO;YLY6124;Colisão;Não informado;Não informado;Não informado;Não informado;Não informado;Longo da via;0;1;0;1;1;0;0;0;0;0;0;0;0;(-38.5212775 -3.7287794);
IXJ8290;2021-01-11 09:32:00;Rua São Paulo;RUA FLORIANO PEIXOTO;;CENTRO;IXJ8290;Colisão;Não informado;Não informado;Não informado;Não informado;Não informado;Cruzamento;0;1;0;0;1;0;0;0;0;1;0;0;0;(-38.5267871 -3.7262777);
WYD1604;2021-02-27 13:43:00;Avenida Val Paraíso;RUA TEREZA BERNARDO;;CONJUNTO PALMEIRAS;WYD1604;Colisão;Não informado;Não informado;Não informado;Não informado;Não informado;Longo da via;0;1;0;1;1;0;0;0;0;0;0;0;0;(-38.5256987 -3.8442229);
AOF3751;2021-01-18 10:47:00;Avenida Eduardo Girão;;;FATIMA;AOF3751;Colisão;Não informado;Não informado;Não informado;Não informado;Não informado;Longo da via;0;1;0;2;0;0;0;0;0;0;0;0;0;(-38.5245362 -3.755874);
IXJ8290;2021-01-11 09:19:00;Avenida José Sabóia;;;CAIS DO PORTO;IXJ8290;Atropelamento;Não informado;Não informado;Não informado;Não informado;Não informado;Longo da via;0;1;0;1;0;0;0;0;0;0;0;0;0;(-38.4673601 -3.7171466);
ZWI8785;2021-01-18 10:53:00;Rua Coronel Matos Dourado;;;ANTONIO BEZERRA;ZWI8785;Colisão;Não informado;Não informado;Não informado;Não informado;Não informado;Longo da via;0;1;0;1;1;0;0;0;0;0;0;0;0;(-38.58526526713075 -3.741088462375959);
TLD6430;2021-02-27 13:08:00;Avenida Treze de Maio;;;BENFICA;TLD6430;Colisão;Não informado;Não informado;Não informado;Não informado;Não informado;Longo da via;0;1;0;1;1;0;0;0;0;0;0;0;0;(-38.5374927 -3.742407);
HEE9749;2021-02-27 12:57:00;Avenida Godofredo Maciel;;;MARAPONGA;HEE9749;Queda;Não informado;Não informado;Não informado;Não informado;Não informado;Longo da via;0;1;0;1;0;0;0;0;0;0;0;0;0;(-38.5700693 -3.7966838);
HGY7780;2021-01-18 11:27:00;Rua Ildefonso Albano;;;MEIRELES;HGY7780;Colisão;Não informado;Não informado;Não informado;Não informado;Não informado;Longo da via;0;1;0;1;1;0;0;0;0;0;0;0;0;(-38.51109637251297 -3.726639962633043);
DTO9136;2021-01-18 11:44:00;Avenida Treze de Maio;;;FATIMA;DTO9136;Queda;Não informado;Não informado;Não informado;Não informado;Não informado;Longo da via;0;1;0;1;0;0;0;0;0;0;0;0;0;(-38.53291347189988 -3.746231998564216);
ZRK2308;2021-02-27 11:26:00;Rua Álvaro Garrido;;;BARRA DO CEARA;ZRK2308;Colisão;Não informado;Não informado;Não informado;Não informado;Não informado;Longo da via;0;1;0;1;1;0;0;0;0;0;0;0;0;(-38.58340337509995 -3.712764682942109);
WMX2814;2021-01-18 12:19:00;Rua Padre Alzir Sampaio;;;PRESIDENTE KENNEDY;WMX2814;Queda;Não informado;Não informado;Não informado;Não informado;Não informado;Longo da via;0;1;0;0;0;0;0;0;0;1;0;0;0;(-38.57115105651801 -3.726554313428891);
IXJ8290;2021-01-11 07:28:00;AV TRISTAO GONÇALVES;;;CENTRO;IXJ8290;Colisão;Não informado;Não informado;Não informado;Não informado;Não informado;Longo da via;0;2;0;0;0;0;0;0;0;0;1;0;0;(-38.53394 -3.729396);
IUP5595;2021-01-18 13:09:00;Rua Rosa Cruz;;;MARAPONGA;IUP5595;Colisão;Não informado;Não informado;Não informado;Não informado;Não informado;Longo da via;0;1;0;0;2;0;0;0;0;0;0;0;0;(-38.56682733136358 -3.798903487592741);
PFN2427;2021-02-27 11:16:00;Rua Belém de Figueiredo.;;;BARRA DO CEARA;PFN2427;Colisão;Não informado;Não informado;Não informado;Não informado;Não informado;Longo da via;0;1;0;1;1;0;0;0;0;0;0;0;0;(-38.5838325374563 -3.715494789952323);
GPE6231;2021-02-27 11:09:00;Avenida Presidente Castelo Branco;RUA SEN POMPEU;;MOURA BRASIL;GPE6231;Queda;Não informado;Não informado;Não informado;Não informado;Não informado;Longo da via;0;1;0;1;0;0;0;0;0;0;0;0;0;(-38.52795139132137 -3.721174456088382);
IXJ8290;2021-01-11 03:02:00;Avenida Engenheiro Santana Júnior;;;PAPICU;IXJ8290;Colisão;Não informado;Não informado;Não informado;Não informado;Não informado;Longo da via;0;2;0;0;0;0;0;0;0;0;1;0;0;(-38.4816279 -3.7347157);
BTQ9132;2021-01-18 14:39:00;Avenida Américo Barreira;;;COUTO FERNANDES;BTQ9132;Colisão;Não informado;Não informado;Não informado;Não informado;Não informado;Longo da via;0;1;0;0;0;0;0;0;0;0;0;0;0;(-38.55689243691351 -3.756525671314138);
WWI4649;2021-02-27 09:54:00;Avenida Castelo de Castro;;;JANGURUSSU;WWI4649;Colisão;Não informado;Não informado;Não informado;Não informado;Não informado;Longo da via;0;1;0;0;0;0;0;0;0;0;1;0;0;(-38.52167502574518 -3.842858169413078);
SAA4450;2021-02-27 09:42:00;Avenida Alberto Nepomuceno;;;CENTRO;SAA4450;Queda;Não informado;Não informado;Não informado;Não informado;Não informado;Longo da via;0;1;0;1;0;0;0;0;0;0;0;0;0;(-38.52393310000001 -3.722480999999999);
IXJ8290;2021-01-11 17:49:00;AV TRISTAO GONÇALVES;;;CENTRO;IXJ8290;Atropelamento;Não informado;Não informado;Não informado;Não informado;Não informado;Longo da via;0;1;0;0;1;0;0;0;0;0;0;0;0;(-38.53394 -3.729396);
UEB7708;2021-02-27 09:01:00;Rua Professor Heráclito;;;PAPICU;UEB7708;Colisão;Não informado;Não informado;Não informado;Não informado;Não informado;Longo da via;0;1;0;1;1;0;0;0;0;0;0;0;0;(-38.47398150000001 -3.7329662);
KMC8727;2021-02-27 07:58:00;Avenida Bernardo Manuel;;;ITAPERI;KMC8727;Colisão;Não informado;Não informado;Não informado;Não informado;Não informado;Longo da via;0;1;0;1;1;0;0;0;0;0;0;0;0;(-38.5550968 -3.810597499999999);
DAN2997;2021-01-18 14:47:00;Avenida Jornalista Tomaz Coelho;;;MESSEJANA;DAN2997;Colisão;Não informado;Não informado;Não informado;Não informado;Não informado;Longo da via;0;1;0;2;0;0;0;0;0;0;0;0;0;(-38.50118292001827 -3.832330018764757);
DVW0130;2021-01-18 17:33:00;Rua Solon Pinheiro;RUA DEP JOAO PONTES;;FATIMA;DVW0130;Colisão;Não informado;Não informado;Não informado;Não informado;Não informado;Longo da via;0;1;0;1;1;0;0;0;0;0;0;0;0;(-38.5314475 -3.7456905);
PRL9330;2021-02-27 07:58:00;Avenida Bernardo Manuel;;;ITAPERI;PRL9330;Colisão;Não informado;Não informado;Não informado;Não informado;Não informado;Longo da via;0;1;0;1;1;0;0;0;0;0;0;0;0;(-38.54828253166643 -3.788690607280357);
IXJ8290;2021-01-02 02:10:00;Avenida Carapinima;;;BENFICA;IXJ8290;Colisão;Não informado;Não informado;Não informado;Não informado;Não informado;Longo da via;0;1;0;0;0;0;0;0;0;0;1;0;0;(-38.54112098105107 -3.741778328291629);
VST4178;2021-01-18 19:12:00;Avenida Recreio;;;SABIAGUABA;VST4178;Queda;Não informado;Não informado;Não informado;Não informado;Não informado;Longo da via;0;1;0;1;0;0;0;0;0;0;0;0;0;(-38.4493573048782 -3.806017104836902);
YMT4952;2021-02-26 22:27:00;Avenida Francisco Sá;;;MONTE CASTELO;YMT4952;Colisão;Não informado;Não informado;Não informado;Não informado;Não informado;Longo da via;0;2;0;1;1;0;0;0;0;0;0;0;0;(-38.54775683465082 -3.720558848426361);
IMT5969;2021-01-18 19:24:00;Rua Cônego de Castro;;;VILA PERY;IMT5969;Colisão;Não informado;Não informado;Não informado;Não informado;Não informado;Longo da via;0;1;0;1;1;0;0;0;0;0;0;0;0;(-38.5781286 -3.7901791);
IXJ8290;2021-01-03 01:24:00;Rua das Gaivotas;;;JARDIM DAS OLIVEIRAS;IXJ8290;Colisão;Não informado;Não informado;Não informado;Não informado;Não informado;Longo da via;0;1;0;1;1;0;0;0;0;0;0;0;0;(-38.5003682 -3.7859321);
KUP1988;2021-01-18 19:29:00;Rua Naiara Batista;;;BOM JARDIM;KUP1988;Capotamento;Não informado;Não informado;Não informado;Não informado;Não informado;Longo da via;1;0;0;0;1;0;0;0;0;0;0;0;0;(-38.6301757420007 -3.800305875772248);
MDE9789;2021-02-26 22:03:00;Rua das Carnaúbas;;;PASSARE;MDE9789;Colisão;Não informado;Não informado;Não informado;Não informado;Não informado;Longo da via;0;1;0;1;1;0;0;0;0;0;0;0;0;(-38.5351862 -3.8077291);
TVX9487;2021-01-18 20:16:00;Rua Pedro Dantas;;;DIAS MACEDO;TVX9487;Colisão;Não informado;Não informado;Não informado;Não informado;Não informado;Longo da via;0;1;0;0;0;0;0;0;0;0;0;0;0;(-38.52375105247319 -3.785575333615762);