COD_ACIDENTE;DATA;LOG1;LOG2;NUMERO;BAIRRO;AMC;NATUREZA;ILUMINACAO;TEMPO;SUPERFICIEPISTA;TIPOCRUZAMENTO;CONTROLETRAFEGO;USOSOLO;MORTOS;FERIDOS;ILESOS;MOTOCICLETA;AUTOMOVEL;MICROONIBUS;CAMINHAO;ONIBUS;CICLOMOTOR;BICICLETA;OUTROS;TREM;TRACAOANIMAL;COORDENADAS
NRU5769;2021-02-26 21:19:00;Avenida Mozart Pinheiro de Lucena;;;VILA VELHA;NRU5769;Queda;Não informado;Não informado;Não informado;Não informado;Não informado;Longo da via;0;1;0;1;0;0;0;0;0;0;0;0;0;(-38.5950474 -3.7158361);
KPK0201;2021-01-18 20:35:00;Avenida Humberto Monte;;;RODOLFO TEOFILO;KPK0201;Colisão;Não informado;Não informado;Não informado;Não informado;Não informado;Longo da via;0;2;0;1;1;0;0;0;0;0;0;0;0;(-38.55750397095119 -3.752773285673637);
IXJ8290;2021-01-03 01:35:00;Rua Meton de Alencar;;;CENTRO;IXJ8290;Queda;Não informado;Não informado;Não informado;Não informado;Não informado;Longo da via;0;1;0;0;0;0;0;0;0;0;1;0;0;(-38.5386949 -3.7311248);
PXL0923;2021-01-18 20:39:00;Avenida General Osório de Paiva;;;CANINDEZINHO;PXL0923;Colisão;Não informado;Não informado;Não informado;Não informado;Não informado;Longo da via;0;1;0;0;0;0;0;0;0;0;1;0;0;(-38.60700146690263 -3.809978009973196);
HOG0656;2021-02-26 20:35:00;Avenida Odilon Guimarães;;;CURIO;HOG0656;Colisão;Não informado;Não informado;Não informado;Não informado;Não informado;Longo da via;0;1;0;0;0;0;0;0;0;0;1;0;0;(-38.47692504444167 -3.822080067883072);
SKW8307;2021-01-18 20:54:00;Avenida Professor Gomes de Matos;;;MONTESE;SKW8307;Queda;Não informado;Não informado;Não informado;Não informado;Não informado;Longo da via;0;1;0;1;0;0;0;0;0;0;0;0;0;(-38.54894771058813 -3.76511702129894);
EVR3511;2021-02-26 20:30:00;Rua Raimundo Neri;;;JANGURUSSU;EVR3511;Colisão;Não informado;Não informado;Não informado;Não informado;Não informado;Longo da via;0;1;0;0;0;0;0;0;0;0;1;0;0;(-38.5864203 -3.794134);
YTS0265;2021-01-18 21:00:00;Avenida Heróis do Acre;;;PASSARE;YTS0265;Colisão;Não informado;Não informado;Não informado;Não informado;Não informado;Longo da via;0;1;0;1;1;0;0;0;0;0;0;0;0;(-38.53732304908941 -3.803180229150845);
GYP6404;2021-02-26 20:28:00;Avenida Ministro José Américo;;;CAMBEBA;GYP6404;Queda;Não informado;Não informado;Não informado;Não informado;Não informado;Longo da via;0;1;0;1;0;0;0;0;0;0;0;0;0;(-38.4863826 -3.8091057);
KBY2757;2021-01-18 21:14:00;Avenida Presidente Costa e Silva;;;PREFEITO JOSE VALTER;KBY2757;Atropelamento;Não informado;Não informado;Não informado;Não informado;Não informado;Longo da via;0;1;0;0;1;0;0;0;0;0;0;0;0;(-38.53320850152055 -3.82811765171026);
EAA2515;2021-02-26 20:24:00;Rua N;;;PREFEITO JOSE VALTER;EAA2515;Colisão;Não informado;Não informado;Não informado;Não informado;Não informado;Longo da via;0;1;0;1;1;0;0;0;0;0;0;0;0;(-38.5502856 -3.8333439);
FWV6995;2021-01-18 21:21:00;Avenida General Osório de Paiva;;;CANINDEZINHO;FWV6995;Colisão;Não informado;Não informado;Não informado;Não informado;Não informado;Longo da via;0;1;0;0;2;0;0;0;0;0;0;0;0;(-38.6057783648134 -3.808473938682774);
ZWJ4881;2021-01-18 21:57:00;Rua André Rebouças;;;BONSUCESSO;ZWJ4881;Colisão;Não informado;Não informado;Não informado;Não informado;Não informado;Longo da via;0;1;0;0;0;0;0;0;0;0;0;0;0;(-47.81463340875943 -21.15807627849057);
TTB4416;2021-01-18 22:18:00;Rua Marieta Barreira;;;SABIAGUABA;TTB4416;Colisão;Não informado;Não informado;Não informado;Não informado;Não informado;Longo da via;0;1;0;1;1;0;0;0;0;0;0;0;0;(-38.4320679 -3.8076687);
UPX8326;2021-01-18 22:27:00;Rua da Ladeira;;;VICENTE PINZON;UPX8326;Queda;Não informado;Não informado;Não informado;Não informado;Não informado;Longo da via;0;1;0;0;0;0;0;0;0;1;0;0;0;(-38.4756544 -3.7286558);
CNC9687;2021-01-18 23:32:00;Rua Antônio Barbosa;RUA LEITAO CERQUEIRA;;MONDUBIM;CNC9687;Colisão;Não informado;Não informado;Não informado;Não informado;Não informado;Longo da via;0;1;0;1;1;0;0;0;0;0;0;0;0;(-38.56398419426479 -3.829359418994417);
KXT8514;2021-01-03 02:51:00;Avenida Almirante Barroso;;;PRAIA DE IRACEMA;KXT8514;Atropelamento;Não informado;Não informado;Não informado;Não informado;Não informado;Longo da via;0;1;0;0;1;0;0;0;0;0;0;0;0;(-38.5164842 -3.7206208);
IDI2017;2021-01-03 02:52:00;Avenida Major Assis;;;VILA VELHA;IDI2017;Colisão;Não informado;Não informado;Não informado;Não informado;Não informado;Longo da via;0;1;0;1;0;0;0;0;0;0;0;0;0;(-38.6088642 -3.718914);
SYK7105;2021-01-04 02:32:00;Avenida Jornalista Tomaz Coelho;;;JANGURUSSU;SYK7105;Queda;Não informado;Não informado;Não informado;Não informado;Não informado;Longo da via;0;1;0;1;0;0;0;0;0;0;0;0;0;(-38.5153819 -3.8281566);
ZCO7825;2021-01-04 01:58:00;Avenida General Osório de Paiva;;;SIQUEIRA;ZCO7825;Queda;Não informado;Não informado;Não informado;Não informado;Não informado;Longo da via;0;1;0;1;0;0;0;0;0;0;0;0;0;(-38.61209229093348 -3.814340337096078);
VPW5320;2021-01-04 00:37:00;Rua Solon Onofre;;;PAPICU;VPW5320;Colisão;Não informado;Não informado;Não informado;Não informado;Não informado;Longo da via;0;1;0;1;1;0;0;0;0;0;0;0;0;(-38.4735657 -3.735965);
CDP2737;2021-01-04 00:29:00;Avenida Pompílio Gomes;;;PASSARE;CDP2737;Queda;Não informado;Não informado;Não informado;Não informado;Não informado;Longo da via;0;1;0;1;0;0;0;0;0;0;0;0;0;(-38.5210349 -3.8149564);
MUI5005;2021-01-03 22:19:00;Rua Olyntho Arruda;;;SAPIRANGA / COITE;MUI5005;Colisão;Não informado;Não informado;Não informado;Não informado;Não informado;Longo da via;0;2;0;2;0;0;0;0;0;0;0;0;0;(-38.4626814 -3.8072016);
NSG5914;2021-01-03 19:54:00;Avenida Tristão Gonçalves;;;CENTRO;NSG5914;Atropelamento;Não informado;Não informado;Não informado;Não informado;Não informado;Longo da via;0;1;0;0;0;0;0;0;0;1;0;0;0;(-38.5329822 -3.7275497);
CBL5213;2021-01-03 19:31:00;Rua Cuiabá;;;JOQUEI CLUBE;CBL5213;Queda;Não informado;Não informado;Não informado;Não informado;Não informado;Longo da via;0;1;0;1;0;0;0;0;0;0;0;0;0;(-38.5951457 -3.7604979);
OVG6901;2021-01-03 19:07:00;Rua Omar Paiva;;;ALVARO WEYNE;OVG6901;Choque c/ Obstáculo Fixo;Não informado;Não informado;Não informado;Não informado;Não informado;Longo da via;0;1;0;0;1;0;0;0;0;0;0;0;0;(-38.5651678 -3.719126);
QFA7955;2021-01-03 18:17:00;Rua do Saborá;;;JARDIM DAS OLIVEIRAS;QFA7955;Atropelamento;Não informado;Não informado;Não informado;Não informado;Não informado;Longo da via;0;1;0;1;0;0;0;0;0;0;0;0;0;(-38.5064727 -3.7814169);
HKW4538;2021-01-03 17:12:00;Avenida do Passaré;;;PASSARE;HKW4538;Queda;Não informado;Não informado;Não informado;Não informado;Não informado;Longo da via;0;1;0;1;0;0;0;0;0;0;0;0;0;(-38.5438136 -3.8213283);
BWZ0619;2021-01-03 16:17:00;Rua Serra Azul;RUA EDILSON CANDEIAS;;;BWZ0619;Colisão;Não informado;Não informado;Não informado;Não informado;Não informado;Cruzamento;0;1;0;1;1;0;0;0;0;0;0;0;0;(-38.5263238 -3.845050499999999);
QQO9059;2021-01-03 15:58:00;Avenida C;;;PREFEITO JOSE VALTER;QQO9059;Queda;Não informado;Não informado;Não informado;Não informado;Não informado;Longo da via;0;1;0;1;0;0;0;0;0;0;0;0;0;(-38.5585518 -3.827644);
BSN2816;2021-01-03 14:22:00;Rua Coronel João Correia;;;GRANJA LISBOA;BSN2816;Colisão;Não informado;Não informado;Não informado;Não informado;Não informado;Longo da via;0;1;0;0;1;0;0;0;0;1;0;0;0;(-38.608984 -3.7904752);
DWP2694;2021-01-03 10:07:00;AV GOMES DE MATOS;RUA ANA NERY;;JARDIM AMERICA;DWP2694;Colisão;Não informado;Não informado;Não informado;Não informado;Não informado;Longo da via;0;1;0;0;0;0;0;0;0;0;1;0;0;(-38.5405234 -3.7551906);
XDW8891;2021-01-03 08:37:00;AV HUMBERTO MONTE;;;PICI;XDW8891;Colisão;Não informado;Não informado;Não informado;Não informado;Não informado;Longo da via;0;1;0;1;1;0;0;0;0;0;0;0;0;(-38.5674402 -3.7409193);
UFA3092;2021-02-26 20:10:00;Avenida Américo Barreira;;;CAMBEBA;UFA3092;Queda;Não informado;Não informado;Não informado;Não informado;Não informado;Longo da via;0;1;0;1;0;0;0;0;0;0;0;0;0;(-38.5658553 -3.7627783);
WUT6668;2021-02-26 18:39:00;Avenida José Bastos;;;COUTO FERNANDES;WUT6668;Colisão;Não informado;Não informado;Não informado;Não informado;Não informado;Longo da via;0;1;0;2;0;0;0;0;0;0;0;0;0;(-38.55324461130662 -3.752960637692914);
XDW8891;2021-01-03 05:36:00;Rua Rosinha Sampaio;;;JARDIM GUANABARA;XDW8891;Colisão;Não informado;Não informado;Não informado;Não informado;Não informado;Longo da via;0;1;0;1;1;0;0;0;0;0;0;0;0;(-38.5873901 -3.7266834);
GUF7320;2021-01-03 03:42:00;Rua Raimundo Cunha;;;VILA VELHA;GUF7320;Queda;Não informado;Não informado;Não informado;Não informado;Não informado;Longo da via;0;1;0;1;0;0;0;0;0;0;0;0;0;(-38.6057585 -3.7202939);
PES6420;2021-01-04 22:34:00;Rua Canário;;;JARDIM IRACEMA;PES6420;Atropelamento;Não informado;Não informado;Não informado;Não informado;Não informado;Longo da via;0;1;0;0;1;0;0;0;0;0;0;0;0;(-38.579691 -3.711889);
ZMI0668;2021-02-26 18:09:00;Rua Tenente Moacir Matos;;;MONTESE;ZMI0668;Colisão;Não informado;Não informado;Não informado;Não informado;Não informado;Longo da via;0;1;0;1;1;0;0;0;0;0;0;0;0;(-38.5520513 -3.7675174);
LEV7055;2021-01-04 22:32:00;RUA FRANCISCO PITA;AV ROGACIANO LEITE;;JARDIM DAS OLIVEIRAS;LEV7055;Atropelamento;Não informado;Não informado;Não informado;Não informado;Não informado;Cruzamento;0;1;0;1;0;0;0;0;0;0;0;0;0;(-38.50178746940462 -3.781006111485047);
OWR5925;2021-01-04 21:07:00;Rodovia Br116;;;AEROLANDIA;OWR5925;Colisão;Não informado;Não informado;Não informado;Não informado;Não informado;Longo da via;0;1;0;1;1;0;0;0;0;0;0;0;0;(-38.51602092867265 -3.775100009950322);
NPX8425;2021-02-26 16:50:00;Avenida Washington Soares;AV EDILSON B SOARES;;EDSON QUEIROZ;NPX8425;Colisão;Não informado;Não informado;Não informado;Não informado;Não informado;Longo da via;0;1;0;0;0;0;0;0;0;0;1;0;0;(-38.480421 -3.7894834);
FLE5387;2021-01-04 21:06:00;Rua Coronel Fabriciano;;;GRANJA PORTUGAL;FLE5387;Atropelamento;Não informado;Não informado;Não informado;Não informado;Não informado;Longo da via;0;1;0;0;1;0;0;0;0;0;0;0;0;(-38.6099628 -3.7821214);
GOL1382;2021-02-26 14:23:00;Avenida Senador Fernandes Távora;;;AUTRAN NUNES;GOL1382;Colisão;Não informado;Não informado;Não informado;Não informado;Não informado;Longo da via;0;1;0;1;1;0;0;0;0;0;0;0;0;(-38.5868083 -3.7598014);
KYU6076;2021-02-26 13:58:00;Avenida Washington Soares;;;SAPIRANGA / COITE;KYU6076;Colisão;Não informado;Não informado;Não informado;Não informado;Não informado;Longo da via;0;1;0;1;1;0;0;0;0;0;0;0;0;(-38.47938194883765 -3.801633325078259);
JXI8794;2021-02-26 13:20:00;Avenida dos Expedicionários;;;PARREAO;JXI8794;Colisão;Não informado;Não informado;Não informado;Não informado;Não informado;Longo da via;0;1;0;2;0;0;0;0;0;0;0;0;0;(-38.53984431078496 -3.760481449831868);
HWJ6036;2021-02-26 12:41:00;Avenida Ministro José Américo;RUA FAUSTO AGUIAR;;CAMBEBA;HWJ6036;Colisão;Não informado;Não informado;Não informado;Não informado;Não informado;Longo da via;0;2;0;1;1;0;0;0;0;0;0;0;0;(-38.49330798484575 -3.810095766333365);
DIC3035;2021-01-04 20:27:00;Avenida Washington Soares;;;PAUPINA;DIC3035;Colisão;Não informado;Não informado;Não informado;Não informado;Não informado;Longo da via;1;0;1;0;1;0;0;0;0;1;0;0;0;(-38.48042802513189 -3.844592331238211);
EBY6101;2021-02-26 12:24:00;Rua Professor Costa Mendes;;;RODOLFO TEOFILO;EBY6101;Colisão;Não informado;Não informado;Não informado;Não informado;Não informado;Longo da via;0;1;0;1;1;0;0;0;0;0;0;0;0;(-38.54907646201615 -3.752778638589034);
KGZ0204;2021-01-04 20:11:00;Rua Duque de Caxias;;;CENTRO;KGZ0204;Colisão;Não informado;Não informado;Não informado;Não informado;Não informado;Longo da via;0;1;0;0;0;0;0;0;0;0;1;0;0;(-51.2270889 -30.0337611);
UKQ9316;2021-02-26 12:16:00;Rua Ana Bilhar;;;VARJOTA;UKQ9316;Queda;Não informado;Não informado;Não informado;Não informado;Não informado;Longo da via;0;1;0;1;0;0;0;0;0;0;0;0;0;(-38.48637175386236 -3.73152730652413);
HTL9859;2021-02-26 12:00:00;Avenida C;;;JANGURUSSU;HTL9859;Atropelamento;Não informado;Não informado;Não informado;Não informado;Não informado;Longo da via;0;1;0;0;0;0;0;0;0;0;1;0;0;(-38.5132961 -3.8505759);
UIQ1525;2021-01-04 19:15:00;Avenida Rui Barbosa;;;;UIQ1525;Colisão;Não informado;Não informado;Não informado;Não informado;Não informado;Longo da via;0;1;0;1;1;0;0;0;0;0;0;0;0;(-38.5121377 -3.7447435);
BIJ5178;2021-01-04 18:23:00;RUA PADRE CICERO;RUA JOAQUIM CORREIA;;PLANALTO AYRTON SENNA;BIJ5178;Colisão;Não informado;Não informado;Não informado;Não informado;Não informado;Cruzamento;0;2;0;2;0;0;0;0;0;0;0;0;0;(-38.570825 -3.8348119);
ORH1429;2021-01-04 17:35:00;AV BORGES DE MELO;;;AEROLANDIA;ORH1429;Colisão;Não informado;Não informado;Não informado;Não informado;Não informado;Longo da via;0;1;0;1;1;0;0;0;0;0;0;0;0;(-38.52811326856026 -3.759991889736341);
LSV7419;2021-01-04 16:27:00;RUA VALDETARIO MOTA;RUA AVILA GOULART;;PAPICU;LSV7419;Colisão;Não informado;Não informado;Não informado;Não informado;Não informado;Cruzamento;0;1;0;1;1;0;0;0;0;0;0;0;0;(-38.4791629 -3.734527);
GGG0021;2021-01-04 16:16:00;Avenida Presidente Costa e Silva;;;MONDUBIM;GGG0021;Colisão;Não informado;Não informado;Não informado;Não informado;Não informado;Longo da via;0;1;0;1;1;0;0;0;0;0;0;0;0;(-38.5503326 -3.823450799999999);
HUO0075;2021-01-04 15:31:00;Avenida Maestro Lisboa;;;LAGOA REDONDA;HUO0075;Colisão;Não informado;Não informado;Não informado;Não informado;Não informado;Longo da via;0;1;0;0;1;0;1;0;0;0;0;0;0;(-38.4580133 -3.8067448);
FFH4206;2021-01-04 15:31:00;Avenida da Abolição;;;MEIRELES;FFH4206;Colisão;Não informado;Não informado;Não informado;Não informado;Não informado;Cruzamento;0;1;0;2;0;0;0;0;0;0;0;0;0;(-38.48851215477962 -3.726115361126735);
IWZ7822;2021-01-04 13:32:00;Rua Diadema;;;CONJUNTO PALMEIRAS;IWZ7822;Queda;Não informado;Não informado;Não informado;Não informado;Não informado;Longo da via;0;1;0;1;0;0;0;0;0;0;0;0;0;(-38.5228327 -3.8449139);
UUF3989;2021-01-04 13:17:00;Avenida Augusto dos Anjos;;;VILA PERY;UUF3989;Atropelamento;Não informado;Não informado;Não informado;Não informado;Não informado;Longo da via;0;1;0;1;0;0;0;0;0;0;0;0;0;(-38.5834165 -3.7853672);
MRM0966;2021-01-04 12:17:00;TERMINAL DA PARANGABA;;;PARANGABA;MRM0966;Queda;Não informado;Não informado;Não informado;Não informado;Não informado;Longo da via;0;1;0;1;0;0;0;0;0;0;0;0;0;(-38.5653666 -3.7787787);
VZE0154;2021-02-26 11:17:00;Rua Padre Valdevino;;;ALDEOTA;VZE0154;Colisão;Não informado;Não informado;Não informado;Não informado;Não informado;Longo da via;0;1;0;2;0;0;0;0;0;0;0;0;0;(-38.50351646438075 -3.743287868109288);
ITM2339;2021-02-26 10:47:00;Avenida Washington Soares;;;SAO BENTO;ITM2339;Colisão;Não informado;Não informado;Não informado;Não informado;Não informado;Longo da via;0;1;0;1;1;0;0;0;0;0;0;0;0;(-38.47630814246729 -3.848756446152264);
XAZ1643;2021-01-19 10:10:00;Rua Engenheiro Serraine;;;ANTONIO BEZERRA;XAZ1643;Colisão;Não informado;Não informado;Não informado;Não informado;Não informado;Longo da via;0;1;0;1;1;0;0;0;0;0;0;0;0;(-38.5854794 -3.735945);
YLX7898;2021-02-26 10:42:00;BR-116;;;AEROLANDIA;YLX7898;Atropelamento;Não informado;Não informado;Não informado;Não informado;Não informado;Longo da via;0;2;0;1;0;0;0;0;0;0;0;0;0;(-38.51906254830023 -3.759678519243141);
OGZ5842;2021-02-26 10:32:00;Rodovia Br116;;;CAJAZEIRAS;OGZ5842;Colisão;Não informado;Não informado;Não informado;Não informado;Não informado;Longo da via;0;1;0;1;1;0;0;0;0;0;0;0;0;(-38.50565686342138 -3.798255818999956);
MQY1986;2021-02-26 07:38:00;Avenida Senador Fernandes Távora;;;AUTRAN NUNES;MQY1986;Queda;Não informado;Não informado;Não informado;Não informado;Não informado;Longo da via;0;1;0;1;0;0;0;0;0;0;0;0;0;(-38.5955029 -3.7556656);
YGY9440;2021-02-25 23:41:00;Rua Ávila Goulart;;;PAPICU;YGY9440;Atropelamento;Não informado;Não informado;Não informado;Não informado;Não informado;Longo da via;0;1;0;1;0;0;0;0;0;0;0;0;0;(-38.4791629 -3.734527);
LYA7944;2021-02-25 23:09:00;Rua Virgílio Brandão;;;AUTRAN NUNES;LYA7944;Atropelamento;Não informado;Não informado;Não informado;Não informado;Não informado;Longo da via;0;1;0;0;1;0;0;0;0;0;0;0;0;(-38.59569326853511 -3.750198529567383);
RYK3796;2021-01-19 10:25:00;Rua Emílio de Menezes;;;BONSUCESSO;RYK3796;Colisão;Não informado;Não informado;Não informado;Não informado;Não informado;Longo da via;0;2;0;2;0;0;0;0;0;0;0;0;0;(-38.58870879485285 -3.78138414878871);
NHI6115;2021-02-25 22:35:00;Rua Professor Heribaldo Costa;RUA MON HIPOLITO BRASIL;;PICI;NHI6115;Colisão;Não informado;Não informado;Não informado;Não informado;Não informado;Longo da via;0;1;0;2;0;0;0;0;0;0;0;0;0;(-38.582293 -3.7570633);
YOT7687;2021-02-25 21:40:00;Rua Júlio Braga;;;JOAO XXIII;YOT7687;Colisão;Não informado;Não informado;Não informado;Não informado;Não informado;Longo da via;0;1;0;0;0;0;0;0;0;0;1;0;0;(-38.58408466111588 -3.773462058280822);
NAS0840;2021-02-25 21:00:00;Avenida Bezerra de Menezes;;;PARQUELANDIA;NAS0840;Colisão;Não informado;Não informado;Não informado;Não informado;Não informado;Longo da via;0;2;0;2;0;0;0;0;0;0;0;0;0;(-38.55891482556025 -3.734428652250902);
ARM4279;2021-02-25 20:45:00;Rua Tenente Renato Aguiar;;;ITAPERI;ARM4279;Colisão;Não informado;Não informado;Não informado;Não informado;Não informado;Longo da via;0;1;0;1;1;0;0;0;0;0;0;0;0;(-38.5400323 -3.7915545);
KUV5984;2021-02-25 20:40:00;Rua Viriato Ribeiro;RUA URUGUAI;;BELA VISTA;KUV5984;Colisão;Não informado;Não informado;Não informado;Não informado;Não informado;Longo da via;0;1;0;0;0;0;0;0;0;0;1;0;0;(-38.56331900361414 -3.748212589842834);
ARY5141;2021-01-19 11:51:00;Avenida Bernardo Manuel;;;PREFEITO JOSE VALTER;ARY5141;Colisão;Não informado;Não informado;Não informado;Não informado;Não informado;Longo da via;0;1;0;1;1;0;0;0;0;0;0;0;0;(-38.5628151 -3.8363742);
FBD2565;2021-02-25 20:05:00;Rua Engenheiro Antônio Ferreira Antero;;;PARQUE MANIBURA;FBD2565;Colisão;Não informado;Não informado;Não informado;Não informado;Não informado;Longo da via;0;1;0;1;1;0;0;0;0;0;0;0;0;(-38.48352874578172 -3.788444383309482);
ULX5506;2021-01-19 11:40:00;Avenida Pompílio Gomes;;;BARROSO;ULX5506;Colisão;Não informado;Não informado;Não informado;Não informado;Não informado;Longo da via;0;1;0;0;1;0;0;0;0;1;0;0;0;(-38.52136925016426 -3.827395070780709);
EOH1639;2021-02-25 19:01:00;Avenida José Jatahy;;;BENFICA;EOH1639;Colisão;Não informado;Não informado;Não informado;Não informado;Não informado;Longo da via;0;1;0;1;1;0;0;0;0;0;0;0;0;(-38.54362622197728 -3.738620062813943);
HZE8844;2021-02-25 18:10:00;Avenida Pessoa Anta;;;CENTRO;HZE8844;Atropelamento;Não informado;Não informado;Não informado;Não informado;Não informado;Longo da via;0;1;0;0;1;0;0;0;0;0;0;0;0;(-38.5221996 -3.7212352);
CZM7784;2021-02-25 17:45:00;Rua Carlos Câmara;;;JARDIM AMERICA;CZM7784;Queda;Não informado;Não informado;Não informado;Não informado;Não informado;Longo da via;0;1;0;1;0;0;0;0;0;0;0;0;0;(-38.5447849430745 -3.748983413344309);
BBX8065;2021-02-25 16:42:00;Avenida Sargento Hermínio Sampaio;;;PADRE ANDRADE;966996;Colisão Transversal;Não informado;Não informado;Não informado;Cruz;Semáforo;Longo da via;1;0;1;1;0;0;1;0;0;0;0;0;0;(-38.5803936 -3.7319237);
UDF3740;2021-01-19 13:25:00;Avenida Bernardo Manuel;;;ITAPERI;UDF3740;Queda;Não informado;Não informado;Não informado;Não informado;Não informado;Longo da via;0;1;0;1;0;0;0;0;0;0;0;0;0;(-38.55686561388504 -3.816823909763761);
GLT6233;2021-01-19 13:37:00;Rua Nereide;;;GRANJA PORTUGAL;GLT6233;Queda;Não informado;Não informado;Não informado;Não informado;Não informado;Longo da via;0;1;0;1;0;0;0;0;0;0;0;0;0;(-38.59891728165979 -3.787507661040908);
EKV2515;2021-01-19 13:47:00;Rua Diogo Correia;;;JOAO XXIII;EKV2515;Colisão;Não informado;Não informado;Não informado;Não informado;Não informado;Longo da via;0;1;0;1;1;0;0;0;0;0;0;0;0;(-38.58991579219365 -3.771374468343491);
MJK8077;2021-01-19 14:30:00;Avenida Professor Gomes de Matos;;;MONTESE;MJK8077;Queda;Não informado;Não informado;Não informado;Não informado;Não informado;Longo da via;0;1;0;1;0;0;0;0;0;0;0;0;0;(-38.54600801982924 -3.761659080024158);
YWW5968;2021-01-19 14:42:00;CE-010;;;SABIAGUABA;YWW5968;Queda;Não informado;Não informado;Não informado;Não informado;Não informado;Longo da via;0;1;0;0;0;0;0;0;0;1;0;0;0;(-38.4284757 -3.806937);
OVL8637;2021-01-19 15:16:00;Rua Santa Quitéria;AV LUCIANO CARNEIRO;;VILA UNIAO;OVL8637;Queda;Não informado;Não informado;Não informado;Não informado;Não informado;Longo da via;0;1;0;1;0;0;0;0;0;0;0;0;0;(-38.53540090714935 -3.760536985836907);
WJL6373;2021-01-19 16:05:00;Rua Padre Valdevino;;;DIONISIO TORRES;WJL6373;Queda;Não informado;Não informado;Não informado;Não informado;Não informado;Longo da via;0;1;0;1;0;0;0;0;0;0;0;0;0;(-38.50740030772588 -3.742088801232583);
NYE7494;2021-01-04 12:09:00;AV BEZERRA DE MENEZES;;;MONTE CASTELO;NYE7494;Queda;Não informado;Não informado;Não informado;Não informado;Não informado;Cruzamento;0;1;0;1;0;0;0;0;0;0;0;0;0;(-38.55224684362778 -3.732961921476396);
RGT6289;2021-01-04 11:31:00;RUA JULIO AZEVEDO;;;PAPICU;RGT6289;Colisão;Não informado;Não informado;Não informado;Não informado;Não informado;Longo da via;0;1;0;0;0;0;0;0;0;0;1;0;0;(-38.48039580648646 -3.740113549093795);
OLM3742;2021-02-25 16:42:00;Rua Banvarth Bezerra;;;PADRE ANDRADE;OLM3742;Colisão;Não informado;Não informado;Não informado;Não informado;Não informado;Longo da via;0;1;0;1;0;0;1;0;0;0;0;0;0;(-38.5801769 -3.7339545);
EAN6225;2021-01-04 10:07:00;AV DEP PAULINO ROCHA;;;CASTELAO;EAN6225;Colisão;Não informado;Não informado;Não informado;Não informado;Não informado;Longo da via;0;1;0;1;1;0;0;0;0;0;0;0;0;(-38.5218273 -3.8097178);
YNY6986;2021-02-25 15:53:00;Avenida Eduardo Girão;;;BENFICA;YNY6986;Colisão;Não informado;Não informado;Não informado;Não informado;Não informado;Longo da via;0;1;0;1;1;0;0;0;0;0;0;0;0;(-38.5328185 -3.7522679);
EOE8724;2021-02-25 15:50:00;Avenida Bezerra de Menezes;;;PARQUELANDIA;EOE8724;Colisão;Não informado;Não informado;Não informado;Não informado;Não informado;Longo da via;0;1;0;1;1;0;0;0;0;0;0;0;0;(-38.556584 -3.7339243);
TUT9636;2021-01-06 01:59:00;Rua 95;;;PREFEITO JOSE VALTER;TUT9636;Queda;Não informado;Não informado;Não informado;Não informado;Não informado;Longo da via;0;1;0;0;0;0;0;0;0;1;0;0;0;(-38.55151230103334 -3.83381866003994);
EOE8724;2021-02-25 15:10:00;Avenida Recreio;;;LAGOA REDONDA;EOE8724;Queda;Não informado;Não informado;Não informado;Não informado;Não informado;Longo da via;0;1;0;1;0;0;0;0;0;0;0;0;0;(-38.4507 -3.818349);
JPH0377;2021-01-19 16:46:00;Avenida Treze de Maio;;;FATIMA;JPH0377;Queda;Não informado;Não informado;Não informado;Não informado;Não informado;Longo da via;0;1;0;1;0;0;0;0;0;0;0;0;0;(-38.52663710444708 -3.751708054857489);
ZUT2423;2021-01-19 18:12:00;Rua Antônio Nery;;;GRANJA PORTUGAL;ZUT2423;Colisão;Não informado;Não informado;Não informado;Não informado;Não informado;Longo da via;0;1;0;1;1;0;0;0;0;0;0;0;0;(-38.60041771653739 -3.778897128670977);
VHB3227;2021-01-05 22:27:00;Rua Otávio Filomeno;;;MARAPONGA;VHB3227;Queda;Não informado;Não informado;Não informado;Não informado;Não informado;Longo da via;0;1;0;1;0;0;0;0;0;0;0;0;0;(-38.566615 -3.7948193);
RJN7608;2021-02-25 13:20:00;Avenida Leste Oeste;;;CRISTO REDENTOR;RJN7608;Colisão;Não informado;Não informado;Não informado;Não informado;Não informado;Longo da via;0;1;0;0;2;0;0;0;0;0;0;0;0;(-38.56454859999999 -3.7095397);