COD_ACIDENTE;DATA;LOG1;LOG2;NUMERO;BAIRRO;AMC;NATUREZA;ILUMINACAO;TEMPO;SUPERFICIEPISTA;TIPOCRUZAMENTO;CONTROLETRAFEGO;USOSOLO;MORTOS;FERIDOS;ILESOS;MOTOCICLETA;AUTOMOVEL;MICROONIBUS;CAMINHAO;ONIBUS;CICLOMOTOR;BICICLETA;OUTROS;TREM;TRACAOANIMAL;COORDENADAS
XZV0330;2021-01-19 18:15:00;Rua Padre Anchieta;;;CARLITO PAMPLONA;XZV0330;Atropelamento;Não informado;Não informado;Não informado;Não informado;Não informado;Longo da via;0;1;0;0;1;0;0;0;0;0;0;0;0;(-38.54973092992977 -3.719959299681227);
MKI9307;2021-02-25 13:09:00;Rua Cândido Maia;;;ANTONIO BEZERRA;MKI9307;Colisão;Não informado;Não informado;Não informado;Não informado;Não informado;Longo da via;0;1;0;2;0;0;0;0;0;0;0;0;0;(-38.5901134 -3.736134);
BTI4959;2021-01-05 22:12:00;Avenida Mister Hull;;;ANTONIO BEZERRA;BTI4959;Colisão;Não informado;Não informado;Não informado;Não informado;Não informado;Longo da via;0;1;0;1;1;0;0;0;0;0;0;0;0;(-38.5918137 -3.7395231);
VRQ5305;2021-01-19 18:34:00;Rua Goiás;AV ENG HUMBERTO MONTE;;BELA VISTA;VRQ5305;Queda;Não informado;Não informado;Não informado;Não informado;Não informado;Longo da via;0;1;0;1;0;0;0;0;0;0;0;0;0;(-38.5594456 -3.750512);
RKI5840;2021-02-25 11:27:00;Avenida Professor Gomes de Matos;RUA IRM BAZET;;MONTESE;RKI5840;Colisão;Não informado;Não informado;Não informado;Não informado;Não informado;Longo da via;0;1;0;1;1;0;0;0;0;0;0;0;0;(-38.54979532311987 -3.766075179067909);
YJV1801;2021-01-05 18:41:00;Rua Antônio Costa Mendes;RUA RAIMUNDO NERY;;PARQUE SAO JOSE;YJV1801;Atropelamento;Não informado;Não informado;Não informado;Não informado;Não informado;Cruzamento;0;1;0;0;0;0;1;0;0;0;0;0;0;(-38.5867886 -3.7932465);
WNS2788;2021-02-25 09:05:00;Avenida Bernardo Manuel;;;SERRINHA;WNS2788;Queda;Não informado;Não informado;Não informado;Não informado;Não informado;Longo da via;0;1;0;1;0;0;0;0;0;0;0;0;0;(-38.55099692883154 -3.797072885852815);
LJE8463;2021-01-19 19:06:00;Rua Cônego de Castro;;;VILA PERY;LJE8463;Queda;Não informado;Não informado;Não informado;Não informado;Não informado;Longo da via;0;1;0;1;0;0;0;0;0;0;0;0;0;(-38.57247606026485 -3.783958812623396);
TZI3975;2021-02-25 02:54:00;Avenida Bezerra de Menezes;RUA JUSTINIANO DE SERPA;;FARIAS BRITO;TZI3975;Queda;Não informado;Não informado;Não informado;Não informado;Não informado;Longo da via;0;1;0;1;0;0;0;0;0;0;0;0;0;(-38.54287517483455 -3.731350656013529);
VBR0104;2021-01-05 18:20:00;Rua Pedro de Souza;;;PAUPINA;VBR0104;Colisão;Não informado;Não informado;Não informado;Não informado;Não informado;Longo da via;0;1;0;1;1;0;0;0;0;0;0;0;0;(-38.4986265 -3.8526424);
FEL7046;2021-01-19 19:18:00;Avenida Bezerra de Menezes;;;MONTE CASTELO;FEL7046;Colisão;Não informado;Não informado;Não informado;Não informado;Não informado;Longo da via;0;1;0;1;1;0;0;0;0;0;0;0;0;(-38.56275037717963 -3.735199487879946);
NCT0614;2021-02-25 01:08:00;Avenida Coronel Virgílio Nogueira;RUA BOM JESUS (GRANJA LISBOA);;BOM JARDIM;NCT0614;Colisão;Não informado;Não informado;Não informado;Não informado;Não informado;Longo da via;0;1;0;2;0;0;0;0;0;0;0;0;0;(-38.609635 -3.7916918);
XMU5585;2021-02-25 00:09:00;Avenida Coronel Carvalho;RUA ROSINHA SAMPAIO;;QUINTINO CUNHA;XMU5585;Colisão;Não informado;Não informado;Não informado;Não informado;Não informado;Longo da via;0;1;0;1;1;0;0;0;0;0;0;0;0;(-38.5854679 -3.7269238);
HJR5672;2021-01-19 19:36:00;Avenida Treze de Maio;;;FATIMA;HJR5672;Colisão;Não informado;Não informado;Não informado;Não informado;Não informado;Longo da via;0;1;0;1;1;0;0;0;0;0;0;0;0;(-38.52547303089535 -3.752687639022871);
EGY7510;2021-01-19 19:36:00;Rua Graça Aranha;;;BARRA DO CEARA;EGY7510;Queda;Não informado;Não informado;Não informado;Não informado;Não informado;Longo da via;0;1;0;1;0;0;0;0;0;0;0;0;0;(-38.57412129478547 -3.710978733371927);
HZT7762;2021-02-24 23:39:00;Rua Sabiaguaba;;;SABIAGUABA;HZT7762;Queda;Não informado;Não informado;Não informado;Não informado;Não informado;Longo da via;0;1;0;1;0;0;0;0;0;0;0;0;0;(-38.44565048685888 -3.792678355309048);
ADC8741;2021-01-19 19:47:00;Rua Barra Nova;;;JARDIM DAS OLIVEIRAS;ADC8741;Colisão;Não informado;Não informado;Não informado;Não informado;Não informado;Longo da via;0;1;0;2;0;0;0;0;0;0;0;0;0;(-38.50548521353876 -3.784092630700867);
TJQ1099;2021-01-19 19:59:00;Avenida Gutemberg Braun;;;JANGURUSSU;TJQ1099;Queda;Não informado;Não informado;Não informado;Não informado;Não informado;Longo da via;0;1;0;1;0;0;0;0;0;0;0;0;0;(-38.52664247355668 -3.836890270766175);
QMY1289;2021-02-24 23:26:00;Rua Soriano Albuquerque;AV RUI BARBOSA;;JOAQUIM TVORA;QMY1289;Colisão;Não informado;Não informado;Não informado;Não informado;Não informado;Longo da via;0;1;0;1;1;0;0;0;0;0;0;0;0;(-38.5137662 -3.74948);
AWH5971;2021-02-24 23:17:00;Rua Teodomiro de Castro;;;ALVARO WEYNE;AWH5971;Atropelamento;Não informado;Não informado;Não informado;Não informado;Não informado;Longo da via;0;1;0;1;0;0;0;0;0;0;0;0;0;(-38.56997088032903 -3.719895062291471);
ZEM2769;2021-01-19 19:59:00;Avenida Treze de Abril;RUA ENG EDMUNDO ALMEIDA FILHO;;VILA UNIAO;ZEM2769;Colisão;Não informado;Não informado;Não informado;Não informado;Não informado;Longo da via;0;1;0;1;1;0;0;0;0;0;0;0;0;(-38.530504 -3.7647288);
EQB4942;2021-02-24 23:15:00;Avenida Dioguinho;;;SABIAGUABA;EQB4942;Queda;Não informado;Não informado;Não informado;Não informado;Não informado;Longo da via;0;1;0;1;0;0;0;0;0;0;0;0;0;(-38.4473673 -3.753054);
TSB7097;2021-01-05 18:14:00;Avenida Castelo de Castro;;;JANGURUSSU;TSB7097;Colisão;Não informado;Não informado;Não informado;Não informado;Não informado;Longo da via;0;1;0;1;1;0;0;0;0;0;0;0;0;(-38.5217566 -3.8318948);
ZFA6506;2021-02-24 23:12:00;Rua Álvaro de Alencar;;;CARLITO PAMPLONA;ZFA6506;Queda;Não informado;Não informado;Não informado;Não informado;Não informado;Longo da via;0;1;0;0;0;0;0;0;0;1;0;0;0;(-38.55761662513729 -3.713765723159677);
LSW1883;2021-01-05 17:50:00;Rua Germano Franck;;;PARANGABA;LSW1883;Colisão;Não informado;Não informado;Não informado;Não informado;Não informado;Longo da via;0;1;0;1;1;0;0;0;0;0;0;0;0;(-38.5637075 -3.7788182);
EDB8064;2021-01-05 16:39:00;Rua Gastão Justa;;;MARAPONGA;EDB8064;Colisão;Não informado;Não informado;Não informado;Não informado;Não informado;Longo da via;0;1;0;1;1;0;0;0;0;0;0;0;0;(-38.5694725 -3.8060355);
MUQ5827;2021-02-24 20:46:00;Rua Raquel Holanda;;;VILA ELLERY;MUQ5827;Colisão;Não informado;Não informado;Não informado;Não informado;Não informado;Longo da via;0;1;0;1;1;0;0;0;0;0;0;0;0;(-38.55849102081915 -3.722609087926875);
VXW5063;2021-02-24 20:27:00;Rua Peru;;;PARANGABA;VXW5063;Colisão;Não informado;Não informado;Não informado;Não informado;Não informado;Longo da via;0;1;0;2;0;0;0;0;0;0;0;0;0;(-38.54995086966152 -3.769372518411958);
YHX8428;2021-01-05 14:12:00;Avenida WASHINGTON SOARES;;;EDSON QUEIROZ;YHX8428;Colisão;Não informado;Não informado;Não informado;Não informado;Não informado;Longo da via;0;1;0;1;1;0;0;0;0;0;0;0;0;(-38.4825694 -3.7712784);
GCB6843;2021-01-19 20:30:00;Avenida Imperador;;;CENTRO;GCB6843;Queda;Não informado;Não informado;Não informado;Não informado;Não informado;Longo da via;0;2;0;1;0;0;0;0;0;0;0;0;0;(-38.53589610357204 -3.732357028144173);
KVH7251;2021-01-19 21:00:00;Rua Alberto Magno;RUA DES PRAXEDES;;MONTESE;KVH7251;Colisão;Não informado;Não informado;Não informado;Não informado;Não informado;Longo da via;0;2;0;2;0;0;0;0;0;0;0;0;0;(-38.54685557442012 -3.761193381001958);
EJH7627;2021-01-19 21:01:00;Avenida Professor José Arthur de Carvalho;;;LAGOA REDONDA;EJH7627;Colisão;Não informado;Não informado;Não informado;Não informado;Não informado;Longo da via;0;1;0;0;2;0;0;0;0;0;0;0;0;(-38.47033754660762 -3.827020398947585);
DEC8806;2021-01-05 12:38:00;Rua Padre Pedro de Alencar;;;MESSEJANA;DEC8806;Atropelamento;Não informado;Não informado;Não informado;Não informado;Não informado;Longo da via;0;1;0;1;0;0;0;0;0;0;0;0;0;(-38.4939851 -3.829757);
SDR4143;2021-01-19 21:25:00;Avenida Dioguinho;;;PRAIA DO FUTURO II;SDR4143;Colisão;Não informado;Não informado;Não informado;Não informado;Não informado;Longo da via;0;1;0;1;1;0;0;0;0;0;0;0;0;(-38.43974426964544 -3.768676652383024);
FUO4242;2021-02-24 20:14:00;Rua Rio Grande do Sul;;;PAN AMERICANO;FUO4242;Colisão;Não informado;Não informado;Não informado;Não informado;Não informado;Longo da via;0;1;0;1;1;0;0;0;0;0;0;0;0;(-38.5671907 -3.75803);
SAQ1988;2021-01-19 21:49:00;Avenida Almirante Barroso;;;PARQUE IRACEMA;SAQ1988;Colisão;Não informado;Não informado;Não informado;Não informado;Não informado;Longo da via;0;1;0;0;0;0;0;0;0;0;0;0;0;(-38.51640179437708 -3.720360783261038);
GHX5548;2021-01-05 11:55:00;Avenida Senador Fernandes Távora;RUA JOSE MENDONCA;;GENIBAU;GHX5548;Atropelamento;Não informado;Não informado;Não informado;Não informado;Não informado;Cruzamento;0;1;0;1;0;0;0;0;0;0;0;0;0;(-38.60170189999999 -3.7545021);
OVB9426;2021-02-24 20:13:00;Avenida Godofredo Maciel;;;MARAPONGA;OVB9426;Colisão;Não informado;Não informado;Não informado;Não informado;Não informado;Longo da via;0;1;0;2;0;0;0;0;0;0;0;0;0;(-38.57248143031275 -3.804662899306688);
ZLX2299;2021-01-19 21:52:00;Rua Demétrio Menezes;;;ANTONIO BEZERRA;ZLX2299;Atropelamento;Não informado;Não informado;Não informado;Não informado;Não informado;Longo da via;0;1;0;0;0;0;0;1;0;0;0;0;0;(-38.58368769652746 -3.738887712872005);
QIC5804;2021-02-24 20:13:00;Avenida Governador Raul Barbosa;;;AEROLANDIA;QIC5804;Queda;Não informado;Não informado;Não informado;Não informado;Não informado;Longo da via;0;1;0;1;0;0;0;0;0;0;0;0;0;(-38.50461619588049 -3.756969961270601);
LLU0464;2021-02-24 20:10:00;Rua Gomes Brasil;;;PARANGABA;LLU0464;Atropelamento;Não informado;Não informado;Não informado;Não informado;Não informado;Longo da via;0;0;0;0;0;0;1;0;0;0;0;0;0;(-38.568247 -3.7729331);
DJK4125;2021-01-20 04:23:00;Avenida General Osório de Paiva;;;SIQUEIRA;DJK4125;Colisão;Não informado;Não informado;Não informado;Não informado;Não informado;Longo da via;0;1;0;0;0;0;0;0;0;0;0;0;0;(-38.5949496 -3.7975027);
VHE4995;2021-02-24 19:39:00;Rua Gonçalo Souto;;;VILA UNIAO;VHE4995;Colisão;Não informado;Não informado;Não informado;Não informado;Não informado;Longo da via;0;1;0;1;1;0;0;0;0;0;0;0;0;(-38.53040829008744 -3.767948668864617);
DUO1755;2021-02-24 19:26:00;Rua Carlos Câmara;;;DAMAS;DUO1755;Colisão;Não informado;Não informado;Não informado;Não informado;Não informado;Longo da via;0;1;0;1;1;0;0;0;0;0;0;0;0;(-38.54504241848487 -3.749272471982183);
MGH0235;2021-01-05 11:07:00;Avenida José Jatahy;;;FARIAS BRITO;MGH0235;Colisão;Não informado;Não informado;Não informado;Não informado;Não informado;Longo da via;0;2;0;1;1;0;0;0;0;0;0;0;0;(-38.5443505 -3.7349027);
EXY6143;2021-01-20 08:44:00;Rua Sete de Setembro;;;PARANGABA;EXY6143;Atropelamento;Não informado;Não informado;Não informado;Não informado;Não informado;Longo da via;0;1;0;0;1;0;0;0;0;0;0;0;0;(-38.56251970720435 -3.773392472030392);
QBQ5507;2021-01-20 10:27:00;Avenida Santos Dumont;;;CENTRO;QBQ5507;Colisão;Não informado;Não informado;Não informado;Não informado;Não informado;Longo da via;0;1;0;1;1;0;0;0;0;0;0;0;0;(-38.46854045859198 -3.745905468220179);
OQC3899;2021-01-05 10:36:00;Rua 15 de Novembro;;;MONTESE;OQC3899;Queda;Não informado;Não informado;Não informado;Não informado;Não informado;Longo da via;0;2;0;1;0;0;0;0;0;0;0;0;0;(-38.5583334 -3.7681594);
OBP5575;2021-01-20 10:39:00;Rua Diamantina;;;JOQUEI CLUBE;OBP5575;Colisão;Não informado;Não informado;Não informado;Não informado;Não informado;Longo da via;0;1;0;1;1;0;0;0;0;0;0;0;0;(-38.56795385774236 -3.764731616759284);
QMT4180;2021-01-20 13:02:00;Rua Clemente Silva;RUA PAURILO BARROSO;;MARAPONGA;QMT4180;Colisão;Não informado;Não informado;Não informado;Não informado;Não informado;Longo da via;0;1;0;1;1;0;0;0;0;0;0;0;0;(-38.5708014 -3.8045472);
UMD3325;2021-01-20 14:37:00;Avenida Presidente Costa e Silva;;;PREFEITO JOSE VALTER;UMD3325;Colisão;Não informado;Não informado;Não informado;Não informado;Não informado;Longo da via;0;1;0;1;1;0;0;0;0;0;0;0;0;(-38.5503326 -3.823450799999999);
MVX5075;2021-01-20 16:45:00;Rua Doutor Márlio Fernandes;;;GUARARAPES;MVX5075;Colisão;Não informado;Não informado;Não informado;Não informado;Não informado;Longo da via;0;2;0;0;2;0;0;0;0;0;0;0;0;(-38.48451034021522 -3.762194365949158);
ARS0621;2021-01-20 17:01:00;Avenida José Leon;;;PARQUE MANIBURA;ARS0621;Queda;Não informado;Não informado;Não informado;Não informado;Não informado;Longo da via;0;2;0;1;0;0;0;0;0;0;0;0;0;(-38.48849610023097 -3.791088610983786);
TEC6482;2021-01-20 17:10:00;Avenida Mozart Pinheiro de Lucena;AV MAJ ASSIS;;VILA VELHA;TEC6482;Colisão;Não informado;Não informado;Não informado;Não informado;Não informado;Longo da via;0;1;0;1;1;0;0;0;0;0;0;0;0;(-38.5966076 -3.7217349);
HEF4872;2021-01-05 09:45:00;Rua João Tinoco;;;JARDIM GUANABARA;HEF4872;Queda;Não informado;Não informado;Não informado;Não informado;Não informado;Longo da via;0;1;0;1;0;0;0;0;0;0;0;0;0;(-38.59171286707291 -3.729482440863768);
TBS7713;2021-01-20 17:35:00;Avenida Jovita Feitosa;;;PARQUE ARAXA;TBS7713;Queda;Não informado;Não informado;Não informado;Não informado;Não informado;Longo da via;0;1;0;1;0;0;0;0;0;0;0;0;0;(-38.54925349907091 -3.738347059670551);
XVD3828;2021-01-20 17:46:00;Rua Barão do Rio Branco;;;CENTRO;XVD3828;Atropelamento;Não informado;Não informado;Não informado;Não informado;Não informado;Longo da via;0;1;0;0;0;0;0;0;0;0;0;0;0;(-38.52844491543432 -3.727057502383854);
ZWJ2390;2021-01-20 17:52:00;Avenida Governador Parsifal Barroso;;;PRESIDENTE KENNEDY;ZWJ2390;Queda;Não informado;Não informado;Não informado;Não informado;Não informado;Longo da via;0;1;0;0;0;0;0;0;0;1;0;0;0;(-38.5691076 -3.7320742);
EFX8557;2021-01-20 18:31:00;Rua Madre Ana Couto;;;MESSEJANA;EFX8557;Colisão;Não informado;Não informado;Não informado;Não informado;Não informado;Longo da via;0;1;0;1;1;0;0;0;0;0;0;0;0;(-38.50101128514867 -3.816545578701358);
PZK4232;2021-01-20 19:00:00;Rua Vilebaldo Aguiar;;;COCO;PZK4232;Atropelamento;Não informado;Não informado;Não informado;Não informado;Não informado;Longo da via;0;1;0;0;0;0;0;0;0;0;1;0;0;(-38.48322288199925 -3.742062036328214);
XIY1636;2021-01-20 19:58:00;Rua Maria Júlia;;;BOM JARDIM;XIY1636;Colisão;Não informado;Não informado;Não informado;Não informado;Não informado;Longo da via;0;2;0;1;1;0;0;0;0;0;0;0;0;(-38.600632240713 -3.794805369763194);
ALP5918;2021-01-20 20:17:00;Avenida Senador Fernandes Távora;;;HENRIQUE JORGE;ALP5918;Colisão;Não informado;Não informado;Não informado;Não informado;Não informado;Longo da via;0;1;0;1;1;0;0;0;0;0;0;0;0;(-38.58461037595943 -3.760909679176793);
ETP1074;2021-01-20 20:21:00;Rua Chile;;;BELA VISTA;ETP1074;Atropelamento;Não informado;Não informado;Não informado;Não informado;Não informado;Longo da via;0;1;0;1;0;0;0;0;0;0;0;0;0;(-38.56513052547598 -3.746084123157115);
LRK1588;2021-01-05 09:16:00;Rua General Tertuliano Potiguara;;;COCO;LRK1588;Queda;Não informado;Não informado;Não informado;Não informado;Não informado;Longo da via;0;1;0;1;0;0;0;0;0;0;0;0;0;(-38.4969063 -3.7443195);
QLI4609;2021-02-24 15:42:00;Avenida José Bastos;;;PAN AMERICANO;QLI4609;Colisão;Não informado;Não informado;Não informado;Não informado;Não informado;Longo da via;0;2;0;1;1;0;0;0;0;0;0;0;0;(-38.55335190623541 -3.753067695971607);
RTS4244;2021-01-20 20:24:00;Avenida Washington Soares;;;EDSON QUEIROZ;RTS4244;Colisão;Não informado;Não informado;Não informado;Não informado;Não informado;Longo da via;0;1;0;1;1;0;0;0;0;0;0;0;0;(-38.48867849114772 -3.757756835698569);
IQC1298;2021-02-24 14:36:00;Rodovia Br116;;;AEROLANDIA;IQC1298;Colisão;Não informado;Não informado;Não informado;Não informado;Não informado;Longo da via;0;1;0;1;1;0;0;0;0;0;0;0;0;(-38.51932544864987 -3.758522297896416);
FAD8071;2021-01-05 09:16:00;Avenida Washington Soares;;;EDSON QUEIROZ;FAD8071;Queda;Não informado;Não informado;Não informado;Não informado;Não informado;Longo da via;0;1;0;1;0;0;0;0;0;0;0;0;0;(-38.48071771707647 -3.787170440776012);
QDW0737;2021-01-20 21:06:00;Avenida Bernardo Manuel;;;PARQUE DOIS IRMAOS;QDW0737;Colisão;Não informado;Não informado;Não informado;Não informado;Não informado;Longo da via;0;2;0;2;0;0;0;0;0;0;0;0;0;(-38.55568542362137 -3.81261146654031);
PFO0854;2021-02-24 13:59:00;Avenida Imperador;;;CENTRO;PFO0854;Atropelamento;Não informado;Não informado;Não informado;Não informado;Não informado;Longo da via;0;3;0;1;0;0;0;0;0;0;0;0;0;(-38.53403999992071 -3.726131420361156);
PFO0854;2021-02-24 13:55:00;Via Expressa;;;PAPICU;PFO0854;Queda;Não informado;Não informado;Não informado;Não informado;Não informado;Longo da via;0;1;0;1;0;0;0;0;0;0;0;0;0;(-38.49098518198655 -3.745718114689095);
RSW0935;2021-01-20 21:10:00;Avenida Jardim Fluminense;;;CANINDEZINHO;RSW0935;Colisão;Não informado;Não informado;Não informado;Não informado;Não informado;Longo da via;0;1;0;2;0;0;0;0;0;0;0;0;0;(-38.6000432 -3.811593599999999);
YZQ8660;2021-02-24 13:39:00;Avenida C;;;CONJUNTO CEARA I;YZQ8660;Queda;Não informado;Não informado;Não informado;Não informado;Não informado;Longo da via;0;1;0;1;0;0;0;0;0;0;0;0;0;(-38.6124684 -3.767416599999999);
YUA8952;2021-01-20 21:53:00;Rua Tenente Benévolo;;;CENTRO;YUA8952;Colisão;Não informado;Não informado;Não informado;Não informado;Não informado;Longo da via;0;1;0;1;1;0;0;0;0;0;0;0;0;(-38.51489976999599 -3.726045771107488);
PFD3265;2021-01-20 22:13:00;Rua Senador Pompeu;;;CENTRO;PFD3265;Colisão;Não informado;Não informado;Não informado;Não informado;Não informado;Longo da via;0;1;0;0;2;0;0;0;0;0;0;0;0;(-38.53361621113094 -3.740183137998194);
CVQ9420;2021-01-20 22:15:00;Avenida Oliveira Paiva;;;PARQUE MANIBURA;CVQ9420;Colisão;Não informado;Não informado;Não informado;Não informado;Não informado;Longo da via;0;1;0;1;1;0;0;0;0;0;0;0;0;(-38.48712817246049 -3.79623252059607);
RPM2995;2021-01-20 23:26:00;Rua Visconde Sabóia;;;CENTRO;RPM2995;Atropelamento;Não informado;Não informado;Não informado;Não informado;Não informado;Longo da via;0;1;0;0;0;0;0;0;0;0;0;0;0;(-38.52523700002071 -3.726795201794308);
FHQ1243;2021-01-21 00:42:00;Avenida Augusto dos Anjos;;;BONSUCESSO;FHQ1243;Colisão;Não informado;Não informado;Não informado;Não informado;Não informado;Longo da via;0;1;0;0;2;0;0;0;0;0;0;0;0;(-38.5779167 -3.7787229);
YEL5883;2021-01-21 00:43:00;Avenida Presidente Costa e Silva;;;PREFEITO JOSE VALTER;YEL5883;Colisão;Não informado;Não informado;Não informado;Não informado;Não informado;Longo da via;0;2;0;0;0;0;0;0;0;0;0;0;0;(-38.5503326 -3.823450799999999);
CNI3829;2021-01-21 02:05:00;Avenida Professor José Arthur de Carvalho;;;LAGOA REDONDA;CNI3829;Queda;Não informado;Não informado;Não informado;Não informado;Não informado;Longo da via;0;1;0;1;0;0;0;0;0;0;0;0;0;(-38.4613241 -3.8250273);
OLF9428;2021-01-21 02:24:00;Rua Londrina;;;GRANJA PORTUGAL;OLF9428;Queda;Não informado;Não informado;Não informado;Não informado;Não informado;Longo da via;0;1;0;1;0;0;0;0;0;0;0;0;0;(-38.60062852819637 -3.781807015099405);
FOT8864;2021-01-21 06:45:00;BR-116;;;CAJAZEIRAS;FOT8864;Queda;Não informado;Não informado;Não informado;Não informado;Não informado;Longo da via;0;2;0;1;0;0;0;0;0;0;0;0;0;(-38.5055259 -3.799608);
BFM3474;2021-01-21 09:22:00;Rua Miguel Pereira;;;PREFEITO JOSE VALTER;BFM3474;Colisão;Não informado;Não informado;Não informado;Não informado;Não informado;Longo da via;0;1;0;0;1;0;0;0;0;1;0;0;0;(-38.5618784 -3.8350956);
WTP2298;2021-02-24 13:20:00;Rua Teodomiro de Castro;;;ALVARO WEYNE;WTP2298;Atropelamento;Não informado;Não informado;Não informado;Não informado;Não informado;Longo da via;0;1;0;0;1;0;0;0;0;0;0;0;0;(-38.571958 -3.718909499999999);
QJH1369;2021-02-24 11:29:00;BR-116;;;PEDRAS;QJH1369;Queda;Não informado;Não informado;Não informado;Não informado;Não informado;Longo da via;0;1;0;1;0;0;0;0;0;0;0;0;0;(-38.51500702504645 -3.776834308350356);
PQT2764;2021-01-21 09:53:00;Avenida Tristão Gonçalves;;;CENTRO;PQT2764;Queda;Não informado;Não informado;Não informado;Não informado;Não informado;Longo da via;0;1;0;1;0;0;0;0;0;0;0;0;0;(-38.5345067195369 -3.731532659569358);
LRR2257;2021-01-21 10:24:00;Rua 1064;;;CONJUNTO CEARA I;LRR2257;Colisão;Não informado;Não informado;Não informado;Não informado;Não informado;Longo da via;0;1;0;1;1;0;0;0;0;0;0;0;0;(-38.61356214241197 -3.766540875479764);
FPD1270;2021-01-07 02:57:00;Rua PEREIRA COUTINHO;;;PEDRAS;FPD1270;Queda;Não informado;Não informado;Não informado;Não informado;Não informado;Longo da via;0;1;0;1;0;0;0;0;0;0;0;0;0;(-38.513497 -3.8928119);
ZXF6583;2021-01-07 01:46:00;Rua Coronel Joaquim Franklin;;;ANTONIO BEZERRA;ZXF6583;Colisão;Não informado;Não informado;Não informado;Não informado;Não informado;Longo da via;0;1;0;0;0;0;0;0;0;0;1;0;0;(-38.5947011 -3.743289);
TRG5530;2021-01-21 10:45:00;Avenida Antônio Sales;;;DIONISIO TORRES;TRG5530;Colisão;Não informado;Não informado;Não informado;Não informado;Não informado;Longo da via;0;1;0;1;1;0;0;0;0;0;0;0;0;(-38.49781409599077 -3.746895764789572);
LOL7488;2021-01-07 00:29:00;Avenida Francisco Sá;;;JACARECANGA;LOL7488;Colisão;Não informado;Não informado;Não informado;Não informado;Não informado;Longo da via;0;1;0;1;1;0;0;0;0;0;0;0;0;(-38.5413384 -3.7228264);
ZPP7267;2021-01-06 23:03:00;RUA FRANCISCA MARIA DA CONCEIÇÃO;;;PLANALTO AYRTON SENNA;ZPP7267;Colisão;Não informado;Não informado;Não informado;Não informado;Não informado;Longo da via;0;1;0;0;0;0;0;0;0;0;1;0;0;(-38.5668746 -3.8414692);
JMA0810;2021-01-21 11:21:00;Rua Desembargador Floriano B Magalhaes;;;EDSON QUEIROZ;JMA0810;Colisão;Não informado;Não informado;Não informado;Não informado;Não informado;Longo da via;0;1;0;0;1;0;0;0;0;1;0;0;0;(-38.47863625109991 -3.772541378208705);
GGU5935;2021-02-24 11:10:00;Rua Gustavo Sampaio;;;AMADEU FURTADO;GGU5935;Colisão;Não informado;Não informado;Não informado;Não informado;Não informado;Longo da via;0;1;0;1;1;0;0;0;0;0;0;0;0;(-38.54577199294245 -3.73307433523558);
NYP5171;2021-02-23 05:10:00;Rua Senador Pompeu;;;CENTRO;NYP5171;Queda;Não informado;Não informado;Não informado;Não informado;Não informado;Longo da via;0;1;0;1;0;0;0;0;0;0;0;0;0;(-38.5305263159635 -3.730012393415779);
SPN5214;2021-02-24 02:26:00;Avenida Domingos Olímpio;RUA JAIME BENEVOLO;;CENTRO;SPN5214;Colisão;Não informado;Não informado;Não informado;Não informado;Não informado;Longo da via;0;1;0;0;2;0;0;0;0;0;0;0;0;(-38.5272608 -3.7378222);
LDV4787;2021-02-24 01:31:00;Rua Raimundo Neri;;;BONSUCESSO;LDV4787;Queda;Não informado;Não informado;Não informado;Não informado;Não informado;Longo da via;0;1;0;1;0;0;0;0;0;0;0;0;0;(-38.5864203 -3.794134);
QVU4667;2021-02-23 23:45:00;Rua Lucimar de Oliveira;;;CURIO;QVU4667;Colisão;Não informado;Não informado;Não informado;Não informado;Não informado;Longo da via;0;1;0;0;0;0;0;0;0;0;1;0;0;(-38.4645010633099 -3.831655613235365);
ZHM1635;2021-02-23 23:36:00;Avenida Presidente Juscelino Kubitschek;;;PASSARE;ZHM1635;Colisão;Não informado;Não informado;Não informado;Não informado;Não informado;Longo da via;0;1;0;1;1;0;0;0;0;0;0;0;0;(-38.5321687 -3.8168436);