COD_ACIDENTE;DATA;LOG1;LOG2;NUMERO;BAIRRO;AMC;NATUREZA;ILUMINACAO;TEMPO;SUPERFICIEPISTA;TIPOCRUZAMENTO;CONTROLETRAFEGO;USOSOLO;MORTOS;FERIDOS;ILESOS;MOTOCICLETA;AUTOMOVEL;MICROONIBUS;CAMINHAO;ONIBUS;CICLOMOTOR;BICICLETA;OUTROS;TREM;TRACAOANIMAL;COORDENADAS
UDS8976;2021-02-23 23:22:00;Avenida Monte Pascoal;;;CANINDEZINHO;UDS8976;Colisão;Não informado;Não informado;Não informado;Não informado;Não informado;Longo da via;0;1;0;1;1;0;0;0;0;0;0;0;0;(-38.59624575573817 -3.806488132348336);
ZPP7267;2021-01-06 22:22:00;Avenida General Osório de Paiva;;;CANINDEZINHO;ZPP7267;Atropelamento;Não informado;Não informado;Não informado;Não informado;Não informado;Longo da via;0;2;0;1;0;0;0;0;0;0;0;0;0;(-38.6040684 -3.8064384);
KXV1567;2021-01-21 12:11:00;Travessa Treze;;;CANINDEZINHO;KXV1567;Colisão;Não informado;Não informado;Não informado;Não informado;Não informado;Longo da via;0;1;0;1;1;0;0;0;0;0;0;0;0;(-38.60791877581752 -3.824162182713438);
QQS7454;2021-02-23 20:48:00;Avenida Ministro José Américo;;;CAMBEBA;QQS7454;Atropelamento;Não informado;Não informado;Não informado;Não informado;Não informado;Longo da via;0;2;0;1;0;0;0;0;0;0;0;0;0;(-38.49774974502477 -3.812092269440697);
BKC9579;2021-01-21 13:50:00;Rua Raimundo Neri;;;;BKC9579;Colisão;Não informado;Não informado;Não informado;Não informado;Não informado;Longo da via;0;1;0;2;0;0;0;0;0;0;0;0;0;(-38.5864203 -3.794134);
UZQ7877;2021-02-23 20:43:00;Avenida Mister Hull;;;ANTONIO BEZERRA;UZQ7877;Colisão;Não informado;Não informado;Não informado;Não informado;Não informado;Longo da via;0;1;0;2;0;0;0;0;0;0;0;0;0;(-38.5918137 -3.7395231);
IER4377;2021-02-23 20:20:00;Avenida F;;;CONJUNTO CEARA I;IER4377;Colisão;Não informado;Não informado;Não informado;Não informado;Não informado;Longo da via;0;1;0;1;1;0;0;0;0;0;0;0;0;(-38.6057574 -3.7643084);
NJH9384;2021-02-23 19:57:00;Avenida Alberto Craveiro;;;BOA VISTA;NJH9384;Colisão;Não informado;Não informado;Não informado;Não informado;Não informado;Longo da via;0;1;0;2;0;0;0;0;0;0;0;0;0;(-38.51933611321142 -3.800600269947885);
SXW3632;2021-02-23 19:01:00;Avenida Duque de Caxias;;;CENTRO;SXW3632;Atropelamento;Não informado;Não informado;Não informado;Não informado;Não informado;Longo da via;0;1;0;1;0;0;0;0;0;0;0;0;0;(-38.53239310646134 -3.730981295740183);
DTJ0600;2021-02-23 18:46:00;Avenida Um;;;ITAPERI;DTJ0600;Queda;Não informado;Não informado;Não informado;Não informado;Não informado;Longo da via;0;1;0;1;0;0;0;0;0;0;0;0;0;(-38.55119555116908 -3.802612852892928);
BVK1102;2021-02-23 17:39:00;Rua Coronel João Correia;;;BOM JARDIM;BVK1102;Colisão;Não informado;Não informado;Não informado;Não informado;Não informado;Longo da via;0;1;0;2;0;0;0;0;0;0;0;0;0;(-38.6025772 -3.7924743);
DJV0265;2021-01-21 14:00:00;Rua Tenente Benévolo;;;CENTRO;DJV0265;Queda;Não informado;Não informado;Não informado;Não informado;Não informado;Longo da via;0;1;0;1;0;0;0;0;0;0;0;0;0;(-38.51965263967881 -3.724616497956616);
CCN4928;2021-02-23 17:10:00;Avenida Presidente Costa e Silva;;;PREFEITO JOSE VALTER;CCN4928;Queda;Não informado;Não informado;Não informado;Não informado;Não informado;Longo da via;0;1;0;1;0;0;0;0;0;0;0;0;0;(-38.5443558 -3.8244455);
QGK4373;2021-01-06 22:04:00;Rua Waldery Uchôa;;;BENFICA;QGK4373;Colisão;Não informado;Não informado;Não informado;Não informado;Não informado;Longo da via;0;1;0;1;1;0;0;0;0;0;0;0;0;(-38.5388899 -3.7442773);
IIS4051;2021-02-23 15:29:00;Avenida General Osório de Paiva;;;PARANGABA;IIS4051;Queda;Não informado;Não informado;Não informado;Não informado;Não informado;Longo da via;0;1;0;1;0;0;0;0;0;0;0;0;0;(-38.60684053389257 -3.809630093360391);
KBQ0148;2021-01-21 15:50:00;Avenida D Cj Prefeito Jose Walter;;;PREFEITO JOSE VALTER;KBQ0148;Colisão;Não informado;Não informado;Não informado;Não informado;Não informado;Longo da via;0;1;0;1;1;0;0;0;0;0;0;0;0;(-38.55404392695186 -3.83214268394882);
NRP6109;2021-01-21 16:21:00;Rua Senador Robert Kennedy;;;BARRA DO CEARA;NRP6109;Queda;Não informado;Não informado;Não informado;Não informado;Não informado;Longo da via;0;1;0;1;0;0;0;0;0;0;0;0;0;(-38.57852175398911 -3.702952287509998);
ZDW1282;2021-01-06 20:33:00;AV BERNARDO MANUEL;;;SERRINHA;ZDW1282;Colisão;Não informado;Não informado;Não informado;Não informado;Não informado;Longo da via;0;1;0;1;1;0;0;0;0;0;0;0;0;(-38.5471121 -3.7840973);
ZDW1282;2021-01-06 20:19:00;Rua Barão de Aracati;RUA JOAO BRIGIDO;;DIONISIO TORRES;ZDW1282;Colisão;Não informado;Não informado;Não informado;Não informado;Não informado;Cruzamento;0;2;0;2;0;0;0;0;0;0;0;0;0;(-38.5147139 -3.7409478);
OJM0626;2021-01-06 19:02:00;Avenida General Osório de Paiva;;;CANINDEZINHO;OJM0626;Colisão;Não informado;Não informado;Não informado;Não informado;Não informado;Longo da via;0;1;0;1;1;0;0;0;0;0;0;0;0;(-38.6050206 -3.8075369);
MKO8357;2021-01-06 17:52:00;Avenida Presidente Castelo Branco;;;CENTRO;MKO8357;Colisão;Não informado;Não informado;Não informado;Não informado;Não informado;Longo da via;0;1;0;0;0;0;0;0;0;0;1;0;0;(-38.4924684 -4.1069111);
WSG8272;2021-01-06 16:09:00;Avenida Contôrno Oeste;;;MONDUBIM;WSG8272;Colisão;Não informado;Não informado;Não informado;Não informado;Não informado;Longo da via;0;1;0;0;0;0;0;0;0;0;1;0;0;(-38.5886947 -3.8089824);
XCO2065;2021-01-06 15:16:00;Rua Teodomiro de Castro;;;ALVARO WEYNE;XCO2065;Não informado;Não informado;Não informado;Não informado;Não informado;Não informado;Longo da via;0;1;0;1;1;0;0;0;0;0;0;0;0;(-38.57066349999999 -3.7194815);
GCF7069;2021-01-06 13:47:00;Rua Lucas Pinto;AV PRS CASTELO BRANCO;;PIRAMBU;GCF7069;Colisão;Não informado;Não informado;Não informado;Não informado;Não informado;Longo da via;0;1;0;1;1;0;0;0;0;0;0;0;0;(-38.5578864 -3.7115885);
XLI4746;2021-01-06 13:35:00;AV PRE CASTELO BRANCO;;;JACARECANGA;XLI4746;Atropelamento;Não informado;Não informado;Não informado;Não informado;Não informado;Longo da via;0;1;0;0;1;0;0;0;0;0;0;0;0;(-38.5454338 -3.7149803);
TVO7286;2021-01-06 12:22:00;Avenida Engenheiro Santana Júnior;;;COCO;TVO7286;Colisão;Não informado;Não informado;Não informado;Não informado;Não informado;Longo da via;0;1;0;1;1;0;0;0;0;0;0;0;0;(-38.48556174879023 -3.741815799169652);
QCC1001;2021-01-06 12:00:00;Rua Germiniano Jurema;;;PRAIA DO FUTURO II;QCC1001;Colisão;Não informado;Não informado;Não informado;Não informado;Não informado;Longo da via;0;1;0;1;1;0;0;0;0;0;0;0;0;(-38.4382252 -3.7681172);
QCC1001;2021-01-06 11:40:00;Avenida Bulevar I;RUA 212 CJ SAO CRISTOVAO;;JANGURUSSU;QCC1001;Colisão;Não informado;Não informado;Não informado;Não informado;Não informado;Cruzamento;0;1;0;0;2;0;0;0;0;0;0;0;0;(-38.5201406 -3.833559);
MBZ2431;2021-01-06 10:32:00;Avenida Oliveira Paiva;;;CIDADE DOS FUNCIONRAIOS;MBZ2431;Colisão;Não informado;Não informado;Não informado;Não informado;Não informado;Longo da via;0;1;0;1;0;0;1;0;0;0;0;0;0;(-38.49671 -3.7957203);
MTR7761;2021-01-06 10:09:00;Avenida Maestro Lisboa;;;LAGOA REDONDA;MTR7761;Colisão;Não informado;Não informado;Não informado;Não informado;Não informado;Longo da via;0;1;0;0;1;0;0;0;0;1;0;0;0;(-38.4644123 -3.8077874);
FAE1011;2021-01-06 09:30:00;Rodovia 4 Anel Viario De Fortaleza;;;ANCURI;FAE1011;Queda;Não informado;Não informado;Não informado;Não informado;Não informado;Longo da via;0;1;0;1;0;0;0;0;0;0;0;0;0;(-38.50113303620861 -3.871045220339399);
BJF2312;2021-01-06 04:17:00;Avenida Mister Hull;;;ANTONIO BEZERRA;BJF2312;Atropelamento;Não informado;Não informado;Não informado;Não informado;Não informado;Longo da via;0;1;0;0;1;0;0;0;0;0;0;0;0;(-38.5951942 -3.7398576);
DNT4598;2021-01-08 00:13:00;Avenida Engenheiro Leal Lima Verde;;;SAPIRANGA / COITE;DNT4598;Colisão;Não informado;Não informado;Não informado;Não informado;Não informado;Longo da via;0;1;0;1;1;0;0;0;0;0;0;0;0;(-38.4751228 -3.8041708);
UVN9855;2021-01-07 23:20:00;Avenida Professor Gomes de Matos;;;JARDIM AMERICA;UVN9855;Queda;Não informado;Não informado;Não informado;Não informado;Não informado;Longo da via;0;1;0;1;0;0;0;0;0;0;0;0;0;(-38.54024127889206 -3.754812744063799);
HLO9645;2021-01-07 21:11:00;BR-116;;;MESSEJANA;HLO9645;Colisão;Não informado;Não informado;Não informado;Não informado;Não informado;Longo da via;0;1;0;1;1;0;0;0;0;0;0;0;0;(-38.5149497 -3.7775208);
CWU1212;2021-01-07 20:20:00;Avenida Gurgel do Amaral;;;MESSEJANA;CWU1212;Colisão;Não informado;Não informado;Não informado;Não informado;Não informado;Longo da via;0;1;0;1;1;0;0;0;0;0;0;0;0;(-38.482844 -3.8372898);
BOG5820;2021-02-23 15:26:00;Avenida Independência;;;QUINTINO CUNHA;BOG5820;Colisão;Não informado;Não informado;Não informado;Não informado;Não informado;Longo da via;0;0;0;2;0;0;0;0;0;0;0;0;0;(-38.5990538 -3.7245491);
RFI4647;2021-01-21 18:34:00;Avenida Leste Oeste;;;MOURA BRASIL;RFI4647;Colisão;Não informado;Não informado;Não informado;Não informado;Não informado;Longo da via;0;1;0;0;1;0;0;0;0;1;0;0;0;(-38.55404590000001 -3.712094);
WPK3722;2021-02-23 14:57:00;Rua Doutor Fernando Augusto;RUA ZACARIAS FLORINDO;;BOM JARDIM;WPK3722;Queda;Não informado;Não informado;Não informado;Não informado;Não informado;Longo da via;0;1;0;1;0;0;0;0;0;0;0;0;0;(-38.6076322 -3.7915794);
PXE6334;2021-02-23 14:51:00;Rua Gomes Brasil;AV GAL OSORIO DE PAIVA;;PARANGABA;PXE6334;Queda;Não informado;Não informado;Não informado;Não informado;Não informado;Longo da via;0;1;0;1;0;0;0;0;0;0;0;0;0;(-38.5664728 -3.775654);
ABY6993;2021-01-21 18:41:00;Rua Miguel Gurgel;;;MESSEJANA;ABY6993;Colisão;Não informado;Não informado;Não informado;Não informado;Não informado;Longo da via;0;1;0;0;0;0;0;0;0;0;0;0;0;(-38.48237529480201 -3.840198043959423);
LGV9434;2021-02-23 10:45:00;Avenida L;;;PREFEITO JOSE VALTER;LGV9434;Colisão;Não informado;Não informado;Não informado;Não informado;Não informado;Longo da via;0;1;0;0;0;0;0;0;0;0;1;0;0;(-38.55863586151344 -3.83463690984829);
WIM6464;2021-01-21 18:57:00;Avenida Conselheiro Gomes de Freitas;;;SAPIRANGA / COITE;WIM6464;Queda;Não informado;Não informado;Não informado;Não informado;Não informado;Longo da via;0;1;0;1;0;0;0;0;0;0;0;0;0;(-38.47023025848161 -3.794926473605704);
MMI3036;2021-01-21 19:35:00;Avenida Dioguinho;;;PRAIA DO FUTURO I;MMI3036;Colisão;Não informado;Não informado;Não informado;Não informado;Não informado;Longo da via;0;1;0;1;1;0;0;0;0;0;0;0;0;(-38.4496842 -3.7482639);
TUR6768;2021-02-23 10:34:00;Avenida General Osório de Paiva;;;SIQUEIRA;TUR6768;Queda;Não informado;Não informado;Não informado;Não informado;Não informado;Longo da via;0;1;0;1;0;0;0;0;0;0;0;0;0;(-38.5827154 -3.7860603);
ORX9374;2021-02-23 10:15:00;Avenida Godofredo Maciel;;;MONDUBIM;ORX9374;Colisão;Não informado;Não informado;Não informado;Não informado;Não informado;Longo da via;0;3;0;2;0;0;0;0;0;0;0;0;0;(-38.5791547555512 -3.825104217581741);
NSA3228;2021-01-21 21:06:00;CE-040;;;COACU;NSA3228;Colisão;Não informado;Não informado;Não informado;Não informado;Não informado;Longo da via;0;1;0;1;1;0;0;0;0;0;0;0;0;(-38.48071232755856 -3.84204996316039);
BLN7061;2021-02-23 09:11:00;Rua Raimundo Neri;;;ANTONIO BEZERRA;BLN7061;Queda;Não informado;Não informado;Não informado;Não informado;Não informado;Longo da via;0;1;0;1;0;0;0;0;0;0;0;0;0;(-38.5864203 -3.794134);
ENF9633;2021-02-22 22:19:00;Avenida Edilson Brasil Soares;;;SAPIRANGA / COITE;ENF9633;Colisão;Não informado;Não informado;Não informado;Não informado;Não informado;Longo da via;0;1;0;1;1;0;0;0;0;0;0;0;0;(-38.4663625069831 -3.788240980845921);
PAR7121;2021-01-21 21:07:00;Rua Dezenove de Março;;;PLANALTO AYRTON SENNA;PAR7121;Colisão;Não informado;Não informado;Não informado;Não informado;Não informado;Longo da via;0;1;0;1;1;0;0;0;0;0;0;0;0;(-38.56418803698919 -3.832447772056632);
LWU5709;2021-01-21 21:18:00;Rua Tenente Benévolo;;;CENTRO;LWU5709;Queda;Não informado;Não informado;Não informado;Não informado;Não informado;Longo da via;0;1;0;1;0;0;0;0;0;0;0;0;0;(-38.51465836930801 -3.726168891907006);
RGE4202;2021-01-21 21:23:00;Avenida Washington Soares;;;EDSON QUEIROZ;RGE4202;Colisão;Não informado;Não informado;Não informado;Não informado;Não informado;Longo da via;0;1;0;0;0;0;0;0;0;0;0;0;0;(-38.4795004631842 -3.845465432211132);
XOP1497;2021-01-21 22:00:00;Rua Creusa Rocha;;;JARDIM GUANABARA;XOP1497;Colisão;Não informado;Não informado;Não informado;Não informado;Não informado;Longo da via;0;1;0;1;1;0;0;0;0;0;0;0;0;(-38.5896054 -3.7219781);
BCA6850;2021-01-21 22:02:00;Avenida Coronel Carvalho;;;BARRA DO CEARA;BCA6850;Colisão;Não informado;Não informado;Não informado;Não informado;Não informado;Longo da via;0;1;0;1;1;0;0;0;0;0;0;0;0;(-38.58552768487432 -3.726672081082446);
XCH7826;2021-01-21 22:12:00;Avenida Bezerra de Menezes;;;MONTE CASTELO;XCH7826;Colisão;Não informado;Não informado;Não informado;Não informado;Não informado;Longo da via;0;1;0;0;0;0;0;0;0;0;0;0;0;(-38.5548599 -3.7335861);
MAI4757;2021-01-07 19:48:00;Rua José Sombra;;;PARQUE ARAXA;MAI4757;Atropelamento;Não informado;Não informado;Não informado;Não informado;Não informado;Longo da via;0;1;0;0;1;0;0;0;0;0;0;0;0;(-38.5469853 -3.7344055);
KUM2714;2021-01-07 18:12:00;Rua Oscar Benevides;;;MONDUBIM;KUM2714;Colisão;Não informado;Não informado;Não informado;Não informado;Não informado;Longo da via;0;1;0;1;1;0;0;0;0;0;0;0;0;(-38.5718233 -3.810813);
LZU2314;2021-01-07 17:01:00;Rua Plácido de Carvalho;;;MONTE CASTELO;LZU2314;Colisão;Não informado;Não informado;Não informado;Não informado;Não informado;Longo da via;0;1;0;0;0;0;0;0;0;0;1;0;0;(-38.5557866 -3.7227781);
NVJ3401;2021-01-07 16:18:00;Rua CEL MATOS DOURADO;;;HENRIQUE JORGE;NVJ3401;Queda;Não informado;Não informado;Não informado;Não informado;Não informado;Longo da via;0;1;0;1;0;0;0;0;0;0;0;0;0;(-38.58477498723767 -3.740131615444512);
ORY1373;2021-08-07 02:15:00;RUA BORGES DE MELO;;;VILA UNIAO;968361;Choque c/ Obstáculo Fixo;Não informado;Não informado;Não informado;Não informado;Não informado;Longo da via;1;0;0;1;0;0;0;0;0;0;0;0;0;(-38.53562065006626 -3.755289737766177);
GTD9278;2021-01-21 22:26:00;Avenida Aguanambi;;;JOSE BONIFACIO;GTD9278;Queda;Não informado;Não informado;Não informado;Não informado;Não informado;Longo da via;0;1;0;1;0;0;0;0;0;0;0;0;0;(-38.52495804136918 -3.739974371268421);
CVZ2058;2021-02-21 22:29:00;Avenida Capitão Hugo Bezerra;;;BARROSO;CVZ2058;Colisão;Não informado;Não informado;Não informado;Não informado;Não informado;Longo da via;0;1;0;2;0;0;0;0;0;0;0;0;0;(-38.51447597534176 -3.820335155417288);
FJJ3831;2021-01-22 00:41:00;Rua Carlos Gondin;;;JARDIM GUANABARA;FJJ3831;Queda;Não informado;Não informado;Não informado;Não informado;Não informado;Longo da via;0;1;0;1;0;0;0;0;0;0;0;0;0;(-38.59018400676153 -3.721040628372367);
FNV4860;2021-02-22 21:40:00;Rua Leão do Norte;AV GAL OSORIO DE PAIVA;;VILA PERY;FNV4860;Colisão;Não informado;Não informado;Não informado;Não informado;Não informado;Longo da via;0;1;0;1;1;0;0;0;0;0;0;0;0;(-38.5782626 -3.7832098);
DVU5876;2021-01-22 04:22:00;Avenida Júlio Abreu;;;PAPICU;DVU5876;Queda;Não informado;Não informado;Não informado;Não informado;Não informado;Longo da via;0;1;0;1;0;0;0;0;0;0;0;0;0;(-38.48577097446438 -3.735809732272795);
YZY6655;2021-02-22 21:08:00;Avenida Santos Dumont;;;ALDEOTA;YZY6655;Colisão;Não informado;Não informado;Não informado;Não informado;Não informado;Longo da via;0;1;0;0;0;0;0;0;0;0;1;0;0;(-38.51393953940323 -3.731190064609414);
HWW1294;2021-01-22 08:49:00;Avenida Treze de Maio;;;FATIMA;HWW1294;Queda;Não informado;Não informado;Não informado;Não informado;Não informado;Longo da via;0;2;0;1;0;0;0;0;0;0;0;0;0;(-38.52302148716416 -3.753945573361846);
QHX4088;2021-01-22 09:23:00;Avenida Mister Hull;;;ANTONIO BEZERRA;QHX4088;Colisão;Não informado;Não informado;Não informado;Não informado;Não informado;Longo da via;0;1;0;1;1;0;0;0;0;0;0;0;0;(-38.59188989474452 -3.739530072677985);
FRG4308;2021-01-22 09:31:00;Avenida Godofredo Maciel;;;MARAPONGA;FRG4308;Queda;Não informado;Não informado;Não informado;Não informado;Não informado;Longo da via;0;1;0;1;0;0;0;0;0;0;0;0;0;(-38.57766344827723 -3.820918577464925);
UDJ2540;2021-01-22 09:31:00;Avenida General Osório de Paiva;;;CANINDEZINHO;UDJ2540;Colisão;Não informado;Não informado;Não informado;Não informado;Não informado;Longo da via;0;1;0;1;1;0;0;0;0;0;0;0;0;(-38.60464647401657 -3.807301724715789);
NHF5590;2021-02-22 19:45:00;Avenida Luiz Vieira;;;VICENTE PINZON;NHF5590;Colisão;Não informado;Não informado;Não informado;Não informado;Não informado;Longo da via;0;1;0;0;2;0;0;0;0;0;0;0;0;(-38.5871313 -3.7942979);
XLD2524;2021-01-07 15:04:00;Rua Professor Juraci M Oliveira;;;MANUEL DIAS BRANCO;XLD2524;Colisão;Não informado;Não informado;Não informado;Não informado;Não informado;Longo da via;0;1;0;1;1;0;0;0;0;0;0;0;0;(-38.48183239999999 -3.758632699999999);
USH1621;2021-01-07 14:54:00;Rua BARAO DE ARATANHA;;;CENTRO;USH1621;Colisão;Não informado;Não informado;Não informado;Não informado;Não informado;Longo da via;0;2;0;2;0;0;0;0;0;0;0;0;0;(-38.5267228 -3.7332157);
DFS5883;2021-01-22 10:51:00;Rua Barão do Rio Branco;;;CENTRO;DFS5883;Queda;Não informado;Não informado;Não informado;Não informado;Não informado;Longo da via;0;1;0;1;0;0;0;0;0;0;0;0;0;(-38.53166892574406 -3.737303223338582);
TQG2537;2021-02-22 19:27:00;Avenida Contorno Sul;;;JANGURUSSU;TQG2537;Atropelamento;Não informado;Não informado;Não informado;Não informado;Não informado;Longo da via;0;1;0;1;0;0;0;0;0;0;0;0;0;(-38.59061315903102 -3.814672194204292);
UXY5035;2021-01-07 13:45:00;Avenida Presidente Costa e Silva;;;PREFEITO JOSE VALTER;UXY5035;Colisão;Não informado;Não informado;Não informado;Não informado;Não informado;Longo da via;0;1;0;0;0;0;0;0;0;0;1;0;0;(-38.5574184 -3.8213936);
QQZ1993;2021-01-22 11:02:00;Avenida Engenheiro Santana Júnior;;;COCO;QQZ1993;Colisão;Não informado;Não informado;Não informado;Não informado;Não informado;Longo da via;0;1;0;1;1;0;0;0;0;0;0;0;0;(-38.48497706030055 -3.74015637303562);
SVV9210;2021-02-22 19:01:00;Avenida Engenheiro Luiz Vieira;;;VICENTE PINZON;SVV9210;Colisão;Não informado;Não informado;Não informado;Não informado;Não informado;Longo da via;0;1;0;1;1;0;0;0;0;0;0;0;0;(-38.46946313520901 -3.734562477929505);
LCR7901;2021-02-22 16:19:00;Rua Equador;RUA JULIO VERNE;;ITAOCA;LCR7901;Colisão;Não informado;Não informado;Não informado;Não informado;Não informado;Longo da via;0;1;0;1;1;0;0;0;0;0;0;0;0;(-38.5528672 -3.775421);
PCP9828;2021-01-07 11:55:00;Avenida Almirante Henrique Sabóia;;;PAPICU;PCP9828;Queda;Não informado;Não informado;Não informado;Não informado;Não informado;Longo da via;0;1;0;1;0;0;0;0;0;0;0;0;0;(-38.4805764 -3.7279082);
ZOI3162;2021-01-22 11:08:00;Avenida Jovita Feitosa;;;PARQUE ARAXA;ZOI3162;Queda;Não informado;Não informado;Não informado;Não informado;Não informado;Longo da via;0;1;0;1;0;0;0;0;0;0;0;0;0;(-38.55263308055303 -3.739064361865571);
XVW1677;2021-01-07 10:55:00;Rua Cônego de Castro;;;MANOEL SATIRO;XVW1677;Atropelamento;Não informado;Não informado;Não informado;Não informado;Não informado;Longo da via;0;1;0;1;0;0;0;0;0;0;0;0;0;(-38.5840444 -3.7965771);
TQY3125;2021-01-22 12:33:00;Avenida Contôrno Oeste;;;MONDUBIM;TQY3125;Colisão;Não informado;Não informado;Não informado;Não informado;Não informado;Longo da via;0;1;0;1;1;0;0;0;0;0;0;0;0;(-38.5872228501203 -3.805958226379861);
NHO8335;2021-01-22 13:11:00;Avenida Bezerra de Menezes;;;CENTRO;NHO8335;Atropelamento;Não informado;Não informado;Não informado;Não informado;Não informado;Longo da via;0;1;0;0;1;0;0;0;0;0;0;0;0;(-38.54010652030109 -3.730542345648233);
SMK1912;2021-01-07 10:23:00;BR-116;;;;SMK1912;Queda;Não informado;Não informado;Não informado;Não informado;Não informado;Longo da via;0;1;0;1;0;0;0;0;0;0;0;0;0;(-38.50075380105892 -3.879686938606908);
ULF1401;2021-01-22 13:59:00;Rua João Cordeiro;RUA TEN BENEVOLO;;MEIRELES;ULF1401;Atropelamento;Não informado;Não informado;Não informado;Não informado;Não informado;Longo da via;0;1;0;0;1;0;0;0;0;0;0;0;0;(-38.5134015 -3.7265283);
SUE7996;2021-02-22 13:33:00;Avenida Pompílio Gomes;;;BARROSO;SUE7996;Colisão;Não informado;Não informado;Não informado;Não informado;Não informado;Longo da via;0;1;0;1;1;0;0;0;0;0;0;0;0;(-38.52117613885627 -3.826817005598107);
NPW7705;2021-01-07 07:19:00;Rua IRACEMA;;;;NPW7705;Colisão;Não informado;Não informado;Não informado;Não informado;Não informado;Longo da via;0;1;0;1;1;0;0;0;0;0;0;0;0;(-38.58618110646832 -3.825307611337847);
OFZ2302;2021-01-22 15:04:00;Avenida Godofredo Maciel;;;MARAPONGA;OFZ2302;Queda;Não informado;Não informado;Não informado;Não informado;Não informado;Longo da via;0;1;0;1;0;0;0;0;0;0;0;0;0;(-38.57240096122738 -3.804443442874089);
UVC6763;2021-02-22 12:33:00;Rua Demétrio Menezes;;;ANTONIO BEZERRA;UVC6763;Colisão;Não informado;Não informado;Não informado;Não informado;Não informado;Longo da via;0;1;0;0;0;0;0;0;0;0;1;0;0;(-38.58365013809475 -3.739150009849638);
LGI7388;2021-01-22 15:23:00;Rua Pedro Sampaio;;;JARDIM GUANABARA;LGI7388;Colisão;Não informado;Não informado;Não informado;Não informado;Não informado;Longo da via;0;1;0;0;0;0;0;0;0;0;0;0;0;(-38.5946096516361 -3.724300665748709);
RSR5398;2021-01-07 06:02:00;Avenida da Abolição;;;MEIRELES;RSR5398;Atropelamento;Não informado;Não informado;Não informado;Não informado;Não informado;Longo da via;0;1;0;1;0;0;0;0;0;0;0;0;0;(-38.48323120000001 -3.7248689);
XOV0645;2021-02-22 11:38:00;Avenida Treze de Maio;;;FATIMA;XOV0645;Colisão;Não informado;Não informado;Não informado;Não informado;Não informado;Longo da via;0;1;0;2;0;0;0;0;0;0;0;0;0;(-38.52543011531652 -3.752757226927265);
YPB7547;2021-01-22 15:49:00;Avenida Godofredo Maciel;RUA NEREU RAMOS;;MARAPONGA;YPB7547;Colisão;Não informado;Não informado;Não informado;Não informado;Não informado;Longo da via;0;1;0;1;1;0;0;0;0;0;0;0;0;(-38.56689706668676 -3.787207909700818);
EEB1923;2021-02-22 10:36:00;Avenida Sebastião de Abreu;;;COCO;EEB1923;Queda;Não informado;Não informado;Não informado;Não informado;Não informado;Longo da via;0;1;0;1;0;0;0;0;0;0;0;0;0;(-38.48328188754808 -3.755144623981094);
SFY7886;2021-01-22 19:53:00;Avenida Bernardo Manuel;;;SERRINHA;SFY7886;Colisão;Não informado;Não informado;Não informado;Não informado;Não informado;Longo da via;0;1;0;1;1;0;0;0;0;0;0;0;0;(-38.5455948 -3.77949);
GLH9817;2021-01-09 05:52:00;Rua Urucutuba;;;BOM JARDIM;GLH9817;Choque c/ Obstáculo Fixo;Não informado;Não informado;Não informado;Não informado;Não informado;Longo da via;0;0;0;0;0;0;0;0;0;0;0;0;0;(-38.6105249 -3.7980799);
XAU7488;2021-01-09 02:50:00;Avenida Alberto Craveiro;;;BOA VISTA;XAU7488;Colisão;Não informado;Não informado;Não informado;Não informado;Não informado;Longo da via;0;1;0;0;0;0;0;0;0;0;1;0;0;(-38.5218217 -3.8038096);
QXU1237;2021-01-22 20:17:00;Avenida Presidente Costa e Silva;;;MONDUBIM;QXU1237;Colisão;Não informado;Não informado;Não informado;Não informado;Não informado;Longo da via;0;1;0;1;1;0;0;0;0;0;0;0;0;(-38.57166603783391 -3.812686402178292);
OSH3294;2021-01-09 02:33:00;Avenida ALBERTO SA;;;PAPICU;OSH3294;Colisão;Não informado;Não informado;Não informado;Não informado;Não informado;Longo da via;0;1;0;0;0;0;0;0;0;0;1;0;0;(-38.48076060872827 -3.732972736408678);
OXU6721;2021-02-22 10:25:00;Rua Almirante Rubim;RUA CESAR ROSSAS;;MONTESE;OXU6721;Colisão;Não informado;Não informado;Não informado;Não informado;Não informado;Longo da via;0;1;0;1;1;0;0;0;0;0;0;0;0;(-38.5561655 -3.7695666);