COD_ACIDENTE;DATA;LOG1;LOG2;NUMERO;BAIRRO;AMC;NATUREZA;ILUMINACAO;TEMPO;SUPERFICIEPISTA;TIPOCRUZAMENTO;CONTROLETRAFEGO;USOSOLO;MORTOS;FERIDOS;ILESOS;MOTOCICLETA;AUTOMOVEL;MICROONIBUS;CAMINHAO;ONIBUS;CICLOMOTOR;BICICLETA;OUTROS;TREM;TRACAOANIMAL;COORDENADAS
YBB5958;2021-01-22 21:25:00;Avenida Jornalista Tomaz Coelho;;;JANGURUSSU;YBB5958;Colisão;Não informado;Não informado;Não informado;Não informado;Não informado;Longo da via;0;2;0;2;0;0;0;0;0;0;0;0;0;(-38.51597264726833 -3.828058774768448);
YUV2926;2021-02-22 10:08:00;Avenida Presidente Costa e Silva;;;PREFEITO JOSE VALTER;YUV2926;Colisão;Não informado;Não informado;Não informado;Não informado;Não informado;Longo da via;0;1;0;1;0;0;1;0;0;0;0;0;0;(-38.57295886281367 -3.81225819844477);
SNZ0391;2021-01-09 00:06:00;Rua Betel;;;ITAPERI;SNZ0391;Queda;Não informado;Não informado;Não informado;Não informado;Não informado;Longo da via;0;1;0;1;0;0;0;0;0;0;0;0;0;(-38.5545627 -3.7957653);
DPD9099;2021-01-22 21:31:00;Rua Raimundo Neri;;;PARQUE SAO JOSE;DPD9099;Colisão;Não informado;Não informado;Não informado;Não informado;Não informado;Longo da via;0;2;0;2;0;0;0;0;0;0;0;0;0;(-38.5864203 -3.794134);
ALO4598;2021-02-22 08:58:00;Rua Antônio Pompeu;;;CENTRO;ALO4598;Colisão;Não informado;Não informado;Não informado;Não informado;Não informado;Longo da via;0;1;0;1;1;0;0;0;0;0;0;0;0;(-38.52767780881678 -3.7357294369822);
CIR8728;2021-02-22 04:04:00;Avenida General Osório de Paiva;;;PARANGABA;CIR8728;Colisão;Não informado;Não informado;Não informado;Não informado;Não informado;Longo da via;0;1;0;1;1;0;0;0;0;0;0;0;0;(-38.58735689911148 -3.789541685248647);
EEH6009;2021-02-22 04:04:00;Rua Miguel Gurgel;;;MESSEJANA;EEH6009;Queda;Não informado;Não informado;Não informado;Não informado;Não informado;Longo da via;0;1;0;1;0;0;0;0;0;0;0;0;0;(-38.48237529527115 -3.840203396332854);
JWZ4611;2021-07-30 09:33:00;Avenida D;;;PREFEITO JOSE VALTER;JWZ4611;Colisão;Não informado;Não informado;Não informado;Não informado;Não informado;Longo da via;1;1;0;2;0;0;0;0;0;0;0;0;0;(-38.5543277 -3.8322001);
KPV8634;2021-01-22 22:10:00;Rua Cacilda Becker;;;JOAO XXIII;KPV8634;Colisão;Não informado;Não informado;Não informado;Não informado;Não informado;Longo da via;0;1;0;0;1;0;0;0;0;1;0;0;0;(-38.58900790000001 -3.771581);
KYW8040;2021-01-22 22:34:00;Avenida C;;;JANGURUSSU;KYW8040;Colisão;Não informado;Não informado;Não informado;Não informado;Não informado;Longo da via;0;1;0;0;0;0;0;0;0;0;0;0;0;(-38.5136123023969 -3.851138225094049);
RFZ6204;2021-07-25 04:40:00;Rua Cônego de Castro;;;PARQUE SANTA ROSA;RFZ6204;Colisão Transversal;Não informado;Não informado;Não informado;T;Não informado;Longo da via;1;3;0;2;0;0;0;0;0;0;0;0;0;(-38.60456201315948 -3.822535949097061);
XNO0467;2021-01-22 22:43:00;Rua Monte Líbano;;;MONDUBIM;XNO0467;Colisão;Não informado;Não informado;Não informado;Não informado;Não informado;Longo da via;0;2;0;1;1;0;0;0;0;0;0;0;0;(-38.56145218965847 -3.824135420344097);
ENC8154;2021-01-22 23:14:00;Avenida General Osório de Paiva;;;SIQUEIRA;ENC8154;Colisão;Não informado;Não informado;Não informado;Não informado;Não informado;Longo da via;0;1;0;1;1;0;0;0;0;0;0;0;0;(-38.6174406100793 -3.820367270402711);
BCJ1087;2021-01-22 23:26:00;Rua Professor Raimundo Gomes;RUA GEORGE CAVALCANTE;;JARDIM GUANABARA;BCJ1087;Colisão;Não informado;Não informado;Não informado;Não informado;Não informado;Longo da via;0;1;0;1;1;0;0;0;0;0;0;0;0;(-38.5901246 -3.714320099999999);
HWB3826;2021-02-22 03:26:00;Avenida Clóvis Arrais Maia;;;;HWB3826;Queda;Não informado;Não informado;Não informado;Não informado;Não informado;Longo da via;0;1;0;1;0;0;0;0;0;0;0;0;0;(-38.46315995059219 -3.721094159461203);
QQS7172;2021-02-22 00:12:00;Rua Henrique Viana;;;CONJUNTO ESPERANCA;QQS7172;Queda;Não informado;Não informado;Não informado;Não informado;Não informado;Longo da via;0;1;0;0;0;0;0;0;0;1;0;0;0;(-38.58377889163396 -3.810732720911202);
TIT4361;2021-02-21 23:41:00;Avenida Francisco Sá;RUA CESAR CORREIA;;BARRA DO CEARA;TIT4361;Colisão;Não informado;Não informado;Não informado;Não informado;Não informado;Longo da via;0;1;0;1;1;0;0;0;0;0;0;0;0;(-38.5733166 -3.7119533);
XHA1947;2021-02-21 23:07:00;Rua Djalma Petit;;;AEROLANDIA;XHA1947;Colisão;Não informado;Não informado;Não informado;Não informado;Não informado;Longo da via;0;2;0;2;0;0;0;0;0;0;0;0;0;(-38.51341382549801 -3.765759361819232);
YRF6896;2021-02-21 22:54:00;Rua Dom Quintino;;;PIRAMBU;YRF6896;Queda;Não informado;Não informado;Não informado;Não informado;Não informado;Longo da via;0;1;0;1;0;0;0;0;0;0;0;0;0;(-38.55930105028743 -3.709970329378148);
YVL7349;2021-02-21 22:46:00;Avenida Desembargador Moreira;;;DIONISIO TORRES;YVL7349;Queda;Não informado;Não informado;Não informado;Não informado;Não informado;Longo da via;0;1;0;0;0;0;0;0;0;1;0;0;0;(-38.50367739903286 -3.75275187401174);
LXY1791;2021-02-21 22:34:00;Rua Bom Jesus;;;BOM JARDIM;LXY1791;Colisão;Não informado;Não informado;Não informado;Não informado;Não informado;Longo da via;0;1;0;1;1;0;0;0;0;0;0;0;0;(-38.6012990792772 -3.794434029145808);
JJK0843;2021-02-21 22:33:00;Avenida João Pessoa;;;DAMAS;JJK0843;Queda;Não informado;Não informado;Não informado;Não informado;Não informado;Longo da via;0;1;0;0;0;0;0;0;0;1;0;0;0;(-38.5542744 -3.7577841);
BGD1925;2021-02-21 21:25:00;Avenida Professor José Arthur de Carvalho;RUA JOSE BONFIM JUNIOR;;LAGOA REDONDA;BGD1925;Colisão;Não informado;Não informado;Não informado;Não informado;Não informado;Longo da via;0;1;0;0;0;0;0;0;0;0;1;0;0;(-38.4726223 -3.8266389);
BZL2623;2021-02-21 21:02:00;CE-010;;;SABIAGUABA;BZL2623;Colisão;Não informado;Não informado;Não informado;Não informado;Não informado;Longo da via;0;1;0;0;2;0;0;0;0;0;0;0;0;(-38.4284757 -3.806937);
KPL4505;2021-02-21 19:30:00;Rua Oscar França;;;BOM JARDIM;KPL4505;Queda;Não informado;Não informado;Não informado;Não informado;Não informado;Longo da via;0;1;0;1;0;0;0;0;0;0;0;0;0;(-38.60382572368791 -3.790585458972186);
LUP0486;2021-02-21 18:45:00;Rua Vilebaldo Aguiar;;;PAPICU;LUP0486;Colisão;Não informado;Não informado;Não informado;Não informado;Não informado;Longo da via;0;1;0;0;2;0;0;0;0;0;0;0;0;(-38.48411336084835 -3.74179974022213);
JLA5431;2021-02-21 18:38:00;Avenida Presidente Costa e Silva;;;PREFEITO JOSE VALTER;JLA5431;Colisão;Não informado;Não informado;Não informado;Não informado;Não informado;Longo da via;0;1;0;0;1;0;0;0;0;1;0;0;0;(-38.5443558 -3.8244455);
TRK0982;2021-02-21 18:30:00;Rua Rio Araguaia;;;JARDIM IRACEMA;TRK0982;Colisão;Não informado;Não informado;Não informado;Não informado;Não informado;Longo da via;0;1;0;0;0;0;0;0;0;0;1;0;0;(-38.58203545530513 -3.724702147349388);
ZPN4268;2021-02-21 17:50:00;Avenida Presidente Costa e Silva;;;JANGURUSSU;ZPN4268;Queda;Não informado;Não informado;Não informado;Não informado;Não informado;Longo da via;0;1;0;1;0;0;0;0;0;0;0;0;0;(-38.53068187845648 -3.828845584474597);
RGU3775;2021-02-21 16:25:00;Rua Vitória Régia;;;PLANALTO AYRTON SENNA;RGU3775;Colisão;Não informado;Não informado;Não informado;Não informado;Não informado;Longo da via;0;1;0;1;1;0;0;0;0;0;0;0;0;(-38.5722239342595 -3.828845584474597);
VFS2669;2021-02-21 15:01:00;Rua Miguel Gurgel;;;MESSEJANA;VFS2669;Queda;Não informado;Não informado;Não informado;Não informado;Não informado;Longo da via;0;1;0;1;0;0;0;0;0;0;0;0;0;(-38.48230019130752 -3.840058882238634);
BBO2382;2021-02-21 11:06:00;Rua Graça Aranha;RUA SAO BERNARDO;;ALVARO WEYNE;BBO2382;Colisão;Não informado;Não informado;Não informado;Não informado;Não informado;Longo da via;0;1;0;0;1;0;0;0;0;1;0;0;0;(-38.57512072609462 -3.713733604239833);
ZMH7881;2021-02-21 11:03:00;Rua Nereu Ramos;;;MARAPONGA;ZMH7881;Queda;Não informado;Não informado;Não informado;Não informado;Não informado;Longo da via;0;1;0;1;0;0;0;0;0;0;0;0;0;(-38.5672943 -3.786803899999999);
STO1879;2021-02-21 10:24:00;Avenida Frei Cirilo;;;MESSEJANA;STO1879;Colisão;Não informado;Não informado;Não informado;Não informado;Não informado;Longo da via;0;1;0;1;1;0;0;0;0;0;0;0;0;(-38.4979833 -3.8161503);
YQP3204;2021-07-25 04:02:00;Rua Sargento João Pinheiro;;;GRANJA LISBOA;967422;Colisão;Via Iluminada;Bom;Molhada;Cruz;Pare;Longo da via;1;1;0;2;0;0;0;0;0;0;0;0;0;(-38.62192798943082 -3.779688248737423);
FPQ3039;2021-07-23 17:22:00;Rua Padre Perdigão Sampaio;;;ANTONIO BEZERRA;968121;Colisão Frontal;Luz do Dia;Bom;Seca;Cruz;Pare;Longo da via;1;0;1;1;0;0;1;0;0;0;0;0;0;(-38.59481099617246 -3.738786925906596);
JCP2350;2021-07-22 21:30:00;AV DIOGUINHO,137;;137 ;PRAIA DO FUTURO I;967367;Atropelamento;Mal Iluminada;Bom;Seca;Meio de quadra;Não há Controle;Longo da via;1;0;1;0;1;0;0;0;0;0;0;0;0;(-38.45735324183205 -3.734263628432883);
HXJ9609;2021-07-21 04:01:00;BR 116,6000;;6000 ;CAJAZEIRAS;HXJ9609;Colisão Traseira;Via Iluminada;Bom;Seca;Não informado;Não informado;Longo da via;1;0;1;1;1;0;0;0;0;0;0;0;0;(-38.50240900926372 -3.805632638475855);
MGA2212;2021-07-19 01:00:00;Avenida César Cals;;;PRAIA DO FUTURO I;MGA2212;Queda;Não informado;Não informado;Não informado;Não informado;Não informado;Longo da via;1;0;0;1;0;0;0;0;0;0;0;0;0;(-38.4542525761545 -3.745146267971389);
FAS9466;2021-07-18 03:27:00;Rua BOM JESUS;;;BOM JARDIM;FAS9466;Choque c/ Obstáculo Fixo;Não informado;Não informado;Não informado;Não informado;Não informado;Longo da via;1;0;0;1;0;0;0;0;0;0;0;0;0;(-38.6053038386377 -3.793075372756405);
UUN2200;2021-07-17 21:08:00;Rua Doutor Bernardo Feitosa;;;SABIAGUABA;UUN2200;Choque c/ Obstáculo Fixo;Não informado;Não informado;Não informado;Não informado;Não informado;Longo da via;1;0;0;1;0;0;0;0;0;0;0;0;0;(-38.43414077846145 -3.780271698278614);
CLR1112;2021-07-17 05:19:00;Rua LUIZ VIEIRA;RUA ECA DE QUEIROZ;;BONSUCESSO;967452;Colisão Transversal;Luz do Dia;Bom;Seca;Cruz;Semáforo;Cruzamento;1;0;1;0;1;0;0;1;0;0;0;0;0;(-38.58527458958198 -3.796809100907088);
RVZ1939;2021-02-21 10:23:00;Avenida Radialista João Ramos;;;PLANALTO AYRTON SENNA;RVZ1939;Colisão;Não informado;Não informado;Não informado;Não informado;Não informado;Longo da via;0;1;0;1;1;0;0;0;0;0;0;0;0;(-38.56929496952175 -3.842927750048035);
ZMM6165;2021-02-21 01:04:00;Rua Marechal Bittencourt;;;DIAS MACEDO;ZMM6165;Colisão;Não informado;Não informado;Não informado;Não informado;Não informado;Longo da via;0;1;0;2;0;0;0;0;0;0;0;0;0;(-38.53009716908932 -3.792416074460136);
CLR1112;2021-07-17 07:50:00;Rua Plácido de Castro;;;PARQUE SAO JOSE;CLR1112;Colisão;Não informado;Não informado;Não informado;Não informado;Não informado;Longo da via;0;0;0;0;0;0;0;0;0;0;0;0;0;(-38.58208370809088 -3.793898763110166);
GMM1343;2021-02-20 23:45:00;Rua Doutor Rodrigo Codes Sandoval;;;MARAPONGA;GMM1343;Atropelamento;Não informado;Não informado;Não informado;Não informado;Não informado;Longo da via;0;1;0;0;1;0;0;0;0;0;0;0;0;(-38.5703 -3.805582);
TBJ7281;2021-02-20 23:05:00;Rua Doutor Luiz Moraes Correia;;;AUTRAN NUNES;TBJ7281;Atropelamento;Não informado;Não informado;Não informado;Não informado;Não informado;Longo da via;0;1;0;0;1;0;0;0;0;0;0;0;0;(-38.5923906 -3.7511128);
ZXM8230;2021-07-13 02:41:00;Avenida General Osório de Paiva;;;SIQUEIRA;968149;Choque c/ Obstáculo Fixo;Via Iluminada;Bom;Seca;T;Pare;Longo da via;1;0;0;1;0;0;0;0;0;0;0;0;0;(-38.58607808077294 -3.788202006519726);
VJS5746;2021-02-20 22:08:00;Avenida Genibaú;;;GENIBAU;VJS5746;Atropelamento;Não informado;Não informado;Não informado;Não informado;Não informado;Longo da via;0;1;0;1;0;0;0;0;0;0;0;0;0;(-38.59930889848527 -3.760909679176793);
NXS4748;2021-02-20 21:52:00;Rua Coronel Tibúrcio;AV PRS COSTA E SILVA;;MONDUBIM;NXS4748;Colisão;Não informado;Não informado;Não informado;Não informado;Não informado;Longo da via;0;1;0;1;1;0;0;0;0;0;0;0;0;(-38.5737071 -3.812156699999999);
TSY7216;2021-07-13 00:37:00;Avenida Presidente Costa e Silva;;;PREFEITO JOSE VALTER;968118;Colisão Lateral;Não informado;Bom;Seca;Meio de quadra;Não há Controle;Longo da via;1;1;1;0;1;0;0;1;0;0;0;0;0;(-38.54124731128718 -3.825308531293047);
QSZ4574;2021-02-20 21:36:00;Avenida Américo Barreira;RUA ALAGOAS;;DEMOCRITO ROCHA;QSZ4574;Choque c/ Obstáculo Fixo;Não informado;Não informado;Não informado;Não informado;Não informado;Longo da via;0;1;0;0;1;0;0;0;0;0;0;0;0;(-38.56594756751043 -3.762745710108103);
WDN6477;2021-02-20 21:34:00;Avenida Major Assis;;;VILA VELHA;WDN6477;Colisão;Não informado;Não informado;Não informado;Não informado;Não informado;Longo da via;0;1;0;2;0;0;0;0;0;0;0;0;0;(-38.59951808592312 -3.720949625513847);
VMZ9895;2021-02-20 20:47:00;Avenida General Osório de Paiva;;;CANINDEZINHO;VMZ9895;Atropelamento;Não informado;Não informado;Não informado;Não informado;Não informado;Longo da via;0;1;0;0;1;0;0;0;0;0;0;0;0;(-38.56746034559291 -3.776357911912777);
TSY7216;2021-07-12 22:00:00;Rua Newton Craveiro;;;PARQUE IRACEMA;967625;Atropelamento;Mal Iluminada;Não informado;Seca;T;Pare;Longo da via;1;0;1;1;0;0;0;0;0;0;0;0;0;(-38.50009726274207 -3.809540019733617);
ARH0674;2021-02-20 19:49:00;Avenida Castelo de Castro;;;CONJUNTO PALMEIRAS;ARH0674;Colisão;Não informado;Não informado;Não informado;Não informado;Não informado;Longo da via;0;1;0;1;1;0;0;0;0;0;0;0;0;(-38.52224901542485 -3.847348784904205);
TRF6482;2021-02-20 19:07:00;Rua Cidade Ecolơgica;;;EDSON QUEIROZ;TRF6482;Colisão;Não informado;Não informado;Não informado;Não informado;Não informado;Longo da via;0;1;0;1;1;0;0;0;0;0;0;0;0;(-38.46212461415919 -3.774216801100517);
YAY9552;2021-02-20 18:54:00;Avenida Domingos Olímpio;;;BENFICA;YAY9552;Queda;Não informado;Não informado;Não informado;Não informado;Não informado;Longo da via;0;1;0;1;0;0;0;0;0;0;0;0;0;(-38.53485541116584 -3.73536007855079);
QBH3085;2021-02-20 18:18:00;Rua Dom Henrique;;;VILA PERY;966860;Colisão Lateral;Luz do Dia;Chuva;Molhada;Meio de quadra;Não informado;Longo da via;1;0;1;0;1;0;0;0;0;1;0;0;0;(-38.58220174686875 -3.786929569077795);
JDL9148;2021-02-20 17:32:00;Avenida Luciano Carneiro;;;VILA UNIAO;JDL9148;Colisão;Não informado;Não informado;Não informado;Não informado;Não informado;Longo da via;0;1;0;0;0;0;0;0;0;0;1;0;0;(-38.5370836 -3.7663654);
SAF5114;2021-02-20 17:30:00;Rua Beni Carvalho;RUA CEL JUCA;;DIONISIO TORRES;SAF5114;Não informado;Não informado;Não informado;Não informado;Não informado;Não informado;Longo da via;0;1;0;1;0;0;0;0;0;0;0;0;0;(-38.494076 -3.7462913);
HJU4535;2021-02-20 17:25:00;Rua Coronel Fabriciano;;;GRANJA PORTUGAL;HJU4535;Queda;Não informado;Não informado;Não informado;Não informado;Não informado;Longo da via;0;1;0;0;0;0;0;0;0;1;0;0;0;(-38.59671782804349 -3.785982139747882);
TNI6959;2021-02-20 17:12:00;Avenida Heráclito Graça;RUA RODRIGUES JUNIOR;;CENTRO;TNI6959;Colisão;Não informado;Não informado;Não informado;Não informado;Não informado;Longo da via;0;1;0;0;0;0;0;0;0;0;1;0;0;(-38.52184039999999 -3.7344203);
KJD3331;2021-07-12 13:30:00;BR 116;;;MESSEJANA;KJD3331;Colisão;Não informado;Não informado;Não informado;Não informado;Não informado;Longo da via;1;0;1;1;0;0;1;0;0;0;0;0;0;(-38.501562 -3.815836);
HFJ1171;2021-01-22 23:57:00;Avenida Pasteur;;;CARLITO PAMPLONA;HFJ1171;Colisão;Não informado;Não informado;Não informado;Não informado;Não informado;Longo da via;0;1;0;2;0;0;0;0;0;0;0;0;0;(-38.55916693608343 -3.712245426339432);
QOE4536;2021-01-23 00:22:00;Avenida Lineu Machado;;;PARANGABA;QOE4536;Colisão;Não informado;Não informado;Não informado;Não informado;Não informado;Longo da via;0;1;0;1;1;0;0;0;0;0;0;0;0;(-38.57831255247656 -3.768687358018457);
NZT6014;2021-01-23 00:26:00;Rua Tupi;;;JOQUEI CLUBE;NZT6014;Queda;Não informado;Não informado;Não informado;Não informado;Não informado;Longo da via;0;1;0;1;0;0;0;0;0;0;0;0;0;(-38.58225003390294 -3.766738930200095);
VXC7897;2021-01-23 00:50:00;Avenida Presidente Juscelino Kubitschek;;;CASTELAO;VXC7897;Queda;Não informado;Não informado;Não informado;Não informado;Não informado;Longo da via;0;1;0;1;0;0;0;0;0;0;0;0;0;(-38.52829472744624 -3.811915635304405);
YLS8386;2021-01-23 00:54:00;Rua São Raimundo;;;PIRAMBU;YLS8386;Queda;Não informado;Não informado;Não informado;Não informado;Não informado;Longo da via;0;1;0;1;0;0;0;0;0;0;0;0;0;(-38.5576595397778 -3.707850469055236);
SDZ2518;2021-01-23 01:46:00;Avenida Bernardo Manuel;;;ITAPERI;SDZ2518;Colisão;Não informado;Não informado;Não informado;Não informado;Não informado;Longo da via;0;1;0;1;1;0;0;0;0;0;0;0;0;(-38.5550968 -3.810597499999999);
TUO3159;2021-01-23 02:18:00;Rua Mestre André;AV LIBERDADE;;GENIBAU;TUO3159;Colisão;Não informado;Não informado;Não informado;Não informado;Não informado;Longo da via;0;1;0;2;0;0;0;0;0;0;0;0;0;(-38.60054269750789 -3.750048647481401);
CEB4322;2021-01-23 08:39:00;Rua Sargento Barbosa;;;GRANJA LISBOA;CEB4322;Colisão;Não informado;Não informado;Não informado;Não informado;Não informado;Longo da via;0;1;0;1;1;0;0;0;0;0;0;0;0;(-38.61801997168351 -3.777069830088063);
SFZ6073;2021-01-23 09:20:00;Rua das flores;;;VICENTE PINZON;SFZ6073;Colisão;Não informado;Não informado;Não informado;Não informado;Não informado;Longo da via;0;1;0;0;0;0;0;0;0;0;0;0;0;(-38.46399680449641 -3.729573442839863);
TVW2882;2021-01-23 10:10:00;Rua Emílio de Menezes;;;BONSUCESSO;TVW2882;Colisão;Não informado;Não informado;Não informado;Não informado;Não informado;Longo da via;0;1;0;0;1;0;0;0;0;1;0;0;0;(-38.5886766069372 -3.781378796049273);
MAD5846;2021-01-23 10:42:00;Rua Princesa Isabel;;;CENTRO;MAD5846;Queda;Não informado;Não informado;Não informado;Não informado;Não informado;Longo da via;0;1;0;0;0;0;0;0;0;1;0;0;0;(-38.5344369799913 -3.72322469415593);
CSP1961;2021-02-20 17:02:00;Avenida Heráclito Graça;AV DOM MANUEL;;CENTRO;CSP1961;Colisão;Não informado;Não informado;Não informado;Não informado;Não informado;Longo da via;0;1;0;0;0;0;0;0;0;0;1;0;0;(-38.5229316 -3.7340692);
YWV2143;2021-02-20 15:36:00;Rua Desembargador Gomes Parente;;;PARANGABA;YWV2143;Colisão;Não informado;Não informado;Não informado;Não informado;Não informado;Longo da via;0;1;0;1;1;0;0;0;0;0;0;0;0;(-38.57407466340591 -3.774452323548302);
CMR1136;2021-01-23 11:36:00;Avenida José Jatahy;AV FRANCISCO SA;;JACARECANGA;CMR1136;Colisão;Não informado;Não informado;Não informado;Não informado;Não informado;Longo da via;0;1;0;2;0;0;0;0;0;0;0;0;0;(-38.54681268769445 -3.720987097280262);
DNK1109;2021-01-23 11:57:00;Rua Raimundo Neri;RUA COSTA FREIRE;;PARQUE SAO JOSE;DNK1109;Colisão;Não informado;Não informado;Não informado;Não informado;Não informado;Longo da via;0;1;0;1;1;0;0;0;0;0;0;0;0;(-38.5864203 -3.794134);
KRY2844;2021-01-23 12:30:00;Rua Curitiba;;;HENRIQUE JORGE;KRY2844;Atropelamento;Não informado;Não informado;Não informado;Não informado;Não informado;Longo da via;0;1;0;1;0;0;0;0;0;0;0;0;0;(-38.58512535868282 -3.759319876674606);
KDR1618;2021-02-20 14:39:00;Avenida Jovita Feitosa;;;PARQUELANDIA;KDR1618;Colisão;Não informado;Não informado;Não informado;Não informado;Não informado;Longo da via;0;1;0;1;1;0;0;0;0;0;0;0;0;(-38.5526169865952 -3.739091126861489);
PXG2488;2021-02-20 14:39:00;Rua Nogueira Acioli;RUA PEREIRA FILGUEIRAS;;CENTRO;PXG2488;Queda;Não informado;Não informado;Não informado;Não informado;Não informado;Longo da via;0;1;0;1;0;0;0;0;0;0;0;0;0;(-38.5160475 -3.7273272);
DSB6912;2021-01-23 12:32:00;Rua Deputado Moreira da Rocha;;;MEIRELES;DSB6912;Colisão;Não informado;Não informado;Não informado;Não informado;Não informado;Longo da via;0;1;0;1;1;0;0;0;0;0;0;0;0;(-38.50237921620327 -3.727758754596266);
DUL5711;2021-02-20 14:37:00;Rua Rio Grande do Sul;;;DEMOCRITO ROCHA;DUL5711;Colisão;Não informado;Não informado;Não informado;Não informado;Não informado;Longo da via;0;1;0;0;1;0;0;0;0;1;0;0;0;(-38.5679601 -3.759353);
BVN8442;2021-01-23 14:17:00;Rua Bento Albuquerque;RUA ALMEIDA PRADO;;COCO;BVN8442;Colisão;Não informado;Não informado;Não informado;Não informado;Não informado;Longo da via;0;1;0;1;1;0;0;0;0;0;0;0;0;(-38.47589509095842 -3.746114233536157);
JIC8957;2021-02-20 13:38:00;Rua Princesa Isabel;;;CENTRO;JIC8957;Colisão;Não informado;Não informado;Não informado;Não informado;Não informado;Longo da via;0;1;0;1;1;0;0;0;0;0;0;0;0;(-38.5345646 -3.7236293);
RCP5226;2021-01-23 14:36:00;Avenida Senador Fernandes Távora;RUA BELEM;;DOM LUSTOSA;RCP5226;Colisão;Não informado;Não informado;Não informado;Não informado;Não informado;Longo da via;0;1;0;1;1;0;0;0;0;0;0;0;0;(-38.59208350000001 -3.7568994);
QZF1290;2021-02-20 13:17:00;Avenida Jovita Feitosa;;;PARQUELANDIA;QZF1290;Queda;Não informado;Não informado;Não informado;Não informado;Não informado;Longo da via;0;1;0;1;0;0;0;0;0;0;0;0;0;(-38.55069651860693 -3.738662886828717);
ANS2921;2021-01-23 15:09:00;Avenida Godofredo Maciel;;;MONDUBIM;ANS2921;Colisão;Não informado;Não informado;Não informado;Não informado;Não informado;Longo da via;0;1;0;1;1;0;0;0;0;0;0;0;0;(-38.5810602 -3.8309182);
IDG3312;2021-02-20 12:01:00;Rua Evaldo Braga;;;PADRE ANDRADE;IDG3312;Queda;Não informado;Não informado;Não informado;Não informado;Não informado;Longo da via;0;1;0;0;0;0;0;0;0;1;0;0;0;(-38.52895669999999 -3.84405);
SCN7165;2021-02-20 11:33:00;BR-116;;;CAJAZEIRAS;SCN7165;Queda;Não informado;Não informado;Não informado;Não informado;Não informado;Longo da via;0;2;0;1;0;0;0;0;0;0;0;0;0;(-38.5200174280805 -3.757826423198855);
EYT5247;2021-01-23 15:29:00;Rua Pereira Filgueiras;RUA CARLOS VASCONCELOS;;MEIRELES;EYT5247;Colisão;Não informado;Não informado;Não informado;Não informado;Não informado;Longo da via;0;1;0;1;1;0;0;0;0;0;0;0;0;(-38.50951925402055 -3.729412851110988);
GNO8546;2021-02-20 11:01:00;Avenida Santos Dumont;;;PAPICU;GNO8546;Colisão;Não informado;Não informado;Não informado;Não informado;Não informado;Longo da via;0;1;0;2;0;0;0;0;0;0;0;0;0;(-38.4843869445258 -3.740707731099709);
EUG3199;2021-07-10 21:50:00;Avenida Senador Carlos Jereissati;;;DIAS MACEDO;EUG3199;Atropelamento;Anoitecer;Não informado;Não informado;Não informado;Não informado;Longo da via;1;0;1;0;1;0;0;0;0;0;0;0;0;(-38.51753 -3.7844614);
NYF1200;2021-07-08 17:20:00;AV MISTER HULL;;;FARIAS BRITO;NYF1200;Choque c/ Obstáculo Fixo;Luz do Dia;Não informado;Não informado;Não informado;Não informado;Longo da via;1;0;0;1;0;0;0;0;0;0;0;0;0;(-38.54241756845444 -3.730979790195275);
DZB6435;2021-02-20 10:59:00;Avenida Dom Manuel;;;CENTRO;DZB6435;Choque c/ Obstáculo Fixo;Não informado;Não informado;Não informado;Não informado;Não informado;Longo da via;0;2;0;0;1;0;0;0;0;0;0;0;0;(-38.52152483728796 -3.729573442839863);
EVX0602;2021-07-08 13:36:00;Rua Pereira de Miranda;;;PAPICU;EVX0602;Atropelamento;Não informado;Não informado;Não informado;Não informado;Não informado;Longo da via;1;0;1;0;0;0;0;1;0;0;0;0;0;(-38.48152568023509 -3.739882450324751);
VPC4955;2021-01-23 16:26:00;Avenida Governador Raul Barbosa;;;AEROLANDIA;VPC4955;Queda;Não informado;Não informado;Não informado;Não informado;Não informado;Longo da via;0;1;0;1;0;0;0;0;0;0;0;0;0;(-38.51372495963252 -3.777615812052393);
VLZ3868;2021-02-20 10:41:00;Rua Demétrio Menezes;;;ANTONIO BEZERRA;VLZ3868;Queda;Não informado;Não informado;Não informado;Não informado;Não informado;Longo da via;0;1;0;1;0;0;0;0;0;0;0;0;0;(-38.58361796073511 -3.739380188765348);