COD_ACIDENTE;DATA;LOG1;LOG2;NUMERO;BAIRRO;AMC;NATUREZA;ILUMINACAO;TEMPO;SUPERFICIEPISTA;TIPOCRUZAMENTO;CONTROLETRAFEGO;USOSOLO;MORTOS;FERIDOS;ILESOS;MOTOCICLETA;AUTOMOVEL;MICROONIBUS;CAMINHAO;ONIBUS;CICLOMOTOR;BICICLETA;OUTROS;TREM;TRACAOANIMAL;COORDENADAS
RPY4936;2021-01-23 17:48:00;Rua 27 de Julho;RUA JURACI MAGALHAES;;PLANALTO AYRTON SENNA;RPY4936;Colisão;Não informado;Não informado;Não informado;Não informado;Não informado;Longo da via;0;3;0;2;0;0;0;0;0;0;0;0;0;(-38.57041612726008 -3.837195357179541);
XLV5642;2021-01-23 17:57:00;Rodovia Br116;;;CAJAZEIRAS;XLV5642;Queda;Não informado;Não informado;Não informado;Não informado;Não informado;Longo da via;0;1;0;1;0;0;0;0;0;0;0;0;0;(-38.50694802078298 -3.796593155149589);
NXT7790;2021-02-20 09:01:00;Avenida Borges de Melo;;;FATIMA;NXT7790;Colisão;Não informado;Não informado;Não informado;Não informado;Não informado;Longo da via;0;1;0;1;1;0;0;0;0;0;0;0;0;(-38.5341213 -3.7563791);
POA2211;2021-07-04 22:36:00;Avenida José Jatahy;;;BENFICA;POA2211;Atropelamento;Não informado;Não informado;Não informado;Não informado;Não informado;Longo da via;1;0;1;0;1;0;0;0;0;0;0;0;0;(-38.54331752494371 -3.74026435292652);
CMB5265;2021-01-23 18:28:00;Rua Descartes Braga;RUA CEL VIRGILIO NOGUEIRA (BOM JARDIM);;BOM JARDIM;CMB5265;Colisão;Não informado;Não informado;Não informado;Não informado;Não informado;Longo da via;0;1;0;1;1;0;0;0;0;0;0;0;0;(-38.61069754459154 -3.795145932459342);
ATF9280;2021-02-20 07:19:00;Rua Tebas;;;SIQUEIRA;ATF9280;Queda;Não informado;Não informado;Não informado;Não informado;Não informado;Longo da via;0;1;0;1;0;0;0;0;0;0;0;0;0;(-38.61924306134009 -3.811792526642507);
JSG0526;2021-01-23 19:47:00;Rua Sargento João Pinheiro;;;BOM JARDIM;JSG0526;Queda;Não informado;Não informado;Não informado;Não informado;Não informado;Longo da via;0;1;0;1;0;0;0;0;0;0;0;0;0;(-38.62315371950345 -3.784183626981747);
LPS9311;2021-01-23 20:28:00;Avenida Coronel Carvalho;;;BARRA DO CEARA;LPS9311;Colisão;Não informado;Não informado;Não informado;Não informado;Não informado;Longo da via;0;1;0;0;2;0;0;0;0;0;0;0;0;(-38.59122470878547 -3.704440481054873);
IQJ0527;2021-01-23 20:57:00;Rua Cândido Maia;;;ANTONIO BEZERRA;IQJ0527;Queda;Não informado;Não informado;Não informado;Não informado;Não informado;Longo da via;0;1;0;0;0;0;0;0;0;1;0;0;0;(-38.59027520421382 -3.737105161945625);
WBE6879;2021-01-23 20:57:00;Rua C;;;MONDUBIM;WBE6879;Colisão;Não informado;Não informado;Não informado;Não informado;Não informado;Longo da via;0;2;0;0;0;0;0;0;0;0;1;0;0;(-38.56322780733475 -3.820993512378071);
XXB9295;2021-01-23 21:16:00;Avenida Jovita Feitosa;;;PARQUELANDIA;XXB9295;Queda;Não informado;Não informado;Não informado;Não informado;Não informado;Longo da via;0;1;0;0;0;0;0;0;0;1;0;0;0;(-38.5554045 -3.7396894);
DEY3352;2021-01-23 22:06:00;Rua Vitória;;;HENRIQUE JORGE;DEY3352;Colisão;Não informado;Não informado;Não informado;Não informado;Não informado;Longo da via;0;1;0;0;0;0;0;0;0;0;1;0;0;(-38.58917013386511 -3.766401701865559);
JJH5394;2021-07-04 16:00:00;Avenida Leste Oeste;;;CRISTO REDENTOR;JJH5394;Atropelamento;Não informado;Não informado;Não informado;Não informado;Não informado;Longo da via;1;1;0;1;0;0;0;0;0;0;0;0;0;(-38.5643765 -3.7097777);
KZY4433;2021-01-23 22:46:00;Avenida Presidente Castelo Branco;;;CRISTO REDENTOR;KZY4433;Colisão;Não informado;Não informado;Não informado;Não informado;Não informado;Longo da via;0;1;0;1;1;0;0;0;0;0;0;0;0;(-38.55387226792069 -3.712272192151163);
OEF2953;2021-01-24 00:48:00;Rua Edílson Gomes;;;PICI;OEF2953;Colisão;Não informado;Não informado;Não informado;Não informado;Não informado;Longo da via;0;1;0;1;1;0;0;0;0;0;0;0;0;(-38.57215956452724 -3.759485815791813);
NOA7063;2021-01-24 00:55:00;Rua Homem de Melo;;;MESSEJANA;NOA7063;Colisão;Não informado;Não informado;Não informado;Não informado;Não informado;Longo da via;0;1;0;1;1;0;0;0;0;0;0;0;0;(-38.49260719999999 -3.8147868);
ATF9280;2021-02-20 00:55:00;Avenida Treze de Maio;;;ANTONIO BEZERRA;ATF9280;Colisão;Não informado;Não informado;Não informado;Não informado;Não informado;Longo da via;0;1;0;0;0;0;0;0;0;0;1;0;0;(-38.5943026 -3.7422543);
RCQ0845;2021-02-20 00:32:00;Avenida Dom Manuel;;;CENTRO;RCQ0845;Atropelamento;Não informado;Não informado;Não informado;Não informado;Não informado;Longo da via;0;1;0;0;1;0;0;0;0;0;0;0;0;(-38.52372423085221 -3.736216561632265);
CFE7896;2021-01-24 01:13:00;Rua Pinto Madeira;RUA GONCALVES LEDO;;CENTRO;CFE7896;Colisão;Não informado;Não informado;Não informado;Não informado;Não informado;Longo da via;0;1;0;1;1;0;0;0;0;0;0;0;0;(-38.51655034547678 -3.732626687501931);
CFE7896;2021-01-24 01:14:00;Avenida A;;;PREFEITO JOSE VALTER;CFE7896;Queda;Não informado;Não informado;Não informado;Não informado;Não informado;Longo da via;0;1;0;1;0;0;0;0;0;0;0;0;0;(-38.55117396541714 -3.82571975116928);
KVK9671;2021-02-19 23:59:00;Avenida Bernardo Manuel;;;PARQUE DOIS IRMAOS;KVK9671;Atropelamento;Não informado;Não informado;Não informado;Não informado;Não informado;Longo da via;0;1;0;1;0;0;0;0;0;0;0;0;0;(-38.5509378 -3.796412);
CLU4178;2021-02-19 23:12:00;Rua Gomes Brasil;;;PARANGABA;CLU4178;Colisão;Não informado;Não informado;Não informado;Não informado;Não informado;Longo da via;0;1;0;1;0;0;0;1;0;0;0;0;0;(-38.568247 -3.7729331);
FVL6519;2021-02-19 22:50:00;Avenida Antônio Sales;;;ALDEOTA;FVL6519;Colisão;Não informado;Não informado;Não informado;Não informado;Não informado;Longo da via;0;1;0;1;1;0;0;0;0;0;0;0;0;(-38.50257235683355 -3.745396937113908);
ERB9299;2021-01-24 01:22:00;Avenida Radialista João Ramos;;;PREFEITO JOSE VALTER;ERB9299;Colisão;Não informado;Não informado;Não informado;Não informado;Não informado;Longo da via;0;2;0;2;0;0;0;0;0;0;0;0;0;(-38.5783071882931 -3.840599471873026);
UFM1032;2021-02-19 22:27:00;Avenida da Abolição;;;MEIRELES;UFM1032;Atropelamento;Não informado;Não informado;Não informado;Não informado;Não informado;Longo da via;0;1;0;0;1;0;0;0;0;0;0;0;0;(-38.49428428288896 -3.727100326962478);
RAH2510;2021-01-24 01:40:00;Rua Dom Xisto Albano;AV PERIMETRAL;;PARQUE SAO JOSE;RAH2510;Colisão;Não informado;Não informado;Não informado;Não informado;Não informado;Longo da via;0;1;0;1;1;0;0;0;0;0;0;0;0;(-38.5853106 -3.7967871);
JBF2562;2021-02-19 22:18:00;Rua Doutor Thompson Bulcão;;;ENGENHEIRO LUCIANO CAVALCANTE;JBF2562;Colisão;Não informado;Não informado;Não informado;Não informado;Não informado;Longo da via;0;1;0;0;0;0;0;0;0;0;0;0;0;(-38.49541623913316 -3.76851606783574);
TLO0716;2021-02-19 21:36:00;Avenida Washington Soares;;;PAUPINA;TLO0716;Queda;Não informado;Não informado;Não informado;Não informado;Não informado;Longo da via;0;1;0;0;0;0;0;0;0;1;0;0;0;(-38.48054066524328 -3.844645854695242);
LXX7184;2021-01-24 01:59:00;Rua Júlio Silva;;;PRAIA DO FUTURO I;LXX7184;Atropelamento;Não informado;Não informado;Não informado;Não informado;Não informado;Longo da via;0;1;0;0;0;0;0;0;0;0;0;0;0;(-38.4540672556981 -3.745065053495745);
ULG7702;2021-01-24 02:21:00;Rua Elisa Baldo;RUA PARAGUACU D45;;SERRINHA;ULG7702;Colisão;Não informado;Não informado;Não informado;Não informado;Não informado;Longo da via;0;3;0;2;0;0;0;0;0;0;0;0;0;(-38.54695752580837 -3.784874127860452);
MVN4721;2021-01-24 02:28:00;Rua Bragança;RUA LONDRINA;;GRANJA PORTUGAL;MVN4721;Colisão;Não informado;Não informado;Não informado;Não informado;Não informado;Longo da via;0;1;0;2;0;0;0;0;0;0;0;0;0;(-38.597098 -3.7827492);
LAG4803;2021-01-24 03:50:00;Avenida Norte Sul;;;PARQUE DOIS IRMAOS;LAG4803;Colisão;Não informado;Não informado;Não informado;Não informado;Não informado;Longo da via;0;1;0;1;1;0;0;0;0;0;0;0;0;(-38.54611533727758 -3.798518098075442);
LIP8297;2021-01-24 11:29:00;Rua Jatobá;;;LAGOA REDONDA;LIP8297;Atropelamento;Não informado;Não informado;Não informado;Não informado;Não informado;Longo da via;0;1;0;0;1;0;0;0;0;0;0;0;0;(-38.44723836116389 -3.815871160753046);
ZIR8347;2021-01-24 14:04:00;Rua André Chaves;RUA ALBERTO MAGNO;;JARDIM AMERICA;ZIR8347;Colisão;Não informado;Não informado;Não informado;Não informado;Não informado;Longo da via;0;1;0;1;1;0;0;0;0;0;0;0;0;(-38.5422194 -3.7560367);
MCF1188;2021-01-24 15:08:00;Rua Dona Lúcia Pinheiro;;;QUINTINO CUNHA;MCF1188;Colisão;Não informado;Não informado;Não informado;Não informado;Não informado;Longo da via;0;1;0;1;1;0;0;0;0;0;0;0;0;(-38.6035253200315 -3.730467402927691);
SJF5126;2021-01-24 17:25:00;Rua João Gentil;;;BOM JARDIM;SJF5126;Colisão;Não informado;Não informado;Não informado;Não informado;Não informado;Longo da via;0;1;0;1;1;0;0;0;0;0;0;0;0;(-38.6266429 -3.790995399999999);
HIZ2499;2021-02-19 21:21:00;Avenida H;AV C CJ CEARA;;CONJUNTO CEARA I;HIZ2499;Colisão;Não informado;Não informado;Não informado;Não informado;Não informado;Longo da via;0;1;0;1;1;0;0;0;0;0;0;0;0;(-38.6163582 -3.7764815);
ZSH8700;2021-02-19 21:12:00;Avenida Washington Soares;;;PAUPINA;ZSH8700;Colisão;Não informado;Não informado;Não informado;Não informado;Não informado;Longo da via;0;1;0;0;0;0;0;0;0;0;1;0;0;(-38.4794195014059 -3.802752020688869);
GUM8241;2021-02-19 20:33:00;Avenida Bernardo Manuel;;;SERRINHA;GUM8241;Colisão;Não informado;Não informado;Não informado;Não informado;Não informado;Longo da via;0;1;0;1;1;0;0;0;0;0;0;0;0;(-38.54731158138617 -3.785152469144255);
VUM3018;2021-02-19 20:16:00;Rua Conselheiro Lafayette;;;JARDIM IRACEMA;VUM3018;Colisão;Não informado;Não informado;Não informado;Não informado;Não informado;Longo da via;0;1;0;0;1;0;0;0;0;1;0;0;0;(-38.58452991344225 -3.717855522733082);
WIG2590;2021-02-19 20:09:00;Avenida Beira Mar;;;MUCURIPE;WIG2590;Queda;Não informado;Não informado;Não informado;Não informado;Não informado;Longo da via;0;1;0;0;0;0;0;0;0;1;0;0;0;(-38.48528285582068 -3.723321049874557);
MYZ2219;2021-01-24 17:37:00;Rua Carlos Câmara;RUA MAJ WEYNE;;JARDIM AMERICA;MYZ2219;Colisão;Não informado;Não informado;Não informado;Não informado;Não informado;Longo da via;0;1;0;0;2;0;0;0;0;0;0;0;0;(-38.5444969 -3.748592399999999);
MLP4308;2021-02-19 19:44:00;Avenida Senador Virgílio Távora;RUA PRO FRANCISCO GONCALVES;;ALDEOTA;MLP4308;Colisão;Não informado;Não informado;Não informado;Não informado;Não informado;Longo da via;0;1;0;1;1;0;0;0;0;0;0;0;0;(-38.4968751 -3.7482085);
LYX3062;2021-02-19 18:56:00;Rua Cônego de Castro;;;PARQUE SANTA ROSA;LYX3062;Colisão;Não informado;Não informado;Não informado;Não informado;Não informado;Longo da via;0;1;0;0;0;0;0;0;0;0;1;0;0;(-38.5992606001913 -3.81524491504122);
MOF2582;2021-01-24 20:13:00;Rua Marechal Deodoro;;;BENFICA;MOF2582;Atropelamento;Não informado;Não informado;Não informado;Não informado;Não informado;Longo da via;0;1;0;0;1;0;0;0;0;0;0;0;0;(-38.53759124747137 -3.745396937113908);
LDA9291;2021-02-19 18:46:00;Rua Aluísio Azevedo;;;JOQUEI CLUBE;LDA9291;Colisão;Não informado;Não informado;Não informado;Não informado;Não informado;Longo da via;0;1;0;1;1;0;0;0;0;0;0;0;0;(-38.5769928950852 -3.771320940330442);
YVN4445;2021-01-24 22:35:00;Rua José Hipólito;;;MESSEJANA;YVN4445;Queda;Não informado;Não informado;Não informado;Não informado;Não informado;Longo da via;0;1;0;1;0;0;0;0;0;0;0;0;0;(-38.48264351922216 -3.837457624360083);
RHK0545;2021-02-19 18:00:00;Avenida Doutor Silas Munguba;;;BOA VISTA;RHK0545;Colisão;Não informado;Não informado;Não informado;Não informado;Não informado;Longo da via;0;1;0;1;1;0;0;0;0;0;0;0;0;(-38.52544107458681 -3.806478096253479);
CIC7835;2021-01-24 23:32:00;Rua Verbena;;;BONSUCESSO;CIC7835;Colisão;Não informado;Não informado;Não informado;Não informado;Não informado;Longo da via;0;1;0;2;0;0;0;0;0;0;0;0;0;(-38.58921840635546 -3.78293644182926);
CHJ3953;2021-01-25 00:06:00;Avenida Antônio Sales;RUA JOAO BRIGIDO;;JOAQUIM TVORA;CHJ3953;Atropelamento;Não informado;Não informado;Não informado;Não informado;Não informado;Longo da via;0;1;0;0;0;0;0;0;0;0;1;0;0;(-38.52354185330642 -3.738582591799296);
DAW1198;2021-01-25 01:00:00;Rua Pedro Machado;;;DAMAS;DAW1198;Colisão;Não informado;Não informado;Não informado;Não informado;Não informado;Longo da via;0;1;0;0;0;0;0;0;0;0;1;0;0;(-38.55046049476965 -3.754678921480805);
RVJ5928;2021-01-25 01:52:00;Avenida Doutor Aldy Mentor;;;CIDADE 2000;RVJ5928;Colisão;Não informado;Não informado;Não informado;Não informado;Não informado;Longo da via;0;1;0;1;1;0;0;0;0;0;0;0;0;(-38.46847436869601 -3.75303223291824);
VXS8853;2021-01-25 02:11:00;Rua Vitória;;;HENRIQUE JORGE;VXS8853;Colisão;Não informado;Não informado;Não informado;Não informado;Não informado;Longo da via;0;1;0;1;1;0;0;0;0;0;0;0;0;(-38.5883010990826 -3.764822615068746);
IAQ9059;2021-01-25 03:09:00;Avenida Presidente Costa e Silva;;;PREFEITO JOSE VALTER;IAQ9059;Queda;Não informado;Não informado;Não informado;Não informado;Não informado;Longo da via;0;1;0;0;0;0;0;0;0;1;0;0;0;(-38.5503326 -3.823450799999999);
FNO7357;2021-01-25 09:39:00;Avenida Heráclito Graça;;;CENTRO;FNO7357;Colisão;Não informado;Não informado;Não informado;Não informado;Não informado;Longo da via;0;1;0;0;0;0;0;0;0;0;1;0;0;(-38.5206450724965 -3.734685597535806);
PJJ2736;2021-01-25 10:50:00;Avenida General Osório de Paiva;;;CANINDEZINHO;PJJ2736;Queda;Não informado;Não informado;Não informado;Não informado;Não informado;Longo da via;0;1;0;1;0;0;0;0;0;0;0;0;0;(-38.6142656 -3.8173795);
YAM7930;2021-01-25 11:00:00;Avenida Doutor Theberge;;;ALVARO WEYNE;YAM7930;Colisão;Não informado;Não informado;Não informado;Não informado;Não informado;Longo da via;0;1;0;1;1;0;0;0;0;0;0;0;0;(-38.56584564614822 -3.717454038012228);
KCH4118;2021-01-25 13:22:00;Avenida Professor Gomes de Matos;;;MONTESE;KCH4118;Colisão;Não informado;Não informado;Não informado;Não informado;Não informado;Longo da via;0;1;0;1;1;0;0;0;0;0;0;0;0;(-38.5474403194432 -3.763302406768948);
SYC2469;2021-02-19 17:27:00;Rua Gabriel Fiúsa;RUA DR ESTENIO GOMES;;VILA PERY;SYC2469;Colisão;Não informado;Não informado;Não informado;Não informado;Não informado;Longo da via;0;1;0;1;1;0;0;0;0;0;0;0;0;(-38.579342 -3.7877022);
KSL2986;2021-02-19 17:12:00;Rua Padre Pedro de Alencar;;;MESSEJANA;KSL2986;Colisão;Não informado;Não informado;Não informado;Não informado;Não informado;Longo da via;0;1;0;1;1;0;0;0;0;0;0;0;0;(-38.494439 -3.833315);
LWO4449;2021-02-19 16:26:00;Avenida General Osório de Paiva;;;BOM JARDIM;LWO4449;Queda;Não informado;Não informado;Não informado;Não informado;Não informado;Longo da via;0;1;0;0;0;0;0;0;0;1;0;0;0;(-38.5632873 -3.7730053);
GQD2092;2021-02-19 15:33:00;Avenida Rogaciano Leite;;;SAPIRANGA / COITE;GQD2092;Colisão;Não informado;Não informado;Não informado;Não informado;Não informado;Longo da via;0;1;0;1;1;0;0;0;0;0;0;0;0;(-38.49193469523757 -3.759207466286938);
VQC1957;2021-02-19 13:51:00;Rua Nossa Senhora Aparecida;;;GENIBAU;VQC1957;Colisão;Não informado;Não informado;Não informado;Não informado;Não informado;Longo da via;0;2;0;2;0;0;0;0;0;0;0;0;0;(-38.6038804 -3.7576734);
USF5529;2021-01-25 13:55:00;Avenida Major Assis;RUA ANTONIO ARRUDA;;JARDIM GUANABARA;USF5529;Colisão;Não informado;Não informado;Não informado;Não informado;Não informado;Longo da via;0;2;0;1;1;0;0;0;0;0;0;0;0;(-38.59458282321233 -3.722105896428689);
BKC4687;2021-02-19 13:00:00;Rua dos Tabajaras;;;PRAIA DE IRACEMA;BKC4687;Queda;Não informado;Não informado;Não informado;Não informado;Não informado;Longo da via;0;1;0;0;0;0;0;0;0;1;0;0;0;(-38.51565615762976 -3.719472166025447);
KES7550;2021-02-19 12:36:00;Avenida Alberto Craveiro;;;AEROLANDIA;KES7550;Colisão;Não informado;Não informado;Não informado;Não informado;Não informado;Longo da via;0;2;0;1;1;0;0;0;0;0;0;0;0;(-38.51733521437404 -3.790901267183889);
MPU3387;2021-02-19 10:45:00;Avenida Leste Oeste;;;;MPU3387;Colisão;Não informado;Não informado;Não informado;Não informado;Não informado;Longo da via;0;1;0;1;1;0;0;0;0;0;0;0;0;(-38.56817917010239 -3.708444672840367);
HFL4637;2021-02-19 10:43:00;Rua Meruoca;;;VARJOTA;HFL4637;Colisão;Não informado;Não informado;Não informado;Não informado;Não informado;Longo da via;0;1;0;2;0;0;0;0;0;0;0;0;0;(-38.48297075012945 -3.730756467671708);
EUC3946;2021-01-25 14:03:00;Avenida Oliveira Paiva;;;CIDADE DOS FUNCIONRAIOS;EUC3946;Colisão;Não informado;Não informado;Não informado;Não informado;Não informado;Longo da via;0;1;0;1;1;0;0;0;0;0;0;0;0;(-38.5015155446659 -3.797918602928646);
SCE9751;2021-02-19 10:29:00;Rua Emílio de Menezes;;;BONSUCESSO;SCE9751;Colisão;Não informado;Não informado;Não informado;Não informado;Não informado;Longo da via;0;1;0;2;0;0;0;0;0;0;0;0;0;(-38.5957843 -3.7793981);
ZMV2707;2021-02-19 10:29:00;Rua Emílio de Menezes;;;BONSUCESSO;ZMV2707;Colisão;Não informado;Não informado;Não informado;Não informado;Não informado;Longo da via;0;1;0;2;0;0;0;0;0;0;0;0;0;(-38.59239951539566 -3.780345716720158);
UHC5414;2021-01-08 23:38:00;Avenida Américo Barreira;;;DEMOCRITO ROCHA;UHC5414;Colisão;Não informado;Não informado;Não informado;Não informado;Não informado;Longo da via;0;1;0;2;0;0;0;0;0;0;0;0;0;(-38.5657619 -3.7627981);
SAI9542;2021-02-19 10:27:00;Avenida Almirante Barroso;;;PRAIA DE IRACEMA;SAI9542;Colisão;Não informado;Não informado;Não informado;Não informado;Não informado;Longo da via;0;1;0;1;1;0;0;0;0;0;0;0;0;(-38.51399855034735 -3.720119893135094);
SVE6739;2021-02-19 10:25:00;Avenida Presidente Castelo Branco;;;PIRAMBU;SVE6739;Colisão;Não informado;Não informado;Não informado;Não informado;Não informado;Longo da via;0;1;0;1;1;0;0;0;0;0;0;0;0;(-38.5523643 -3.7125347);
QNO8907;2021-01-08 23:18:00;BR-116;;;AEROLANDIA;QNO8907;Atropelamento;Não informado;Não informado;Não informado;Não informado;Não informado;Longo da via;0;1;0;0;1;0;0;0;0;0;0;0;0;(-38.5145469 -3.7791359);
FCM2811;2021-02-19 08:49:00;Avenida Washington Soares;;;LAGOA REDONDA;FCM2811;Queda;Não informado;Não informado;Não informado;Não informado;Não informado;Longo da via;0;1;0;1;0;0;0;0;0;0;0;0;0;(-38.48152771370378 -3.825179152129085);
JGH2401;2021-02-18 23:38:00;Avenida Contorno Sul;;;SAO BENTO;JGH2401;Colisão;Não informado;Não informado;Não informado;Não informado;Não informado;Longo da via;0;2;0;1;1;0;0;0;0;0;0;0;0;(-38.5906024297258 -3.814698956868724);
ACG2651;2021-01-25 16:59:00;Avenida Presidente Castelo Branco;;;PIRAMBU;ACG2651;Atropelamento;Não informado;Não informado;Não informado;Não informado;Não informado;Longo da via;0;1;0;0;1;0;0;0;0;0;0;0;0;(-38.55496660263058 -3.712025946652678);
WKF8759;2021-01-08 22:26:00;Avenida Mister Hull;;;ANTONIO BEZERRA;WKF8759;Colisão;Não informado;Não informado;Não informado;Não informado;Não informado;Longo da via;0;2;0;2;0;0;0;0;0;0;0;0;0;(-38.583637 -3.7380372);
NOU9684;2021-02-18 22:41:00;Avenida Presidente Costa e Silva;;;MONDUBIM;NOU9684;Colisão;Não informado;Não informado;Não informado;Não informado;Não informado;Longo da via;0;1;0;1;1;0;0;0;0;0;0;0;0;(-38.56851176613145 -3.815801577918723);
DSG1497;2021-01-25 17:55:00;Rua Salgado Filho;;;ANTONIO BEZERRA;DSG1497;Colisão;Não informado;Não informado;Não informado;Não informado;Não informado;Longo da via;0;1;0;1;1;0;0;0;0;0;0;0;0;(-38.59516755017288 -3.741141323120048);
FKO1225;2021-02-18 21:42:00;Rua Tupi;;;JOAO XXIII;FKO1225;Colisão;Não informado;Não informado;Não informado;Não informado;Não informado;Longo da via;0;1;0;1;1;0;0;0;0;0;0;0;0;(-38.5825237 -3.766747899999999);
BMW7407;2021-01-25 19:15:00;Rua Barão do Rio Branco;RUA PDE MIGUELINHO;;FATIMA;BMW7407;Colisão;Não informado;Não informado;Não informado;Não informado;Não informado;Longo da via;0;1;0;1;1;0;0;0;0;0;0;0;0;(-38.5305725 -3.7337034);
QMU7586;2021-01-08 22:20:00;RUA CANDIDO MAIA;;;ANTONIO BEZERRA;QMU7586;Queda;Não informado;Não informado;Não informado;Não informado;Não informado;Longo da via;0;1;0;0;0;0;0;0;0;1;0;0;0;(-38.59010890584742 -3.737110514956834);
OJJ1220;2021-02-18 21:33:00;Rua Coronel Jucá;AV SANTOS DUMONT;;ALDEOTA;OJJ1220;Colisão;Não informado;Não informado;Não informado;Não informado;Não informado;Longo da via;0;1;0;1;1;0;0;0;0;0;0;0;0;(-38.4915447 -3.7384359);
DPQ1183;2021-02-18 20:38:00;Avenida General Osório de Paiva;;;CANINDEZINHO;DPQ1183;Colisão;Não informado;Não informado;Não informado;Não informado;Não informado;Longo da via;0;0;0;0;0;0;0;0;0;0;1;0;0;(-38.6014995 -3.8045001);
DMU6469;2021-01-25 19:22:00;Avenida H;;;CONJUNTO CEARA II;DMU6469;Queda;Não informado;Não informado;Não informado;Não informado;Não informado;Longo da via;0;1;0;1;0;0;0;0;0;0;0;0;0;(-38.6031658974553 -3.774848429339149);
SDK1285;2021-01-25 20:24:00;Avenida João de Araújo Lima;;;PREFEITO JOSE VALTER;SDK1285;Colisão;Não informado;Não informado;Não informado;Não informado;Não informado;Longo da via;0;1;0;1;1;0;0;0;0;0;0;0;0;(-38.5616754 -3.8373753);
IRD9680;2021-01-25 21:49:00;Rua 1018;;;CONJUNTO CEARA I;IRD9680;Colisão;Não informado;Não informado;Não informado;Não informado;Não informado;Longo da via;0;1;0;1;0;0;1;0;0;0;0;0;0;(-38.6174568 -3.7700086);
YZJ1759;2021-06-13 05:15:00;AV A;;;CONJUNTO CEARA I;YZJ1759;Colisão;Não informado;Não informado;Não informado;Meio de quadra;Não informado;Longo da via;1;2;0;2;0;0;0;0;0;0;0;0;0;(-38.6047922 -3.7711497);
IGZ8000;2021-01-25 22:37:00;BR-116;;;AEROLANDIA;IGZ8000;Colisão;Não informado;Não informado;Não informado;Não informado;Não informado;Longo da via;0;2;0;1;1;0;0;0;0;0;0;0;0;(-38.51558641292345 -3.774634318123288);
UDU8627;2021-06-01 21:48:00;Avenida Duque de Caxias;;;CENTRO;UDU8627;Atropelamento;Não informado;Não informado;Não informado;Não informado;Não informado;Longo da via;1;0;1;1;0;0;0;0;0;0;0;0;0;(-38.542938 -3.727558);
JBG5617;2021-01-25 23:23:00;Rua Catolé;;;CONJUNTO PALMEIRAS;JBG5617;Colisão;Não informado;Não informado;Não informado;Não informado;Não informado;Longo da via;0;1;0;0;0;0;0;0;0;0;0;0;0;(-38.5203081 -3.8465054);
MXD5855;2021-01-25 23:27:00;Rua Consolo;;;CONJUNTO PALMEIRAS;MXD5855;Atropelamento;Não informado;Não informado;Não informado;Não informado;Não informado;Longo da via;0;1;0;1;0;0;0;0;0;0;0;0;0;(-38.52284982883674 -3.843008035389015);
IDQ7083;2021-01-25 23:37:00;Avenida Antônio Justa;RUA CASTRO MONTE;;VARJOTA;IDQ7083;Atropelamento;Não informado;Não informado;Não informado;Não informado;Não informado;Longo da via;0;1;0;0;1;0;0;0;0;0;0;0;0;(-38.4861479 -3.7305942);
VXV1935;2021-01-26 02:10:00;Avenida Mister Hull;RUA RUI MONTE;;ANTONIO BEZERRA;VXV1935;Colisão;Não informado;Não informado;Não informado;Não informado;Não informado;Longo da via;0;2;0;0;2;0;0;0;0;0;0;0;0;(-38.5875708 -3.7390269);
XWK1575;2021-06-28 18:30:00;Avenida dos Paroaras;;;PASSARE;XWK1575;Atropelamento;Não informado;Não informado;Não informado;Não informado;Não informado;Longo da via;1;0;1;0;1;0;0;0;0;0;0;0;0;(-38.5420845 -3.8090394);
LIY4516;2021-01-26 02:24:00;Rua Júlio Silva;;;PRAIA DO FUTURO I;LIY4516;Atropelamento;Não informado;Não informado;Não informado;Não informado;Não informado;Longo da via;0;1;0;0;0;0;0;0;0;0;1;0;0;(-38.45417454875027 -3.745139994968912);
DOA0103;2021-01-26 03:22:00;Rua Cônego de Castro;;;VILA PERY;DOA0103;Colisão;Não informado;Não informado;Não informado;Não informado;Não informado;Longo da via;0;2;0;0;0;0;0;1;0;0;0;0;0;(-38.56933786985296 -3.780613353970203);
ZMD6780;2021-06-29 20:16:00;BR 116;;;CAJAZEIRAS;ZMD6780;Atropelamento;Não informado;Não informado;Não informado;Não informado;Não informado;Longo da via;1;1;0;1;0;0;0;0;0;0;0;0;0;(-38.50998455252567 -3.789713891272644);