COD_ACIDENTE;DATA;LOG1;LOG2;NUMERO;BAIRRO;AMC;NATUREZA;ILUMINACAO;TEMPO;SUPERFICIEPISTA;TIPOCRUZAMENTO;CONTROLETRAFEGO;USOSOLO;MORTOS;FERIDOS;ILESOS;MOTOCICLETA;AUTOMOVEL;MICROONIBUS;CAMINHAO;ONIBUS;CICLOMOTOR;BICICLETA;OUTROS;TREM;TRACAOANIMAL;COORDENADAS
LJY5778;2021-01-26 10:51:00;Avenida Alberto Craveiro;;;PASSARE;LJY5778;Colisão;Não informado;Não informado;Não informado;Não informado;Não informado;Longo da via;0;1;0;1;1;0;0;0;0;0;0;0;0;(-38.51734592374009 -3.79097085202859);
KFK8428;2021-01-26 10:56:00;Avenida Coronel Carvalho;;;BARRA DO CEARA;KFK8428;Queda;Não informado;Não informado;Não informado;Não informado;Não informado;Longo da via;0;1;0;1;0;0;0;0;0;0;0;0;0;(-38.58898774201005 -3.712861039803866);
UWL9408;2021-01-26 12:06:00;Avenida Tenente José Newton;RUA EUDES CARDOSO;;MESSEJANA;UWL9408;Colisão;Não informado;Não informado;Não informado;Não informado;Não informado;Longo da via;0;1;0;1;1;0;0;0;0;0;0;0;0;(-38.49170938405044 -3.825521709976319);
WNV7091;2021-01-26 12:42:00;Avenida João Pessoa;RUA PDE CICERO;;BENFICA;WNV7091;Colisão;Não informado;Não informado;Não informado;Não informado;Não informado;Longo da via;0;1;0;0;1;0;0;0;0;1;0;0;0;(-38.54347066417589 -3.745793056106348);
TDQ2295;2021-01-26 13:37:00;Rua Cônego de Castro;;;CANINDEZINHO;TDQ2295;Colisão;Não informado;Não informado;Não informado;Não informado;Não informado;Longo da via;0;2;0;1;1;0;0;0;0;0;0;0;0;(-38.58982049999999 -3.8026072);
MVU0271;2021-02-18 19:54:00;Rua Lauro Maia;;;FATIMA;MVU0271;Colisão;Não informado;Não informado;Não informado;Não informado;Não informado;Longo da via;0;1;0;0;0;0;0;0;0;0;1;0;0;(-38.522747 -3.7480012);
QGR5897;2021-02-18 19:21:00;Avenida Washington Soares;;;EDSON QUEIROZ;QGR5897;Colisão;Não informado;Não informado;Não informado;Não informado;Não informado;Longo da via;0;1;0;0;0;0;0;0;0;0;1;0;0;(-38.48202663507573 -3.769003174204396);
VPV2435;2021-02-18 19:04:00;Avenida Frei Cirilo;;;MESSEJANA;VPV2435;Atropelamento;Não informado;Não informado;Não informado;Não informado;Não informado;Longo da via;0;1;0;1;0;0;0;0;0;0;0;0;0;(-38.49926784483201 -3.813184188750437);
OYX4940;2021-02-18 17:48:00;Rua Pedro Dantas;;;DIAS MACEDO;OYX4940;Colisão;Não informado;Não informado;Não informado;Não informado;Não informado;Longo da via;0;1;0;1;1;0;0;0;0;0;0;0;0;(-38.52223829761399 -3.785869732809424);
GPG1530;2021-02-18 17:10:00;Rua Wenefrido Melo;;;MONDUBIM;GPG1530;Colisão;Não informado;Não informado;Não informado;Não informado;Não informado;Longo da via;0;1;0;1;1;0;0;0;0;0;0;0;0;(-38.57669249002132 -3.810026183031577);
GWP9984;2021-02-18 16:34:00;Avenida General Osório de Paiva;;;SIQUEIRA;GWP9984;Colisão;Não informado;Não informado;Não informado;Não informado;Não informado;Longo da via;0;1;0;1;1;0;0;0;0;0;0;0;0;(-38.58367157793889 -3.786533468806101);
ZRE1476;2021-02-18 15:58:00;Estrada Barão de Aquiraz;;;COACU;ZRE1476;Colisão;Não informado;Não informado;Não informado;Não informado;Não informado;Longo da via;0;1;0;1;1;0;0;0;0;0;0;0;0;(-38.4844008 -3.8415008);
YIO3689;2021-02-18 15:06:00;Avenida Coronel Miguel Dias;;;ENGENHEIRO LUCIANO CAVALCANTE;YIO3689;Colisão;Não informado;Não informado;Não informado;Não informado;Não informado;Longo da via;0;1;0;2;0;0;0;0;0;0;0;0;0;(-38.4873165 -3.7689957);
VPJ4745;2021-02-18 14:44:00;Rua Elizeu Oriá;;;SAPIRANGA / COITE;VPJ4745;Colisão;Não informado;Não informado;Não informado;Não informado;Não informado;Longo da via;0;1;0;1;1;0;0;0;0;0;0;0;0;(-38.47732202193192 -3.796532268806966);
CGR0792;2021-02-18 12:55:00;Rua Meton de Alencar;;;CENTRO;CGR0792;Atropelamento;Não informado;Não informado;Não informado;Não informado;Não informado;Longo da via;0;1;0;1;0;0;0;0;0;0;0;0;0;(-38.5363145277092 -3.731859195266192);
UAX8879;2021-02-18 12:51:00;Avenida Tristão Gonçalves;RUA GUILHERME ROCHA;;CENTRO;UAX8879;Colisão;Não informado;Não informado;Não informado;Não informado;Não informado;Longo da via;0;1;0;1;1;0;0;0;0;0;0;0;0;(-38.5327019 -3.7254543);
XGP6415;2021-02-18 11:50:00;Rua Desembargador Praxedes;;;MONTESE;XGP6415;Colisão;Não informado;Não informado;Não informado;Não informado;Não informado;Longo da via;0;1;0;1;1;0;0;0;0;0;0;0;0;(-38.54832546155453 -3.759887281267347);
GQQ9339;2021-02-18 10:23:00;Avenida Bernardo Manuel;;;ITAPERI;GQQ9339;Colisão;Não informado;Não informado;Não informado;Não informado;Não informado;Longo da via;0;2;0;2;0;0;0;0;0;0;0;0;0;(-38.54800357371862 -3.78769500557573);
POH6161;2021-02-18 09:55:00;Avenida Alberto Craveiro;;;PASSARE;POH6161;Colisão;Não informado;Não informado;Não informado;Não informado;Não informado;Longo da via;0;1;0;1;0;0;0;1;0;0;0;0;0;(-38.51868168939855 -3.798346813790275);
DZH3331;2021-02-18 03:40:00;Avenida Mister Hull;;;ANTONIO BEZERRA;DZH3331;Queda;Não informado;Não informado;Não informado;Não informado;Não informado;Longo da via;0;2;0;1;0;0;0;0;0;0;0;0;0;(-38.58145076353134 -3.738400589705364);
PFD7409;2021-02-18 00:49:00;Avenida Borges de Melo;;;FATIMA;PFD7409;Colisão;Não informado;Não informado;Não informado;Não informado;Não informado;Longo da via;0;1;0;0;0;0;0;0;0;0;1;0;0;(-38.52799967389857 -3.760326216642374);
FJT4568;2021-02-17 23:57:00;Rua Monsenhor Catão;;;ALDEOTA;FJT4568;Colisão;Não informado;Não informado;Não informado;Não informado;Não informado;Longo da via;0;1;0;1;1;0;0;0;0;0;0;0;0;(-38.4918443 -3.7426697);
HAI5429;2021-06-29 05:30:00;AV GODOFREDO MACIEL;;;MONDUBIM;HAI5429;Atropelamento;Não informado;Não informado;Não informado;Não informado;Não informado;Longo da via;1;0;1;0;1;0;0;0;0;0;0;0;0;(-38.57814386300823 -3.822487776740272);
CZQ5338;2021-06-27 06:00:00;Rua Urucutuba;;;BOM JARDIM;CZQ5338;Queda;Não informado;Não informado;Não informado;Não informado;Não informado;Longo da via;1;1;0;1;0;0;0;0;0;0;0;0;0;(-38.61149459561003 -3.798021223011911);
DDJ1110;2021-06-27 09:35:00;Avenida Borges de Melo;;;VILA UNIAO;DDJ1110;Colisão;Não informado;Não informado;Não informado;Não informado;Não informado;Longo da via;1;0;1;1;1;0;0;0;0;0;0;0;0;(-38.53018835340522 -3.759972927211533);
PDZ9773;2021-06-25 04:27:00;Avenida Doutor Silas Munguba;;;ITAPERI;PDZ9773;Choque c/ Obstáculo Fixo;Não informado;Não informado;Não informado;Não informado;Não informado;Longo da via;1;3;0;0;1;0;0;0;0;0;0;0;0;(-38.55181519732059 -3.785501315620921);
SVQ7795;2021-06-24 19:20:00;Avenida Alanis Maria Laurindo de Oliveira;;;CONJUNTO CEARA II;SVQ7795;Choque c/ Obstáculo Fixo;Luz do Dia;Não informado;Não informado;Não informado;Não informado;Longo da via;1;0;0;1;0;0;0;0;0;0;0;0;0;(-38.60410755301756 -3.763710143355369);
HKH3181;2021-06-22 20:50:00;Rua Cônego de Castro;;;PARANGABA;HKH3181;Atropelamento;Não informado;Não informado;Não informado;Não informado;Não informado;Longo da via;1;0;0;0;1;0;0;0;0;0;0;0;0;(-38.56504932734015 -3.775898493541614);
PLD4272;2021-06-10 14:45:00;Rua Padre Rodolfo;;;MONDUBIM;PLD4272;Colisão Transversal;Não informado;Não informado;Não informado;Não informado;Não informado;Longo da via;1;0;1;1;1;0;0;0;0;0;0;0;0;(-38.58775697005869 -3.803694999002728);
ZDR6690;2021-06-20 16:20:00;Rua Suiça;RUA JOAO AREAS;;MARAPONGA;ZDR6690;Atropelamento;Não informado;Não informado;Não informado;Não informado;Não informado;Cruzamento;1;1;0;0;1;0;0;0;0;0;0;0;0;(-38.57601410745244 -3.793899683098953);
OYA9693;2021-06-04 12:00:00;Rua Eudes Cardoso;;;MESSEJANA;967745;Colisão Transversal;Luz do Dia;Bom;Seca;Cruz;Pare;Longo da via;1;0;1;2;0;0;0;0;0;0;0;0;0;(-38.49104419809137 -3.825500300114884);
HCY7279;2021-06-16 22:12:00;Avenida José Torres;;;GRANJA PORTUGAL;966657;Atropelamento;Via Iluminada;Bom;Seca;Meio de quadra;Outros;Longo da via;1;1;0;1;0;0;0;0;0;0;0;0;0;(-38.6070858 -3.7795524);
HPX0602;2021-06-14 13:10:00;Avenida CE 040;;;GUAJERU;HPX0602;Colisão;Não informado;Não informado;Não informado;Não informado;Não informado;Longo da via;1;1;1;1;0;0;1;0;0;0;0;0;0;(-38.4823183908976 -3.835280808604532);
RXS8240;2021-06-11 10:40:00;Avenida Dos Jangadeiros;;;MUCURIPE;RXS8240;Atropelamento;Não informado;Não informado;Não informado;Meio de quadra;Não informado;Longo da via;1;1;0;1;0;0;0;0;0;0;0;0;0;(-38.4769440207073 -3.723343382318255);
SOJ2330;2021-06-11 09:25:00;Rua General Clarindo de Queiroz;AV IMPERADOR;;CENTRO;967446;Colisão Transversal;Luz do Dia;Bom;Seca;Cruz;Semáforo;Cruzamento;1;0;1;1;1;0;0;0;0;0;0;0;0;(-38.5356522611669 -3.730928685308178);
ZBL1233;2021-06-11 02:50:00;Rua Wenefrido Melo;;;MONDUBIM;967865;Atropelamento;Via Iluminada;Bom;Seca;Meio de quadra;Não informado;Longo da via;1;0;1;0;0;0;0;1;0;0;0;0;0;(-38.5768395 -3.8100472);
NUJ8691;2021-01-26 14:42:00;Avenida Bezerra de Menezes;RUA PRO NOGUEIRA;;MONTE CASTELO;NUJ8691;Colisão;Não informado;Não informado;Não informado;Não informado;Não informado;Longo da via;0;1;0;1;1;0;0;0;0;0;0;0;0;(-38.5499884262176 -3.732742446952688);
FDS3046;2021-01-26 15:17:00;Avenida Augusto dos Anjos;RUA JULIO BRAGA;;PARANGABA;FDS3046;Colisão;Não informado;Não informado;Não informado;Não informado;Não informado;Longo da via;0;1;0;1;1;0;0;0;0;0;0;0;0;(-38.57612923222722 -3.776705841921022);
IUR6873;2021-01-26 16:06:00;Avenida Senador Fernandes Távora;TR HELENA DE MARIA;;JOQUEI CLUBE;IUR6873;Colisão;Não informado;Não informado;Não informado;Não informado;Não informado;Longo da via;0;1;0;1;1;0;0;0;0;0;0;0;0;(-38.5749566 -3.7661059);
ISP1251;2021-01-26 16:08:00;Rua Doutor Suliano;;;JOQUEI CLUBE;ISP1251;Colisão;Não informado;Não informado;Não informado;Não informado;Não informado;Longo da via;0;1;0;1;1;0;0;0;0;0;0;0;0;(-38.57560351738368 -3.766995865986335);
EXI3290;2021-01-26 17:44:00;Avenida Independência;;;QUINTINO CUNHA;EXI3290;Colisão;Não informado;Não informado;Não informado;Não informado;Não informado;Longo da via;0;1;0;1;1;0;0;0;0;0;0;0;0;(-38.58345702960169 -3.729161257343412);
ECH8608;2021-02-17 23:28:00;Avenida Sargento Hermínio Sampaio;;;VILA ELLERY;ECH8608;Colisão;Não informado;Não informado;Não informado;Não informado;Não informado;Longo da via;0;1;0;0;0;0;0;0;0;0;1;0;0;(-38.559967 -3.726325);
ELI3350;2021-01-26 17:52:00;Avenida José Tavares;;;CANINDEZINHO;ELI3350;Colisão;Não informado;Não informado;Não informado;Não informado;Não informado;Longo da via;0;1;0;1;1;0;0;0;0;0;0;0;0;(-38.60268310405504 -3.80986025359692);
SFX9152;2021-02-17 22:12:00;Avenida Beira Mar;;;MEIRELES;SFX9152;Queda;Não informado;Não informado;Não informado;Não informado;Não informado;Longo da via;0;1;0;0;0;0;0;0;0;1;0;0;0;(-38.49668759166235 -3.725767410975502);
TNY1467;2021-01-26 17:56:00;Rua Monsenhor Hipólito Brasil;;;JOQUEI CLUBE;TNY1467;Colisão;Não informado;Não informado;Não informado;Não informado;Não informado;Longo da via;0;1;0;1;1;0;0;0;0;0;0;0;0;(-38.57676223824631 -3.759999691567371);
YOT3540;2021-02-17 22:09:00;Avenida Mozart Pinheiro de Lucena;;;BARRA DO CEARA;YOT3540;Colisão;Não informado;Não informado;Não informado;Não informado;Não informado;Longo da via;0;1;0;1;1;0;0;0;0;0;0;0;0;(-38.59283939204422 -3.708118128467336);
BCW5365;2021-02-17 22:00:00;BR-116;;;FATIMA;BCW5365;Colisão;Não informado;Não informado;Não informado;Não informado;Não informado;Longo da via;0;1;0;1;1;0;0;0;0;0;0;0;0;(-38.51908401254054 -3.761070265126905);
FOO8268;2021-01-26 20:35:00;Rua Delmiro de Farias;;;RODOLFO TEOFILO;FOO8268;Colisão;Não informado;Não informado;Não informado;Não informado;Não informado;Longo da via;0;1;0;1;1;0;0;0;0;0;0;0;0;(-38.54968265274785 -3.748314295760412);
YLK8218;2021-02-17 18:26:00;Rua Rodrigues Júnior;AV SANTOS DUMONT;;CENTRO;YLK8218;Colisão;Não informado;Não informado;Não informado;Não informado;Não informado;Longo da via;0;1;0;1;1;0;0;0;0;0;0;0;0;(-38.5201391 -3.7291398);
KZM6308;2021-01-26 21:50:00;Rua Raimundo Matias;;;PEDRAS;KZM6308;Colisão;Não informado;Não informado;Não informado;Não informado;Não informado;Longo da via;0;3;0;2;0;0;0;0;0;0;0;0;0;(-38.51003796450817 -3.883665564824173);
PVV6319;2021-01-26 22:05:00;Avenida Washington Soares;;;CAMBEBA;PVV6319;Queda;Não informado;Não informado;Não informado;Não informado;Não informado;Longo da via;0;1;0;1;0;0;0;0;0;0;0;0;0;(-38.47726301333359 -3.847295261616926);
IBY5236;2021-01-26 22:06:00;Rua Dom Henrique;;;VILA PERY;IBY5236;Atropelamento de Animal;Não informado;Não informado;Não informado;Não informado;Não informado;Longo da via;0;1;0;1;0;0;0;0;0;0;0;0;0;(-38.58247534415177 -3.786651228365272);
EHI1357;2021-01-26 22:57:00;Rua 95;;;PREFEITO JOSE VALTER;EHI1357;Colisão;Não informado;Não informado;Não informado;Não informado;Não informado;Longo da via;0;1;0;0;1;0;0;0;0;1;0;0;0;(-38.55489149655574 -3.83716859521782);
AJS1776;2021-02-17 18:19:00;Rua A;;;PASSARE;AJS1776;Queda;Não informado;Não informado;Não informado;Não informado;Não informado;Longo da via;0;1;0;1;0;0;0;0;0;0;0;0;0;(-38.53823497411626 -3.800985658535024);
YRM6101;2021-01-26 23:06:00;Avenida Mister Hull;;;ANTONIO BEZERRA;YRM6101;Atropelamento;Não informado;Não informado;Não informado;Não informado;Não informado;Longo da via;1;1;0;1;0;0;0;0;0;0;0;0;0;(-38.59767273480027 -3.740402610660515);
RKL3279;2021-01-26 23:23:00;Rua Cônego de Castro;;;PARANGABA;RKL3279;Atropelamento;Não informado;Não informado;Não informado;Não informado;Não informado;Longo da via;0;1;0;1;0;0;0;0;0;0;0;0;0;(-38.56459037326758 -3.775463998790674);
VSM3992;2021-02-17 16:09:00;Rua Raimundo Neri;;;PICI;VSM3992;Queda;Não informado;Não informado;Não informado;Não informado;Não informado;Longo da via;0;1;0;1;0;0;0;0;0;0;0;0;0;(-38.5864203 -3.794134);
CJQ7419;2021-01-26 23:32:00;Avenida Senador Carlos Jereissati;;;SERRINHA;CJQ7419;Atropelamento;Não informado;Não informado;Não informado;Não informado;Não informado;Longo da via;0;1;0;0;1;0;0;0;0;0;0;0;0;(-38.53863195066819 -3.781368090570311);
XOX0025;2021-01-27 00:58:00;Rua da Taperuaba;;;BARRA DO CEARA;XOX0025;Atropelamento;Não informado;Não informado;Não informado;Não informado;Não informado;Longo da via;0;1;0;1;0;0;0;0;0;0;0;0;0;(-38.58151511332444 -3.696255385614495);
OBH7976;2021-01-27 02:05:00;Rua Antônio Simões;;;ITAPERI;OBH7976;Queda;Não informado;Não informado;Não informado;Não informado;Não informado;Longo da via;0;1;0;1;0;0;0;0;0;0;0;0;0;(-38.55245069104375 -3.778793419041163);
SXG8840;2021-02-17 14:53:00;Avenida Contôrno;;;EDSON QUEIROZ;SXG8840;Queda;Não informado;Não informado;Não informado;Não informado;Não informado;Longo da via;0;1;0;0;0;0;0;0;0;1;0;0;0;(-38.4741084 -3.7697689);
DIU5897;2021-01-27 08:30:00;Rodovia Estrada do Guarani (BR116);;;PEDRAS;DIU5897;Colisão;Não informado;Não informado;Não informado;Não informado;Não informado;Longo da via;0;1;0;1;1;0;0;0;0;0;0;0;0;(-38.49754588658361 -3.868169088139302);
HOK6750;2021-02-17 13:59:00;Rua Domingos Lopes;;;PICI;HOK6750;Atropelamento;Não informado;Não informado;Não informado;Não informado;Não informado;Longo da via;0;1;0;1;0;0;0;0;0;0;0;0;0;(-38.57169285452876 -3.750198529567383);
RZA2897;2021-01-27 09:17:00;Avenida Carneiro de Mendonça;;;JOQUEI CLUBE;RZA2897;Colisão;Não informado;Não informado;Não informado;Não informado;Não informado;Longo da via;0;2;0;1;1;0;0;0;0;0;0;0;0;(-38.57145146322394 -3.761594845691068);
MEC9187;2021-02-17 12:13:00;Avenida Godofredo Maciel;;;MONDUBIM;MEC9187;Colisão;Não informado;Não informado;Não informado;Não informado;Não informado;Longo da via;0;2;0;2;0;0;0;0;0;0;0;0;0;(-38.576225 -3.8188474);
AHY0504;2021-02-17 11:23:00;Rua Doutora Wanda Sidou;;;CAJAZEIRAS;AHY0504;Colisão;Não informado;Não informado;Não informado;Não informado;Não informado;Longo da via;0;1;0;1;1;0;0;0;0;0;0;0;0;(-38.50703552706528 -3.810796951598765);
ZFJ0280;2021-02-17 10:37:00;Avenida C;;;CONJUNTO CEARA I;ZFJ0280;Colisão;Não informado;Não informado;Não informado;Não informado;Não informado;Longo da via;0;1;0;0;0;0;0;0;0;0;1;0;0;(-38.61078873195694 -3.764961788935424);
EKO6770;2021-02-17 01:22:00;Via Expressa;;;SAO JOAO DO TAUAPE;EKO6770;Atropelamento;Não informado;Não informado;Não informado;Não informado;Não informado;Longo da via;0;1;0;0;1;0;0;0;0;0;0;0;0;(-38.49085 -3.7457388);
QSP0460;2021-02-16 23:02:00;Avenida Washington Soares;;;MESSEJANA;QSP0460;Colisão;Não informado;Não informado;Não informado;Não informado;Não informado;Longo da via;0;1;0;0;2;0;0;0;0;0;0;0;0;(-38.48258450593226 -3.832677926171216);
VAY2195;2021-01-27 10:24:00;Rua Nigéria;RUA SEBASTIAO DE ABREU;;MARAPONGA;VAY2195;Colisão;Não informado;Não informado;Não informado;Não informado;Não informado;Longo da via;0;2;0;0;1;0;0;0;0;1;0;0;0;(-38.56662882889564 -3.793015573426409);
BFJ3730;2021-02-16 22:59:00;Avenida Edilson Brasil Soares;;;SAPIRANGA / COITE;BFJ3730;Colisão;Não informado;Não informado;Não informado;Não informado;Não informado;Longo da via;0;1;0;1;1;0;0;0;0;0;0;0;0;(-38.47371712527482 -3.788872598865965);
HRH3600;2021-02-16 22:13:00;Avenida Radialista João Ramos;;;PREFEITO JOSE VALTER;HRH3600;Colisão;Não informado;Não informado;Não informado;Não informado;Não informado;Longo da via;0;1;0;1;1;0;0;0;0;0;0;0;0;(-38.56494978200363 -3.843446928452793);
OMN0292;2021-01-27 10:50:00;Rua Doutor Francisco Matos;RUA BENTO ALBUQUERQUE;;CIDADE 2000;OMN0292;Colisão;Não informado;Não informado;Não informado;Não informado;Não informado;Longo da via;0;1;0;1;1;0;0;0;0;0;0;0;0;(-38.47047701608108 -3.747853942565412);
GHZ3902;2021-02-16 21:35:00;Avenida das Adenanteras;;;CIDADE 2000;GHZ3902;Atropelamento;Não informado;Não informado;Não informado;Não informado;Não informado;Longo da via;0;1;0;0;1;0;0;0;0;1;0;0;0;(-38.46866921658818 -3.755080389168237);
DTP6163;2021-01-27 10:53:00;Avenida Governador Raul Barbosa;;;AEROLANDIA;DTP6163;Colisão;Não informado;Não informado;Não informado;Não informado;Não informado;Longo da via;0;1;0;0;1;0;0;0;0;1;0;0;0;(-38.50874677266352 -3.763907278699054);
JIU7638;2021-01-27 11:02:00;Avenida H;;;CONJUNTO CEARA II;JIU7638;Colisão;Não informado;Não informado;Não informado;Não informado;Não informado;Longo da via;0;1;0;1;1;0;0;0;0;0;0;0;0;(-38.6091204009992 -3.775678109801949);
QIR3716;2021-02-16 20:42:00;Avenida Senador Fernandes Távora;RUA PDE SA LEITAO;;HENRIQUE JORGE;QIR3716;Colisão;Não informado;Não informado;Não informado;Não informado;Não informado;Longo da via;0;1;0;1;1;0;0;0;0;0;0;0;0;(-38.5816662 -3.7624136);
XSZ3370;2021-02-16 19:45:00;Avenida Augusto dos Anjos;RUA ABEL RIBEIRO;;BONSUCESSO;XSZ3370;Colisão;Não informado;Não informado;Não informado;Não informado;Não informado;Longo da via;0;1;0;1;1;0;0;0;0;0;0;0;0;(-38.57898846516048 -3.78007272664003);
MLJ7921;2021-02-16 19:28:00;Rua Joaquim Nabuco;;;DIONISIO TORRES;MLJ7921;Queda;Não informado;Não informado;Não informado;Não informado;Não informado;Longo da via;0;1;0;1;0;0;0;0;0;0;0;0;0;(-38.5055764074724 -3.748726472252649);
HJL4725;2021-01-27 11:03:00;Avenida Desembargador Moreira;RUA ISAC AMARAL;;ALDEOTA;HJL4725;Colisão;Não informado;Não informado;Não informado;Não informado;Não informado;Longo da via;0;1;0;1;1;0;0;0;0;0;0;0;0;(-38.5036899 -3.7530138);
EEE3822;2021-06-04 21:00:00;Rua Tulipa Negra;;;PARQUE SANTA ROSA;EEE3822;Colisão Lateral;Não informado;Não informado;Não informado;Não informado;Não informado;Longo da via;1;0;1;1;1;0;0;0;0;0;0;0;0;(-38.59856619953339 -3.818864137257858);
EUY6968;2021-06-07 02:47:00;Rua Oscar França;;;BOM JARDIM;EUY6968;Choque c/ Obstáculo Fixo;Não informado;Não informado;Não informado;Não informado;Não informado;Longo da via;1;0;0;1;0;0;0;0;0;0;0;0;0;(-38.60982066113351 -3.788627294941267);
LXH4597;2021-05-30 20:30:00;Rua Astrogildo Fontoura;;;BARRA DO CEARA;LXH4597;Choque c/ Obstáculo Fixo;Não informado;Não informado;Não informado;Não informado;Não informado;Longo da via;1;0;0;1;0;0;0;0;0;0;0;0;0;(-38.5834428 -3.7120759);
ARL9995;2021-05-26 15:30:00;Rua JOSE BORBA VASCONCELOS;;;PAPICU;ARL9995;Atropelamento;Não informado;Não informado;Não informado;Não informado;Não informado;Longo da via;1;0;0;0;1;0;0;0;0;0;0;0;0;(-38.47088470715978 -3.742945277740602);
JDD7353;2021-01-27 11:07:00;Avenida Senador Fernandes Távora;;;AUTRAN NUNES;JDD7353;Colisão;Não informado;Não informado;Não informado;Não informado;Não informado;Longo da via;0;1;0;1;1;0;0;0;0;0;0;0;0;(-38.59376207171078 -3.75605461665541);
INB2889;2021-05-31 14:56:00;Rua ALMIRANRE HENRIQUE SABOIA;;;MUCURIPE;INB2889;Atropelamento;Não informado;Não informado;Não informado;Não informado;Não informado;Longo da via;1;0;0;0;1;0;0;0;0;0;0;0;0;(-38.4806873 -3.7249841);
VBW2040;2021-05-30 18:00:00;Rua Santa Inês;;;PIRAMBU;VBW2040;Atropelamento;Não informado;Não informado;Não informado;Não informado;Não informado;Longo da via;1;0;0;1;0;0;0;0;0;0;0;0;0;(-38.5528941 -3.7098527);
KSD5908;2021-05-29 23:00:00;Rua José Borba Vasconcelos;RUA VILEBALDO AGUIAR;;COCO;KSD5908;Colisão;Não informado;Não informado;Não informado;Não informado;Não informado;Cruzamento;1;0;0;1;1;0;0;0;0;0;0;0;0;(-38.47180201935878 -3.745707408771827);
QDH7202;2021-02-16 18:23:00;Avenida Visconde do Rio Branco;;;JOAQUIM TVORA;QDH7202;Colisão;Não informado;Não informado;Não informado;Não informado;Não informado;Longo da via;0;1;0;1;1;0;0;0;0;0;0;0;0;(-38.5213052 -3.7485704);
CNJ4454;2021-01-27 11:25:00;Rua Francisca Bezerra Lima;;;BARROSO;CNJ4454;Colisão;Não informado;Não informado;Não informado;Não informado;Não informado;Longo da via;0;1;0;1;1;0;0;0;0;0;0;0;0;(-38.5073144641356 -3.817680312466868);
VFA2829;2021-01-27 12:40:00;Rua Gustavo Sampaio;;;PARQUE ARAXA;VFA2829;Colisão;Não informado;Não informado;Não informado;Não informado;Não informado;Longo da via;0;2;0;2;0;0;0;0;0;0;0;0;0;(-38.54659274538234 -3.733202808085613);
HRF3329;2021-05-28 11:00:00;Avenida Major Assis;;;VILA VELHA;HRF3329;Atropelamento;Não informado;Não informado;Não informado;Não informado;Não informado;Longo da via;1;0;0;1;0;0;0;0;0;0;0;0;0;(-38.6024084 -3.7201329);
VAD3195;2021-02-16 15:58:00;Avenida José Leon;;;JARDIM DAS OLIVEIRAS;VAD3195;Queda;Não informado;Não informado;Não informado;Não informado;Não informado;Longo da via;0;1;0;1;0;0;0;0;0;0;0;0;0;(-38.5077101 -3.7868097);
QNU2545;2021-01-27 14:38:00;Rua Queirós Ribeiro;;;MONTESE;QNU2545;Colisão;Não informado;Não informado;Não informado;Não informado;Não informado;Longo da via;0;1;0;1;1;0;0;0;0;0;0;0;0;(-38.54769781338527 -3.76515984401503);
XYL0833;2021-02-16 15:21:00;Avenida Godofredo Maciel;;;MARAPONGA;XYL0833;Colisão;Não informado;Não informado;Não informado;Não informado;Não informado;Longo da via;0;1;0;1;1;0;0;0;0;0;0;0;0;(-38.5725082535758 -3.804759246015555);
VWP5478;2021-05-22 16:10:00;Rua Padre Pedro de Alencar;;;MESSEJANA;VWP5478;Colisão;Não informado;Não informado;Não informado;Não informado;Não informado;Longo da via;1;0;0;1;1;0;0;0;0;0;0;0;0;(-38.49438085836481 -3.844035687086059);
UGL5499;2021-01-27 15:36:00;Avenida da Abolição;;;MUCURIPE;UGL5499;Queda;Não informado;Não informado;Não informado;Não informado;Não informado;Longo da via;0;1;0;1;0;0;0;0;0;0;0;0;0;(-38.48043338087053 -3.723208634868457);
XOW4636;2021-01-27 17:56:00;Rua Holanda;;;ITAPERI;XOW4636;Colisão;Não informado;Não informado;Não informado;Não informado;Não informado;Longo da via;0;1;0;1;1;0;0;0;0;0;0;0;0;(-38.5560182 -3.8082329);
WHZ7649;2021-05-21 14:34:00;Rua Aracajú;;;DOM LUSTOSA;WHZ7649;Colisão Transversal;Não informado;Não informado;Não informado;Não informado;Não informado;Cruzamento;1;0;0;0;2;0;0;0;0;0;0;0;0;(-38.58569935399236 -3.756488117427556);