COD_ACIDENTE;DATA;LOG1;LOG2;NUMERO;BAIRRO;AMC;NATUREZA;ILUMINACAO;TEMPO;SUPERFICIEPISTA;TIPOCRUZAMENTO;CONTROLETRAFEGO;USOSOLO;MORTOS;FERIDOS;ILESOS;MOTOCICLETA;AUTOMOVEL;MICROONIBUS;CAMINHAO;ONIBUS;CICLOMOTOR;BICICLETA;OUTROS;TREM;TRACAOANIMAL;COORDENADAS
MMG8165;2021-01-27 19:48:00;Avenida Francisco Sá;;;BARRA DO CEARA;MMG8165;Colisão;Não informado;Não informado;Não informado;Não informado;Não informado;Longo da via;0;1;0;1;1;0;0;0;0;0;0;0;0;(-38.5669596 -3.714145);
QPY3084;2021-01-27 20:12:00;Avenida Bernardo Manuel;;;PARQUE DOIS IRMAOS;QPY3084;Queda;Não informado;Não informado;Não informado;Não informado;Não informado;Longo da via;0;1;0;1;0;0;0;0;0;0;0;0;0;(-38.55321243676194 -3.804314980546131);
JUB2834;2021-01-27 20:44:00;Rua Coronel Matos Dourado;;;ANTONIO BEZERRA;JUB2834;Queda;Não informado;Não informado;Não informado;Não informado;Não informado;Longo da via;0;1;0;1;0;0;0;0;0;0;0;0;0;(-38.58481958990464 -3.744695698998541);
UHR2768;2021-01-27 21:27:00;Avenida Sargento Hermínio Sampaio;;;MONTE CASTELO;UHR2768;Atropelamento;Não informado;Não informado;Não informado;Não informado;Não informado;Longo da via;0;1;0;1;0;0;0;0;0;0;0;0;0;(-38.55443016012386 -3.725290986699101);
OET9080;2021-01-27 21:44:00;Rua Sargento João Pinheiro;;;BOM JARDIM;OET9080;Colisão;Não informado;Não informado;Não informado;Não informado;Não informado;Longo da via;0;1;0;0;0;0;0;0;0;0;1;0;0;(-38.62316444880864 -3.784188979703856);
GSO1548;2021-01-27 22:52:00;Rua ANTONIO NERO;;;GRANJA PORTUGAL;GSO1548;Atropelamento;Não informado;Não informado;Não informado;Não informado;Não informado;Longo da via;0;1;0;1;0;0;0;0;0;0;0;0;0;(-38.5981444 -3.7786883);
WHZ7649;2021-05-20 10:48:00;Rua Waldir Diogo;;;MANOEL SATIRO;WHZ7649;Colisão;Não informado;Não informado;Não informado;Não informado;Não informado;Longo da via;1;2;0;2;0;0;0;0;0;0;0;0;0;(-38.58760908329229 -3.802859072824308);
QKG3299;2021-01-27 23:02:00;Rua Oliveira Sobrinho;;;GRANJA PORTUGAL;QKG3299;Queda;Não informado;Não informado;Não informado;Não informado;Não informado;Longo da via;0;1;0;1;0;0;0;0;0;0;0;0;0;(-38.60098258095922 -3.77865424738941);
CPO5811;2021-01-28 00:58:00;Avenida Castelo de Castro;AV PERIMETRAL;;JANGURUSSU;CPO5811;Colisão;Não informado;Não informado;Não informado;Não informado;Não informado;Longo da via;0;2;0;2;0;0;0;0;0;0;0;0;0;(-38.52155737105041 -3.843538587494006);
CXH4747;2021-01-28 03:08:00;BR-116;;;ANCURI;CXH4747;Colisão;Não informado;Não informado;Não informado;Não informado;Não informado;Longo da via;0;1;0;0;2;0;0;0;0;0;0;0;0;(-38.49750650000001 -3.862144999999999);
DDS4465;2021-01-28 04:43:00;Rua Torres Câmara;;;ALDEOTA;DDS4465;Colisão;Não informado;Não informado;Não informado;Não informado;Não informado;Longo da via;0;1;0;0;0;0;0;0;0;0;1;0;0;(-38.50558177282873 -3.736066677153361);
MEK4510;2021-01-28 10:16:00;Rua Germano Franck;;;PARANGABA;MEK4510;Atropelamento;Não informado;Não informado;Não informado;Não informado;Não informado;Longo da via;0;1;0;0;1;0;0;0;0;0;0;0;0;(-38.560835271029 -3.776256209268652);
OIS0575;2021-01-28 12:20:00;Rua Graça Aranha;;;ALVARO WEYNE;OIS0575;Colisão;Não informado;Não informado;Não informado;Não informado;Não informado;Longo da via;0;1;0;0;0;0;0;0;0;0;1;0;0;(-38.57581273437842 -3.715596499658144);
BZC0004;2021-01-28 14:07:00;Avenida Alberto Craveiro;;;DIAS MACEDO;BZC0004;Queda;Não informado;Não informado;Não informado;Não informado;Não informado;Longo da via;0;1;0;0;0;0;0;0;0;1;0;0;0;(-38.5172493799323 -3.790146538893197);
BFP1691;2021-01-28 14:47:00;Avenida Senador Fernandes Távora;;;JOQUEI CLUBE;BFP1691;Atropelamento;Não informado;Não informado;Não informado;Não informado;Não informado;Longo da via;0;1;0;0;1;0;0;0;0;0;0;0;0;(-38.5983057370661 -3.755112506575257);
LAD1167;2021-01-28 15:52:00;Avenida Senador Virgílio Távora;RUA BENI DE CARVALHO;;ALDEOTA;LAD1167;Queda;Não informado;Não informado;Não informado;Não informado;Não informado;Longo da via;0;1;0;1;0;0;0;0;0;0;0;0;0;(-38.49597409896449 -3.745712761730467);
MVY1363;2021-02-16 14:02:00;CE-040;;;CAMBEBA;MVY1363;Colisão;Não informado;Não informado;Não informado;Não informado;Não informado;Longo da via;0;1;0;1;1;0;0;0;0;0;0;0;0;(-38.47888306405992 -3.807296372136933);
RPS7529;2021-02-16 13:38:00;Rua Raimundo Neri;;;HENRIQUE JORGE;RPS7529;Colisão;Não informado;Não informado;Não informado;Não informado;Não informado;Longo da via;0;1;0;1;1;0;0;0;0;0;0;0;0;(-38.5864203 -3.794134);
HAP5259;2021-02-16 09:00:00;Avenida Beira Mar;;;MUCURIPE;HAP5259;Colisão;Não informado;Não informado;Não informado;Não informado;Não informado;Longo da via;0;1;0;1;1;0;0;0;0;0;0;0;0;(-38.4807015984879 -3.722266489491272);
FBP0312;2021-02-16 07:17:00;Avenida da Abolição;RUA JULIO IBIAPINA;;ALDEOTA;FBP0312;Colisão;Não informado;Não informado;Não informado;Não informado;Não informado;Longo da via;0;1;0;1;1;0;0;0;0;0;0;0;0;(-38.4913127 -3.7266417);
LIU8942;2021-02-16 00:49:00;Avenida Maria Gomes de Sá;;;MONDUBIM;LIU8942;Atropelamento;Não informado;Não informado;Não informado;Não informado;Não informado;Longo da via;0;1;0;0;1;0;0;0;0;0;0;0;0;(-38.58388618093286 -3.82360552525915);
FUW9166;2021-02-16 00:21:00;Rua Diadema;;;CONJUNTO PALMEIRAS;FUW9166;Colisão;Não informado;Não informado;Não informado;Não informado;Não informado;Longo da via;0;1;0;1;1;0;0;0;0;0;0;0;0;(-38.52235630284714 -3.844597683584073);
YNX9791;2021-02-15 23:53:00;Rua Eretides Martins;;;;YNX9791;Atropelamento;Não informado;Não informado;Não informado;Não informado;Não informado;Longo da via;0;1;0;1;0;0;0;0;0;0;0;0;0;(-38.55872170041214 -3.730729702421625);
CQX5434;2021-05-03 01:00:00;Rua Urucutuba;;;BOM JARDIM;CQX5434;Colisão;Não informado;Não informado;Não informado;Não informado;Não informado;Longo da via;1;0;0;1;1;0;0;0;0;0;0;0;0;(-38.61144855701667 -3.798073829390541);
PIS3549;2021-05-02 23:40:00;BR-116;;;AEROLANDIA;PIS3549;Atropelamento;Não informado;Não informado;Não informado;Não informado;Não informado;Longo da via;1;1;0;1;0;0;0;0;0;0;0;0;0;(-38.5145469 -3.7791359);
PYK6999;2021-05-02 05:00:00;Rua Pôrto Feliz;;;PAUPINA;PYK6999;Colisão;Não informado;Não informado;Não informado;Não informado;Não informado;Longo da via;1;0;0;1;1;0;0;0;0;0;0;0;0;(-38.49069014415563 -3.861933755230099);
EGK6773;2021-04-30 16:25:00;BR-116;;;MESSEJANA;EGK6773;Colisão;Não informado;Não informado;Não informado;Não informado;Não informado;Longo da via;1;1;0;1;1;0;0;0;0;0;0;0;0;(-38.50449862680686 -3.826988953268422);
FRN1521;2021-04-30 00:07:00;Rua PRESIDENTE COSTA E SILVA;;;PREFEITO JOSE VALTER;FRN1521;Colisão;Não informado;Não informado;Não informado;Não informado;Não informado;Longo da via;2;1;0;2;0;0;0;0;0;0;0;0;0;(-38.55679586003017 -3.821582286467879);
NBP9770;2021-04-27 14:25:00;Avenida 20 de Janeiro;RUA IRAPUA;;BARRA DO CEARA;NBP9770;Atropelamento;Não informado;Não informado;Não informado;Não informado;Não informado;Cruzamento;1;0;0;0;1;0;0;0;0;0;0;0;0;(-38.5847041 -3.7040189);
XBL2680;2021-04-26 08:10:00;Avenida Imperador;RUA METON DE ALENCAR;;CENTRO;966699;Colisão;Via Iluminada;Bom;Seca;Cruz;Não informado;Cruzamento;1;0;1;1;0;0;0;1;0;0;0;0;0;(-38.53588537848924 -3.731966256123985);
ROA3487;2021-04-20 22:00:00;BR-116;;;PEDRAS;ROA3487;Atropelamento;Não informado;Não informado;Não informado;Não informado;Não informado;Longo da via;1;1;0;1;0;0;1;0;0;0;0;0;0;(-38.50145165237895 -3.885157461194892);
MVZ8600;2021-01-28 17:12:00;Avenida João Pessoa;;;DAMAS;MVZ8600;Colisão;Não informado;Não informado;Não informado;Não informado;Não informado;Longo da via;0;2;0;1;1;0;0;0;0;0;0;0;0;(-38.5601700909344 -3.768178840189972);
PSQ7252;2021-02-15 23:10:00;Rua Carlos Vasconcelos;RUA JOAO CARVALHO;;ALDEOTA;PSQ7252;Colisão;Não informado;Não informado;Não informado;Não informado;Não informado;Longo da via;0;1;0;1;1;0;0;0;0;0;0;0;0;(-38.5118448 -3.7362396);
DCD1844;2021-02-15 22:03:00;Rua Tavares Coutinho;;;VARJOTA;DCD1844;Colisão;Não informado;Não informado;Não informado;Não informado;Não informado;Longo da via;0;1;0;1;1;0;0;0;0;0;0;0;0;(-38.48607138844223 -3.732656798343184);
FLK7323;2021-02-15 21:38:00;Avenida Leste Oeste;;;CENTRO;FLK7323;Colisão;Não informado;Não informado;Não informado;Não informado;Não informado;Longo da via;0;1;0;0;0;0;0;0;0;0;1;0;0;(-38.55404590000001 -3.712094);
OOD4269;2021-02-15 21:22:00;Rua Castro Monte;;;VARJOTA;OOD4269;Colisão;Não informado;Não informado;Não informado;Não informado;Não informado;Longo da via;0;1;0;1;1;0;0;0;0;0;0;0;0;(-38.4861263 -3.7315287);
OOP1608;2021-02-15 21:19:00;Rua Maria Júlia;;;BOM JARDIM;OOP1608;Colisão;Não informado;Não informado;Não informado;Não informado;Não informado;Longo da via;0;1;0;1;1;0;0;0;0;0;0;0;0;(-38.6012472 -3.7971374);
VTW7347;2021-02-15 20:50:00;Rua Cônego de Castro;;;SIQUEIRA;VTW7347;Colisão;Não informado;Não informado;Não informado;Não informado;Não informado;Longo da via;0;1;0;0;0;0;0;0;0;0;1;0;0;(-38.60362188659338 -3.820795470093404);
BSW5643;2021-02-15 20:24:00;Avenida Godofredo Maciel;;;MONDUBIM;BSW5643;Queda;Não informado;Não informado;Não informado;Não informado;Não informado;Longo da via;0;1;0;1;0;0;0;0;0;0;0;0;0;(-38.5774542498142 -3.820206695463602);
IBG7568;2021-02-15 20:15:00;Rua Coronel Manuel Jesuíno;RUA ANA BILHAR;;VARJOTA;IBG7568;Colisão;Não informado;Não informado;Não informado;Não informado;Não informado;Longo da via;0;1;0;1;1;0;0;0;0;0;0;0;0;(-38.4850184 -3.7314343);
IQV7809;2021-01-28 18:03:00;Avenida da Abolição;;;MEIRELES;IQV7809;Atropelamento;Não informado;Não informado;Não informado;Não informado;Não informado;Longo da via;0;1;0;1;0;0;0;0;0;0;0;0;0;(-38.50190179941909 -3.725355223695231);
PJD3868;2021-01-28 20:52:00;Avenida Gurgel do Amaral;;;MESSEJANA;PJD3868;Colisão;Não informado;Não informado;Não informado;Não informado;Não informado;Longo da via;0;1;0;2;0;0;0;0;0;0;0;0;0;(-38.46944162100347 -3.8446672640771);
KRQ9336;2021-02-15 19:55:00;Rua General Rabelo;RUA FRANCISCO MACHADO;;CANINDEZINHO;KRQ9336;Colisão;Não informado;Não informado;Não informado;Não informado;Não informado;Longo da via;0;1;0;1;1;0;0;0;0;0;0;0;0;(-38.606501 -3.8067818);
ZCR8348;2021-02-15 19:17:00;Avenida Governador Raul Barbosa;;;ALTO DA BALANCA;ZCR8348;Colisão;Não informado;Não informado;Não informado;Não informado;Não informado;Longo da via;0;1;0;1;1;0;0;0;0;0;0;0;0;(-38.5088994 -3.7657658);
KIU4779;2021-01-28 21:13:00;Avenida Rogaciano Leite;;;JARDIM DAS OLIVEIRAS;KIU4779;Colisão;Não informado;Não informado;Não informado;Não informado;Não informado;Longo da via;0;1;0;1;1;0;0;0;0;0;0;0;0;(-38.500303185722 -3.775999276219864);
XPV8395;2021-01-28 21:40:00;Avenida Doutor Silas Munguba;;;ITAPERI;XPV8395;Atropelamento;Não informado;Não informado;Não informado;Não informado;Não informado;Longo da via;1;1;0;1;0;0;0;0;0;0;0;0;0;(-38.55924204215825 -3.7803617749575);
TLD2578;2021-01-28 22:11:00;Avenida Rogaciano Leite;;;JARDIM DAS OLIVEIRAS;TLD2578;Colisão;Não informado;Não informado;Não informado;Não informado;Não informado;Longo da via;0;2;0;1;1;0;0;0;0;0;0;0;0;(-38.49850530000001 -3.7722163);
SDN1125;2021-01-28 21:50:00;Rua Nunes Feijó;RUA LUCIANO ALVES;;JANGURUSSU;SDN1125;Colisão;Não informado;Não informado;Não informado;Não informado;Não informado;Longo da via;0;1;0;1;1;0;0;0;0;0;0;0;0;(-38.5093605 -3.845312);
XGF2233;2021-01-28 22:55:00;Rua Monsenhor Bruno;;;MEIRELES;XGF2233;Atropelamento;Não informado;Não informado;Não informado;Não informado;Não informado;Longo da via;0;1;0;0;1;0;0;0;0;0;0;0;0;(-38.50847319086269 -3.729589502011144);
RQH3233;2021-01-28 23:25:00;Rua Dom Maurício;;;PRESIDENTE KENNEDY;RQH3233;Colisão;Não informado;Não informado;Não informado;Não informado;Não informado;Longo da via;0;1;0;1;1;0;0;0;0;0;0;0;0;(-38.57639578597971 -3.731684552213936);
ZUK8169;2021-01-29 00:23:00;Avenida Senador Fernandes Távora;;;AUTRAN NUNES;ZUK8169;Queda;Não informado;Não informado;Não informado;Não informado;Não informado;Longo da via;0;1;0;0;0;0;0;0;0;1;0;0;0;(-38.59377280101598 -3.756059969550694);
MJK2628;2021-01-29 01:06:00;Rua Minas Gerais;;;BELA VISTA;MJK2628;Colisão;Não informado;Não informado;Não informado;Não informado;Não informado;Longo da via;0;1;0;1;1;0;0;0;0;0;0;0;0;(-38.56167212657526 -3.751617055179815);
WGU5553;2021-01-29 01:28:00;Avenida da Universidade;;;BENFICA;WGU5553;Queda;Não informado;Não informado;Não informado;Não informado;Não informado;Longo da via;0;1;0;0;0;0;0;0;0;1;0;0;0;(-38.53548840217188 -3.737046278820179);
SCN0394;2021-01-29 10:02:00;Rua Morada Nova;;;JANGURUSSU;SCN0394;Queda;Não informado;Não informado;Não informado;Não informado;Não informado;Longo da via;0;1;0;1;0;0;0;0;0;0;0;0;0;(-38.5125686 -3.8485256);
IOP9132;2021-01-29 10:33:00;Rua Padre Ibiapina;;;JACARECANGA;IOP9132;Colisão;Não informado;Não informado;Não informado;Não informado;Não informado;Longo da via;0;2;0;0;0;0;0;0;0;0;1;0;0;(-38.54054703852169 -3.726425839607019);
MVQ1287;2021-04-17 13:00:00;Avenida Jovita Feitosa;;;PARQUE ARAXA;MVQ1287;Atropelamento;Não informado;Não informado;Não informado;Não informado;Não informado;Longo da via;1;0;0;0;1;0;0;0;0;0;0;0;0;(-38.5554045 -3.7396894);
YZY8293;2021-04-16 21:00:00;Avenida Professor José Arthur de Carvalho;;;LAGOA REDONDA;YZY8293;Colisão;Não informado;Não informado;Não informado;Não informado;Não informado;Longo da via;1;0;0;1;0;0;0;0;0;1;0;0;0;(-38.45856800641292 -3.824403043999892);
HDE8873;2021-04-16 11:05:00;Rua Padre Perdigão Sampaio;RUA MARTINS NETO;;ANTONIO BEZERRA;966548;Colisão Transversal;Luz do Dia;Bom;Seca;Cruz;Não informado;Cruzamento;1;0;1;1;1;0;0;0;0;0;0;0;0;(-38.59447 -3.7411592);
AUI9928;2021-01-29 10:54:00;Avenida Mister Hull;;;PICI;AUI9928;Colisão;Não informado;Não informado;Não informado;Não informado;Não informado;Longo da via;0;1;0;1;1;0;0;0;0;0;0;0;0;(-38.5918266 -3.7396339);
BPS2232;2021-01-29 11:10:00;Avenida Professor Gomes de Matos;RUA PRO COSTA MENDES;;MONTESE;BPS2232;Colisão;Não informado;Não informado;Não informado;Não informado;Não informado;Longo da via;0;1;0;1;1;0;0;0;0;0;0;0;0;(-38.5429363 -3.7580287);
GIQ7328;2021-04-15 17:52:00;Rua Rosinha Sampaio;;;JARDIM GUANABARA;GIQ7328;Colisão;Não informado;Não informado;Não informado;Meio de quadra;Não informado;Longo da via;1;0;0;1;0;0;0;0;0;1;0;0;0;(-38.5908873 -3.7261804);
WXA4778;2021-01-29 12:18:00;Rua Cônego de Castro;;;PARQUE SANTA ROSA;WXA4778;Queda;Não informado;Não informado;Não informado;Não informado;Não informado;Longo da via;0;2;0;1;0;0;0;0;0;0;0;0;0;(-38.59797314408656 -3.812932619228496);
GBY9099;2021-02-15 17:29:00;Avenida H;;;CONJUNTO CEARA I;GBY9099;Colisão;Não informado;Não informado;Não informado;Não informado;Não informado;Longo da via;0;1;0;1;1;0;0;0;0;0;0;0;0;(-38.6109924 -3.7758733);
UBD5738;2021-02-15 14:29:00;Rua Santa Elisa;;;PIRAMBU;UBD5738;Colisão;Não informado;Não informado;Não informado;Não informado;Não informado;Longo da via;0;1;0;1;1;0;0;0;0;0;0;0;0;(-38.5643891 -3.7046499);
OLV9616;2021-02-15 14:08:00;Avenida Duque de Caxias;;;CENTRO;OLV9616;Atropelamento;Não informado;Não informado;Não informado;Não informado;Não informado;Longo da via;0;1;0;0;1;0;0;0;0;0;0;0;0;(-38.53269887969652 -3.730981295740183);
QBA7537;2021-04-10 22:51:00;Avenida Professor José Arthur de Carvalho;;;LAGOA REDONDA;QBA7537;Queda;Não informado;Não informado;Não informado;Não informado;Não informado;Longo da via;1;0;0;1;0;0;0;0;0;0;0;0;0;(-38.4631839 -3.8257753);
ERD0102;2021-01-29 12:23:00;Avenida Leste Oeste;;;CRISTO REDENTOR;ERD0102;Colisão;Não informado;Não informado;Não informado;Não informado;Não informado;Longo da via;0;1;0;0;1;0;0;0;0;1;0;0;0;(-38.55404590000001 -3.712094);
PRQ8236;2021-01-29 14:29:00;Avenida Santos Dumont;RUA SILVA PAULET;;ALDEOTA;PRQ8236;Colisão;Não informado;Não informado;Não informado;Não informado;Não informado;Longo da via;0;1;0;1;1;0;0;0;0;0;0;0;0;(-38.50528673007166 -3.734027175092682);
WQT5177;2021-04-04 07:04:00;Avenida Alberto Craveiro;;;BOA VISTA;966410;Capotamento;Via Iluminada;Bom;Seca;Não informado;Não informado;Longo da via;1;0;0;0;1;0;0;0;0;0;0;0;0;(-38.51881579375026 -3.798914192854662);
CIL2620;2021-01-29 14:55:00;Avenida Antônio Sales;;;JOAQUIM TVORA;CIL2620;Colisão;Não informado;Não informado;Não informado;Não informado;Não informado;Longo da via;0;1;0;2;0;0;0;0;0;0;0;0;0;(-38.50781340098973 -3.743791047470338);
ZWG2715;2021-01-29 14:59:00;Travessa João Medeiros;;;;ZWG2715;Colisão;Não informado;Não informado;Não informado;Não informado;Não informado;Longo da via;0;1;0;1;1;0;0;0;0;0;0;0;0;(-38.50051776056657 -3.81129473926469);
MRB9598;2021-01-29 15:07:00;Rua Padre Mororó;;;FARIAS BRITO;MRB9598;Colisão;Não informado;Não informado;Não informado;Não informado;Não informado;Longo da via;0;1;0;1;1;0;0;0;0;0;0;0;0;(-38.54053631648839 -3.735788320196028);
UBG7241;2021-01-29 17:27:00;Rua Dona Lúcia Pinheiro;RUA IPIRANGA D29;;QUINTINO CUNHA;UBG7241;Colisão;Não informado;Não informado;Não informado;Não informado;Não informado;Longo da via;0;1;0;1;1;0;0;0;0;0;0;0;0;(-38.59818772385727 -3.731955550038796);
OLV9616;2021-02-15 10:22:00;Avenida Godofredo Maciel;;;MONDUBIM;OLV9616;Colisão;Não informado;Não informado;Não informado;Não informado;Não informado;Longo da via;0;1;0;1;1;0;0;0;0;0;0;0;0;(-38.57475057257117 -3.817509031994575);
KUN8108;2021-02-15 09:54:00;Avenida Quarto Anel Viário;;;PEDRAS;KUN8108;Colisão;Não informado;Não informado;Não informado;Não informado;Não informado;Longo da via;0;1;0;1;1;0;0;0;0;0;0;0;0;(-38.51092475664423 -3.867724855637969);
QNI6259;2021-01-29 18:01:00;Avenida Maestro Lisboa;;;SABIAGUABA;QNI6259;Atropelamento;Não informado;Não informado;Não informado;Não informado;Não informado;Longo da via;0;1;0;0;1;0;0;0;0;0;0;0;0;(-38.45002249341761 -3.805546077067869);
ESO9998;2021-01-08 20:14:00;Rua DEP PAULINO ROCHA;;;PASSARE;ESO9998;Colisão;Não informado;Não informado;Não informado;Não informado;Não informado;Longo da via;0;2;0;1;1;0;0;0;0;0;0;0;0;(-38.5255835 -3.8088238);
DNB5743;2021-02-15 05:10:00;Avenida Contôrno Sul;;;JANGURUSSU;DNB5743;Colisão;Não informado;Não informado;Não informado;Não informado;Não informado;Longo da via;0;1;0;0;0;0;0;0;0;0;1;0;0;(-38.52260843119828 -3.839347016158252);
OEX8088;2021-01-29 18:03:00;CE-010;;;SABIAGUABA;OEX8088;Atropelamento;Não informado;Não informado;Não informado;Não informado;Não informado;Longo da via;0;1;0;0;0;0;0;0;0;0;0;0;0;(-38.4291643 -3.810992);
WNF2904;2021-01-08 20:02:00;Rua BR 116;;;MESSEJANA;WNF2904;Queda;Não informado;Não informado;Não informado;Não informado;Não informado;Longo da via;0;1;0;1;0;0;0;0;0;0;0;0;0;(-38.501704 -3.8180873);
CTS1286;2021-01-29 18:22:00;Rua Santa Filomena;RUA CURITIBA;;DOM LUSTOSA;CTS1286;Colisão;Não informado;Não informado;Não informado;Não informado;Não informado;Longo da via;0;1;0;1;1;0;0;0;0;0;0;0;0;(-38.58894482643124 -3.757216194161087);
WAR9933;2021-01-08 18:57:00;Rua Professor Heribaldo Costa;RUA CUIABA;;HENRIQUE JORGE;WAR9933;Colisão;Não informado;Não informado;Não informado;Não informado;Não informado;Longo da via;0;1;0;1;0;0;1;0;0;0;0;0;0;(-38.5863166 -3.7648995);
KER5391;2021-01-29 18:23:00;Avenida Edilson Brasil Soares;;;PARQUE MANIBURA;KER5391;Colisão;Não informado;Não informado;Não informado;Não informado;Não informado;Longo da via;0;1;0;1;1;0;0;0;0;0;0;0;0;(-38.4830275 -3.7896946);
JRP2560;2021-01-29 19:01:00;Avenida Jornalista Tomaz Coelho;;;MESSEJANA;JRP2560;Queda;Não informado;Não informado;Não informado;Não informado;Não informado;Longo da via;0;1;0;0;0;0;0;0;0;1;0;0;0;(-38.51986185010534 -3.828406683911351);
HWT9472;2021-01-29 20:03:00;Avenida Alanis Maria Laurindo de Oliveira;;;CONJUNTO CEARA II;HWT9472;Colisão;Não informado;Não informado;Não informado;Não informado;Não informado;Longo da via;0;1;0;0;0;0;0;0;0;0;0;0;0;(-38.6101475 -3.771554199999999);
ZKS9749;2021-01-08 17:37:00;Avenida General Osório de Paiva;;;SIQUEIRA;ZKS9749;Colisão;Não informado;Não informado;Não informado;Não informado;Não informado;Longo da via;0;1;0;1;1;0;0;0;0;0;0;0;0;(-38.6139457 -3.8172482);
KWS2148;2021-01-08 16:26:00;Avenida COSTA SILVA;;;PREFEITO JOSE VALTER;KWS2148;Colisão;Não informado;Não informado;Não informado;Não informado;Não informado;Longo da via;0;1;0;0;0;0;0;0;0;0;1;0;0;(-38.54486542646917 -3.82393202630982);
QLP3264;2021-01-29 20:09:00;Avenida Historiador Raimundo Girão;;;MEIRELES;QLP3264;Colisão;Não informado;Não informado;Não informado;Não informado;Não informado;Longo da via;0;1;0;1;1;0;0;0;0;0;0;0;0;(-38.50417629460119 -3.724124013786401);
AWZ7284;2021-02-15 02:40:00;Avenida Senador Fernandes Távora;;;AUTRAN NUNES;AWZ7284;Colisão;Não informado;Não informado;Não informado;Não informado;Não informado;Longo da via;0;1;0;1;1;0;0;0;0;0;0;0;0;(-38.5868083 -3.7598014);
TLR1446;2021-02-15 02:20:00;Rua Raimundo Neri;;;PREFEITO JOSE VALTER;TLR1446;Colisão;Não informado;Não informado;Não informado;Não informado;Não informado;Longo da via;0;2;0;2;0;0;0;0;0;0;0;0;0;(-38.5864203 -3.794134);
EJU1333;2021-02-15 01:22:00;Rua Doutor Joaquim Bento;;;MESSEJANA;EJU1333;Queda;Não informado;Não informado;Não informado;Não informado;Não informado;Longo da via;0;2;0;1;0;0;0;0;0;0;0;0;0;(-38.48969236756281 -3.829059682228671);
DOW7927;2021-02-15 00:23:00;Avenida Pompílio Gomes;;;PASSARE;DOW7927;Queda;Não informado;Não informado;Não informado;Não informado;Não informado;Longo da via;0;0;0;1;0;0;0;0;0;0;0;0;0;(-38.5213462 -3.8211668);
QHO0022;2021-02-15 00:07:00;Avenida Senador Fernandes Távora;;;HENRIQUE JORGE;QHO0022;Colisão;Não informado;Não informado;Não informado;Não informado;Não informado;Longo da via;0;2;0;2;0;0;0;0;0;0;0;0;0;(-38.582486064543 -3.762103367365099);
YNZ9702;2021-02-14 23:48:00;Avenida Washington Soares;;;EDSON QUEIROZ;YNZ9702;Queda;Não informado;Não informado;Não informado;Não informado;Não informado;Longo da via;0;1;0;1;0;0;0;0;0;0;0;0;0;(-38.4826207 -3.7674071);
XWC8389;2021-02-14 23:05:00;Avenida Godofredo Maciel;;;PREFEITO JOSE VALTER;XWC8389;Colisão;Não informado;Não informado;Não informado;Não informado;Não informado;Longo da via;0;1;0;1;1;0;0;0;0;0;0;0;0;(-38.579525 -3.8257724);
DZP1083;2021-02-14 22:33:00;Avenida José Jatahy;;;PARQUE ARAXA;DZP1083;Atropelamento;Não informado;Não informado;Não informado;Não informado;Não informado;Longo da via;0;1;0;1;0;0;0;0;0;0;0;0;0;(-38.54358330405269 -3.738893065872324);
UDO9470;2021-02-14 22:03:00;Rua Elisa Baldo;;;SERRINHA;UDO9470;Colisão;Não informado;Não informado;Não informado;Não informado;Não informado;Longo da via;0;1;0;1;1;0;0;0;0;0;0;0;0;(-38.5407278 -3.7868199);
CLX7555;2021-02-14 21:58:00;Rua Coronel Mozart Gondim;;;PARQUELANDIA;CLX7555;Queda;Não informado;Não informado;Não informado;Não informado;Não informado;Longo da via;0;1;0;1;0;0;0;0;0;0;0;0;0;(-38.55915086980586 -3.733159983804359);
JQD3629;2021-02-14 21:58:00;Rua do Canal;;;SAO JOAO DO TAUAPE;JQD3629;Queda;Não informado;Não informado;Não informado;Não informado;Não informado;Longo da via;0;1;0;0;0;0;0;0;0;1;0;0;0;(-38.5161023 -3.7613588);
HBT7262;2021-02-14 21:24:00;Avenida Humberto Monte;;;BELA VISTA;HBT7262;Colisão;Não informado;Não informado;Não informado;Não informado;Não informado;Longo da via;0;1;0;0;0;0;0;0;0;0;1;0;0;(-38.5627561 -3.7463144);