COD_ACIDENTE;DATA;LOG1;LOG2;NUMERO;BAIRRO;AMC;NATUREZA;ILUMINACAO;TEMPO;SUPERFICIEPISTA;TIPOCRUZAMENTO;CONTROLETRAFEGO;USOSOLO;MORTOS;FERIDOS;ILESOS;MOTOCICLETA;AUTOMOVEL;MICROONIBUS;CAMINHAO;ONIBUS;CICLOMOTOR;BICICLETA;OUTROS;TREM;TRACAOANIMAL;COORDENADAS
FAL7835;2021-01-08 15:46:00;Rua Nelson Coelho;;;LAGOA REDONDA;FAL7835;Capotamento;Não informado;Não informado;Não informado;Não informado;Não informado;Longo da via;0;1;0;0;0;0;0;0;0;0;1;0;0;(-38.46296676820695 -3.829557459299914);
FAL7835;2021-01-08 15:06:00;Rua Coronel ALVES TEIXEIRA;RUA LAURO MAIA;;JOSE BONIFACIO;FAL7835;Queda;Não informado;Não informado;Não informado;Não informado;Não informado;Cruzamento;0;1;0;1;0;0;0;0;0;0;0;0;0;(-38.5224206 -3.7476935);
JWE4960;2021-02-14 21:20:00;Avenida L;;;CONJUNTO CEARA I;JWE4960;Colisão;Não informado;Não informado;Não informado;Não informado;Não informado;Longo da via;0;1;0;1;1;0;0;0;0;0;0;0;0;(-38.60651865004451 -3.770261084993284);
BAZ0108;2021-02-14 20:24:00;Rua Padre Valdevino;RUA JOAO CORDEIRO;;JOAQUIM TVORA;BAZ0108;Colisão;Não informado;Não informado;Não informado;Não informado;Não informado;Longo da via;0;1;0;1;1;0;0;0;0;0;0;0;0;(-38.5175504 -3.7388907);
LFL1768;2021-02-14 20:12:00;Avenida Lauro Viêira Chaves;;;VILA UNIAO;LFL1768;Colisão;Não informado;Não informado;Não informado;Não informado;Não informado;Longo da via;0;1;0;1;1;0;0;0;0;0;0;0;0;(-38.5336001270254 -3.772027509837274);
XEB8567;2021-02-14 17:55:00;Avenida João Pessoa;;;DAMAS;XEB8567;Atropelamento de Animal;Não informado;Não informado;Não informado;Não informado;Não informado;Longo da via;0;1;0;1;0;0;0;0;0;0;0;0;0;(-38.55444619965948 -3.758083361613378);
ONF3336;2021-01-08 14:35:00;Rua Júlio Silva;;;VICENTE PINZON;ONF3336;Queda;Não informado;Não informado;Não informado;Não informado;Não informado;Longo da via;0;1;0;0;0;0;0;0;0;1;0;0;0;(-38.4542732 -3.744987999999999);
NPF7735;2021-01-08 12:56:00;Avenida Alberto Nepomuceno;;;CENTRO;NPF7735;Colisão;Não informado;Não informado;Não informado;Não informado;Não informado;Longo da via;0;1;0;1;0;0;0;0;0;1;0;0;0;(-38.5239331 -3.722481);
TEY1890;2021-01-08 10:23:00;Avenida General Osório de Paiva;;;SIQUEIRA;TEY1890;Queda;Não informado;Não informado;Não informado;Não informado;Não informado;Longo da via;0;2;0;1;0;0;0;0;0;0;0;0;0;(-38.6107866 -3.8132804);
KKH1447;2021-01-08 10:19:00;Rua Nossa Senhora das Graças;;;PIRAMBU;KKH1447;Colisão;Não informado;Não informado;Não informado;Não informado;Não informado;Longo da via;0;1;0;0;1;0;0;0;0;1;0;0;0;(-38.5524805 -3.7103589);
YUG3460;2021-01-08 09:55:00;Rua Afrânio Peixoto;;;PARANGABA;YUG3460;Queda;Não informado;Não informado;Não informado;Não informado;Não informado;Longo da via;0;1;0;1;0;0;0;0;0;0;0;0;0;(-38.57171801111196 -3.781016816968487);
XKU1145;2021-01-08 09:19:00;Rua Coronel Jucá;;;VARJOTA;XKU1145;Colisão;Não informado;Não informado;Não informado;Não informado;Não informado;Longo da via;0;1;0;0;0;0;0;0;0;0;1;0;0;(-38.4896701 -3.7325129);
ERB5495;2021-01-10 02:59:00;Avenida Senador Fernandes Távora;;;AUTRAN NUNES;ERB5495;Queda;Não informado;Não informado;Não informado;Não informado;Não informado;Longo da via;0;1;0;1;0;0;0;0;0;0;0;0;0;(-38.5938257 -3.7561168);
AVU8339;2021-01-10 02:18:00;Rua Cândido Maia;;;ANTONIO BEZERRA;AVU8339;Colisão;Não informado;Não informado;Não informado;Não informado;Não informado;Longo da via;0;1;0;0;0;0;0;0;0;0;2;0;0;(-38.59010749999999 -3.7371674);
NGM0211;2021-01-10 01:37:00;Rua Vitória;;;HENRIQUE JORGE;NGM0211;Colisão;Não informado;Não informado;Não informado;Não informado;Não informado;Longo da via;0;2;0;2;0;0;0;0;0;0;0;0;0;(-38.5892038 -3.7662432);
XMS7919;2021-01-10 01:50:00;Rua Salvador Correia de Sá;;;SAPIRANGA / COITE;XMS7919;Colisão;Não informado;Não informado;Não informado;Não informado;Não informado;Longo da via;0;1;0;2;0;0;0;0;0;0;0;0;0;(-38.4748019 -3.7938203);
CXH3412;2021-01-10 01:41:00;Rua RECANTO DAS FLORES;RUA LUCIANO ALVES;;JANGURUSSU;CXH3412;Colisão;Não informado;Não informado;Não informado;Não informado;Não informado;Cruzamento;0;1;0;2;0;0;0;0;0;0;0;0;0;(-38.5097521 -3.8458778);
COH6397;2021-01-10 01:37:00;Rua Vitória;;;HENRIQUE JORGE;COH6397;Colisão;Não informado;Não informado;Não informado;Não informado;Não informado;Longo da via;0;1;0;2;0;0;0;0;0;0;0;0;0;(-38.5903987 -3.769257999999999);
YMS3941;2021-01-10 01:12:00;Rua Arruda Câmara;;;VILA PERY;YMS3941;Colisão;Não informado;Não informado;Não informado;Não informado;Não informado;Longo da via;0;1;0;0;0;0;0;0;0;0;2;0;0;(-38.5816561 -3.7915414);
SVZ0810;2021-01-10 00:41:00;Avenida Independência;;;QUINTINO CUNHA;SVZ0810;Colisão;Não informado;Não informado;Não informado;Não informado;Não informado;Longo da via;0;1;0;1;1;0;0;0;0;0;0;0;0;(-38.5869552 -3.7279859);
GPA1819;2021-01-10 00:04:00;Avenida Independência;;;QUINTINO CUNHA;GPA1819;Atropelamento;Não informado;Não informado;Não informado;Não informado;Não informado;Longo da via;0;1;0;1;0;0;0;0;0;0;0;0;0;(-38.594014 -3.7258288);
PER4515;2021-01-10 00:04:00;Rua Ribeiro Leitão;;;JOQUEI CLUBE;PER4515;Colisão;Não informado;Não informado;Não informado;Não informado;Não informado;Longo da via;0;1;0;1;1;0;0;0;0;0;0;0;0;(-38.5765567 -3.7610661);
NLZ3085;2021-01-09 23:34:00;Avenida Américo Barreira;RUA RIO GRANDE DO NORTE;;DEMOCRITO ROCHA;NLZ3085;Colisão;Não informado;Não informado;Não informado;Não informado;Não informado;Cruzamento;0;1;0;0;0;0;0;0;0;0;2;0;0;(-38.5644408 -3.7605982);
KUS9363;2021-01-09 23:29:00;Rua Nova Conquista;RUA TRES CORACOES;;GRANJA LISBOA;KUS9363;Colisão;Não informado;Não informado;Não informado;Não informado;Não informado;Longo da via;0;2;0;1;1;0;0;0;0;0;0;0;0;(-38.6114193 -3.7918806);
LZN7227;2021-01-09 23:27:00;Rodovia BR 116;;;MESSEJANA;LZN7227;Colisão;Não informado;Não informado;Não informado;Não informado;Não informado;Longo da via;0;1;0;0;1;0;0;0;0;1;0;0;0;(-38.5020858 -3.8367365);
CNL5103;2021-01-29 20:32:00;Rua Professor Heribaldo Costa;;;HENRIQUE JORGE;CNL5103;Colisão;Não informado;Não informado;Não informado;Não informado;Não informado;Longo da via;0;1;0;1;1;0;0;0;0;0;0;0;0;(-38.58840302443263 -3.768906823515752);
RPA7880;2021-01-29 21:57:00;Avenida Godofredo Maciel;;;MONDUBIM;RPA7880;Atropelamento;Não informado;Não informado;Não informado;Não informado;Não informado;Longo da via;1;1;0;1;0;0;0;0;0;0;0;0;0;(-38.57241705448147 -3.804416679890672);
PXV5084;2021-01-29 21:57:00;Rua Benjamim Brasil;;;MARAPONGA;PXV5084;Queda;Não informado;Não informado;Não informado;Não informado;Não informado;Longo da via;0;1;0;0;0;0;0;0;0;1;0;0;0;(-38.56440260995711 -3.805792296161084);
PCU8791;2021-01-29 23:17:00;Rua Professor Leite Gondim;RUA SALGADO FILHO;;ANTONIO BEZERRA;PCU8791;Colisão;Não informado;Não informado;Não informado;Não informado;Não informado;Longo da via;0;2;0;1;1;0;0;0;0;0;0;0;0;(-38.5950161 -3.742364);
IVT6892;2021-01-29 23:20:00;Rua Frei Mansueto;;;ALDEOTA;IVT6892;Colisão;Não informado;Não informado;Não informado;Não informado;Não informado;Longo da via;0;1;0;2;0;0;0;0;0;0;0;0;0;(-38.48868921106981 -3.733957585699915);
VIF2834;2021-01-29 23:49:00;Avenida Humberto Monte;;;PARQUELANDIA;VIF2834;Colisão;Não informado;Não informado;Não informado;Não informado;Não informado;Longo da via;0;1;0;0;2;0;0;0;0;0;0;0;0;(-38.5627561 -3.7463144);
PDK3070;2021-01-09 23:19:00;Rua Demétrio Carneiro;;;JARDIM IRACEMA;PDK3070;Queda;Não informado;Não informado;Não informado;Não informado;Não informado;Longo da via;0;1;0;1;0;0;0;0;0;0;0;0;0;(-38.5785199 -3.7178272);
TDV4350;2021-01-09 23:16:00;Rua Padre Cícero;;;PARQUE ARAXA;TDV4350;Colisão;Não informado;Não informado;Não informado;Não informado;Não informado;Longo da via;0;1;0;1;1;0;0;0;0;0;0;0;0;(-38.5495301 -3.7403084);
VWP4332;2021-01-09 21:28:00;Rua L;;;VILA VELHA;VWP4332;Queda;Não informado;Não informado;Não informado;Não informado;Não informado;Longo da via;0;1;0;1;0;0;0;0;0;0;0;0;0;(-38.6059239 -3.7160419);
OEA6617;2021-01-09 20:57:00;Rua RUI MONTE;RUA CEL MATOS DOURADO;;ANTONIO BEZERRA;OEA6617;Colisão;Não informado;Não informado;Não informado;Y;Não informado;Cruzamento;0;1;0;1;1;0;0;0;0;0;0;0;0;(-38.58383791383785 -3.748705060491595);
VAK6143;2021-01-09 20:28:00;Rua Professor Heribaldo Costa;;;HENRIQUE JORGE;VAK6143;Colisão;Não informado;Não informado;Não informado;Não informado;Não informado;Longo da via;0;1;0;1;1;0;0;0;0;0;0;0;0;(-38.5850046 -3.7622641);
QSM4388;2021-01-29 23:57:00;Avenida Rogaciano Leite;;;ENGENHEIRO LUCIANO CAVALCANTE;QSM4388;Colisão;Não informado;Não informado;Não informado;Não informado;Não informado;Longo da via;0;1;0;2;0;0;0;0;0;0;0;0;0;(-38.4939973 -3.762641);
FKE7675;2021-01-09 20:25:00;Avenida Godofredo Maciel;;;MARAPONGA;FKE7675;Colisão;Não informado;Não informado;Não informado;Não informado;Não informado;Longo da via;0;1;0;0;2;0;0;0;0;0;0;0;0;(-38.5696806 -3.7961787);
ZRW8267;2021-01-29 23:59:00;Rua Piauí;;;PICI;ZRW8267;Queda;Não informado;Não informado;Não informado;Não informado;Não informado;Longo da via;0;1;0;1;0;0;0;0;0;0;0;0;0;(-38.5705398 -3.7540657);
PTW8341;2021-02-14 17:34:00;Rua Américo Rocha Lima;;;MANOEL SATIRO;PTW8341;Colisão;Não informado;Não informado;Não informado;Não informado;Não informado;Longo da via;0;1;0;2;0;0;0;0;0;0;0;0;0;(-38.58062460656053 -3.799058713877479);
IIS0171;2021-01-30 00:12:00;Avenida 1;;;PLANALTO AYRTON SENNA;IIS0171;Atropelamento;Não informado;Não informado;Não informado;Não informado;Não informado;Longo da via;0;1;0;1;0;0;0;0;0;0;0;0;0;(-38.56578127477393 -3.819628625434027);
YTQ2414;2021-02-14 17:00:00;BR-116;;;CAJAZEIRAS;YTQ2414;Queda;Não informado;Não informado;Não informado;Não informado;Não informado;Longo da via;0;1;0;1;0;0;0;0;0;0;0;0;0;(-38.52012994433447 -3.757756835698569);
RNU1301;2021-01-30 00:16:00;Avenida Santos Dumont;;;MEIRELES;RNU1301;Colisão;Não informado;Não informado;Não informado;Não informado;Não informado;Longo da via;0;1;0;1;1;0;0;0;0;0;0;0;0;(-38.50492194706528 -3.734118176597966);
UGC6143;2021-02-14 16:24:00;Rua Monsenhor Agostinho;;;PARQUE SAO JOSE;UGC6143;Colisão;Não informado;Não informado;Não informado;Não informado;Não informado;Longo da via;0;1;0;1;1;0;0;0;0;0;0;0;0;(-38.59019740000001 -3.7959066);
YOF5205;2021-01-30 01:29:00;Rua Delmiro de Farias;;;RODOLFO TEOFILO;YOF5205;Atropelamento;Não informado;Não informado;Não informado;Não informado;Não informado;Longo da via;0;1;0;0;0;0;0;1;0;0;0;0;0;(-38.55337336719162 -3.745048994607801);
FVA7314;2021-02-14 15:49:00;Rua Rúbia Sampaio;AV DOMINGOS OLIMPIO;;FARIAS BRITO;FVA7314;Atropelamento;Não informado;Não informado;Não informado;Não informado;Não informado;Longo da via;0;1;0;1;0;0;0;0;0;0;0;0;0;(-38.5409697 -3.733274199999999);
RVK7472;2021-02-14 15:11:00;Avenida Padre Antônio Tomás;RUA MON CATAO;;ALDEOTA;RVK7472;Colisão;Não informado;Não informado;Não informado;Não informado;Não informado;Longo da via;0;1;0;1;1;0;0;0;0;0;0;0;0;(-38.4968074 -3.7409607);
CEE4080;2021-01-30 02:32:00;Rua Vigilante Pequiar;;;BARRA DO CEARA;CEE4080;Queda;Não informado;Não informado;Não informado;Não informado;Não informado;Longo da via;0;1;0;0;0;0;0;0;0;1;0;0;0;(-38.58023837456143 -3.698236089287224);
BWQ5509;2021-02-14 12:27:00;Rua Umarizeira;RUA VICENTE CELESTINO;;PARQUE PRESIDENTE VARGAS;BWQ5509;Colisão;Não informado;Não informado;Não informado;Não informado;Não informado;Longo da via;0;1;0;1;1;0;0;0;0;0;0;0;0;(-38.5961574 -3.8225371);
BQG8317;2021-02-14 12:03:00;Avenida General Osório de Paiva;;;PARANGABA;BQG8317;Atropelamento;Não informado;Não informado;Não informado;Não informado;Não informado;Longo da via;0;1;0;0;0;0;0;0;0;0;0;0;0;(-38.571673 -3.779614);
WDA4425;2021-02-14 08:10:00;Rua Diamantina;;;JOQUEI CLUBE;WDA4425;Queda;Não informado;Não informado;Não informado;Não informado;Não informado;Longo da via;0;1;0;1;0;0;0;0;0;0;0;0;0;(-38.567995 -3.7648568);
NBH8320;2021-01-30 09:57:00;Rua São Manuel;;;MANOEL SATIRO;NBH8320;Colisão;Não informado;Não informado;Não informado;Não informado;Não informado;Longo da via;0;1;0;1;1;0;0;0;0;0;0;0;0;(-38.57954100443995 -3.796489447640352);
OLS3622;2021-02-14 07:30:00;Avenida Senador Fernandes Távora;;;AUTRAN NUNES;OLS3622;Queda;Não informado;Não informado;Não informado;Não informado;Não informado;Longo da via;0;1;0;1;0;0;0;0;0;0;0;0;0;(-38.5955029 -3.7556656);
UNH5680;2021-02-14 06:25:00;Rua Alagoas;RUA ESTADO DO RIO;;PICI;UNH5680;Queda;Não informado;Não informado;Não informado;Não informado;Não informado;Longo da via;0;1;0;1;0;0;0;0;0;0;0;0;0;(-38.57129589580482 -3.759207466286938);
WPE1743;2021-01-30 10:49:00;Rua Monsenhor Hipólito Brasil;;;HENRIQUE JORGE;WPE1743;Colisão;Não informado;Não informado;Não informado;Não informado;Não informado;Longo da via;1;0;1;1;1;0;0;0;0;0;0;0;0;(-38.57779220064357 -3.759480462917559);
BTX2544;2021-02-14 03:45:00;Rua Betel;;;ITAPERI;BTX2544;Queda;Não informado;Não informado;Não informado;Não informado;Não informado;Longo da via;0;1;0;1;0;0;0;0;0;0;0;0;0;(-38.5526492 -3.7922126);
DPK3898;2021-01-30 10:50:00;Rua Vitória;;;HENRIQUE JORGE;DPK3898;Colisão;Não informado;Não informado;Não informado;Não informado;Não informado;Longo da via;0;1;0;1;1;0;0;0;0;0;0;0;0;(-38.58763586057795 -3.763489756526723);
QXA1564;2021-01-09 19:51:00;Rua Doutor Gilberto Studart;;;PAPICU;QXA1564;Colisão;Não informado;Não informado;Não informado;Não informado;Não informado;Longo da via;0;1;0;0;2;0;0;0;0;0;0;0;0;(-38.4673951 -3.7480717);
UOM7442;2021-01-09 19:45:00;Rua Bragança;;;GRANJA PORTUGAL;UOM7442;Atropelamento;Não informado;Não informado;Não informado;Não informado;Não informado;Longo da via;1;2;0;1;0;0;0;0;0;0;0;0;0;(-38.59761908475551 -3.784975829493746);
PZU1316;2021-02-14 02:14:00;Rua Júlio Alcídes;;;MARAPONGA;PZU1316;Colisão;Não informado;Não informado;Não informado;Não informado;Não informado;Longo da via;0;1;0;1;1;0;0;0;0;0;0;0;0;(-38.5644753 -3.788546);
WPK3470;2021-01-30 11:05:00;Rua Coronel Alexandrino;;;MONTESE;WPK3470;Colisão;Não informado;Não informado;Não informado;Não informado;Não informado;Longo da via;0;1;0;1;1;0;0;0;0;0;0;0;0;(-38.5535504028389 -3.764501444522293);
JVC7597;2021-02-14 02:09:00;Rua Raimundo Neri;;;JANGURUSSU;JVC7597;Colisão;Não informado;Não informado;Não informado;Não informado;Não informado;Longo da via;0;1;0;1;1;0;0;0;0;0;0;0;0;(-38.5864203 -3.794134);
ZBL2810;2021-01-30 11:22:00;Rua Monte Flôr;;;PLANALTO AYRTON SENNA;ZBL2810;Queda;Não informado;Não informado;Não informado;Não informado;Não informado;Longo da via;0;1;0;1;0;0;0;0;0;0;0;0;0;(-38.5759771 -3.837647899999999);
MWY6362;2021-02-14 02:01:00;Avenida Godofredo Maciel;;;MARAPONGA;MWY6362;Colisão;Não informado;Não informado;Não informado;Não informado;Não informado;Longo da via;0;1;0;1;1;0;0;0;0;0;0;0;0;(-38.5654315 -3.783095);
KCC4912;2021-01-30 11:30:00;Avenida Eduardo Girão;;;JARDIM AMERICA;KCC4912;Queda;Não informado;Não informado;Não informado;Não informado;Não informado;Longo da via;0;1;0;1;0;0;0;0;0;0;0;0;0;(-38.54067579839454 -3.747366824385945);
LOA5252;2021-01-30 12:26:00;Rua Eretides Martins;;;MONTE CASTELO;LOA5252;Colisão;Não informado;Não informado;Não informado;Não informado;Não informado;Longo da via;0;1;0;1;1;0;0;0;0;0;0;0;0;(-38.55885 -3.7306869);
AQM7572;2021-01-30 13:32:00;Avenida Lineu Machado;;;JOAO XXIII;AQM7572;Colisão;Não informado;Não informado;Não informado;Não informado;Não informado;Longo da via;0;1;0;1;1;0;0;0;0;0;0;0;0;(-38.58024910058254 -3.772391499965101);
SEN1227;2021-01-09 18:25:00;Rua Major Facundo;RUA ANTONIO POMPEU;;CENTRO;SEN1227;Colisão;Não informado;Não informado;Não informado;Não informado;Não informado;Cruzamento;0;1;0;1;1;0;0;0;0;0;0;0;0;(-38.5302213 -3.7349133);
SIE8820;2021-01-30 13:21:00;Avenida Luciano Carneiro;;;VILA UNIAO;SIE8820;Queda;Não informado;Não informado;Não informado;Não informado;Não informado;Longo da via;0;1;0;1;0;0;0;0;0;0;0;0;0;(-38.5383100867593 -3.770089795120557);
SUB2618;2021-01-09 18:25:00;Rua CONTORNO SUL;;;JANGURUSSU;SUB2618;Queda;Não informado;Não informado;Não informado;Não informado;Não informado;Longo da via;0;1;0;1;0;0;0;0;0;0;0;0;0;(-38.5199088 -3.8377883);
DLL0636;2021-01-30 16:08:00;Rua Teofredo Goiana;;;CIDADE DOS FUNCIONRAIOS;DLL0636;Queda;Não informado;Não informado;Não informado;Não informado;Não informado;Longo da via;0;1;0;0;0;0;0;0;0;1;0;0;0;(-38.50429969920457 -3.791308070812035);
UMO1698;2021-01-09 18:16:00;Avenida Presidente Castelo Branco;;;PIRAMBU;UMO1698;Colisão;Não informado;Não informado;Não informado;Não informado;Não informado;Longo da via;0;1;0;1;1;0;0;0;0;0;0;0;0;(-38.5523643 -3.7125347);
IGA7011;2021-01-30 15:14:00;Avenida Presidente Costa e Silva;;;PREFEITO JOSE VALTER;IGA7011;Colisão;Não informado;Não informado;Não informado;Não informado;Não informado;Longo da via;0;1;0;1;1;0;0;0;0;0;0;0;0;(-43.38403717564143 -21.77604152656698);
SEA7603;2021-01-30 16:28:00;Avenida Godofredo Maciel;;;MARAPONGA;SEA7603;Queda;Não informado;Não informado;Não informado;Não informado;Não informado;Longo da via;0;1;0;0;0;0;0;0;0;1;0;0;0;(-38.57244387915198 -3.804496968838415);
YUR4066;2021-01-30 17:14:00;Rua Nunes Feijó;;;JANGURUSSU;YUR4066;Colisão;Não informado;Não informado;Não informado;Não informado;Não informado;Longo da via;0;1;0;0;0;0;0;0;0;0;0;0;0;(-38.51098374061183 -3.844876005522113);
AQL1286;2021-01-30 17:40:00;Rua Cônego de Castro;;;PARQUE SAO JOSE;AQL1286;Colisão;Não informado;Não informado;Não informado;Não informado;Não informado;Longo da via;0;1;0;1;1;0;0;0;0;0;0;0;0;(-38.5902966611822 -3.803196286964029);
BAF7496;2021-01-09 17:49:00;Avenida General Osório de Paiva;;;CANINDEZINHO;BAF7496;Atropelamento;Não informado;Não informado;Não informado;Não informado;Não informado;Longo da via;0;1;0;1;0;0;0;0;0;0;0;0;0;(-38.6049846 -3.808008);
FQV1100;2021-01-30 17:51:00;Rua Antonio Martins;;;DEMOCRITO ROCHA;FQV1100;Colisão;Não informado;Não informado;Não informado;Não informado;Não informado;Longo da via;0;2;0;1;1;0;0;0;0;0;0;0;0;(-38.55384 -3.7538698);
IXJ7226;2021-01-09 16:41:00;Avenida João de Araújo Lima;;;PREFEITO JOSE VALTER;IXJ7226;Colisão;Não informado;Não informado;Não informado;Não informado;Não informado;Longo da via;0;1;0;1;1;0;0;0;0;0;0;0;0;(-38.5610206 -3.8341956);
YSS7939;2021-01-30 18:27:00;Rua Raimundo Bizarria;;;FLORESTA;YSS7939;Queda;Não informado;Não informado;Não informado;Não informado;Não informado;Longo da via;0;1;0;1;0;0;0;0;0;0;0;0;0;(-38.579237 -3.726271);
OAY4712;2021-02-14 01:53:00;Rua Antônio Divino;;;MONDUBIM;OAY4712;Colisão;Não informado;Não informado;Não informado;Não informado;Não informado;Longo da via;0;1;0;1;1;0;0;0;0;0;0;0;0;(-38.56160774628698 -3.805053638670289);
OBE9817;2021-02-14 00:31:00;Rua Birmânia;;;SAO BENTO;OBE9817;Colisão;Não informado;Não informado;Não informado;Não informado;Não informado;Longo da via;0;1;0;1;1;0;0;0;0;0;0;0;0;(-38.4766531 -3.8550744);
PKQ9695;2021-02-13 22:46:00;Avenida Nova Fortaleza;;;PLANALTO AYRTON SENNA;PKQ9695;Colisão;Não informado;Não informado;Não informado;Não informado;Não informado;Longo da via;0;1;0;1;1;0;0;0;0;0;0;0;0;(-38.5753543 -3.8390787);
TVT6084;2021-02-13 22:32:00;Avenida Engenheiro Alberto Sá;;;PAPICU;TVT6084;Colisão;Não informado;Não informado;Não informado;Não informado;Não informado;Longo da via;0;1;0;1;1;0;0;0;0;0;0;0;0;(-38.4766926 -3.734335499999999);
BOB2262;2021-02-13 22:29:00;Rua Senador Robert Kennedy;;;BARRA DO CEARA;BOB2262;Atropelamento;Não informado;Não informado;Não informado;Não informado;Não informado;Longo da via;0;1;0;1;0;0;0;0;0;0;0;0;0;(-38.5790774 -3.7040902);
YTM8512;2021-02-13 21:19:00;Rua Sargento João Pinheiro;;;BOM JARDIM;YTM8512;Atropelamento;Não informado;Não informado;Não informado;Não informado;Não informado;Longo da via;0;1;0;0;1;0;0;0;0;0;0;0;0;(-38.62289085598263 -3.783380718291152);
FCU7615;2021-02-13 20:45:00;Rua Urucutuba;;;BOM JARDIM;FCU7615;Atropelamento;Não informado;Não informado;Não informado;Não informado;Não informado;Longo da via;0;1;0;1;0;0;0;0;0;0;0;0;0;(-38.60898093269863 -3.797784786990811);
IQB0339;2021-02-13 20:41:00;Rua Tenente Roma;RUA MAJ GERARDO MENDES;;AEROLANDIA;IQB0339;Colisão;Não informado;Não informado;Não informado;Não informado;Não informado;Longo da via;0;1;0;1;1;0;0;0;0;0;0;0;0;(-38.5130075 -3.7674385);
TOU3304;2021-02-13 19:30:00;Rua Verbena;;;BONSUCESSO;TOU3304;Colisão;Não informado;Não informado;Não informado;Não informado;Não informado;Longo da via;0;1;0;0;0;0;0;0;0;0;1;0;0;(-38.5896992 -3.7839708);
LKH5333;2021-02-13 18:05:00;Avenida C;RUA 317 CJ CEARA;;CONJUNTO CEARA I;LKH5333;Colisão;Não informado;Não informado;Não informado;Não informado;Não informado;Longo da via;0;1;0;1;1;0;0;0;0;0;0;0;0;(-38.6153651 -3.7729571);
UVC0182;2021-02-13 15:55:00;Rua Martins de Carvalho;;;GRANJA LISBOA;UVC0182;Colisão;Não informado;Não informado;Não informado;Não informado;Não informado;Longo da via;0;1;0;0;0;0;0;0;0;0;1;0;0;(-38.62566426807969 -3.78915629155542);
QWJ6958;2021-02-13 12:21:00;Rua Jaboticaba;;;MONDUBIM;QWJ6958;Atropelamento;Não informado;Não informado;Não informado;Não informado;Não informado;Longo da via;0;1;0;1;0;0;0;0;0;0;0;0;0;(-38.56401100603349 -3.825741161025232);
GMR9428;2021-02-13 11:48:00;Avenida Dolor Barreira;;;VICENTE PINZON;GMR9428;Queda;Não informado;Não informado;Não informado;Não informado;Não informado;Longo da via;0;1;0;1;0;0;0;0;0;0;0;0;0;(-38.47097591446438 -3.732710328725097);
QSU8893;2021-02-13 11:43:00;Rua Joaquim Alfredo;;;MONDUBIM;QSU8893;Atropelamento;Não informado;Não informado;Não informado;Não informado;Não informado;Longo da via;0;1;0;0;1;0;0;0;0;0;0;0;0;(-38.58936324470393 -3.803560263982653);
ZKS8259;2021-02-13 11:22:00;Avenida Godofredo Maciel;;;MARAPONGA;ZKS8259;Atropelamento;Não informado;Não informado;Não informado;Não informado;Não informado;Longo da via;0;1;0;0;1;0;0;0;0;0;0;0;0;(-38.5700693 -3.7966838);
YJH3764;2021-02-13 11:16:00;Avenida Governador Raul Barbosa;;;AEROLANDIA;YJH3764;Atropelamento;Não informado;Não informado;Não informado;Não informado;Não informado;Longo da via;0;1;0;0;0;0;0;0;0;0;1;0;0;(-38.50723 -3.761531);
TDK7458;2021-02-13 09:55:00;Avenida L;AV A CJ JOSE WALTER;;PREFEITO JOSE VALTER;TDK7458;Colisão;Não informado;Não informado;Não informado;Não informado;Não informado;Longo da via;0;1;0;1;1;0;0;0;0;0;0;0;0;(-38.5554872 -3.824488199999999);
XRG8817;2021-02-13 03:33:00;Rua Shirley Girão;;;PASSARE;XRG8817;Colisão;Não informado;Não informado;Não informado;Não informado;Não informado;Longo da via;0;1;0;0;1;0;0;0;0;0;0;0;0;(-38.53314414820877 -3.802382690719568);
LLP5766;2021-02-12 23:33:00;Rua Edilia Rego Barros;;;PARQUE ARAXA;LLP5766;Queda;Não informado;Não informado;Não informado;Não informado;Não informado;Longo da via;0;1;0;1;0;0;0;0;0;0;0;0;0;(-38.54988649781804 -3.734337650777793);
IXP9089;2021-02-12 22:38:00;Avenida Desembargador Moreira;;;DIONISIO TORRES;IXP9089;Colisão;Não informado;Não informado;Não informado;Não informado;Não informado;Longo da via;0;1;0;1;1;0;0;0;0;0;0;0;0;(-38.50373104462062 -3.752891049804728);
OUG2594;2021-02-10 21:07:00;Rua São João do Jangurussu;;;JANGURUSSU;OUG2594;Colisão;Não informado;Não informado;Não informado;Não informado;Não informado;Longo da via;0;1;0;0;0;0;0;0;0;0;1;0;0;(-38.5045552 -3.8438773);