COD_ACIDENTE;DATA;LOG1;LOG2;NUMERO;BAIRRO;AMC;NATUREZA;ILUMINACAO;TEMPO;SUPERFICIEPISTA;TIPOCRUZAMENTO;CONTROLETRAFEGO;USOSOLO;MORTOS;FERIDOS;ILESOS;MOTOCICLETA;AUTOMOVEL;MICROONIBUS;CAMINHAO;ONIBUS;CICLOMOTOR;BICICLETA;OUTROS;TREM;TRACAOANIMAL;COORDENADAS
HQT5140;2021-02-12 20:53:00;Rua Rio da Prata;;;LAGOA REDONDA;HQT5140;Atropelamento;Não informado;Não informado;Não informado;Não informado;Não informado;Longo da via;0;1;0;0;1;0;0;0;0;0;0;0;0;(-38.46388950159195 -3.809084131622849);
MHQ1342;2021-02-12 20:35:00;Avenida Treze de Maio;;;FATIMA;MHQ1342;Colisão;Não informado;Não informado;Não informado;Não informado;Não informado;Longo da via;0;1;0;1;1;0;0;0;0;0;0;0;0;(-38.53231802220231 -3.746745882137541);
XTZ9963;2021-01-09 16:11:00;Rua Modesta;RUA DO COQUEIRO D75;;CONJUNTO PALMEIRAS;XTZ9963;Colisão;Não informado;Não informado;Não informado;Não informado;Não informado;Cruzamento;0;1;0;0;0;0;0;0;0;0;2;0;0;(-38.52296784509506 -3.845753789500758);
AKY6480;2021-01-09 16:03:00;Rua Santa Elisa;;;PIRAMBU;AKY6480;Colisão;Não informado;Não informado;Não informado;Não informado;Não informado;Longo da via;0;1;0;1;1;0;0;0;0;0;0;0;0;(-38.5636351 -3.7050168);
NTU6865;2021-01-09 15:49:00;Rua JOSE JATAHY;;;JACARECANGA;NTU6865;Colisão;Não informado;Não informado;Não informado;Não informado;Não informado;Longo da via;0;1;0;1;1;0;0;0;0;0;0;0;0;(-38.5464996 -3.7237219);
RHH5602;2021-01-09 15:04:00;Avenida Senador Fernandes Távora;;;DOM LUSTOSA;RHH5602;Colisão;Não informado;Não informado;Não informado;Não informado;Não informado;Longo da via;0;1;0;1;1;0;0;0;0;0;0;0;0;(-38.5868083 -3.7598014);
WTO9175;2021-01-09 12:44:00;Rua Anário Braga;;;ANTONIO BEZERRA;WTO9175;Colisão;Não informado;Não informado;Não informado;Não informado;Não informado;Longo da via;0;1;0;1;1;0;0;0;0;0;0;0;0;(-38.5926512 -3.73726);
ZCQ3876;2021-01-09 12:30:00;Avenida Oliveira Paiva;;;CIDADE DOS FUNCIONRAIOS;ZCQ3876;Queda;Não informado;Não informado;Não informado;Não informado;Não informado;Longo da via;0;1;0;1;0;0;0;0;0;0;0;0;0;(-38.503126 -3.7993648);
YJV8130;2021-01-09 12:25:00;Rua Coronel Matos Dourado;;;ANTONIO BEZERRA;YJV8130;Colisão;Não informado;Não informado;Não informado;Não informado;Não informado;Longo da via;0;1;0;1;1;0;0;0;0;0;0;0;0;(-38.5849053 -3.744535);
LFA8582;2021-01-09 10:56:00;Avenida Senador Virgílio Távora;RUA ANA BILHAR;;MEIRELES;LFA8582;Colisão;Não informado;Não informado;Não informado;Não informado;Não informado;Cruzamento;0;1;0;1;1;0;0;0;0;0;0;0;0;(-38.4913009 -3.7308604);
YIN4514;2021-01-09 10:52:00;Rua GENERAL OSORIO DE PAIVA;;;CANINDEZINHO;YIN4514;Colisão;Não informado;Não informado;Não informado;Não informado;Não informado;Longo da via;0;1;0;1;1;0;0;0;0;0;0;0;0;(-38.6047281 -3.8076064);
XPU7779;2021-01-09 09:42:00;Rua Francisco Domingos;RUA TAUBATE;;GRANJA PORTUGAL;XPU7779;Colisão;Não informado;Não informado;Não informado;Cruz;Não informado;Cruzamento;0;2;0;2;0;0;0;0;0;0;0;0;0;(-38.5973957 -3.7759266);
GBW6517;2021-01-09 09:06:00;Avenida Presidente Castelo Branco;;;CARLITO PAMPLONA;GBW6517;Colisão;Não informado;Não informado;Não informado;Não informado;Não informado;Longo da via;0;1;0;1;1;0;0;0;0;0;0;0;0;(-38.561142 -3.7106835);
OGL0938;2021-01-09 08:50:00;Rua José Ricardo Ramos;RUA JOAO AREAS;;VILA PERY;OGL0938;Colisão;Não informado;Não informado;Não informado;Não informado;Não informado;Cruzamento;0;1;0;0;0;0;0;0;0;0;1;0;0;(-38.5759918 -3.7891091);
NPM6995;2021-01-09 06:49:00;Rua Sargento João Pinheiro;;;BOM JARDIM;NPM6995;Não informado;Não informado;Não informado;Não informado;Não informado;Não informado;Longo da via;0;1;0;1;0;0;0;0;0;0;0;0;0;(-38.6231858 -3.7841572);
NPM6995;2021-01-09 05:52:00;Rua Urucutuba;;;BOM JARDIM;NPM6995;Choque c/ Obstáculo Fixo;Não informado;Não informado;Não informado;Não informado;Não informado;Longo da via;0;2;0;0;1;0;0;0;0;0;0;0;0;(-38.60945299749741 -3.797961424024371);
AQV6123;2021-01-11 02:50:00;Avenida Heráclito Graça;;;CENTRO;AQV6123;Queda;Não informado;Não informado;Não informado;Não informado;Não informado;Longo da via;0;1;0;1;0;0;0;0;0;0;0;0;0;(-38.5232684 -3.7339686);
CBV2603;2021-01-11 02:41:00;Rua Honorino Maia;;;JANGURUSSU;CBV2603;Queda;Não informado;Não informado;Não informado;Não informado;Não informado;Longo da via;0;2;0;1;0;0;0;0;0;0;0;0;0;(-38.5017995 -3.8520792);
NZK6352;2021-01-11 02:13:00;Rua 113;;;CONJUNTO CEARA I;NZK6352;Colisão;Não informado;Não informado;Não informado;Não informado;Não informado;Longo da via;0;2;0;1;1;0;0;0;0;0;0;0;0;(-38.6058413 -3.7739277);
PBC7705;2021-01-11 01:24:00;Avenida Presidente Costa e Silva;;;PREFEITO JOSE VALTER;PBC7705;Queda;Não informado;Não informado;Não informado;Não informado;Não informado;Longo da via;0;1;0;0;0;0;0;0;0;1;0;0;0;(-38.5443558 -3.8244455);
HXF0421;2021-01-11 01:19:00;Rua DEPUTADO PAULINO ROCHA;;;PASSARE;HXF0421;Atropelamento;Não informado;Não informado;Não informado;Não informado;Não informado;Longo da via;0;1;0;0;0;0;0;0;0;0;1;0;0;(-38.5255835 -3.808823799999999);
GJX0775;2021-01-11 01:15:00;Rua Deputado Moreira da Rocha;;;PRAIA DE IRACEMA;GJX0775;Colisão;Não informado;Não informado;Não informado;Não informado;Não informado;Longo da via;0;1;0;1;1;0;0;0;0;0;0;0;0;(-38.5075131 -3.7268458);
CYT5963;2021-01-10 23:58:00;Avenida Carlos Amora;;;PARANGABA;CYT5963;Colisão;Não informado;Não informado;Não informado;Não informado;Não informado;Longo da via;0;1;0;1;1;0;0;0;0;0;0;0;0;(-38.5626892 -3.776592);
NYN3097;2021-01-10 23:14:00;Rua Conselheiro Estelita;RUA GUILHERME ROCHA;;CENTRO;NYN3097;Colisão;Não informado;Não informado;Não informado;Não informado;Não informado;Cruzamento;0;1;0;2;0;0;0;0;0;0;0;0;0;(-38.540359 -3.7253741);
KTU2966;2021-01-10 23:14:00;Rua Professor Lino Encarnação;;;PARQUELANDIA;KTU2966;Atropelamento;Não informado;Não informado;Não informado;Não informado;Não informado;Longo da via;0;1;0;1;0;0;0;0;0;0;0;0;0;(-38.5606335 -3.7420063);
JTS9000;2021-01-10 21:22:00;Avenida Dos Jangadeiros;;;MUCURIPE;JTS9000;Colisão;Não informado;Não informado;Não informado;Não informado;Não informado;Longo da via;0;1;0;0;0;0;0;0;0;0;1;0;0;(-38.4756484 -3.721368);
GBL4539;2021-01-10 19:08:00;RuaTHOMPSON GONCALVES;RUA SOBREIRA FILHO;;BONSUCESSO;GBL4539;Colisão;Não informado;Não informado;Não informado;Não informado;Não informado;Cruzamento;0;1;0;1;1;0;0;0;0;0;0;0;0;(-38.58088790858665 -3.78069966696571);
TWJ9507;2021-01-30 19:32:00;Avenida General Osório de Paiva;;;CANINDEZINHO;TWJ9507;Atropelamento;Não informado;Não informado;Não informado;Não informado;Não informado;Longo da via;0;2;0;0;1;0;0;0;0;0;0;0;0;(-38.59572544659846 -3.798416398035224);
JFX7547;2021-01-30 19:52:00;Rua Duarte Coelho;;;PAUPINA;JFX7547;Queda;Não informado;Não informado;Não informado;Não informado;Não informado;Longo da via;0;1;0;1;0;0;0;0;0;0;0;0;0;(-38.49030927375963 -3.863807036028513);
BDX4911;2021-01-30 20:00:00;Rua José Carlos Gurgel Nogueira;;;VICENTE PINZON;BDX4911;Colisão;Não informado;Não informado;Não informado;Não informado;Não informado;Longo da via;0;1;0;0;1;0;0;0;0;1;0;0;0;(-38.47292318765315 -3.731104415848554);
ZVF4054;2021-01-30 20:32:00;Rua Sargento João Pinheiro;;;BOM JARDIM;ZVF4054;Atropelamento;Não informado;Não informado;Não informado;Não informado;Não informado;Longo da via;0;1;0;1;0;0;0;0;0;0;0;0;0;(-38.62315908415604 -3.784167568815229);
OZR7553;2021-01-30 20:59:00;Avenida Emília Gonçalves;;;QUINTINO CUNHA;OZR7553;Colisão;Não informado;Não informado;Não informado;Não informado;Não informado;Longo da via;0;1;0;0;0;0;0;0;0;0;0;0;0;(-38.595841 -3.7262574);
OVB0932;2021-01-30 21:48:00;Avenida Beira Mar;;;;OVB0932;Atropelamento;Não informado;Não informado;Não informado;Não informado;Não informado;Longo da via;0;1;0;0;0;0;0;0;0;1;0;0;0;(-38.48732570000001 -3.7233288);
ITZ2274;2021-01-30 22:19:00;Avenida Dioguinho;;;VICENTE PINZON;ITZ2274;Queda;Não informado;Não informado;Não informado;Não informado;Não informado;Longo da via;0;2;0;1;0;0;0;0;0;0;0;0;0;(-38.45849291535111 -3.732116141302966);
ICP8219;2021-01-31 00:25:00;Avenida Barão de Studart;;;MEIRELES;ICP8219;Queda;Não informado;Não informado;Não informado;Não informado;Não informado;Longo da via;0;1;0;1;0;0;0;0;0;0;0;0;0;(-38.50803330506556 -3.739278481810045);
LDG4332;2021-01-31 00:30:00;Avenida Carlos Amora;;;QUINTINO CUNHA;LDG4332;Atropelamento;Não informado;Não informado;Não informado;Não informado;Não informado;Longo da via;0;1;0;0;1;0;0;0;0;0;0;0;0;(-38.5635371 -3.775341699999999);
FJH4466;2021-01-31 00:44:00;Avenida A;AV F CJ CEARA;;CONJUNTO CEARA I;FJH4466;Queda;Não informado;Não informado;Não informado;Não informado;Não informado;Longo da via;0;1;0;0;0;0;0;0;0;1;0;0;0;(-38.6032043 -3.7679026);
ISG9009;2021-01-31 02:27:00;Rua Cônego de Castro;;;SIQUEIRA;ISG9009;Colisão;Não informado;Não informado;Não informado;Não informado;Não informado;Longo da via;0;1;0;1;1;0;0;0;0;0;0;0;0;(-38.5849000582863 -3.797463628655385);
JPR1657;2021-01-31 02:57:00;Avenida Frei Cirilo;;;CENTRO;JPR1657;Colisão;Não informado;Não informado;Não informado;Não informado;Não informado;Longo da via;0;1;0;1;1;0;0;0;0;0;0;0;0;(-38.4979833 -3.8161503);
KGV5045;2021-01-31 03:06:00;Rua Vinte e Cinco de Dezembro;;;PAUPINA;KGV5045;Colisão;Não informado;Não informado;Não informado;Não informado;Não informado;Longo da via;0;1;0;1;1;0;0;0;0;0;0;0;0;(-38.49233165794938 -3.866847094348332);
AZB3810;2021-01-31 03:08:00;Avenida Jornalista Tomaz Coelho;;;MESSEJANA;AZB3810;Atropelamento;Não informado;Não informado;Não informado;Não informado;Não informado;Longo da via;0;1;0;1;0;0;0;0;0;0;0;0;0;(-38.5107767 -3.8295793);
LPT4145;2021-01-31 03:13:00;Avenida José Bastos;;;BELA VISTA;LPT4145;Queda;Não informado;Não informado;Não informado;Não informado;Não informado;Longo da via;0;1;0;1;0;0;0;0;0;0;0;0;0;(-38.55436042691188 -3.753768927372531);
UEQ3752;2021-01-31 03:55:00;Rua Sabiaguaba;;;SABIAGUABA;UEQ3752;Colisão;Não informado;Não informado;Não informado;Não informado;Não informado;Longo da via;0;1;0;0;0;0;0;0;0;0;0;0;0;(-38.44377831458419 -3.790151891578424);
UOZ0868;2021-01-31 05:20:00;Avenida Washington Luiz;;;JARDIM GUANABARA;UOZ0868;Colisão;Não informado;Não informado;Não informado;Não informado;Não informado;Longo da via;0;1;0;1;1;0;0;0;0;0;0;0;0;(-38.59287529083446 -3.716492481362684);
FOL8535;2021-01-31 08:15:00;Avenida Bernardo Manuel;;;ITAPERI;FOL8535;Choque c/ Obstáculo Fixo;Não informado;Não informado;Não informado;Não informado;Não informado;Longo da via;0;1;0;0;1;0;0;0;0;0;0;0;0;(-38.5492803216302 -3.791393713656732);
GBL4539;2021-01-10 15:28:00;Rua Antônio Pompeu;RUA JAIME BENEVOLO;;CENTRO;GBL4539;Colisão;Não informado;Não informado;Não informado;Cruz;Não informado;Cruzamento;0;1;0;1;1;0;0;0;0;0;0;0;0;(-38.52767679999999 -3.7356165);
AVA5268;2021-02-12 17:05:00;Avenida Major Assis;;;JARDIM GUANABARA;AVA5268;Colisão;Não informado;Não informado;Não informado;Não informado;Não informado;Longo da via;0;1;0;1;1;0;0;0;0;0;0;0;0;(-38.59377281368323 -3.722239723982864);
LZT5427;2021-01-31 08:20:00;Rua Caubi;;;BARRA DO CEARA;LZT5427;Queda;Não informado;Não informado;Não informado;Não informado;Não informado;Longo da via;0;1;0;1;0;0;0;0;0;0;0;0;0;(-38.57887045101335 -3.705564654375592);
XTC2271;2021-01-10 14:15:00;Avenida João de Araújo Lima;;;PREFEITO JOSE VALTER;XTC2271;Colisão;Não informado;Não informado;Não informado;Não informado;Não informado;Longo da via;0;2;0;0;0;0;0;0;0;0;1;0;0;(-38.5606148 -3.8324239);
CEN9411;2021-01-10 13:46:00;BR 116;;;AEROLANDIA;CEN9411;Queda;Não informado;Não informado;Não informado;Não informado;Não informado;Longo da via;0;1;0;1;0;0;0;0;0;0;0;0;0;(-38.51645051170635 -3.771814067025983);
DWT4076;2021-02-12 15:21:00;BR-116;;;PEDRAS;DWT4076;Colisão;Não informado;Não informado;Não informado;Não informado;Não informado;Longo da via;0;1;0;1;1;0;0;0;0;0;0;0;0;(-38.52055934713375 -3.757414251000838);
VSW0669;2021-01-10 12:32:00;Rua Coronel João de Oliveira;;;MESSEJANA;VSW0669;Colisão;Não informado;Não informado;Não informado;Não informado;Não informado;Longo da via;0;1;0;1;1;0;0;0;0;0;0;0;0;(-38.4903512 -3.8226478);
IZE1791;2021-01-31 08:35:00;Rua Dez;;;PASSARE;IZE1791;Queda;Não informado;Não informado;Não informado;Não informado;Não informado;Longo da via;0;1;0;1;0;0;0;0;0;0;0;0;0;(-38.53019908575994 -3.817535794570613);
TGB4003;2021-01-31 10:42:00;Rua Alberto de Oliveira;AV FRANCISCO SA;;BARRA DO CEARA;TGB4003;Colisão;Não informado;Não informado;Não informado;Não informado;Não informado;Longo da via;0;1;0;0;0;0;0;0;0;0;0;0;0;(-38.5765547 -3.7108184);
AYZ6148;2021-01-10 12:26:00;Avenida Val Paraíso;;;CONJUNTO PALMEIRAS;AYZ6148;Colisão;Não informado;Não informado;Não informado;Não informado;Não informado;Longo da via;0;1;0;1;1;0;0;0;0;0;0;0;0;(-38.5189138 -3.8463738);
IZR9575;2021-02-12 15:06:00;Avenida Oscar Araripe;RUA TRES CORACOES;;BOM JARDIM;IZR9575;Queda;Não informado;Não informado;Não informado;Não informado;Não informado;Longo da via;0;1;0;1;0;0;0;0;0;0;0;0;0;(-38.610059174389 -3.787812764976866);
HJX3670;2021-02-12 14:48:00;Rua Luiza Guimarães;;;LAGOA REDONDA;HJX3670;Colisão;Não informado;Não informado;Não informado;Não informado;Não informado;Longo da via;0;1;0;1;1;0;0;0;0;0;0;0;0;(-38.45964090690853 -3.831077550929868);
XOC3787;2021-01-31 12:53:00;Rodovia Estrada do Guarani (BR116);;;MESSEJANA;XOC3787;Atropelamento;Não informado;Não informado;Não informado;Não informado;Não informado;Longo da via;0;1;0;1;0;0;0;0;0;0;0;0;0;(-38.5020858 -3.8367365);
NZP9414;2021-02-12 14:44:00;Rua José Américo de Almeida;;;;NZP9414;Colisão;Não informado;Não informado;Não informado;Não informado;Não informado;Longo da via;0;1;0;1;1;0;0;0;0;0;0;0;0;(-43.45140889159064 -23.02184288421893);
NSI9256;2021-02-12 13:13:00;Avenida Borges de Melo;;;VILA UNIAO;NSI9256;Choque c/ Obstáculo Fixo;Não informado;Não informado;Não informado;Não informado;Não informado;Longo da via;0;1;0;0;1;0;0;0;0;0;0;0;0;(-38.52941062327734 -3.760347628118437);
OIO6936;2021-01-31 12:59:00;Rua Padre Perdigão Sampaio;;;QUINTINO CUNHA;OIO6936;Colisão;Não informado;Não informado;Não informado;Não informado;Não informado;Longo da via;0;1;0;1;1;0;0;0;0;0;0;0;0;(-38.59653548357326 -3.733095747378567);
PLV3029;2021-01-31 13:58:00;Rua Dom Joaquim;;;CENTRO;PLV3029;Queda;Não informado;Não informado;Não informado;Não informado;Não informado;Longo da via;0;1;0;1;0;0;0;0;0;0;0;0;0;(-38.51685240338039 -3.726286659612163);
GUM4761;2021-02-12 11:51:00;Avenida Treze de Maio;;;FATIMA;GUM4761;Colisão;Não informado;Não informado;Não informado;Não informado;Não informado;Longo da via;0;1;0;0;0;0;0;0;0;0;1;0;0;(-38.52901893044847 -3.749668589219605);
QCD7442;2021-01-31 13:58:00;Avenida Washington Soares;RUA LOURIVAL C PINHO;;CAMBEBA;QCD7442;Queda;Não informado;Não informado;Não informado;Não informado;Não informado;Longo da via;0;1;0;0;0;0;0;0;0;1;0;0;0;(-38.4802114 -3.7932336);
BDN4022;2021-01-31 16:53:00;Avenida Godofredo Maciel;RUA DA PAZ;;MARAPONGA;BDN4022;Queda;Não informado;Não informado;Não informado;Não informado;Não informado;Longo da via;0;1;0;0;0;0;0;0;0;1;0;0;0;(-38.57242242030696 -3.804464853260213);
WRA5797;2021-01-31 17:32:00;Rua Cônego de Castro;RUA GABRIEL FIUZA;;MANOEL SATIRO;WRA5797;Colisão;Não informado;Não informado;Não informado;Não informado;Não informado;Longo da via;0;1;0;1;1;0;0;0;0;0;0;0;0;(-38.57748643209997 -3.789402515323668);
GHM6078;2021-02-12 11:39:00;Rua Zacarias Gondim;;;MONTESE;GHM6078;Colisão;Não informado;Não informado;Não informado;Não informado;Não informado;Longo da via;0;1;0;1;1;0;0;0;0;0;0;0;0;(-38.55871097814428 -3.768821178450226);
ILV5988;2021-01-31 17:41:00;Avenida Doutor Silas Munguba;RUA GOV JOAO CARLOS;;SERRINHA;ILV5988;Colisão;Não informado;Não informado;Não informado;Não informado;Não informado;Longo da via;0;2;0;1;1;0;0;0;0;0;0;0;0;(-38.55397421790147 -3.783873169042947);
NRC5599;2021-02-12 10:37:00;Rua Primeiro de Maio;;;GRANJA PORTUGAL;NRC5599;Colisão;Não informado;Não informado;Não informado;Não informado;Não informado;Longo da via;0;1;0;1;0;0;0;0;0;0;0;0;0;(-38.60527948144313 -3.77819926298752);
XHC1021;2021-02-12 10:29:00;Rua Nereu Ramos;;;VILA PERY;XHC1021;Queda;Não informado;Não informado;Não informado;Não informado;Não informado;Longo da via;0;1;0;1;0;0;0;0;0;0;0;0;0;(-49.0631095 -26.9264624);
TAU0515;2021-01-10 10:27:00;Rua Demétrio Menezes;AV SGT HERMINIO SAMPAIO;;PADRE ANDRADE;TAU0515;Colisão;Não informado;Não informado;Não informado;Cruz;Não informado;Cruzamento;0;1;0;1;1;0;0;0;0;0;0;0;0;(-38.5842652 -3.7338003);
SPU3040;2021-01-31 18:32:00;Avenida do Vaqueiro;;;ANCURI;SPU3040;Queda;Não informado;Não informado;Não informado;Não informado;Não informado;Longo da via;0;1;0;1;0;0;0;0;0;0;0;0;0;(-38.50292101726354 -3.861221907442537);
GNE3515;2021-01-31 19:13:00;Avenida General Osório de Paiva;AV AUGUSTO DOS ANJOS;;SIQUEIRA;GNE3515;Colisão;Não informado;Não informado;Não informado;Não informado;Não informado;Longo da via;0;1;0;1;1;0;0;0;0;0;0;0;0;(-38.5847464 -3.7871166);
LKX0535;2021-01-10 09:42:00;Avenida Barão de Studart;AV ANTONIO SALES;;DIONISIO TORRES;LKX0535;Queda;Não informado;Não informado;Não informado;Não informado;Não informado;Longo da via;0;1;0;0;0;0;0;0;0;1;0;0;0;(-38.5094276 -3.7432939);
NRM9370;2021-02-12 10:25:00;Rua Cônego de Castro;;;;NRM9370;Queda;Não informado;Não informado;Não informado;Não informado;Não informado;Longo da via;0;1;0;1;0;0;0;0;0;0;0;0;0;(-38.57257262846878 -3.784108688868785);
EVQ5983;2021-01-10 09:20:00;Rua Bartolomeu de Gusmão;;;FATIMA;EVQ5983;Atropelamento;Não informado;Não informado;Não informado;Não informado;Não informado;Cruzamento;0;1;0;0;1;0;0;0;0;0;0;0;0;(-38.5247731 -3.7573529);
FMW9446;2021-01-31 19:20:00;Avenida Val Paraíso;;;JANGURUSSU;FMW9446;Colisão;Não informado;Não informado;Não informado;Não informado;Não informado;Longo da via;0;8;0;0;0;0;0;0;0;0;0;0;0;(-38.51743176967617 -3.846599458576409);
YIZ2557;2021-02-12 03:28:00;Rua Diadema;;;CONJUNTO PALMEIRAS;YIZ2557;Queda;Não informado;Não informado;Não informado;Não informado;Não informado;Longo da via;0;1;0;1;0;0;0;0;0;0;0;0;0;(-38.5219042 -3.8441085);
ZLW0427;2021-02-12 01:01:00;Rua Maria Zenóbia Carneiro;;;VILA VELHA;ZLW0427;Queda;Não informado;Não informado;Não informado;Não informado;Não informado;Longo da via;0;1;0;1;0;0;0;0;0;0;0;0;0;(-38.60563891363703 -3.718513957279527);
OOP5404;2021-01-31 19:45:00;AV CORONEL DE CARVALHO;;;ANTONIO BEZERRA;OOP5404;Colisão;Não informado;Não informado;Não informado;Não informado;Não informado;Longo da via;0;1;0;1;1;0;0;0;0;0;0;0;0;(-38.58446017342748 -3.731859195266192);
MSF2654;2021-01-31 20:18:00;Rua Almirante Rubim;;;MONTESE;MSF2654;Queda;Não informado;Não informado;Não informado;Não informado;Não informado;Longo da via;0;1;0;1;0;0;0;0;0;0;0;0;0;(-38.55723039337276 -3.772685903633421);
XFA9242;2021-02-11 23:53:00;Avenida Major Assis;;;VILA VELHA;XFA9242;Queda;Não informado;Não informado;Não informado;Não informado;Não informado;Longo da via;0;1;0;1;0;0;0;0;0;0;0;0;0;(-38.6068899 -3.7183726);
LYG9456;2021-01-31 20:45:00;Avenida Manoel Mavignier;;;SABIAGUABA;LYG9456;Queda;Não informado;Não informado;Não informado;Não informado;Não informado;Longo da via;0;1;0;1;0;0;0;0;0;0;0;0;0;(-38.44267325127284 -3.805385499360457);
NAZ4752;2021-01-31 20:59:00;Avenida General Osório de Paiva;;;SIQUEIRA;NAZ4752;Colisão;Não informado;Não informado;Não informado;Não informado;Não informado;Longo da via;0;2;0;1;1;0;0;0;0;0;0;0;0;(-38.59033420694769 -3.792614123271771);
XKX6687;2021-02-11 23:45:00;Rua Dom Hélio Campos;;;CARLITO PAMPLONA;XKX6687;Atropelamento;Não informado;Não informado;Não informado;Não informado;Não informado;Longo da via;0;1;0;0;1;0;0;0;0;0;0;0;0;(-38.55625406882218 -3.716747424459574);
EOT4229;2021-01-31 21:06:00;Avenida Engenheiro Alberto Sá;;;VICENTE PINZON;EOT4229;Colisão;Não informado;Não informado;Não informado;Não informado;Não informado;Longo da via;0;2;0;1;1;0;0;0;0;0;0;0;0;(-38.48139362272304 -3.732983333622106);
WIR2875;2021-02-11 22:58:00;Rua Fernando Farias de Melo;;;MANOEL SATIRO;WIR2875;Atropelamento;Não informado;Não informado;Não informado;Não informado;Não informado;Longo da via;0;1;0;0;1;0;0;0;0;0;0;0;0;(-38.57837155403754 -3.79818088210661);
OGW5618;2021-01-31 22:06:00;Avenida Contôrno Oeste;;;CONJUNTO ESPERANCA;OGW5618;Colisão;Não informado;Não informado;Não informado;Não informado;Não informado;Longo da via;0;1;0;2;0;0;0;0;0;0;0;0;0;(-38.59573 -3.812256);
GJX1603;2021-02-11 22:42:00;Avenida Doutor Silas Munguba;;;SERRINHA;GJX1603;Colisão;Não informado;Não informado;Não informado;Não informado;Não informado;Longo da via;0;2;0;0;0;0;0;0;0;0;1;0;0;(-38.5618341 -3.7775056);
FWO8151;2021-01-31 22:10:00;Avenida Major Assis;;;VILA VELHA;FWO8151;Colisão;Não informado;Não informado;Não informado;Não informado;Não informado;Longo da via;0;1;0;0;0;0;0;0;0;0;1;0;0;(-38.6009666 -3.720529);
NTJ0617;2021-01-31 23:51:00;Rua Professor Miramar da Ponte;;;JOAO XXIII;NTJ0617;Colisão;Não informado;Não informado;Não informado;Não informado;Não informado;Longo da via;0;1;0;0;0;0;0;0;0;0;1;0;0;(-38.58923450711604 -3.768435775550985);
PZM1344;2021-01-10 05:13:00;Rua 23 de Junho;;;GRANJA LISBOA;PZM1344;Queda;Não informado;Não informado;Não informado;Não informado;Não informado;Longo da via;0;1;0;1;0;0;0;0;0;0;0;0;0;(-38.6165867 -3.7794905);
ZCA8154;2021-02-01 00:11:00;Rua Anselmo Nogueira;;;HENRIQUE JORGE;ZCA8154;Queda;Não informado;Não informado;Não informado;Não informado;Não informado;Longo da via;0;1;0;1;0;0;0;0;0;0;0;0;0;(-38.5879987 -3.7903612);
YMC0196;2021-02-11 21:56:00;Avenida Perimetral;;;MONDUBIM;YMC0196;Engavetamento;Não informado;Não informado;Não informado;Não informado;Não informado;Longo da via;0;1;0;1;0;0;0;0;0;0;0;0;0;(-44.02566449274327 -20.00231290797904);
AGT3650;2021-02-11 22:38:00;Rua Raimundo Neri;;;MONDUBIM;AGT3650;Atropelamento;Não informado;Não informado;Não informado;Não informado;Não informado;Longo da via;0;1;0;0;0;0;0;0;0;0;1;0;0;(-38.5864203 -3.794134);
QYO7413;2021-01-10 04:30:00;Avenida João Pessoa;;;PARANGABA;QYO7413;Queda;Não informado;Não informado;Não informado;Não informado;Não informado;Longo da via;0;1;0;1;0;0;0;0;0;0;0;0;0;(-38.5609812 -3.7704559);
FGA9792;2021-02-01 01:17:00;Rua 101;;;PARQUE DOIS IRMAOS;FGA9792;Atropelamento;Não informado;Não informado;Não informado;Não informado;Não informado;Longo da via;0;1;0;1;0;0;0;0;0;0;0;0;0;(-38.54774609807369 -3.806600536602763);
BFU8995;2021-02-01 01:26:00;Avenida Álef de Souza Cavalcante;;;JANGURUSSU;BFU8995;Queda;Não informado;Não informado;Não informado;Não informado;Não informado;Longo da via;0;1;0;1;0;0;0;0;0;0;0;0;0;(-38.51950780015741 -3.83062259421108);
GXR3452;2021-02-01 02:48:00;Rua Eretides Martins;;;MONTE CASTELO;GXR3452;Colisão;Não informado;Não informado;Não informado;Não informado;Não informado;Longo da via;0;1;0;2;0;0;0;0;0;0;0;0;0;(-38.55892554172908 -3.730515580391636);
WYO3061;2021-04-01 02:11:00;Avenida Oliveira Paiva;;;CIDADE DOS FUNCIONRAIOS;WYO3061;Colisão;Não informado;Não informado;Não informado;Não informado;Não informado;Longo da via;0;1;0;1;1;0;0;0;0;0;0;0;0;(-38.48947778755753 -3.796018414667435);