COD_ACIDENTE;DATA;LOG1;LOG2;NUMERO;BAIRRO;AMC;NATUREZA;ILUMINACAO;TEMPO;SUPERFICIEPISTA;TIPOCRUZAMENTO;CONTROLETRAFEGO;USOSOLO;MORTOS;FERIDOS;ILESOS;MOTOCICLETA;AUTOMOVEL;MICROONIBUS;CAMINHAO;ONIBUS;CICLOMOTOR;BICICLETA;OUTROS;TREM;TRACAOANIMAL;COORDENADAS
BUY8098;2021-04-01 01:12:00;Avenida Presidente Costa e Silva;;;JANGURUSSU;BUY8098;Colisão;Não informado;Não informado;Não informado;Não informado;Não informado;Longo da via;0;1;0;0;0;0;0;0;0;0;1;0;0;(-38.52449704304303 -3.829322620959633);
FED7436;2021-04-01 00:55:00;Avenida C;;;CONJUNTO CEARA I;FED7436;Colisão;Não informado;Não informado;Não informado;Não informado;Não informado;Longo da via;0;1;0;0;0;0;0;0;0;0;1;0;0;(-38.61082092479875 -3.766118001736876);
CYM4293;2021-03-31 23:53:00;Rua João Ribeiro;;;ALVARO WEYNE;CYM4293;Colisão;Não informado;Não informado;Não informado;Não informado;Não informado;Longo da via;0;1;0;0;0;0;0;0;0;0;1;0;0;(-38.56783583655788 -3.719841531129788);
WOF7671;2021-03-31 22:54:00;Avenida Contorno Sul;;;CONJUNTO ESPERANCA;WOF7671;Colisão;Não informado;Não informado;Não informado;Não informado;Não informado;Longo da via;0;2;0;2;0;0;0;0;0;0;0;0;0;(-38.5907617256129 -3.816793801840679);
SLG4960;2021-03-31 22:03:00;Rua Olímpia de Noronha;;;MONDUBIM;SLG4960;Colisão;Não informado;Não informado;Não informado;Não informado;Não informado;Longo da via;0;1;0;0;0;0;0;0;0;0;1;0;0;(-38.55872169712805 -3.813799730887294);
HUU9408;2021-03-31 22:02:00;Avenida Castelo de Castro;;;JANGURUSSU;HUU9408;Colisão;Não informado;Não informado;Não informado;Não informado;Não informado;Longo da via;0;2;0;1;1;0;0;0;0;0;0;0;0;(-38.52151945293075 -3.831446868558985);
DPD1606;2021-03-31 21:46:00;Rodovia Estrada do Guarani (BR116);;;MESSEJANA;DPD1606;Colisão;Não informado;Não informado;Não informado;Não informado;Não informado;Longo da via;0;1;0;0;0;0;0;0;0;0;0;0;0;(-38.5020858 -3.8367365);
TSK0767;2021-03-31 21:28:00;Rodovia Anel Viario De Fortaleza;;;ANCURI;TSK0767;Colisão;Não informado;Não informado;Não informado;Não informado;Não informado;Longo da via;0;1;0;0;0;0;0;0;0;0;1;0;0;(-38.5082531 -3.8687273);
URV2942;2021-03-31 21:00:00;Avenida Castelo de Castro;;;JANGURUSSU;URV2942;Colisão;Não informado;Não informado;Não informado;Não informado;Não informado;Longo da via;0;1;0;1;1;0;0;0;0;0;0;0;0;(-38.52148727252163 -3.834508452039761);
QSJ0880;2021-03-31 20:56:00;AV N;;;PREFEITO JOSE VALTER;QSJ0880;Colisão;Não informado;Não informado;Não informado;Não informado;Não informado;Longo da via;0;1;0;0;0;0;0;0;0;0;1;0;0;(-38.55272797691642 -3.831662972822378);
RTJ0093;2021-03-31 20:48:00;Rua Carlos Vasconcelos;;;ALDEOTA;RTJ0093;Colisão;Não informado;Não informado;Não informado;Não informado;Não informado;Longo da via;0;1;0;1;1;0;0;0;0;0;0;0;0;(-38.51285054940679 -3.739230304827101);
AUA6560;2021-02-11 20:54:00;Rua Brasília;;;PICI;AUA6560;Atropelamento;Não informado;Não informado;Não informado;Não informado;Não informado;Longo da via;0;1;0;0;1;0;0;0;0;0;0;0;0;(-38.57350601585932 -3.756654140722391);
USW8500;2021-03-31 20:27:00;Avenida Senador Carlos Jereissati;;;AEROPORTO;USW8500;Atropelamento;Não informado;Não informado;Não informado;Não informado;Não informado;Longo da via;0;1;0;0;0;0;0;0;0;0;1;0;0;(-38.5353259 -3.7822053);
MLB5861;2021-02-11 20:43:00;Rua Antônio Costa Mendes;RUA PLACIDO DE CASTRO;;SIQUEIRA;MLB5861;Colisão;Não informado;Não informado;Não informado;Não informado;Não informado;Longo da via;0;1;0;1;1;0;0;0;0;0;0;0;0;(-38.5848118 -3.7911197);
KQF8244;2021-03-31 20:06:00;Avenida Presidente Costa e Silva;;;;KQF8244;Colisão;Não informado;Não informado;Não informado;Não informado;Não informado;Longo da via;0;1;0;1;1;0;0;0;0;0;0;0;0;(-38.5503326 -3.823450799999999);
ZCK6419;2021-02-11 20:10:00;Avenida Coronel Carvalho;;;JARDIM IRACEMA;ZCK6419;Colisão;Não informado;Não informado;Não informado;Não informado;Não informado;Longo da via;0;1;0;2;0;0;0;0;0;0;0;0;0;(-38.5867189 -3.7224886);
ACG6707;2021-03-31 18:39:00;Avenida Godofredo Maciel;;;MARAPONGA;ACG6707;Queda;Não informado;Não informado;Não informado;Não informado;Não informado;Longo da via;0;1;0;1;0;0;0;0;0;0;0;0;0;(-38.5729427683867 -3.806043867770588);
WDD8795;2021-03-31 16:13:00;AV LUCIANO CARNEIRO;RUA MIN JOAQUIM BASTOS D14;;FATIMA;WDD8795;Queda;Não informado;Não informado;Não informado;Não informado;Não informado;Longo da via;0;1;0;1;0;0;0;0;0;0;0;0;0;(-38.53228048370875 -3.750321646975933);
AXD0562;2021-02-11 19:47:00;Avenida Audízio Pinheiro;;;HENRIQUE JORGE;AXD0562;Queda;Não informado;Não informado;Não informado;Não informado;Não informado;Longo da via;0;1;0;0;0;0;0;0;0;1;0;0;0;(-38.587905 -3.756847);
FTO9099;2021-02-11 19:40:00;Rua Porto Alegre;;;HENRIQUE JORGE;FTO9099;Queda;Não informado;Não informado;Não informado;Não informado;Não informado;Longo da via;0;1;0;0;0;0;0;0;0;1;0;0;0;(-38.5899053 -3.760614);
WZQ1787;2021-02-11 19:02:00;Rua Pernambuco;;;PICI;WZQ1787;Atropelamento;Não informado;Não informado;Não informado;Não informado;Não informado;Longo da via;0;1;0;1;0;0;0;0;0;0;0;0;0;(-38.5743905 -3.7555029);
TET6250;2021-03-31 15:47:00;Rua Coronel Ernesto Matos;;;MESSEJANA;TET6250;Colisão;Não informado;Não informado;Não informado;Não informado;Não informado;Longo da via;0;1;0;0;1;0;0;0;0;1;0;0;0;(-38.48978892614905 -3.831061493638028);
OGT9990;2021-02-11 18:04:00;Avenida L;;;PREFEITO JOSE VALTER;OGT9990;Choque c/ Obstáculo Fixo;Não informado;Não informado;Não informado;Não informado;Não informado;Longo da via;0;1;0;0;1;0;0;0;0;0;0;0;0;(-38.5584642172607 -3.834347879751975);
LAW9332;2021-02-11 17:29:00;Avenida Gurgel do Amaral;;;PARQUE SANTA ROSA;LAW9332;Colisão;Não informado;Não informado;Não informado;Não informado;Não informado;Longo da via;0;1;0;0;0;0;0;0;0;0;1;0;0;(-38.4789877 -3.8393421);
SLS4711;2021-03-31 12:00:00;Avenida Imperador;;;CENTRO;SLS4711;Queda;Não informado;Não informado;Não informado;Não informado;Não informado;Longo da via;0;1;0;1;0;0;0;0;0;0;0;0;0;(-38.53449599070084 -3.72753392570357);
WSK5161;2021-03-31 11:59:00;Rua Guadalajara;;;BOA VISTA;WSK5161;Queda;Não informado;Não informado;Não informado;Não informado;Não informado;Longo da via;0;1;0;1;0;0;0;0;0;0;0;0;0;(-38.51739422156489 -3.796848074845166);
FCX9079;2021-03-31 11:51:00;Rua Nelson Coelho;;;LAGOA REDONDA;FCX9079;Colisão;Não informado;Não informado;Não informado;Não informado;Não informado;Longo da via;0;2;0;2;0;0;0;0;0;0;0;0;0;(-38.46268789376909 -3.83039779197839);
RHO3421;2021-03-31 11:34:00;Rua Osvaldo Cruz;;;DIONISIO TORRES;RHO3421;Colisão;Não informado;Não informado;Não informado;Não informado;Não informado;Longo da via;0;1;0;1;1;0;0;0;0;0;0;0;0;(-38.50507214678229 -3.750375176278582);
BVU4029;2021-03-31 11:25:00;Rua Coronel Matos Dourado;;;ANTONIO BEZERRA;BVU4029;Queda;Não informado;Não informado;Não informado;Não informado;Não informado;Longo da via;0;1;0;1;0;0;0;0;0;0;0;0;0;(-38.5848839617481 -3.744513698174491);
ULU6976;2021-02-11 16:44:00;Avenida Santos Dumont;;;PAPICU;ULU6976;Colisão;Não informado;Não informado;Não informado;Não informado;Não informado;Longo da via;0;1;0;1;1;0;0;0;0;0;0;0;0;(-38.4749346 -3.7437989);
BVU4029;2021-03-31 11:21:00;Avenida Washington Soares;;;MESSEJANA;BVU4029;Queda;Não informado;Não informado;Não informado;Não informado;Não informado;Longo da via;0;2;0;1;0;0;0;0;0;0;0;0;0;(-38.4814203598958 -3.825307611337847);
SKA6942;2021-02-11 15:43:00;Rua 856;;;CONJUNTO CEARA I;SKA6942;Queda;Não informado;Não informado;Não informado;Não informado;Não informado;Longo da via;0;1;0;0;0;0;0;0;0;1;0;0;0;(-38.59969512415076 -3.770127264783099);
PYK2361;2021-03-31 11:08:00;Avenida Eduardo Girão;AV LUCIANO CARNEIRO;;FATIMA;PYK2361;Colisão;Não informado;Não informado;Não informado;Não informado;Não informado;Longo da via;0;1;0;1;1;0;0;0;0;0;0;0;0;(-38.53274718291662 -3.75195964215233);
SKA6942;2021-02-11 15:30:00;Travessa Itu;;;BOM JARDIM;SKA6942;Queda;Não informado;Não informado;Não informado;Não informado;Não informado;Longo da via;0;1;0;1;0;0;0;0;0;0;0;0;0;(-38.60327853404802 -3.794300212667991);
SAV6576;2021-02-11 13:32:00;Rua Professor Joaquim Nogueira;;;ANTONIO BEZERRA;SAV6576;Queda;Não informado;Não informado;Não informado;Não informado;Não informado;Longo da via;0;1;0;1;0;0;0;0;0;0;0;0;0;(-38.58952954494696 -3.74678335280295);
LOR2267;2021-03-31 10:30:00;Avenida Lineu Machado;;;JOQUEI CLUBE;LOR2267;Queda;Não informado;Não informado;Não informado;Não informado;Não informado;Longo da via;0;1;0;1;0;0;0;0;0;0;0;0;0;(-38.57559278409064 -3.763280995365491);
CSU9529;2021-03-31 08:51:00;Rua Meton de Alencar;AV DOMINGOS OLIMPIO;;CENTRO;CSU9529;Atropelamento;Não informado;Não informado;Não informado;Não informado;Não informado;Longo da via;0;1;0;0;0;0;0;0;0;0;1;0;0;(-38.5324379 -3.7331199);
ZCZ7078;2021-02-11 05:26:00;Avenida Ambientalista Ary Thiers;;;VILA VELHA;ZCZ7078;Colisão;Não informado;Não informado;Não informado;Não informado;Não informado;Longo da via;0;1;0;1;1;0;0;0;0;0;0;0;0;(-38.59794631894689 -3.716319173546085);
DTB4567;2021-02-10 11:52:00;Avenida Antônio Sales;RUA BAR ARACATI;;JOAQUIM TVORA;DTB4567;Colisão;Não informado;Não informado;Não informado;Não informado;Não informado;Longo da via;0;1;0;1;1;0;0;0;0;0;0;0;0;(-38.5149098 -3.7415702);
WLD8591;2021-03-31 02:10:00;Avenida C;;;CONJUNTO CEARA I;WLD8591;Queda;Não informado;Não informado;Não informado;Não informado;Não informado;Longo da via;0;1;0;1;0;0;0;0;0;0;0;0;0;(-38.60965148284113 -3.763072234154234);
MDV9204;2021-03-31 00:24:00;Alameda Maria Teresa;;;CIDADE 2000;MDV9204;Queda;Não informado;Não informado;Não informado;Não informado;Não informado;Longo da via;0;1;0;0;0;0;0;0;0;1;0;0;0;(-38.46862629467576 -3.750889057417268);
MJQ0485;2021-02-11 11:25:00;Avenida Washington Soares;;;GUAJERU;MJQ0485;Colisão;Não informado;Não informado;Não informado;Não informado;Não informado;Longo da via;0;1;0;1;1;0;0;0;0;0;0;0;0;(-38.48254159152633 -3.832324666342014);
WHE2563;2021-02-11 11:03:00;Rua Nestor Barbosa;AV ENG HUMBERTO MONTE;;PARQUELANDIA;WHE2563;Queda;Não informado;Não informado;Não informado;Não informado;Não informado;Longo da via;0;1;0;1;0;0;0;0;0;0;0;0;0;(-38.5632512 -3.7456006);
EWF6400;2021-03-30 23:03:00;Rua Professor Manoel Lourenço;;;JOQUEI CLUBE;EWF6400;Colisão;Não informado;Não informado;Não informado;Não informado;Não informado;Longo da via;0;1;0;2;0;0;0;0;0;0;0;0;0;(-38.57313051856075 -3.763591460664055);
IQZ3750;2021-03-30 22:03:00;Avenida Pompílio Gomes;;;PASSARE;IQZ3750;Colisão;Não informado;Não informado;Não informado;Não informado;Não informado;Longo da via;0;1;0;2;0;0;0;0;0;0;0;0;0;(-38.5208427 -3.8192374);
VLS2033;2021-02-11 10:29:00;Avenida Presidente Costa e Silva;;;PREFEITO JOSE VALTER;VLS2033;Colisão;Não informado;Não informado;Não informado;Não informado;Não informado;Longo da via;0;1;0;1;1;0;0;0;0;0;0;0;0;(-38.5503326 -3.823450799999999);
MAU8620;2021-03-30 20:56:00;Rua Gustavo Braga;;;RODOLFO TEOFILO;MAU8620;Colisão;Não informado;Não informado;Não informado;Não informado;Não informado;Longo da via;0;1;0;0;0;0;0;0;0;0;0;0;0;(-38.5546596 -3.7491457);
SVV5948;2021-02-11 05:31:00;Rua Osvaldo Cruz;RUA VICENTE LINHARES;;ALDEOTA;SVV5948;Colisão;Não informado;Não informado;Não informado;Não informado;Não informado;Longo da via;0;1;0;1;1;0;0;0;0;0;0;0;0;(-38.50219145781896 -3.741516032100586);
KXG9543;2021-03-30 20:20:00;Avenida Borges de Melo;;;FATIMA;KXG9543;Colisão;Não informado;Não informado;Não informado;Não informado;Não informado;Longo da via;0;1;0;1;1;0;0;0;0;0;0;0;0;(-38.5280016 -3.7602835);
MDA6508;2021-02-11 04:01:00;Rua Raimundo Neri;;;CONJUNTO CEARA I;MDA6508;Queda;Não informado;Não informado;Não informado;Não informado;Não informado;Longo da via;0;1;0;1;0;0;0;0;0;0;0;0;0;(-38.5864203 -3.794134);
TXJ0770;2021-03-30 19:11:00;Rua Pastor Samuel Munguba;;;RODOLFO TEOFILO;TXJ0770;Colisão;Não informado;Não informado;Não informado;Não informado;Não informado;Longo da via;0;1;0;1;1;0;0;0;0;0;0;0;0;(-38.5525472482225 -3.751103174469206);
QQF7247;2021-03-30 18:52:00;Avenida Maestro Lisboa;;;LAGOA REDONDA;QQF7247;Queda;Não informado;Não informado;Não informado;Não informado;Não informado;Longo da via;0;1;0;1;0;0;0;0;0;0;0;0;0;(-38.45974818049068 -3.807312429873389);
QNP0576;2021-02-10 23:16:00;Rua Jornalista Nertan Macêdo;;;COCO;QNP0576;Queda;Não informado;Não informado;Não informado;Não informado;Não informado;Longo da via;0;1;0;1;0;0;0;0;0;0;0;0;0;(-38.4766799 -3.7498433);
HPN8765;2021-03-30 17:44:00;Avenida Presidente Juscelino Kubitschek;;;DIAS MACEDO;HPN8765;Colisão;Não informado;Não informado;Não informado;Não informado;Não informado;Longo da via;0;1;0;2;0;0;0;0;0;0;0;0;0;(-38.52669075683763 -3.809694324130267);
MWO6191;2021-02-10 23:14:00;Avenida Quarto Anel Viário;;;PEDRAS;MWO6191;Queda;Não informado;Não informado;Não informado;Não informado;Não informado;Longo da via;0;1;0;0;0;0;0;0;0;1;0;0;0;(-38.55176939095313 -3.856335297124175);
XNO4966;2021-02-10 23:04:00;Avenida Padre Antônio Tomás;;;COCO;XNO4966;Queda;Não informado;Não informado;Não informado;Não informado;Não informado;Longo da via;0;1;0;1;0;0;0;0;0;0;0;0;0;(-38.49136614433732 -3.742843571199089);
GXD6577;2021-02-10 23:02:00;Avenida Conselheiro Gomes de Freitas;;;SAPIRANGA / COITE;GXD6577;Colisão;Não informado;Não informado;Não informado;Não informado;Não informado;Longo da via;0;1;0;1;1;0;0;0;0;0;0;0;0;(-38.4689735 -3.7947874);
YGY7751;2021-02-10 22:45:00;Avenida Pontes Vieira;;;FATIMA;YGY7751;Atropelamento;Não informado;Não informado;Não informado;Não informado;Não informado;Longo da via;0;1;0;0;1;0;0;0;0;0;0;0;0;(-38.51894453298019 -3.753404929463706);
SIY1049;2021-02-10 22:09:00;Rua Barão de Aracati;;;MEIRELES;SIY1049;Queda;Não informado;Não informado;Não informado;Não informado;Não informado;Longo da via;0;1;0;1;0;0;0;0;0;0;0;0;0;(-38.51028637823146 -3.727903287425506);
ZRV7368;2021-02-10 20:53:00;Avenida L;RUA 753 CJ CEARA;;CONJUNTO CEARA I;ZRV7368;Colisão;Não informado;Não informado;Não informado;Não informado;Não informado;Longo da via;0;1;0;0;0;0;0;0;0;0;1;0;0;(-38.60651328398444 -3.770266437801268);
EDF7509;2021-02-10 20:00:00;Rua Governador João Carlos;;;SERRINHA;EDF7509;Colisão;Não informado;Não informado;Não informado;Não informado;Não informado;Longo da via;0;1;0;2;0;0;0;0;0;0;0;0;0;(-38.55297103818517 -3.781646432980398);
ANP8748;2021-02-10 17:54:00;Rua 448 B;;;CONJUNTO CEARA I;ANP8748;Colisão;Não informado;Não informado;Não informado;Não informado;Não informado;Longo da via;0;1;0;2;0;0;0;0;0;0;0;0;0;(-38.6065245 -3.762307);
QYV7078;2021-02-10 15:13:00;Rua Padre Minguelino;RUA ASSUNCAO;;JOSE BONIFACIO;QYV7078;Colisão;Não informado;Não informado;Não informado;Não informado;Não informado;Longo da via;0;1;0;1;1;0;0;0;0;0;0;0;0;(-38.53160310000001 -3.7433392);
EZW1805;2021-03-30 14:33:00;Avenida Leste Oeste;;;PIRAMBU;EZW1805;Colisão;Não informado;Não informado;Não informado;Não informado;Não informado;Longo da via;0;1;0;2;0;0;0;0;0;0;0;0;0;(-38.55404590000001 -3.712094);
CWO4539;2021-03-30 14:32:00;Rua Duarte Coelho;;;PAUPINA;CWO4539;Colisão;Não informado;Não informado;Não informado;Não informado;Não informado;Longo da via;0;1;0;2;0;0;0;0;0;0;0;0;0;(-38.49003032167629 -3.863828444928021);
KYU3952;2021-03-30 14:26:00;Rua Padre Valdevino;AV BAR STUDART;;ALDEOTA;KYU3952;Colisão;Não informado;Não informado;Não informado;Não informado;Não informado;Longo da via;0;1;0;2;0;0;0;0;0;0;0;0;0;(-38.5088357 -3.7416713);
XJJ2422;2021-03-30 12:19:00;Avenida D;AV I CJ JOSE WALTER;;PREFEITO JOSE VALTER;XJJ2422;Colisão;Não informado;Não informado;Não informado;Não informado;Não informado;Longo da via;0;1;0;1;1;0;0;0;0;0;0;0;0;(-38.5529334891356 -3.832410305101887);
IGG1099;2021-03-30 10:56:00;Rua Urucutuba;;;GRANJA PORTUGAL;IGG1099;Colisão;Não informado;Não informado;Não informado;Não informado;Não informado;Longo da via;0;2;0;1;1;0;0;0;0;0;0;0;0;(-38.62450555519273 -3.79849668754165);
MGG3234;2021-03-30 10:47:00;Avenida Godofredo Maciel;;;MONDUBIM;MGG3234;Colisão;Não informado;Não informado;Não informado;Não informado;Não informado;Longo da via;0;1;0;2;0;0;0;0;0;0;0;0;0;(-38.57443407988307 -3.816347535390504);
QPF0613;2021-03-30 10:01:00;Avenida Coronel Carvalho;;;QUINTINO CUNHA;QPF0613;Colisão;Não informado;Não informado;Não informado;Não informado;Não informado;Longo da via;0;1;0;1;1;0;0;0;0;0;0;0;0;(-38.5867215 -3.7222003);
YPM7610;2021-03-30 09:49:00;Rua Anselmo Nogueira;;;BONSUCESSO;YPM7610;Colisão;Não informado;Não informado;Não informado;Não informado;Não informado;Longo da via;0;3;0;2;0;0;0;0;0;0;0;0;0;(-38.58707258988206 -3.78067223415412);
GIF5949;2021-03-30 03:54:00;Avenida Presidente Juscelino Kubitschek;;;;GIF5949;Queda;Não informado;Não informado;Não informado;Não informado;Não informado;Longo da via;0;1;0;1;0;0;0;0;0;0;0;0;0;(-38.52854147495886 -3.811979865903626);
MKV0146;2021-03-29 23:37:00;Rua Prisco Bezerra;;;PAPICU;MKV0146;Atropelamento;Não informado;Não informado;Não informado;Não informado;Não informado;Longo da via;0;2;0;1;0;0;0;0;0;0;0;0;0;(-38.47117975883082 -3.735247665084282);
ZSS7109;2021-03-29 23:10:00;Rua Rio Tocantins;;;JARDIM IRACEMA;ZSS7109;Colisão;Não informado;Não informado;Não informado;Não informado;Não informado;Longo da via;0;1;0;1;1;0;0;0;0;0;0;0;0;(-38.58083385006261 -3.719771940614718);
ROM7786;2021-02-10 12:11:00;Avenida Humberto Monte;;;BELA VISTA;ROM7786;Queda;Não informado;Não informado;Não informado;Não informado;Não informado;Longo da via;0;1;0;1;0;0;0;0;0;0;0;0;0;(-38.56449917745734 -3.744117578603114);
JTB3591;2021-03-29 22:37:00;Rua Samuel Uchôa;;;JARDIM AMERICA;JTB3591;Colisão;Não informado;Não informado;Não informado;Não informado;Não informado;Longo da via;0;2;0;0;0;0;0;0;0;0;0;0;0;(-38.54455963493689 -3.75534803419063);
GYF5153;2021-03-29 20:36:00;Rua Amélia Benebien;;;PAPICU;GYF5153;Colisão;Não informado;Não informado;Não informado;Não informado;Não informado;Longo da via;0;1;0;1;1;0;0;0;0;0;0;0;0;(-38.47793892695582 -3.737913466268122);
LLM3451;2021-02-10 11:18:00;Avenida Senador Fernandes Távora;;;HENRIQUE JORGE;LLM3451;Colisão;Não informado;Não informado;Não informado;Não informado;Não informado;Longo da via;0;1;0;1;1;0;0;0;0;0;0;0;0;(-38.5868083 -3.7598014);
LFL1691;2021-02-10 10:49:00;Rua Urucutuba;;;BOM JARDIM;LFL1691;Atropelamento;Não informado;Não informado;Não informado;Não informado;Não informado;Longo da via;0;1;0;1;0;0;0;0;0;0;0;0;0;(-38.60475378700791 -3.797153175484224);
FBB1391;2021-03-29 20:17:00;Rua Eduardo Bezerra;RUA SABINO MONTE;;SAO JOAO DO TAUAPE;FBB1391;Colisão;Não informado;Não informado;Não informado;Não informado;Não informado;Longo da via;0;1;0;0;0;0;0;0;0;0;0;0;0;(-38.5124824 -3.7537215);
DIV2839;2021-03-29 19:48:00;Avenida José Jatahy;;;FARIAS BRITO;DIV2839;Colisão;Não informado;Não informado;Não informado;Não informado;Não informado;Longo da via;0;1;0;0;0;0;0;0;0;0;1;0;0;(-38.54422167613184 -3.734466123442973);
DVA8487;2021-03-29 19:22:00;Rua Professor Heribaldo Costa;RUA PORTO ALEGRE;;HENRIQUE JORGE;DVA8487;Colisão;Não informado;Não informado;Não informado;Não informado;Não informado;Longo da via;0;1;0;0;0;0;0;0;0;0;1;0;0;(-38.58540259999999 -3.7630185);
AAX9439;2021-03-29 19:00:00;Avenida Washington Soares;;;ANCURI;AAX9439;Queda;Não informado;Não informado;Não informado;Não informado;Não informado;Longo da via;0;1;0;1;0;0;0;0;0;0;0;0;0;(-38.4805997 -3.8446216);
WLA2445;2021-03-29 18:22:00;Rua Manuel Queirós;;;COCO;WLA2445;Queda;Não informado;Não informado;Não informado;Não informado;Não informado;Longo da via;0;2;0;1;0;0;0;0;0;0;0;0;0;(-38.46716716734178 -3.747907472019138);
ITU3513;2021-03-29 16:53:00;Rua Coronel Dionísio Alencar;;;MESSEJANA;ITU3513;Queda;Não informado;Não informado;Não informado;Não informado;Não informado;Longo da via;0;1;0;1;0;0;0;0;0;0;0;0;0;(-38.48689749216374 -3.829557459299914);
OYQ9488;2021-03-29 16:24:00;Avenida I Cj Prefeito Jose Walter;;;PREFEITO JOSE VALTER;OYQ9488;Colisão;Não informado;Não informado;Não informado;Não informado;Não informado;Longo da via;0;1;0;2;0;0;0;0;0;0;0;0;0;(-38.55443010710913 -3.837291700234815);
WZN9917;2021-03-29 16:13:00;Avenida Santos Dumont;RUA DR JOSE LOURENCO;;CENTRO;WZN9917;Colisão;Não informado;Não informado;Não informado;Não informado;Não informado;Longo da via;0;1;0;1;1;0;0;0;0;0;0;0;0;(-38.50737719580658 -3.733290464029802);
OTT6324;2021-03-29 14:19:00;Rua General Alípio dos Santos;;;QUINTINO CUNHA;OTT6324;Colisão;Não informado;Não informado;Não informado;Não informado;Não informado;Longo da via;0;1;0;1;1;0;0;0;0;0;0;0;0;(-38.58580664235296 -3.728706247155352);
XWY2498;2021-03-29 12:51:00;Rua 07;;;JARDIM DAS OLIVEIRAS;XWY2498;Queda;Não informado;Não informado;Não informado;Não informado;Não informado;Longo da via;0;1;0;1;0;0;0;0;0;0;0;0;0;(-38.5056572 -3.7779995);
ZNU9864;2021-03-29 12:45:00;Rua Álvaro Fernandes;;;MONTESE;ZNU9864;Queda;Não informado;Não informado;Não informado;Não informado;Não informado;Longo da via;0;1;0;1;0;0;0;0;0;0;0;0;0;(-38.55432658990978 -3.760504868629613);
AYX9594;2021-03-29 12:03:00;Rua Américo Rocha Lima;RUA FERNANDO FARIAS DE MELO (MANUEL SÁTIRO);;MANOEL SATIRO;AYX9594;Colisão;Não informado;Não informado;Não informado;Não informado;Não informado;Longo da via;0;1;0;0;0;0;0;0;0;0;1;0;0;(-38.578296457815 -3.799069419137466);
CHZ1359;2021-03-29 11:19:00;Rua 21 de Abril;;;BELA VISTA;CHZ1359;Colisão;Não informado;Não informado;Não informado;Não informado;Não informado;Longo da via;0;1;0;0;0;0;0;0;0;0;0;0;0;(-38.56462255367671 -3.745814467938671);
HZB4456;2021-03-29 10:55:00;Rua Professor Heribaldo Costa;RUA MON HIPOLITO BRASIL;;HENRIQUE JORGE;HZB4456;Colisão;Não informado;Não informado;Não informado;Não informado;Não informado;Longo da via;0;1;0;1;1;0;0;0;0;0;0;0;0;(-38.582293 -3.7570633);
FGS5782;2021-03-29 10:54:00;Rua Anselmo Nogueira;;;PICI;FGS5782;Atropelamento;Não informado;Não informado;Não informado;Não informado;Não informado;Longo da via;0;1;0;0;1;0;0;0;0;0;0;0;0;(-38.5879987 -3.7903612);
NNT8081;2021-03-29 09:38:00;Avenida Antônio Sales;;;ALDEOTA;NNT8081;Atropelamento;Não informado;Não informado;Não informado;Não informado;Não informado;Longo da via;0;1;0;1;0;0;0;0;0;0;0;0;0;(-38.50701943498408 -3.744026578135734);
MGI1487;2021-03-29 01:32:00;Rua José Pedra;;;PARQUE DOIS IRMAOS;MGI1487;Queda;Não informado;Não informado;Não informado;Não informado;Não informado;Longo da via;0;1;0;1;0;0;0;0;0;0;0;0;0;(-38.550153 -3.797187999999999);
HUG8884;2021-03-28 22:46:00;Rua Ari Maia;;;GRANJA LISBOA;HUG8884;Colisão;Não informado;Não informado;Não informado;Não informado;Não informado;Longo da via;0;2;0;0;0;0;0;0;0;0;1;0;0;(-38.62076118390142 -3.78110045355326);
UGD2298;2021-03-28 22:39:00;Rua Guilherme Mendes;;;JARDIM IRACEMA;UGD2298;Colisão;Não informado;Não informado;Não informado;Não informado;Não informado;Longo da via;0;1;0;1;1;0;0;0;0;0;0;0;0;(-38.58445480994776 -3.720874681976258);
LGO0987;2021-03-28 20:50:00;Avenida Val Paraíso;;;PREFEITO JOSE VALTER;LGO0987;Queda;Não informado;Não informado;Não informado;Não informado;Não informado;Longo da via;0;1;0;1;0;0;0;0;0;0;0;0;0;(-38.5189138 -3.8463738);