COD_ACIDENTE;DATA;LOG1;LOG2;NUMERO;BAIRRO;AMC;NATUREZA;ILUMINACAO;TEMPO;SUPERFICIEPISTA;TIPOCRUZAMENTO;CONTROLETRAFEGO;USOSOLO;MORTOS;FERIDOS;ILESOS;MOTOCICLETA;AUTOMOVEL;MICROONIBUS;CAMINHAO;ONIBUS;CICLOMOTOR;BICICLETA;OUTROS;TREM;TRACAOANIMAL;COORDENADAS
HVQ2101;2021-03-28 20:44:00;Rua Alberto Magno;;;MONTESE;HVQ2101;Colisão;Não informado;Não informado;Não informado;Não informado;Não informado;Longo da via;0;1;0;1;1;0;0;0;0;0;0;0;0;(-38.54246214185737 -3.756332967166306);
CWH1430;2021-03-28 18:03:00;Rua Silvinha Téles;;;CONJUNTO PALMEIRAS;CWH1430;Queda;Não informado;Não informado;Não informado;Não informado;Não informado;Longo da via;0;1;0;1;0;0;0;0;0;0;0;0;0;(-38.52752224233598 -3.847675276883755);
CYL2214;2021-03-28 16:03:00;Rua Tupi;RUA JOCKEY CLUBE;;JOQUEI CLUBE;CYL2214;Colisão;Não informado;Não informado;Não informado;Não informado;Não informado;Longo da via;0;2;0;2;0;0;0;0;0;0;0;0;0;(-38.57991115937088 -3.762114073081368);
NWK0483;2021-03-28 14:15:00;Rua Altaneira;;;JARDIM IRACEMA;NWK0483;Colisão;Não informado;Não informado;Não informado;Não informado;Não informado;Longo da via;0;1;0;1;1;0;0;0;0;0;0;0;0;(-38.58449236087397 -3.726998618584843);
JVY1718;2021-03-28 13:52:00;Avenida José Lima Verde;;;BARRA DO CEARA;JVY1718;Queda;Não informado;Não informado;Não informado;Não informado;Não informado;Longo da via;0;1;0;1;0;0;0;0;0;0;0;0;0;(-38.5881654 -3.6997618);
KMN6253;2021-03-28 12:17:00;Avenida Jovita Feitosa;;;PARQUELANDIA;KMN6253;Colisão;Não informado;Não informado;Não informado;Não informado;Não informado;Longo da via;0;1;0;0;2;0;0;0;0;0;0;0;0;(-38.55736450218146 -3.7400921371221);
VBT1843;2021-03-28 11:44:00;Avenida Rogaciano Leite;;;ENGENHEIRO LUCIANO CAVALCANTE;VBT1843;Colisão;Não informado;Não informado;Não informado;Não informado;Não informado;Longo da via;0;1;0;0;0;0;0;0;0;0;1;0;0;(-38.50000277760859 -3.775233829394656);
SID6216;2021-02-10 02:15:00;Rua Raimundo Neri;;;MONDUBIM;SID6216;Colisão;Não informado;Não informado;Não informado;Não informado;Não informado;Longo da via;0;2;0;2;0;0;0;0;0;0;0;0;0;(-38.5864203 -3.794134);
QCO7516;2021-02-10 01:21:00;Rua Professor José Henrique;;;MESSEJANA;QCO7516;Colisão;Não informado;Não informado;Não informado;Não informado;Não informado;Longo da via;0;1;0;1;1;0;0;0;0;0;0;0;0;(-38.4816069 -3.830429);
ESE4834;2021-02-10 00:24:00;Avenida Vicente de Castro;;;MUCURIPE;ESE4834;Queda;Não informado;Não informado;Não informado;Não informado;Não informado;Longo da via;0;1;0;1;0;0;0;0;0;0;0;0;0;(-38.47264422759416 -3.712229366852004);
NNA5188;2021-03-28 09:29:00;Rua Banvarth Bezerra;;;ANTONIO BEZERRA;NNA5188;Colisão;Não informado;Não informado;Não informado;Não informado;Não informado;Longo da via;0;1;0;0;0;0;0;0;0;0;0;0;0;(-38.58056561414811 -3.730654759717062);
LGD7259;2021-03-28 03:21:00;Avenida Mister Hull;;;PADRE ANDRADE;LGD7259;Queda;Não informado;Não informado;Não informado;Não informado;Não informado;Longo da via;0;1;0;1;0;0;0;0;0;0;0;0;0;(-38.57990042068254 -3.737849230190268);
YHA6212;2021-03-28 01:54:00;Rua Bélgica;;;MARAPONGA;YHA6212;Colisão;Não informado;Não informado;Não informado;Não informado;Não informado;Longo da via;0;1;0;1;1;0;0;0;0;0;0;0;0;(-38.56569587954122 -3.788942852960463);
KVU0296;2021-03-28 00:33:00;Rua Marcelo Costa;;;PLANALTO AYRTON SENNA;KVU0296;Queda;Não informado;Não informado;Não informado;Não informado;Não informado;Longo da via;0;1;0;1;0;0;0;0;0;0;0;0;0;(-38.57392982294623 -3.832619049543147);
HQP9539;2021-03-27 23:11:00;Avenida Val Paraíso;;;CONJUNTO PALMEIRAS;HQP9539;Queda;Não informado;Não informado;Não informado;Não informado;Não informado;Longo da via;0;1;0;1;0;0;0;0;0;0;0;0;0;(-38.52436260199305 -3.845314897624422);
GNQ4904;2021-02-09 22:25:00;Rua Gustavo Braga;RUA CEL NUNES DE MELO;;RODOLFO TEOFILO;GNQ4904;Colisão;Não informado;Não informado;Não informado;Não informado;Não informado;Longo da via;0;1;0;1;1;0;0;0;0;0;0;0;0;(-38.5539335 -3.7498149);
EKV9137;2021-03-27 23:07:00;Rodovia Br116;;;AEROLANDIA;EKV9137;Atropelamento;Não informado;Não informado;Não informado;Não informado;Não informado;Longo da via;0;1;0;0;0;0;1;0;0;0;0;0;0;(-38.51851539666203 -3.762387068801651);
SPF3189;2021-02-09 19:54:00;Rua Alagoas;RUA ESTADO DO RIO;;PAN AMERICANO;SPF3189;Colisão;Não informado;Não informado;Não informado;Não informado;Não informado;Longo da via;0;1;0;0;1;0;0;0;0;1;0;0;0;(-38.57132379999999 -3.7591812);
TKG8850;2021-03-27 23:01:00;Avenida Bernardo Manuel;;;ITAPERI;TKG8850;Atropelamento;Não informado;Não informado;Não informado;Não informado;Não informado;Longo da via;0;1;0;0;1;0;0;0;0;0;0;0;0;(-38.5550968 -3.810597499999999);
TAT0038;2021-03-27 22:48:00;Rua Nossa Senhora Aparecida;;;GENIBAU;TAT0038;Colisão;Não informado;Não informado;Não informado;Não informado;Não informado;Longo da via;0;1;0;0;1;0;0;0;0;1;0;0;0;(-38.60474879869732 -3.757532683616625);
SAL5412;2021-02-09 19:43:00;Rua Soriano Albuquerque;RUA MON BRUNO;;;SAL5412;Colisão;Não informado;Não informado;Não informado;Não informado;Não informado;Longo da via;0;1;0;1;1;0;0;0;0;0;0;0;0;(-38.5148655 -3.7491261);
WXA0746;2021-02-09 19:10:00;Avenida Doutor Theberge;RUA SAO SEBASTIAO;;PRESIDENTE KENNEDY;WXA0746;Não informado;Não informado;Não informado;Não informado;Não informado;Não informado;Longo da via;0;1;0;1;0;0;0;0;0;0;0;0;0;(-38.5686326 -3.7255819);
TIQ8526;2021-03-27 21:35:00;Avenida Presidente Costa e Silva;;;MONDUBIM;TIQ8526;Queda;Não informado;Não informado;Não informado;Não informado;Não informado;Longo da via;0;1;0;1;0;0;0;0;0;0;0;0;0;(-38.5586285 -3.8210168);
RXV5196;2021-02-09 18:57:00;Rua Catolé;;;CONJUNTO PALMEIRAS;RXV5196;Colisão;Não informado;Não informado;Não informado;Não informado;Não informado;Longo da via;0;1;0;1;1;0;0;0;0;0;0;0;0;(-38.52139349999999 -3.8504091);
ZZX4083;2021-02-09 18:05:00;Rua Major Pedro Sampaio;RUA COSTA BARROS;;RODOLFO TEOFILO;ZZX4083;Colisão;Não informado;Não informado;Não informado;Não informado;Não informado;Longo da via;0;1;0;0;0;0;0;0;0;0;1;0;0;(-38.5489972 -3.7412289);
CWX4078;2021-02-09 17:08:00;Avenida L;;;VILA VELHA;CWX4078;Colisão;Não informado;Não informado;Não informado;Não informado;Não informado;Longo da via;0;1;0;1;1;0;0;0;0;0;0;0;0;(-38.60002619999999 -3.7134732);
IUC5183;2021-03-27 21:15:00;Avenida Presidente Castelo Branco;;;CRISTO REDENTOR;IUC5183;Queda;Não informado;Não informado;Não informado;Não informado;Não informado;Longo da via;0;1;0;0;0;0;0;0;0;1;0;0;0;(-38.55409049311859 -3.712124311031226);
ORO6639;2021-03-27 20:58:00;Avenida Presidente Juscelino Kubitschek;;;PASSARE;ORO6639;Atropelamento;Não informado;Não informado;Não informado;Não informado;Não informado;Longo da via;0;1;0;1;0;0;0;0;0;0;0;0;0;(-38.5321687 -3.8168436);
JIN0625;2021-03-27 20:21:00;Rua Júlio Silva;;;PRAIA DO FUTURO I;JIN0625;Queda;Não informado;Não informado;Não informado;Não informado;Não informado;Longo da via;0;1;0;0;0;0;0;0;0;1;0;0;0;(-38.45416382296372 -3.745097171270743);
ZSU3206;2021-03-27 16:24:00;Avenida Bezerra de Menezes;;;ANTONIO BEZERRA;ZSU3206;Colisão;Não informado;Não informado;Não informado;Não informado;Não informado;Longo da via;0;1;0;1;1;0;0;0;0;0;0;0;0;(-38.5548599 -3.7335861);
VNM0819;2021-03-27 14:25:00;Rua Afonso Lopes;;;ITAPERI;VNM0819;Colisão;Não informado;Não informado;Não informado;Não informado;Não informado;Longo da via;0;2;0;1;1;0;0;0;0;0;0;0;0;(-38.54792848429886 -3.792132382840086);
JTB6840;2021-03-27 14:05:00;Rua Cônego de Castro;;;VILA PERY;JTB6840;Queda;Não informado;Não informado;Não informado;Não informado;Não informado;Longo da via;0;1;0;1;0;0;0;0;0;0;0;0;0;(-38.57407465824519 -3.785671682453794);
LMT2040;2021-03-27 12:53:00;Rua Wilson Pereira;;;GUAJERU;LMT2040;Colisão;Não informado;Não informado;Não informado;Não informado;Não informado;Longo da via;0;1;0;1;1;0;0;0;0;0;0;0;0;(-38.4797356 -3.835543999999999);
UHU4054;2021-03-27 11:56:00;Avenida Visconde do Rio Branco;;;JOAQUIM TVORA;UHU4054;Colisão;Não informado;Não informado;Não informado;Não informado;Não informado;Longo da via;0;1;0;1;1;0;0;0;0;0;0;0;0;(-38.52315560934382 -3.740488258513823);
SPA4159;2021-03-27 11:51:00;Rua Joaquim Felício;;;GUAJERU;SPA4159;Colisão;Não informado;Não informado;Não informado;Não informado;Não informado;Longo da via;0;1;0;1;1;0;0;0;0;0;0;0;0;(-38.48229930000001 -3.8315019);
KNV3944;2021-03-27 11:10:00;Avenida Desembargador Moreira;RUA PDE VALDEVINO;;ALDEOTA;KNV3944;Colisão;Não informado;Não informado;Não informado;Não informado;Não informado;Longo da via;0;1;0;1;1;0;0;0;0;0;0;0;0;(-38.50094690861365 -3.74420322609319);
VTE4969;2021-03-27 11:01:00;Via Expressa;;;PAPICU;VTE4969;Colisão;Não informado;Não informado;Não informado;Não informado;Não informado;Longo da via;0;2;0;2;0;0;0;0;0;0;0;0;0;(-38.49085 -3.7457388);
NSB2864;2021-03-27 10:53:00;Avenida Governador Raul Barbosa;;;AEROLANDIA;NSB2864;Queda;Não informado;Não informado;Não informado;Não informado;Não informado;Longo da via;0;1;0;1;0;0;0;0;0;0;0;0;0;(-38.50617185482417 -3.761279026817815);
LRD3378;2021-03-27 02:18:00;Avenida Presidente Costa e Silva;;;PREFEITO JOSE VALTER;LRD3378;Queda;Não informado;Não informado;Não informado;Não informado;Não informado;Longo da via;0;1;0;1;0;0;0;0;0;0;0;0;0;(-38.5503326 -3.823450799999999);
BCM6826;2021-02-09 15:34:00;Rua Pedro Machado;;;BOM FUTURO;BCM6826;Colisão;Não informado;Não informado;Não informado;Não informado;Não informado;Longo da via;0;1;0;1;1;0;0;0;0;0;0;0;0;(-38.54716673271623 -3.75674513987512);
EKI5303;2021-02-09 13:44:00;Avenida Doutor Silas Munguba;;;PASSARE;EKI5303;Colisão;Não informado;Não informado;Não informado;Não informado;Não informado;Longo da via;0;1;0;1;1;0;0;0;0;0;0;0;0;(-38.526126 -3.8062079);
WBY3924;2021-02-09 12:45:00;Rua Francisco Holanda;RUA JOSE VILAR;;DIONISIO TORRES;WBY3924;Colisão;Não informado;Não informado;Não informado;Não informado;Não informado;Longo da via;0;1;0;1;1;0;0;0;0;0;0;0;0;(-38.5084379 -3.7474473);
FXN5225;2021-02-09 12:39:00;Avenida Washington Soares;;;EDSON QUEIROZ;FXN5225;Colisão;Não informado;Não informado;Não informado;Não informado;Não informado;Longo da via;0;1;0;1;1;0;0;0;0;0;0;0;0;(-38.481665 -3.7762191);
HUZ7983;2021-02-09 12:08:00;Avenida Domingos Olímpio;;;JOSE BONIFACIO;HUZ7983;Queda;Não informado;Não informado;Não informado;Não informado;Não informado;Longo da via;0;1;0;1;0;0;0;0;0;0;0;0;0;(-38.52617036794124 -3.738229293582452);
AKS6366;2021-02-09 11:43:00;Rua Alberto Magno;;;MONTESE;AKS6366;Colisão;Não informado;Não informado;Não informado;Não informado;Não informado;Longo da via;0;1;0;1;1;0;0;0;0;0;0;0;0;(-38.5481645238529 -3.762874178599873);
QJZ0512;2021-02-09 10:58:00;Rua Nogueira Acioli;;;CENTRO;QJZ0512;Queda;Não informado;Não informado;Não informado;Não informado;Não informado;Longo da via;0;1;0;1;0;0;0;0;0;0;0;0;0;(-38.51766244199723 -3.732704975687057);
LQX6613;2021-02-09 10:54:00;Rua Padre Valdevino;;;ALDEOTA;LQX6613;Queda;Não informado;Não informado;Não informado;Não informado;Não informado;Longo da via;0;1;0;1;0;0;0;0;0;0;0;0;0;(-38.50319996606277 -3.743437751353461);
UDR3061;2021-03-27 00:06:00;Rua Professor Costa Mendes;;;RODOLFO TEOFILO;UDR3061;Queda;Não informado;Não informado;Não informado;Não informado;Não informado;Longo da via;0;1;0;1;0;0;0;0;0;0;0;0;0;(-38.55186596971308 -3.750198529567383);
GGT8690;2021-03-26 23:32:00;Rua Engenheiro Luís Montenegro;;;SIQUEIRA;GGT8690;Colisão;Não informado;Não informado;Não informado;Não informado;Não informado;Longo da via;0;1;0;1;1;0;0;0;0;0;0;0;0;(-38.6147664 -3.8154307);
FDV3336;2021-03-26 22:23:00;Avenida A;;;PREFEITO JOSE VALTER;FDV3336;Colisão;Não informado;Não informado;Não informado;Não informado;Não informado;Longo da via;0;1;0;1;1;0;0;0;0;0;0;0;0;(-38.55328753767605 -3.825227324334619);
IDD1755;2021-02-09 11:07:00;Avenida Imperador;;;CENTRO;IDD1755;Atropelamento;Não informado;Não informado;Não informado;Não informado;Não informado;Longo da via;0;1;0;0;0;0;0;1;0;0;0;0;0;(-38.53575661650519 -3.731564777840001);
BYH8275;2021-02-09 10:58:00;Rua Nogueira Acioli;;;CENTRO;BYH8275;Queda;Não informado;Não informado;Não informado;Não informado;Não informado;Longo da via;0;1;0;1;0;0;0;0;0;0;0;0;0;(-38.5179846 -3.7337243);
ZKT9778;2021-03-26 22:00:00;Rua Tulipa Negra;;;PARQUE SANTA ROSA;ZKT9778;Colisão;Não informado;Não informado;Não informado;Não informado;Não informado;Longo da via;0;1;0;0;0;0;0;0;0;0;0;0;0;(-38.60018328454942 -3.817707075037576);
YZU4301;2021-02-09 10:54:00;Rua Padre Valdevino;;;ALDEOTA;YZU4301;Queda;Não informado;Não informado;Não informado;Não informado;Não informado;Longo da via;0;1;0;1;0;0;0;0;0;0;0;0;0;(-38.512438 -3.740536);
EVR1957;2021-02-09 10:18:00;Avenida Coronel Carvalho;;;ANTONIO BEZERRA;EVR1957;Queda;Não informado;Não informado;Não informado;Não informado;Não informado;Longo da via;0;1;0;1;0;0;0;0;0;0;0;0;0;(-38.5867215 -3.7222003);
OHK9369;2021-03-26 21:48:00;Rua Oliveira Viana;AV ENG SANTANA JUNIOR;;PAPICU;OHK9369;Colisão;Não informado;Não informado;Não informado;Não informado;Não informado;Longo da via;0;1;0;0;0;0;0;0;0;0;1;0;0;(-38.47805157621578 -3.731083003657032);
MAG1516;2021-03-26 20:59:00;Avenida Central;;;PASSARE;MAG1516;Colisão;Não informado;Não informado;Não informado;Não informado;Não informado;Longo da via;0;1;0;0;0;0;0;0;0;0;1;0;0;(-38.53776828311866 -3.814843475242266);
IWV7971;2021-03-26 19:49:00;Avenida Bezerra de Menezes;;;FARIAS BRITO;IWV7971;Colisão;Não informado;Não informado;Não informado;Não informado;Não informado;Longo da via;0;1;0;1;1;0;0;0;0;0;0;0;0;(-38.5461850406981 -3.731816370919431);
KSH9917;2021-03-26 19:46:00;Avenida Aguanambi;;;FATIMA;KSH9917;Colisão;Não informado;Não informado;Não informado;Não informado;Não informado;Longo da via;0;1;0;0;0;0;0;0;0;0;1;0;0;(-38.52494194741135 -3.740017195217039);
NBZ8376;2021-03-26 18:34:00;Avenida José Jatahy;;;PRESIDENTE KENNEDY;NBZ8376;Queda;Não informado;Não informado;Não informado;Não informado;Não informado;Longo da via;0;1;0;0;0;0;0;0;0;1;0;0;0;(-38.5447551 -3.731955);
ODK8207;2021-03-26 16:36:00;Rua Senador Robert Kennedy;RUA 20 DE JANEIRO;;BARRA DO CEARA;ODK8207;Colisão;Não informado;Não informado;Não informado;Não informado;Não informado;Longo da via;0;1;0;0;0;0;0;0;0;0;1;0;0;(-38.5799771 -3.7061005);
CPD0589;2021-03-26 13:59:00;Rua Jaborandi;;;JANGURUSSU;CPD0589;Colisão;Não informado;Não informado;Não informado;Não informado;Não informado;Longo da via;0;1;0;1;1;0;0;0;0;0;0;0;0;(-38.51498023298235 -3.838201606331939);
OGI1778;2021-03-26 11:48:00;Avenida Olavo Bilac;;;PRESIDENTE KENNEDY;OGI1778;Queda;Não informado;Não informado;Não informado;Não informado;Não informado;Longo da via;0;1;0;1;0;0;0;0;0;0;0;0;0;(-38.5649775 -3.7282489);
MFY4240;2021-03-26 11:11:00;Avenida Mister Hull;;;ANTONIO BEZERRA;MFY4240;Queda;Não informado;Não informado;Não informado;Não informado;Não informado;Longo da via;0;1;0;1;0;0;0;0;0;0;0;0;0;(-38.5918266 -3.7396339);
ANC0489;2021-03-26 11:09:00;Avenida Capitão Waldemar Paula Lima;;;BARROSO;ANC0489;Colisão;Não informado;Não informado;Não informado;Não informado;Não informado;Longo da via;0;1;0;1;1;0;0;0;0;0;0;0;0;(-38.50890771341468 -3.821914140776772);
VFR3916;2021-03-26 11:01:00;Rua Taquari;;;BONSUCESSO;VFR3916;Queda;Não informado;Não informado;Não informado;Não informado;Não informado;Longo da via;0;2;0;1;0;0;0;0;0;0;0;0;0;(-38.5901826 -3.7793517);
TGM1212;2021-03-26 10:29:00;Rua Barra Vermelha;;;CONJUNTO CEARA I;TGM1212;Colisão;Não informado;Não informado;Não informado;Não informado;Não informado;Longo da via;0;1;0;1;0;0;0;1;0;0;0;0;0;(-38.6123917 -3.7792437);
HPW0652;2021-03-26 03:20:00;Rua Newton Craveiro;;;PARQUE IRACEMA;HPW0652;Colisão;Não informado;Não informado;Não informado;Não informado;Não informado;Longo da via;0;1;0;1;1;0;0;0;0;0;0;0;0;(-38.49527135715307 -3.808645220955249);
EZI9630;2021-03-26 03:12:00;Avenida Governador Raul Barbosa;;;AEROLANDIA;EZI9630;Queda;Não informado;Não informado;Não informado;Não informado;Não informado;Longo da via;0;1;0;1;0;0;0;0;0;0;0;0;0;(-38.51299579177757 -3.775753717740197);
ARP7036;2021-03-26 01:46:00;Rua Raimundo Ribeiro;;;AUTRAN NUNES;ARP7036;Atropelamento;Não informado;Não informado;Não informado;Não informado;Não informado;Longo da via;0;1;0;0;1;0;0;0;0;0;0;0;0;(-38.59516755275324 -3.75524097619152);
GFK1120;2021-03-26 00:22:00;Avenida Professor Gomes de Matos;;;MONTESE;GFK1120;Colisão;Não informado;Não informado;Não informado;Não informado;Não informado;Longo da via;0;1;0;1;1;0;0;0;0;0;0;0;0;(-38.5467483102211 -3.762483420211924);
MYU6750;2021-03-25 23:04:00;Avenida Domingos Olímpio;;;CENTRO;MYU6750;Queda;Não informado;Não informado;Não informado;Não informado;Não informado;Longo da via;0;1;0;1;0;0;0;0;0;0;0;0;0;(-38.53772536660151 -3.734492888579179);
FVP2773;2021-03-25 21:59:00;Rua Carolino de Aquino;RUA PERGENTINO FERREIRA;;FATIMA;FVP2773;Colisão;Não informado;Não informado;Não informado;Não informado;Não informado;Longo da via;0;1;0;1;1;0;0;0;0;0;0;0;0;(-38.5273387 -3.7490431);
PEX8061;2021-03-25 19:12:00;Rua Três Corações do Pici;;;PICI;PEX8061;Colisão;Não informado;Não informado;Não informado;Não informado;Não informado;Longo da via;0;1;0;0;0;0;0;0;0;0;0;0;0;(-38.57976094604834 -3.750343058697382);
FIG3461;2021-03-25 15:48:00;Rua Cônego de Castro;;;VILA PERY;FIG3461;Queda;Não informado;Não informado;Não informado;Não informado;Não informado;Longo da via;0;1;0;1;0;0;0;0;0;0;0;0;0;(-38.57245996630703 -3.783926696281722);
LOM0370;2021-03-25 15:30:00;Rodovia Anel Viario De Fortaleza;;;PEDRAS;LOM0370;Colisão;Não informado;Não informado;Não informado;Não informado;Não informado;Longo da via;0;1;0;0;1;0;1;0;0;0;0;0;0;(-38.5758175 -3.8460747);
KHU6656;2021-03-25 15:14:00;Avenida Alberto Craveiro;;;;KHU6656;Colisão;Não informado;Não informado;Não informado;Não informado;Não informado;Longo da via;0;1;0;1;1;0;0;0;0;0;0;0;0;(-38.51728022910878 -3.790255599848258);
AVG1042;2021-03-25 14:18:00;Rua Padre Pedro de Alencar;;;MESSEJANA;AVG1042;Colisão;Não informado;Não informado;Não informado;Não informado;Não informado;Longo da via;0;1;0;1;1;0;0;0;0;0;0;0;0;(-38.49416629642208 -3.838683320932088);
ZLN1243;2021-03-25 13:38:00;Rua Coronel Fabriciano;;;GRANJA LISBOA;ZLN1243;Queda;Não informado;Não informado;Não informado;Não informado;Não informado;Longo da via;0;1;0;1;0;0;0;0;0;0;0;0;0;(-38.61046681081091 -3.782063946427933);
OHJ7722;2021-03-25 13:00:00;Avenida Carneiro de Mendonça;;;JOQUEI CLUBE;OHJ7722;Colisão;Não informado;Não informado;Não informado;Não informado;Não informado;Longo da via;0;1;0;1;1;0;0;0;0;0;0;0;0;(-38.5707755430335 -3.762007015912816);
HBJ3635;2021-03-25 12:24:00;Avenida Governador Raul Barbosa;;;AEROLANDIA;HBJ3635;Queda;Não informado;Não informado;Não informado;Não informado;Não informado;Longo da via;0;1;0;1;0;0;0;0;0;0;0;0;0;(-38.51000577706166 -3.768523427961476);
EUC3925;2021-03-25 09:58:00;Avenida Independência;;;QUINTINO CUNHA;EUC3925;Queda;Não informado;Não informado;Não informado;Não informado;Não informado;Longo da via;0;1;0;1;0;0;0;0;0;0;0;0;0;(-38.58695999269852 -3.728047820231005);
IQB4183;2021-02-09 09:47:00;Rua Dona Lúcia Pinheiro;;;QUINTINO CUNHA;IQB4183;Colisão;Não informado;Não informado;Não informado;Não informado;Não informado;Longo da via;0;1;0;1;1;0;0;0;0;0;0;0;0;(-38.5984236754444 -3.731885960481862);
OOO3911;2021-03-25 02:12:00;Avenida Mister Hull;;;ANTONIO BEZERRA;OOO3911;Queda;Não informado;Não informado;Não informado;Não informado;Não informado;Longo da via;0;1;0;1;0;0;0;0;0;0;0;0;0;(-38.5944258 -3.7400362);
QZV1771;2021-03-24 21:41:00;Rua 1018;;;CONJUNTO CEARA II;QZV1771;Queda;Não informado;Não informado;Não informado;Não informado;Não informado;Longo da via;0;1;0;1;0;0;0;0;0;0;0;0;0;(-38.61667892417862 -3.770287849032861);
YQZ6616;2021-03-24 21:35:00;Rua Solon Pinheiro;AV DUQ CAXIAS;;CENTRO;YQZ6616;Queda;Não informado;Não informado;Não informado;Não informado;Não informado;Longo da via;0;1;0;1;0;0;0;0;0;0;0;0;0;(-38.5269765 -3.7326708);
AYY2168;2021-02-09 00:38:00;Avenida Sargento Hermínio Sampaio;RUA DR GILBERTO CAMARA;;VILA ELLERY;AYY2168;Colisão;Não informado;Não informado;Não informado;Não informado;Não informado;Longo da via;0;1;0;1;1;0;0;0;0;0;0;0;0;(-38.5620243 -3.7266347);
DBS1406;2021-02-09 00:37:00;Avenida Contorno Sul;RUA ALTO ALEGRE D49;;SAO BENTO;DBS1406;Colisão;Não informado;Não informado;Não informado;Não informado;Não informado;Longo da via;0;1;0;2;0;0;0;0;0;0;0;0;0;(-38.59055414785233 -3.814763187259962);
LYS8162;2021-03-24 20:30:00;Rua da Conceição;;;PLANALTO AYRTON SENNA;LYS8162;Queda;Não informado;Não informado;Não informado;Não informado;Não informado;Longo da via;0;1;0;0;0;0;0;0;0;1;0;0;0;(-38.57784585068832 -3.836296154806439);
JDV3310;2021-02-09 00:02:00;Avenida dos Expedicionários;;;FATIMA;JDV3310;Colisão;Não informado;Não informado;Não informado;Não informado;Não informado;Longo da via;0;1;0;1;1;0;0;0;0;0;0;0;0;(-38.53878215108894 -3.757060960390392);
RHG6218;2021-03-24 20:15:00;Avenida Rio Branco;AV DUQ CAXIAS;;CENTRO;RHG6218;Atropelamento;Não informado;Não informado;Não informado;Não informado;Não informado;Longo da via;0;1;0;1;0;0;0;0;0;0;0;0;0;(-46.64230958226558 -23.53678966914452);
UTJ2189;2021-02-08 23:41:00;Rua Brigadeiro Torres;RUA CUIABA;;JOAO XXIII;UTJ2189;Atropelamento;Não informado;Não informado;Não informado;Não informado;Não informado;Longo da via;0;1;0;1;0;0;0;0;0;0;0;0;0;(-38.58102158029751 -3.767889787818121);
QJI5636;2021-03-24 16:45:00;Rua Napoleão Quezado;;;PARANGABA;QJI5636;Colisão;Não informado;Não informado;Não informado;Não informado;Não informado;Longo da via;0;1;0;0;0;0;0;0;0;0;0;0;0;(-38.5662558 -3.778142099999999);
IWH4534;2021-03-24 16:17:00;Avenida Deputado Paulino Rocha;;;PASSARE;IWH4534;Colisão;Não informado;Não informado;Não informado;Não informado;Não informado;Longo da via;0;1;0;0;1;0;1;0;0;0;0;0;0;(-38.52405681890558 -3.807810219555022);
SWS5230;2021-03-24 14:50:00;Rua Waldemar Paes Bragança;RUA CEL FABRICIANO;;GRANJA PORTUGAL;SWS5230;Colisão;Não informado;Não informado;Não informado;Não informado;Não informado;Longo da via;0;1;0;0;0;0;0;0;0;0;1;0;0;(-38.59924988754116 -3.78522205445123);
FSS2644;2021-02-08 23:06:00;Rua Barra Vermelha;RUA 23 DE JUNHO;;GRANJA LISBOA;FSS2644;Atropelamento;Não informado;Não informado;Não informado;Não informado;Não informado;Longo da via;0;1;0;0;1;0;0;0;0;0;0;0;0;(-38.61437753371791 -3.786383592980367);
IFF0569;2021-03-24 14:36:00;Rua Antônio Augusto;RUA JAGUARETAMA;;ALDEOTA;IFF0569;Queda;Não informado;Não informado;Não informado;Não informado;Não informado;Longo da via;0;1;0;1;0;0;0;0;0;0;0;0;0;(-38.5157702 -3.7369041);
NZW9753;2021-03-24 11:56:00;Avenida Senador Carlos Jereissati;;;DIAS MACEDO;NZW9753;Colisão;Não informado;Não informado;Não informado;Não informado;Não informado;Longo da via;0;1;0;1;1;0;0;0;0;0;0;0;0;(-38.53563319618507 -3.782278055810205);
FVQ2656;2021-03-24 11:45:00;Avenida Imperador;RUA PEDRO I;;CENTRO;FVQ2656;Colisão;Não informado;Não informado;Não informado;Não informado;Não informado;Longo da via;0;1;0;0;0;0;0;1;0;1;0;0;0;(-38.5350737 -3.7291596);
DUD3157;2021-03-24 10:56:00;Rua Eretides de Alençar;;;JARDIM IRACEMA;DUD3157;Queda;Não informado;Não informado;Não informado;Não informado;Não informado;Longo da via;0;1;0;0;0;0;0;0;0;1;0;0;0;(-38.58269000930903 -3.723958067971328);