COD_ACIDENTE;DATA;LOG1;LOG2;NUMERO;BAIRRO;AMC;NATUREZA;ILUMINACAO;TEMPO;SUPERFICIEPISTA;TIPOCRUZAMENTO;CONTROLETRAFEGO;USOSOLO;MORTOS;FERIDOS;ILESOS;MOTOCICLETA;AUTOMOVEL;MICROONIBUS;CAMINHAO;ONIBUS;CICLOMOTOR;BICICLETA;OUTROS;TREM;TRACAOANIMAL;COORDENADAS
RKH4686;2021-03-24 00:36:00;Rua Tulipa;;;JARDIM IRACEMA;RKH4686;Queda;Não informado;Não informado;Não informado;Não informado;Não informado;Longo da via;0;1;0;1;0;0;0;0;0;0;0;0;0;(-38.57860760133266 -3.711479923780689);
ZHX8187;2021-03-23 22:35:00;Rua Osvaldo Cruz;;;SAO JOAO DO TAUAPE;ZHX8187;Colisão;Não informado;Não informado;Não informado;Não informado;Não informado;Longo da via;0;1;0;0;0;0;0;0;0;0;0;0;0;(-38.50199834275772 -3.740879026738324);
MEZ0845;2021-02-08 22:17:00;Rua Amaro Bandeira;;;BARROSO;MEZ0845;Queda;Não informado;Não informado;Não informado;Não informado;Não informado;Longo da via;0;1;0;1;0;0;0;0;0;0;0;0;0;(-38.508513 -3.8217833);
MZW0053;2021-02-08 21:47:00;Avenida Augusto dos Anjos;;;BONSUCESSO;MZW0053;Atropelamento;Não informado;Não informado;Não informado;Não informado;Não informado;Longo da via;0;1;0;1;0;0;0;0;0;0;0;0;0;(-38.5779167 -3.7787229);
CUH6349;2021-03-23 20:52:00;Rua Curitiba;AV PERIMETRAL;;;CUH6349;Colisão;Não informado;Não informado;Não informado;Não informado;Não informado;Longo da via;0;1;0;2;0;0;0;0;0;0;0;0;0;(-38.58519508344996 -3.759282406546991);
EOY2812;2021-03-23 19:54:00;Rua Barão de Sobral;;;MONTESE;EOY2812;Colisão;Não informado;Não informado;Não informado;Não informado;Não informado;Longo da via;0;1;0;1;1;0;0;0;0;0;0;0;0;(-38.55208054760718 -3.768173487369151);
AYU2208;2021-03-23 19:24:00;Rua Bom Jesus;;;BOM JARDIM;AYU2208;Colisão;Não informado;Não informado;Não informado;Não informado;Não informado;Longo da via;0;1;0;0;0;0;0;0;0;0;1;0;0;(-38.61010745649705 -3.791570351997119);
FTM9959;2021-02-08 20:54:00;Rua Jaborandi;;;JANGURUSSU;FTM9959;Queda;Não informado;Não informado;Não informado;Não informado;Não informado;Longo da via;0;1;0;0;0;0;0;0;0;1;0;0;0;(-38.51719036359289 -3.840990194860944);
HNT2557;2021-03-23 18:49:00;Rua Romeu Martins;RUA JOAO FIRMINO;;MONTESE;HNT2557;Colisão;Não informado;Não informado;Não informado;Não informado;Não informado;Longo da via;0;1;0;1;1;0;0;0;0;0;0;0;0;(-38.5555606 -3.7642744);
MQC1337;2021-02-08 20:12:00;Rua Anselmo Nogueira;;;BONSUCESSO;MQC1337;Colisão;Não informado;Não informado;Não informado;Não informado;Não informado;Longo da via;0;2;0;1;1;0;0;0;0;0;0;0;0;(-38.58782365930976 -3.783562710992905);
WNX8401;2021-02-08 20:11:00;Rua Vinte e Três de Janeiro;;;CRISTO REDENTOR;WNX8401;Colisão;Não informado;Não informado;Não informado;Não informado;Não informado;Longo da via;0;1;0;0;0;0;0;0;0;0;1;0;0;(-38.56596902283677 -3.706935073253419);
UOC8561;2021-03-23 17:04:00;Rua Maria Júlia;;;BOM JARDIM;UOC8561;Colisão;Não informado;Não informado;Não informado;Não informado;Não informado;Longo da via;0;1;0;1;1;0;0;0;0;0;0;0;0;(-38.60279038584743 -3.801044537331787);
GMF5155;2021-02-08 19:50:00;Rua Pinto Madeira;AV DOM MANUEL;;CENTRO;GMF5155;Atropelamento;Não informado;Não informado;Não informado;Não informado;Não informado;Longo da via;0;1;0;0;0;0;0;0;0;0;1;0;0;(-38.5219786 -3.7309559);
EBI6043;2021-03-23 15:32:00;Rua Setenta Três;;;PREFEITO JOSE VALTER;EBI6043;Queda;Não informado;Não informado;Não informado;Não informado;Não informado;Longo da via;0;1;0;1;0;0;0;0;0;0;0;0;0;(-38.55395809368303 -3.83051019310212);
UDJ6745;2021-03-23 15:03:00;Rua Raimundo Neri;;;PREFEITO JOSE VALTER;UDJ6745;Atropelamento;Não informado;Não informado;Não informado;Não informado;Não informado;Longo da via;0;1;0;0;1;0;0;0;0;0;0;0;0;(-38.5864203 -3.794134);
TQI1208;2021-02-08 19:49:00;Avenida Leste Oeste;;;PIRAMBU;TQI1208;Queda;Não informado;Não informado;Não informado;Não informado;Não informado;Longo da via;0;1;0;1;0;0;0;0;0;0;0;0;0;(-38.55404590000001 -3.712094);
YTV5343;2021-03-23 11:46:00;Rua Desembargador Praxedes;;;VILA UNIAO;YTV5343;Queda;Não informado;Não informado;Não informado;Não informado;Não informado;Longo da via;0;1;0;1;0;0;0;0;0;0;0;0;0;(-38.54236022260637 -3.763216761151977);
TSW2436;2021-03-23 09:43:00;Rua Visconde de Mauá;RUA FRANCISCO HOLANDA;;MEIRELES;TSW2436;Colisão;Não informado;Não informado;Não informado;Não informado;Não informado;Longo da via;0;1;0;0;1;0;0;0;0;1;0;0;0;(-38.5035424 -3.7490242);
MJN5918;2021-03-23 01:13:00;Rua Tereza Cristina;RUA PEDRO I;;CENTRO;MJN5918;Colisão;Não informado;Não informado;Não informado;Não informado;Não informado;Longo da via;0;1;0;0;0;0;0;0;0;0;1;0;0;(-38.53720149999999 -3.7284686);
LTG8762;2021-03-23 00:00:00;Rua Pedestre Treze;;;PARQUE SANTA ROSA;LTG8762;Queda;Não informado;Não informado;Não informado;Não informado;Não informado;Longo da via;0;1;0;1;0;0;0;0;0;0;0;0;0;(-38.5049511 -3.8548231);
DOE9661;2021-02-08 19:43:00;Avenida Dom Manuel;;;CENTRO;DOE9661;Atropelamento;Não informado;Não informado;Não informado;Não informado;Não informado;Longo da via;0;1;0;1;0;0;0;0;0;0;0;0;0;(-38.52157308350552 -3.729766152875804);
CKC6913;2021-02-08 17:04:00;Avenida A;;;CONJUNTO CEARA I;CKC6913;Colisão;Não informado;Não informado;Não informado;Não informado;Não informado;Longo da via;0;1;0;1;1;0;0;0;0;0;0;0;0;(-38.60503808380469 -3.772230916103977);
KDV7836;2021-02-08 13:55:00;Rua Dom Joaquim de Melo;RUA PEDRO SAMPAIO;;PARQUE ARAXA;KDV7836;Colisão;Não informado;Não informado;Não informado;Não informado;Não informado;Longo da via;0;1;0;1;1;0;0;0;0;0;0;0;0;(-38.54720428856857 -3.739449777727976);
EAL7677;2021-02-08 13:41:00;Avenida Radialista João Ramos;;;PICI;EAL7677;Colisão;Não informado;Não informado;Não informado;Não informado;Não informado;Longo da via;0;1;0;1;1;0;0;0;0;0;0;0;0;(-38.5803247 -3.8400079);
DFI3500;2021-02-08 09:48:00;Via Expressa;;;PAPICU;DFI3500;Colisão;Não informado;Não informado;Não informado;Não informado;Não informado;Longo da via;0;1;0;1;1;0;0;0;0;0;0;0;0;(-38.49085 -3.7457388);
EIY5478;2021-02-08 02:08:00;CE-040;;;CAMBEBA;EIY5478;Atropelamento;Não informado;Não informado;Não informado;Não informado;Não informado;Longo da via;0;1;0;0;1;0;0;0;0;0;0;0;0;(-38.48115221265193 -3.820843642545228);
UES2846;2021-02-08 00:47:00;Rua Cândido Maia;;;ANTONIO BEZERRA;UES2846;Queda;Não informado;Não informado;Não informado;Não informado;Não informado;Longo da via;0;1;0;1;0;0;0;0;0;0;0;0;0;(-38.5901134 -3.736134);
TMA4192;2021-02-07 23:17:00;Rua Itumirim;;;ITAOCA;TMA4192;Queda;Não informado;Não informado;Não informado;Não informado;Não informado;Longo da via;0;1;0;1;0;0;0;0;0;0;0;0;0;(-38.55544940775975 -3.773761814372826);
VVE4301;2021-02-07 23:09:00;Rua Agamenon;;;VILA PERY;VVE4301;Atropelamento;Não informado;Não informado;Não informado;Não informado;Não informado;Longo da via;0;1;0;1;0;0;0;0;0;0;0;0;0;(-38.586638126913 -3.791977155310453);
IGW6881;2021-02-07 22:50:00;Avenida General Osório de Paiva;;;CANINDEZINHO;IGW6881;Colisão;Não informado;Não informado;Não informado;Não informado;Não informado;Longo da via;0;1;0;1;0;0;0;0;0;0;0;0;0;(-38.5954142944014 -3.797859723918558);
EGU2431;2021-02-07 21:35:00;Rua Silvio Romero;RUA TEODOMIRO DE CASTRO;;ALVARO WEYNE;EGU2431;Colisão;Não informado;Não informado;Não informado;Não informado;Não informado;Longo da via;0;2;0;2;0;0;0;0;0;0;0;0;0;(-38.5707676 -3.7194884);
OJH7937;2021-02-07 21:28:00;Rua J;;;PREFEITO JOSE VALTER;OJH7937;Colisão;Não informado;Não informado;Não informado;Não informado;Não informado;Longo da via;0;1;0;0;0;0;0;0;0;0;1;0;0;(-38.5476692 -3.8341611);
FXE1280;2021-02-07 21:23:00;Avenida Maestro Lisboa;;;LAGOA REDONDA;FXE1280;Colisão;Não informado;Não informado;Não informado;Não informado;Não informado;Longo da via;0;2;0;1;1;0;0;0;0;0;0;0;0;(-38.46163646197078 -3.807751341220598);
DFF2332;2021-02-07 19:31:00;Avenida Ministro José Américo;;;CAMBEBA;DFF2332;Queda;Não informado;Não informado;Não informado;Não informado;Não informado;Longo da via;0;1;0;1;0;0;0;0;0;0;0;0;0;(-38.49043266686866 -3.80912695216381);
MEE2634;2021-02-07 18:08:00;Rua Vereador Pedro Paulo;;;JARDIM DAS OLIVEIRAS;MEE2634;Colisão;Não informado;Não informado;Não informado;Não informado;Não informado;Longo da via;0;1;0;1;1;0;0;0;0;0;0;0;0;(-38.49472417853837 -3.78658699588044);
XNL0021;2021-02-07 17:48:00;Avenida Dois;;;PARQUE DOIS IRMAOS;XNL0021;Atropelamento;Não informado;Não informado;Não informado;Não informado;Não informado;Longo da via;0;1;0;0;1;0;0;0;0;0;0;0;0;(-38.55093255863012 -3.805845822041609);
UBP9852;2021-02-07 14:48:00;BR-116;;;CAJAZEIRAS;UBP9852;Queda;Não informado;Não informado;Não informado;Não informado;Não informado;Longo da via;0;2;0;1;0;0;0;0;0;0;0;0;0;(-38.52062900293484 -3.757366075016932);
WBJ3948;2021-02-07 14:07:00;Avenida Dioguinho;;;PRAIA DO FUTURO II;WBJ3948;Colisão;Não informado;Não informado;Não informado;Não informado;Não informado;Longo da via;0;1;0;0;0;0;0;0;0;0;1;0;0;(-38.4473673 -3.753054);
DBQ7606;2021-02-07 12:27:00;Rua Estado do Rio;;;PAN AMERICANO;DBQ7606;Queda;Não informado;Não informado;Não informado;Não informado;Não informado;Longo da via;0;1;0;0;0;0;0;0;0;1;0;0;0;(-38.5694183351851 -3.756284791122695);
CRF2307;2021-02-07 12:13:00;Rua Miguel Ferreira;RUA JOSE CARLOS GURGEL NOGUEIRA;;LAGOA REDONDA;CRF2307;Colisão;Não informado;Não informado;Não informado;Não informado;Não informado;Longo da via;0;1;0;0;1;0;0;0;0;1;0;0;0;(-38.46591727764542 -3.823621582690782);
BTD3816;2021-02-07 12:13:00;Travessa Miguel Guimarães;;;LAGOA REDONDA;BTD3816;Colisão;Não informado;Não informado;Não informado;Não informado;Não informado;Longo da via;0;1;0;0;1;0;0;0;0;1;0;0;0;(-38.4650013 -3.8234247);
MWP4949;2021-02-07 11:13:00;Rua Fᶜᵒ. Salgado;;;ALVARO WEYNE;MWP4949;Colisão;Não informado;Não informado;Não informado;Não informado;Não informado;Longo da via;0;1;0;1;1;0;0;0;0;0;0;0;0;(-38.56514290574427 -3.713562303314308);
VPA8031;2021-02-07 10:43:00;Rua Aristóbulo Quevedo;;;MARAPONGA;VPA8031;Colisão;Não informado;Não informado;Não informado;Não informado;Não informado;Longo da via;0;1;0;1;1;0;0;0;0;0;0;0;0;(-38.57364550480282 -3.802773431117028);
DYK2421;2021-02-07 06:50:00;Avenida Antônio Sales;;;COCO;DYK2421;Queda;Não informado;Não informado;Não informado;Não informado;Não informado;Longo da via;0;1;0;1;0;0;0;0;0;0;0;0;0;(-38.5057963028688 -3.74441199181516);
ZZM6619;2021-02-07 02:08:00;Avenida Castelo de Castro;;;JANGURUSSU;ZZM6619;Colisão;Não informado;Não informado;Não informado;Não informado;Não informado;Longo da via;0;1;0;1;0;0;1;0;0;0;0;0;0;(-38.5215134 -3.8439095);
EBS1924;2021-02-07 02:01:00;Avenida Pompílio Gomes;;;JANGURUSSU;EBS1924;Colisão;Não informado;Não informado;Não informado;Não informado;Não informado;Longo da via;0;1;0;0;0;0;0;0;0;0;1;0;0;(-38.52132097180944 -3.825473537787324);
ROP3522;2021-02-07 01:10:00;Avenida Genibaú;;;PARQUE MANIBURA;ROP3522;Atropelamento;Não informado;Não informado;Não informado;Não informado;Não informado;Longo da via;0;1;0;1;0;0;0;0;0;0;0;0;0;(-38.5973544 -3.761188899999999);
FXY6723;2021-02-07 01:05:00;Rua Alberto Magno;;;MONTESE;FXY6723;Colisão;Não informado;Não informado;Não informado;Não informado;Não informado;Longo da via;0;1;0;1;1;0;0;0;0;0;0;0;0;(-38.55283156613134 -3.7690781136215);
XRX0090;2021-02-07 01:01:00;Avenida Alanis Maria Laurindo de Oliveira;;;CONJUNTO CEARA I;2102060913;Queda;Não informado;Não informado;Não informado;Não informado;Não informado;Longo da via;0;1;0;1;0;0;0;0;0;0;0;0;0;(-38.6071318 -3.7680946);
EDV5601;2021-03-22 22:13:00;Rua São Leopoldo;;;ANCURI;EDV5601;Colisão;Não informado;Não informado;Não informado;Não informado;Não informado;Longo da via;0;1;0;2;0;0;0;0;0;0;0;0;0;(-38.50389734087582 -3.86157515529143);
QAV2971;2021-03-22 22:11:00;Rua Coronel Matos Dourado;;;ANTONIO BEZERRA;QAV2971;Queda;Não informado;Não informado;Não informado;Não informado;Não informado;Longo da via;0;1;0;0;0;0;0;0;0;1;0;0;0;(-38.58546331983362 -3.759394816925003);
OBT3929;2021-03-22 21:17:00;AV PERIMETRAL;;;PREFEITO JOSE VALTER;OBT3929;Queda;Não informado;Não informado;Não informado;Não informado;Não informado;Longo da via;0;1;0;1;0;0;0;0;0;0;0;0;0;(-38.54586834955664 -3.824360224220573);
OUO3759;2021-03-22 21:09:00;Rua Desembargador Lauro Nogueira;RUA PRISCO BEZERRA;;PAPICU;OUO3759;Colisão;Não informado;Não informado;Não informado;Não informado;Não informado;Longo da via;0;1;0;1;1;0;0;0;0;0;0;0;0;(-38.46898033993211 -3.743046984270296);
MEC7165;2021-03-22 19:35:00;Rua Barbosa de Freitas;AV DOM LUIS;;ALDEOTA;MEC7165;Colisão;Não informado;Não informado;Não informado;Não informado;Não informado;Longo da via;0;1;0;1;1;0;0;0;0;0;0;0;0;(-38.49634960705369 -3.733577520457501);
RJG4040;2021-03-22 16:29:00;Rua Salustiano de Pinho;AV DIOGUINHO;;;RJG4040;Colisão;Não informado;Não informado;Não informado;Não informado;Não informado;Longo da via;0;1;0;0;1;0;1;0;0;0;0;0;0;(-38.447839 -3.7520947);
UBR5668;2021-03-22 13:14:00;Avenida Engenheiro Alberto Sá;AV ENG SANTANA JUNIOR;;PAPICU;UBR5668;Colisão;Não informado;Não informado;Não informado;Não informado;Não informado;Longo da via;0;1;0;1;1;0;0;0;0;0;0;0;0;(-38.47435061999899 -3.73505027235529);
YAG5616;2021-03-22 12:28:00;Avenida Treze de Maio;;;FATIMA;YAG5616;Queda;Não informado;Não informado;Não informado;Não informado;Não informado;Longo da via;0;1;0;1;0;0;0;0;0;0;0;0;0;(-38.5265215 -3.7517783);
UJU2096;2021-03-22 11:42:00;Avenida Pompílio Gomes;AV PRS COSTA E SILVA;;JANGURUSSU;UJU2096;Colisão;Não informado;Não informado;Não informado;Não informado;Não informado;Longo da via;0;1;0;1;1;0;0;0;0;0;0;0;0;(-38.5208427 -3.8192374);
UPX0635;2021-03-22 09:34:00;Rua Machado de Assis;;;DAMAS;UPX0635;Atropelamento;Não informado;Não informado;Não informado;Não informado;Não informado;Longo da via;0;1;0;0;0;0;0;0;0;0;1;0;0;(-38.55172113206834 -3.753212224627017);
PXD2940;2021-03-22 03:47:00;Avenida H;;;CONJUNTO CEARA II;PXD2940;Colisão;Não informado;Não informado;Não informado;Não informado;Não informado;Longo da via;0;1;0;0;0;0;0;0;0;0;1;0;0;(-38.61238732946814 -3.776095626122072);
OUR6352;2021-03-22 01:11:00;Avenida Coronel Carvalho;;;ALVARO WEYNE;OUR6352;Colisão;Não informado;Não informado;Não informado;Não informado;Não informado;Longo da via;0;1;0;1;1;0;0;0;0;0;0;0;0;(-38.58958319569545 -3.711244384398384);
RIH4104;2021-02-07 00:12:00;Rua Crisanto Moreira da Rocha;;;CAMBEBA;RIH4104;Queda;Não informado;Não informado;Não informado;Não informado;Não informado;Longo da via;0;1;0;1;0;0;0;0;0;0;0;0;0;(-38.4841455945068 -3.808479291254316);
SCU4615;2021-02-06 23:46:00;Rua Doutor Gilberto Studart;;;COCO;SCU4615;Colisão;Não informado;Não informado;Não informado;Não informado;Não informado;Longo da via;0;1;0;1;1;0;0;0;0;0;0;0;0;(-38.48220999999999 -3.7430653);
HPS9026;2021-03-22 01:08:00;Avenida Borges de Melo;;;VILA UNIAO;HPS9026;Queda;Não informado;Não informado;Não informado;Não informado;Não informado;Longo da via;0;1;0;1;0;0;0;0;0;0;0;0;0;(-38.53017226062027 -3.760005044438445);
SER5144;2021-02-06 22:10:00;Rua Raimundo Neri;;;MONDUBIM;SER5144;Atropelamento;Não informado;Não informado;Não informado;Não informado;Não informado;Longo da via;0;1;0;1;0;0;0;0;0;0;0;0;0;(-38.5864203 -3.794134);
LPL5102;2021-03-21 21:49:00;Avenida João Câmara;;;VILA UNIAO;LPL5102;Colisão;Não informado;Não informado;Não informado;Não informado;Não informado;Longo da via;0;1;0;1;1;0;0;0;0;0;0;0;0;(-59.96152653317785 -3.061015992681198);
KCP1743;2021-02-06 22:05:00;Rua Pedro Sampaio;AV MOZART PINHEIRO DE LUCENA;;VILA VELHA;KCP1743;Colisão;Não informado;Não informado;Não informado;Não informado;Não informado;Longo da via;0;1;0;1;1;0;0;0;0;0;0;0;0;(-38.59724894483761 -3.723524467468157);
HHI3755;2021-03-21 21:10:00;Avenida Castelo de Castro;;;PASSARE;HHI3755;Colisão;Não informado;Não informado;Não informado;Não informado;Não informado;Longo da via;0;1;0;1;1;0;0;0;0;0;0;0;0;(-38.52164283759496 -3.843179310757854);
TMK0859;2021-02-06 21:42:00;Avenida Coronel Virgílio Nogueira;;;GRANJA PORTUGAL;TMK0859;Atropelamento;Não informado;Não informado;Não informado;Não informado;Não informado;Longo da via;0;1;0;0;1;0;0;0;0;0;0;0;0;(-38.60765054905158 -3.785339814188753);
VRN6549;2021-02-06 21:10:00;Rua Dona Leopoldina;RUA PDE VALDEVINO;;JOAQUIM TVORA;VRN6549;Colisão;Não informado;Não informado;Não informado;Não informado;Não informado;Longo da via;0;2;0;2;0;0;0;0;0;0;0;0;0;(-38.5217578 -3.7375852);
NZQ2559;2021-03-21 20:55:00;Avenida Pompílio Gomes;AV DEP PAULINO ROCHA;;BOA VISTA;NZQ2559;Colisão;Não informado;Não informado;Não informado;Não informado;Não informado;Longo da via;0;1;0;1;1;0;0;0;0;0;0;0;0;(-38.51966337273728 -3.810208170116662);
PVY1406;2021-03-21 17:55:00;Avenida G;;;VILA VELHA;PVY1406;Colisão;Não informado;Não informado;Não informado;Não informado;Não informado;Longo da via;0;2;0;2;0;0;0;0;0;0;0;0;0;(-38.60591779253189 -3.715237839064325);
UZS1781;2021-03-21 13:48:00;Avenida Senador Fernandes Távora;RUA JOSE MENDONCA;;GENIBAU;UZS1781;Colisão;Não informado;Não informado;Não informado;Não informado;Não informado;Longo da via;0;1;0;1;1;0;0;0;0;0;0;0;0;(-38.60170189999999 -3.7545021);
IMN2625;2021-03-21 10:23:00;Travessa Rio de Janeiro;AV PERIMETRAL;;JOAO XXIII;IMN2625;Colisão;Não informado;Não informado;Não informado;Não informado;Não informado;Longo da via;0;1;0;1;1;0;0;0;0;0;0;0;0;(-38.59020009813899 -3.768896117883028);
AAQ4462;2021-03-21 05:41:00;Avenida Senador Fernandes Távora;;;AUTRAN NUNES;AAQ4462;Colisão;Não informado;Não informado;Não informado;Não informado;Não informado;Longo da via;0;2;0;1;1;0;0;0;0;0;0;0;0;(-38.59378889497381 -3.75603855796938);
XTM2246;2021-03-21 03:11:00;Rua Raimundo Neri;;;PARQUE SAO JOSE;XTM2246;Colisão;Não informado;Não informado;Não informado;Não informado;Não informado;Longo da via;0;1;0;0;0;0;0;0;0;0;1;0;0;(-38.58610168511002 -3.794915768294344);
XCC3481;2021-03-21 01:24:00;Avenida Independência;;;QUINTINO CUNHA;XCC3481;Colisão;Não informado;Não informado;Não informado;Não informado;Não informado;Longo da via;0;1;0;2;0;0;0;0;0;0;0;0;0;(-38.58716383589208 -3.728095997827554);
VYQ1546;2021-03-20 23:28:00;Rua Cônego de Castro;;;PARQUE SAO JOSE;VYQ1546;Colisão;Não informado;Não informado;Não informado;Não informado;Não informado;Longo da via;0;2;0;1;1;0;0;0;0;0;0;0;0;(-38.58960467236843 -3.802377338110153);
MXL6394;2021-03-20 23:06:00;Avenida Major Assis;;;JARDIM IRACEMA;MXL6394;Atropelamento;Não informado;Não informado;Não informado;Não informado;Não informado;Longo da via;0;1;0;1;0;0;0;0;0;0;0;0;0;(-38.58565649752732 -3.723829593770423);
QRI1645;2021-02-06 20:51:00;Rua Luís de Castro;;;BONSUCESSO;QRI1645;Atropelamento;Não informado;Não informado;Não informado;Não informado;Não informado;Longo da via;0;2;0;1;0;0;0;0;0;0;0;0;0;(-38.57841983426895 -3.777803158725705);
IMM1162;2021-03-20 23:03:00;Rua General Tertuliano Potiguara;AV SEN VIRGILIO TAVORA;;MEIRELES;IMM1162;Colisão;Não informado;Não informado;Não informado;Não informado;Não informado;Longo da via;0;1;0;1;1;0;0;0;0;0;0;0;0;(-38.49522306050116 -3.744877699784756);
ZCO8146;2021-02-06 19:50:00;Rua Tenente Francisco Paiva;;;BOM JARDIM;ZCO8146;Colisão;Não informado;Não informado;Não informado;Não informado;Não informado;Longo da via;0;1;0;1;1;0;0;0;0;0;0;0;0;(-38.61583128748531 -3.795595555302423);
VNM6830;2021-03-20 22:53:00;Rua Eça de Queirós;;;PARQUE SAO JOSE;VNM6830;Atropelamento;Não informado;Não informado;Não informado;Não informado;Não informado;Longo da via;0;1;0;1;0;0;0;0;0;0;0;0;0;(-38.58994629184825 -3.794441389051488);
VCC2342;2021-03-20 22:48:00;Rua 1;;;PARQUE PRESIDENTE VARGAS;VCC2342;Queda;Não informado;Não informado;Não informado;Não informado;Não informado;Longo da via;0;1;0;1;0;0;0;0;0;0;0;0;0;(-38.59598830800807 -3.828470913276122);
RHL4238;2021-03-20 22:34:00;Rua General Tertuliano Potiguara;;;ALDEOTA;RHL4238;Colisão;Não informado;Não informado;Não informado;Não informado;Não informado;Longo da via;0;1;0;1;1;0;0;0;0;0;0;0;0;(-38.48974601315059 -3.746612058319385);
MOB8374;2021-02-06 19:49:00;Avenida Professor José Arthur de Carvalho;;;LAGOA REDONDA;MOB8374;Queda;Não informado;Não informado;Não informado;Não informado;Não informado;Longo da via;0;1;0;1;0;0;0;0;0;0;0;0;0;(-38.46980646007411 -3.827159562790453);
FPL5688;2021-02-06 19:16:00;Rua São Paulo;;;CENTRO;FPL5688;Colisão;Não informado;Não informado;Não informado;Não informado;Não informado;Longo da via;0;1;0;0;2;0;0;0;0;0;0;0;0;(-38.52690530986639 -3.726233128839054);
DTQ8655;2021-02-06 19:08:00;Avenida Presidente Castelo Branco;;;CENTRO;DTQ8655;Queda;Não informado;Não informado;Não informado;Não informado;Não informado;Longo da via;0;1;0;1;0;0;0;0;0;0;0;0;0;(-38.53421708224911 -3.718481838532577);
TAA4730;2021-03-20 20:32:00;Rua Anário Braga;RUA PANAMA;;ANTONIO BEZERRA;TAA4730;Atropelamento;Não informado;Não informado;Não informado;Não informado;Não informado;Longo da via;0;1;0;1;0;0;0;0;0;0;0;0;0;(-38.5921420205153 -3.737217575174139);
WVP3450;2021-03-20 19:35:00;Rua Conselheiro Lafayette;;;JARDIM IRACEMA;WVP3450;Colisão;Não informado;Não informado;Não informado;Não informado;Não informado;Longo da via;0;2;0;0;0;0;0;0;0;0;1;0;0;(-38.58745888005661 -3.717636044441663);
FSZ2913;2021-03-20 18:19:00;Rua Maria Quintino;RUA CAP HERMINIO;;;FSZ2913;Queda;Não informado;Não informado;Não informado;Não informado;Não informado;Longo da via;0;1;0;1;0;0;0;0;0;0;0;0;0;(-38.500302 -3.8528833);
IEJ9698;2021-03-20 16:34:00;Avenida Washington Soares;;;MESSEJANA;IEJ9698;Colisão;Não informado;Não informado;Não informado;Não informado;Não informado;Longo da via;0;1;0;1;1;0;0;0;0;0;0;0;0;(-38.48151698416398 -3.820634895234433);
COI6135;2021-03-20 16:06:00;Rua Deputado Matoso Filho;;;QUINTINO CUNHA;COI6135;Colisão;Não informado;Não informado;Não informado;Não informado;Não informado;Longo da via;0;1;0;1;1;0;0;0;0;0;0;0;0;(-38.58532386373113 -3.730210456408745);
THL0452;2021-03-20 14:32:00;Avenida H;;;PREFEITO JOSE VALTER;THL0452;Atropelamento;Não informado;Não informado;Não informado;Não informado;Não informado;Longo da via;0;2;0;1;0;0;0;0;0;0;0;0;0;(-38.5574483 -3.8417288);
GNL3607;2021-03-20 14:30:00;Rua Agapito dos Santos;RUA PEDRO I;;CENTRO;GNL3607;Colisão;Não informado;Não informado;Não informado;Não informado;Não informado;Longo da via;0;1;0;1;1;0;0;0;0;0;0;0;0;(-38.5393484 -3.7277834);
DGG4196;2021-03-20 13:08:00;Rua Estevão de Campos;RUA JERONIMO ALBUQUERQUE;;BARRA DO CEARA;DGG4196;Colisão;Não informado;Não informado;Não informado;Não informado;Não informado;Longo da via;0;1;0;2;0;0;0;0;0;0;0;0;0;(-38.5762981 -3.706727);
DYP6947;2021-03-20 11:47:00;Avenida Godofredo Maciel;;;PARANGABA;DYP6947;Colisão;Não informado;Não informado;Não informado;Não informado;Não informado;Longo da via;0;1;0;1;1;0;0;0;0;0;0;0;0;(-38.56430067710059 -3.778263496094009);
LMU4512;2021-03-20 11:42:00;Avenida D;;;PREFEITO JOSE VALTER;LMU4512;Colisão;Não informado;Não informado;Não informado;Não informado;Não informado;Longo da via;0;1;0;1;1;0;0;0;0;0;0;0;0;(-38.55455920790264 -3.832105886033726);
EFN6661;2021-02-06 19:07:00;Rua General Sampaio;RUA GAL CLARINDO DE QUEIROZ;;CENTRO;EFN6661;Colisão;Não informado;Não informado;Não informado;Não informado;Não informado;Longo da via;0;1;0;0;1;0;0;0;0;0;0;0;0;(-38.5323091 -3.73203);