COD_ACIDENTE;DATA;LOG1;LOG2;NUMERO;BAIRRO;AMC;NATUREZA;ILUMINACAO;TEMPO;SUPERFICIEPISTA;TIPOCRUZAMENTO;CONTROLETRAFEGO;USOSOLO;MORTOS;FERIDOS;ILESOS;MOTOCICLETA;AUTOMOVEL;MICROONIBUS;CAMINHAO;ONIBUS;CICLOMOTOR;BICICLETA;OUTROS;TREM;TRACAOANIMAL;COORDENADAS
VUI8692;2021-02-06 18:48:00;Avenida Benjamim Brasil;;;MONDUBIM;VUI8692;Colisão;Não informado;Não informado;Não informado;Não informado;Não informado;Longo da via;0;1;0;1;0;0;1;0;0;0;0;0;0;(-38.56169897540736 -3.806600536602763);
GNO7369;2021-02-06 17:11:00;Rua Raimundo Cabral;RUA LUZIA MOREIRA;;JOAO XXIII;GNO7369;Colisão;Não informado;Não informado;Não informado;Não informado;Não informado;Longo da via;0;1;0;0;0;0;0;0;0;0;1;0;0;(-38.5920758 -3.7760804);
GRO2999;2021-02-06 16:32:00;Avenida Francisco Sá;;;ALVARO WEYNE;GRO2999;Colisão;Não informado;Não informado;Não informado;Não informado;Não informado;Longo da via;0;1;0;1;1;0;0;0;0;0;0;0;0;(-38.57081847550196 -3.712850333486408);
AJM5587;2021-02-06 15:36:00;Avenida Jovita Feitosa;;;PARQUELANDIA;AJM5587;Colisão;Não informado;Não informado;Não informado;Não informado;Não informado;Longo da via;0;1;0;1;1;0;0;0;0;0;0;0;0;(-38.54573444342373 -3.737635109896786);
MOK7233;2021-02-06 15:21:00;Via Expressa;;;COCO;MOK7233;Colisão;Não informado;Não informado;Não informado;Não informado;Não informado;Longo da via;0;1;0;1;1;0;0;0;0;0;0;0;0;(-38.49085 -3.7457388);
VNK7708;2021-03-20 10:10:00;Rua Professor Edgard de Arruda;;;HENRIQUE JORGE;VNK7708;Colisão;Não informado;Não informado;Não informado;Não informado;Não informado;Longo da via;0;1;0;1;1;0;0;0;0;0;0;0;0;(-38.58407929998194 -3.758624002613411);
HQV4483;2021-03-20 08:46:00;Avenida Alberto Craveiro;;;AEROLANDIA;HQV4483;Colisão;Não informado;Não informado;Não informado;Não informado;Não informado;Longo da via;0;1;0;2;0;0;0;0;0;0;0;0;0;(-38.51724401856379 -3.790451641898536);
YWV3612;2021-03-20 01:28:00;Avenida Audízio Pinheiro;;;HENRIQUE JORGE;YWV3612;Colisão;Não informado;Não informado;Não informado;Não informado;Não informado;Longo da via;0;1;0;2;0;0;0;0;0;0;0;0;0;(-38.58827427323919 -3.757398192339832);
CGQ2189;2021-03-20 00:22:00;Avenida Washington Soares;;;MESSEJANA;CGQ2189;Colisão;Não informado;Não informado;Não informado;Não informado;Não informado;Longo da via;0;1;0;2;0;0;0;0;0;0;0;0;0;(-38.4822017 -3.828229);
NZN9887;2021-03-20 00:13:00;Rua Professor Heribaldo Costa;RUA CHUI;;JOAO XXIII;NZN9887;Colisão;Não informado;Não informado;Não informado;Não informado;Não informado;Longo da via;0;2;0;1;1;0;0;0;0;0;0;0;0;(-38.588562 -3.7689492);
GGF1233;2021-03-19 23:42:00;BR-116;;;ANCURI;GGF1233;Atropelamento;Não informado;Não informado;Não informado;Não informado;Não informado;Longo da via;0;1;0;0;1;0;0;0;0;0;0;0;0;(-38.49750650000001 -3.862144999999999);
CEU9719;2021-03-19 22:39:00;Avenida Jornalista Tomaz Coelho;;;MESSEJANA;CEU9719;Colisão;Não informado;Não informado;Não informado;Não informado;Não informado;Longo da via;0;1;0;0;1;0;0;0;0;1;0;0;0;(-38.50610212466172 -3.830665413677279);
ULY7069;2021-03-19 21:44:00;Avenida Pasteur;;;ALVARO WEYNE;ULY7069;Colisão;Não informado;Não informado;Não informado;Não informado;Não informado;Longo da via;0;2;0;1;1;0;0;0;0;0;0;0;0;(-38.55942441337042 -3.713091225597717);
IKG4707;2021-03-19 20:21:00;Rua Santa Liduína;RUA JOAO AMORA;;MANOEL SATIRO;IKG4707;Queda;Não informado;Não informado;Não informado;Não informado;Não informado;Longo da via;0;1;0;1;0;0;0;0;0;0;0;0;0;(-38.58514681940446 -3.799722439745488);
DMW8037;2021-03-19 13:53:00;Avenida JOSE BASTOS;;;COUTO FERNANDES;DMW8037;Atropelamento;Não informado;Não informado;Não informado;Não informado;Não informado;Longo da via;0;1;0;0;0;0;0;1;0;0;0;0;0;(-38.55392591092811 -3.753635104629568);
NOB7866;2021-03-19 12:04:00;Rua Sena Madureira;;;CENTRO;NOB7866;Colisão;Não informado;Não informado;Não informado;Não informado;Não informado;Longo da via;0;1;0;1;1;0;0;0;0;0;0;0;0;(-38.52559106169754 -3.730081983121105);
TWZ0667;2021-03-19 10:15:00;Avenida da Abolição;;;MUCURIPE;TWZ0667;Queda;Não informado;Não informado;Não informado;Não informado;Não informado;Longo da via;0;1;0;1;0;0;0;0;0;0;0;0;0;(-38.4984288 -3.72634);
RXY2859;2021-03-19 01:51:00;Rua Brigadeiro Torres;;;JOQUEI CLUBE;RXY2859;Colisão;Não informado;Não informado;Não informado;Não informado;Não informado;Longo da via;1;0;1;1;1;0;0;0;0;0;0;0;0;(-38.57740596629869 -3.760834739056622);
UUO8516;2021-03-19 01:00:00;Avenida Domingos Olímpio;;;BENFICA;UUO8516;Atropelamento;Não informado;Não informado;Não informado;Não informado;Não informado;Longo da via;0;1;0;1;0;0;0;0;0;0;0;0;0;(-38.53393272000494 -3.735766908118726);
ZSD8037;2021-03-19 00:13:00;Avenida Humberto Monte;;;PARQUELANDIA;ZSD8037;Colisão;Não informado;Não informado;Não informado;Não informado;Não informado;Longo da via;0;2;0;1;1;0;0;0;0;0;0;0;0;(-38.5627561 -3.7463144);
ZJQ8786;2021-03-18 23:26:00;Rua Cônego de Castro;;;PARQUE SANTA ROSA;ZJQ8786;Queda;Não informado;Não informado;Não informado;Não informado;Não informado;Longo da via;0;1;0;1;0;0;0;0;0;0;0;0;0;(-38.5992366 -3.8154659);
FJZ7712;2021-03-18 23:10:00;Avenida General Osório de Paiva;;;BOM JARDIM;FJZ7712;Queda;Não informado;Não informado;Não informado;Não informado;Não informado;Longo da via;0;1;0;1;0;0;0;0;0;0;0;0;0;(-38.59119088187023 -3.793713427168041);
VTC9972;2021-03-18 21:35:00;Avenida Washington Soares;;;EDSON QUEIROZ;VTC9972;Colisão;Não informado;Não informado;Não informado;Não informado;Não informado;Longo da via;0;1;0;0;2;0;0;0;0;0;0;0;0;(-38.47937122586603 -3.801799256097837);
MCN1355;2021-03-18 21:33:00;Rua Do Avião;;;VILA UNIAO;MCN1355;Queda;Não informado;Não informado;Não informado;Não informado;Não informado;Longo da via;0;1;0;1;0;0;0;0;0;0;0;0;0;(-38.53294030032364 -3.771010477789737);
KOY5965;2021-02-06 15:07:00;Rua Araraquara;;;VILA PERY;KOY5965;Colisão;Não informado;Não informado;Não informado;Não informado;Não informado;Longo da via;0;1;0;1;1;0;0;0;0;0;0;0;0;(-38.57988430772385 -3.782524281534418);
RVA1752;2021-02-06 14:32:00;Avenida Radialista João Ramos;;;PLANALTO AYRTON SENNA;RVA1752;Acidente Pessoal;Não informado;Não informado;Não informado;Não informado;Não informado;Longo da via;0;1;0;1;0;0;0;0;0;0;0;0;0;(-38.5695900254152 -3.842949159473034);
KUB6131;2021-02-06 14:04:00;Avenida Bernardo Manuel;;;PREFEITO JOSE VALTER;KUB6131;Colisão;Não informado;Não informado;Não informado;Não informado;Não informado;Longo da via;0;1;0;1;1;0;0;0;0;0;0;0;0;(-38.5550968 -3.810597499999999);
ZEA4368;2021-02-06 13:08:00;Avenida dos Expedicionários;;;PARREAO;ZEA4368;Colisão;Não informado;Não informado;Não informado;Não informado;Não informado;Longo da via;0;1;0;1;1;0;0;0;0;0;0;0;0;(-38.5362433 -3.7493179);
IGG3105;2021-02-06 12:47:00;Avenida Oliveira Paiva;;;CIDADE DOS FUNCIONRAIOS;IGG3105;Colisão;Não informado;Não informado;Não informado;Não informado;Não informado;Longo da via;0;1;0;1;1;0;0;0;0;0;0;0;0;(-38.48126487129502 -3.795847129886305);
VGT6238;2021-02-06 11:09:00;Rua Padre Pedro de Alencar;;;MESSEJANA;VGT6238;Colisão;Não informado;Não informado;Não informado;Não informado;Não informado;Longo da via;0;1;0;1;1;0;0;0;0;0;0;0;0;(-38.4952874630744 -3.850148048140954);
GQR1582;2021-02-06 04:19:00;Avenida Maestro Lisboa;;;SABIAGUABA;GQR1582;Queda;Não informado;Não informado;Não informado;Não informado;Não informado;Longo da via;0;1;0;0;0;0;0;0;0;1;0;0;0;(-38.46779481105402 -3.807874450460721);
QBL1300;2021-02-06 02:59:00;Avenida General Osório de Paiva;;;PARANGABA;QBL1300;Colisão;Não informado;Não informado;Não informado;Não informado;Não informado;Longo da via;0;1;0;1;1;0;0;0;0;0;0;0;0;(-38.5625062 -3.7717901);
PFA4627;2021-02-06 02:50:00;Rua Wenefrido Melo;;;MONDUBIM;PFA4627;Capotamento;Não informado;Não informado;Não informado;Não informado;Não informado;Longo da via;0;1;0;0;0;0;0;0;0;0;1;0;0;(-38.58067825942022 -3.807248198925758);
YEH9353;2021-02-06 01:59:00;Avenida Doutor Theberge;;;PRESIDENTE KENNEDY;YEH9353;Queda;Não informado;Não informado;Não informado;Não informado;Não informado;Longo da via;0;1;0;1;0;0;0;0;0;0;0;0;0;(-38.56879070531296 -3.726152832673272);
PZR5470;2021-02-05 23:32:00;Rua Professor José Henrique;AV WASHINGTON SOARES;;MESSEJANA;PZR5470;Atropelamento;Não informado;Não informado;Não informado;Não informado;Não informado;Longo da via;0;1;0;0;1;0;0;0;0;0;0;0;0;(-38.48241820287431 -3.830360324933865);
KJJ2712;2021-02-05 23:20:00;Avenida Doutor Theberge;;;PRESIDENTE KENNEDY;KJJ2712;Colisão;Não informado;Não informado;Não informado;Não informado;Não informado;Longo da via;0;1;0;1;1;0;0;0;0;0;0;0;0;(-38.56550767772547 -3.716469061389469);
VEW5912;2021-03-18 20:45:00;AV EDUARDO GIRAO;;;FATIMA;VEW5912;Colisão;Não informado;Não informado;Não informado;Não informado;Não informado;Longo da via;0;1;0;2;0;0;0;0;0;0;0;0;0;(-38.5341166 -3.751487);
OHD4579;2021-03-18 12:18:00;Avenida Borges de Melo;;;AEROLANDIA;OHD4579;Colisão;Não informado;Não informado;Não informado;Não informado;Não informado;Longo da via;0;1;0;0;0;0;0;0;0;0;1;0;0;(-38.5280016 -3.7602835);
FNM7057;2021-03-18 12:00:00;Avenida Governador Raul Barbosa;;;SAO JOAO DO TAUAPE;FNM7057;Colisão;Não informado;Não informado;Não informado;Não informado;Não informado;Longo da via;0;2;0;1;1;0;0;0;0;0;0;0;0;(-38.5088994 -3.7657658);
MMT9973;2021-03-18 11:55:00;Rua Demétrio Menezes;;;ANTONIO BEZERRA;MMT9973;Atropelamento;Não informado;Não informado;Não informado;Não informado;Não informado;Longo da via;0;1;0;1;0;0;0;0;0;0;0;0;0;(-38.585077084785 -3.73724434022643);
RJE8437;2021-03-18 11:30:00;Avenida Perimetral;;;MONDUBIM;RJE8437;Colisão;Não informado;Não informado;Não informado;Não informado;Não informado;Longo da via;0;1;0;1;1;0;0;0;0;0;0;0;0;(-44.02551428247024 -20.00253470434139);
CCT8735;2021-03-18 08:30:00;Avenida Heráclito Graça;AV VIS RIO BRANCO;;CENTRO;CCT8735;Colisão;Não informado;Não informado;Não informado;Não informado;Não informado;Longo da via;0;1;0;1;1;0;0;0;0;0;0;0;0;(-38.5246095 -3.7334701);
TTW8698;2021-03-18 04:07:00;Avenida Presidente Costa e Silva;;;PREFEITO JOSE VALTER;TTW8698;Queda;Não informado;Não informado;Não informado;Não informado;Não informado;Longo da via;0;1;0;1;0;0;0;0;0;0;0;0;0;(-38.54126051245327 -3.825361136002471);
KMG0609;2021-02-05 22:39:00;Avenida Leste Oeste;;;BARRA DO CEARA;KMG0609;Atropelamento de Animal;Não informado;Não informado;Não informado;Não informado;Não informado;Longo da via;0;1;0;1;0;0;0;0;0;0;0;0;0;(-38.57344704948512 -3.706415813225335);
BUH8256;2021-03-18 02:35:00;Avenida Senador Fernandes Távora;;;AUTRAN NUNES;BUH8256;Queda;Não informado;Não informado;Não informado;Não informado;Não informado;Longo da via;0;1;0;1;0;0;0;0;0;0;0;0;0;(-38.5868083 -3.7598014);
MPC3573;2021-02-05 21:04:00;Rua Coronel Manuel Jesuíno;RUA PEREIRA VALENTE;;VARJOTA;MPC3573;Colisão;Não informado;Não informado;Não informado;Não informado;Não informado;Cruzamento;0;1;0;1;1;0;0;0;0;0;0;0;0;(-38.4848714 -3.7346944);
WSA4499;2021-03-17 21:00:00;Rua Cônego Lima Sucupira;;;ITAOCA;WSA4499;Colisão;Não informado;Não informado;Não informado;Não informado;Não informado;Longo da via;0;3;0;1;1;0;0;0;0;0;0;0;0;(-38.55377570347002 -3.777219707524238);
FGL7427;2021-02-05 20:38:00;Avenida Contôrno Norte;AV PENETRACAO NORTE 71;;CONJUNTO ESPERANCA;FGL7427;Colisão;Não informado;Não informado;Não informado;Não informado;Não informado;Longo da via;0;1;0;1;1;0;0;0;0;0;0;0;0;(-38.589926515869 -3.811316149480426);
OTV9448;2021-03-17 20:22:00;Avenida Doutor Theberge;;;PRESIDENTE KENNEDY;OTV9448;Colisão;Não informado;Não informado;Não informado;Não informado;Não informado;Longo da via;0;1;0;2;0;0;0;0;0;0;0;0;0;(-38.5675676133106 -3.722469907328477);
DTZ1068;2021-02-05 20:32:00;Rua Fiscal Vieira;;;SAO JOAO DO TAUAPE;DTZ1068;Colisão;Não informado;Não informado;Não informado;Não informado;Não informado;Longo da via;0;1;0;1;1;0;0;0;0;0;0;0;0;(-38.51497487161383 -3.758361711477032);
SYQ4136;2021-03-17 16:17:00;Avenida José Bastos;;;DEMOCRITO ROCHA;SYQ4136;Colisão;Não informado;Nublado;Não informado;Não informado;Não informado;Longo da via;0;1;0;1;1;0;0;0;0;0;0;0;0;(-38.5589777 -3.7589989);
VIO0139;2021-03-17 16:16:00;Avenida F;;;CONJUNTO CEARA I;VIO0139;Colisão;Não informado;Não informado;Não informado;Não informado;Não informado;Longo da via;0;1;0;0;0;0;0;0;0;0;1;0;0;(-38.6088414561878 -3.762981235661877);
WBP3180;2021-03-17 15:52:00;Rua Monsenhor Carneiro da Cunha;;;ENGENHEIRO LUCIANO CAVALCANTE;WBP3180;Colisão;Não informado;Não informado;Não informado;Não informado;Não informado;Longo da via;0;1;0;0;2;0;0;0;0;0;0;0;0;(-38.49551275526069 -3.774259623368505);
XOE8519;2021-03-17 15:26:00;Rua Joaquim Frota;;;SAPIRANGA / COITE;XOE8519;Colisão;Não informado;Não informado;Não informado;Não informado;Não informado;Longo da via;0;1;0;1;0;0;1;0;0;0;0;0;0;(-38.46872115350659 -3.801046544563422);
YRU0308;2021-02-05 19:48:00;Avenida Washington Soares;;;EDSON QUEIROZ;YRU0308;Colisão;Não informado;Não informado;Não informado;Não informado;Não informado;Longo da via;0;1;0;1;1;0;0;0;0;0;0;0;0;(-38.48166183213019 -3.776170564927504);
ETI4539;2021-03-17 10:59:00;Avenida Doutor Silas Munguba;;;SERRINHA;ETI4539;Queda;Não informado;Não informado;Não informado;Não informado;Não informado;Longo da via;0;1;0;1;0;0;0;0;0;0;0;0;0;(-38.53818670256425 -3.791190311886723);
ESK5397;2021-03-17 10:25:00;Rua Osvaldo Cruz;AV PDE ANTONIO TOMAS;;ALDEOTA;ESK5397;Colisão;Não informado;Não informado;Não informado;Não informado;Não informado;Longo da via;0;1;0;1;1;0;0;0;0;0;0;0;0;(-38.5015466 -3.7395327);
OIW4199;2021-02-05 19:45:00;Rua Padre Pedro de Alencar;;;MESSEJANA;OIW4199;Colisão;Não informado;Não informado;Não informado;Não informado;Não informado;Longo da via;0;1;0;1;1;0;0;0;0;0;0;0;0;(-38.49424675354397 -3.839619987432179);
FFM1345;2021-02-05 19:28:00;Rua Emílio de Menezes;;;BONSUCESSO;FFM1345;Colisão;Não informado;Não informado;Não informado;Não informado;Não informado;Longo da via;0;1;0;1;1;0;0;0;0;0;0;0;0;(-38.5897226621194 -3.781132569999664);
JOA1053;2021-03-17 09:30:00;Rua Planaltina;;;BONSUCESSO;JOA1053;Colisão;Não informado;Não informado;Não informado;Não informado;Não informado;Longo da via;0;1;0;1;1;0;0;0;0;0;0;0;0;(-38.58452991039272 -3.786619112123454);
MLP0877;2021-03-17 09:03:00;Avenida Visconde do Rio Branco;;;CENTRO;MLP0877;Colisão;Não informado;Não informado;Não informado;Não informado;Não informado;Longo da via;0;1;0;1;1;0;0;0;0;0;0;0;0;(-38.52101354456168 -3.750741182797647);
LLM3467;2021-03-17 07:18:00;BR-116;;;PEDRAS;LLM3467;Atropelamento;Não informado;Não informado;Não informado;Não informado;Não informado;Longo da via;0;1;0;0;1;0;0;0;0;0;0;0;0;(-38.4962322 -3.8494519);
CDL2935;2021-02-05 18:45:00;Avenida Américo Barreira;;;DEMOCRITO ROCHA;CDL2935;Colisão;Não informado;Não informado;Não informado;Não informado;Não informado;Longo da via;0;1;0;1;1;0;0;0;0;0;0;0;0;(-38.55451066580348 -3.753977690810608);
CJD8461;2021-03-16 22:50:00;Avenida Carlos Amora;;;PARANGABA;CJD8461;Atropelamento;Não informado;Não informado;Não informado;Não informado;Não informado;Longo da via;0;1;0;0;1;0;0;0;0;0;0;0;0;(-38.5635371 -3.775341699999999);
JCJ3656;2021-03-16 21:50:00;Rua Vinte Dois;;;VILA VELHA;JCJ3656;Colisão;Não informado;Não informado;Não informado;Não informado;Não informado;Longo da via;0;1;0;0;0;0;0;0;0;0;1;0;0;(-38.59717384603471 -3.717818050833542);
DKN4437;2021-02-05 17:55:00;Rua Chico Lemos;RUA ANTONIO DE CASTRO;;CIDADE DOS FUNCIONRAIOS;DKN4437;Colisão;Não informado;Não informado;Não informado;Não informado;Não informado;Cruzamento;0;1;0;1;1;0;0;0;0;0;0;0;0;(-38.49798038990017 -3.793871999799674);
UAP1032;2021-03-16 21:45:00;Avenida Antônio Sales;;;DIONISIO TORRES;UAP1032;Queda;Não informado;Não informado;Não informado;Não informado;Não informado;Longo da via;0;1;0;1;0;0;0;0;0;0;0;0;0;(-38.4916241 -3.7487775);
KFW1715;2021-03-16 20:26:00;Rua Álvaro de Alencar;;;PIRAMBU;KFW1715;Atropelamento;Não informado;Não informado;Não informado;Não informado;Não informado;Longo da via;0;1;0;1;0;0;0;0;0;0;0;0;0;(-38.55769709304978 -3.714220741065112);
SIJ6000;2021-03-16 20:17:00;Rua Benjamin Carneiro Girão;RUA ARTUR FERREIRA;;MONTESE;SIJ6000;Colisão;Não informado;Não informado;Não informado;Não informado;Não informado;Longo da via;0;1;0;0;0;0;0;0;0;0;1;0;0;(-38.54465990955842 -3.763577409435264);
EEP0063;2021-03-16 15:13:00;Rua São Mateus;;;PARREAO;EEP0063;Queda;Não informado;Não informado;Não informado;Não informado;Não informado;Longo da via;0;1;0;1;0;0;0;0;0;0;0;0;0;(-38.53727474938797 -3.759641049130945);
RJJ7650;2021-03-16 14:37:00;Rua Coronel Alves Teixeira;AV RUI BARBOSA;;JOAQUIM TVORA;RJJ7650;Colisão;Não informado;Não informado;Não informado;Não informado;Não informado;Longo da via;0;1;0;1;1;0;0;0;0;0;0;0;0;(-38.5126735271305 -3.746103527623724);
JVY9064;2021-03-16 14:18:00;Rua Senador Carlos Jereissati;;;AEROPORTO;JVY9064;Queda;Não informado;Não informado;Não informado;Não informado;Não informado;Longo da via;0;1;0;1;0;0;0;0;0;0;0;0;0;(-38.4975749 -3.7871883);
BXZ4758;2021-03-16 13:37:00;Avenida Doutor Silas Munguba;;;SERRINHA;BXZ4758;Colisão;Não informado;Não informado;Não informado;Não informado;Não informado;Longo da via;0;1;0;1;0;0;1;0;0;0;0;0;0;(-38.54850247913926 -3.787352432681316);
PZY4304;2021-03-16 13:35:00;Rua 206;;;JANGURUSSU;PZY4304;Colisão;Não informado;Não informado;Não informado;Não informado;Não informado;Longo da via;0;1;0;1;1;0;0;0;0;0;0;0;0;(-38.52378323475897 -3.834192659845102);
DSK6382;2021-03-16 12:58:00;Rua Raimundo Neri;;;JANGURUSSU;DSK6382;Queda;Não informado;Não informado;Não informado;Não informado;Não informado;Longo da via;0;1;0;1;0;0;0;0;0;0;0;0;0;(-38.5864203 -3.794134);
RPK2131;2021-03-16 11:48:00;Rua Coronel Alves Teixeira;;;DIONISIO TORRES;RPK2131;Atropelamento;Não informado;Não informado;Não informado;Não informado;Não informado;Longo da via;0;1;0;0;1;0;0;0;0;0;0;0;0;(-38.50688532476792 -3.746906470692311);
EGI7487;2021-03-16 10:55:00;Avenida Alberto Craveiro;;;BELA VISTA;EGI7487;Colisão;Não informado;Não informado;Não informado;Não informado;Não informado;Longo da via;0;2;0;1;1;0;0;0;0;0;0;0;0;(-38.51936833091854 -3.800648443530702);
HHT5652;2021-03-16 10:21:00;Rua Doutor Rodrigo Codes Sandoval;;;MARAPONGA;HHT5652;Colisão;Não informado;Não informado;Não informado;Não informado;Não informado;Longo da via;0;1;0;1;1;0;0;0;0;0;0;0;0;(-38.57084528023331 -3.805460435627641);
LLY6120;2021-03-16 10:06:00;Avenida Treze de Maio;;;FATIMA;LLY6120;Queda;Não informado;Não informado;Não informado;Não informado;Não informado;Longo da via;0;1;0;1;0;0;0;0;0;0;0;0;0;(-38.53033319761816 -3.748533766384341);
VCU5363;2021-03-16 00:36:00;Rua Nove;;;PARQUE SAO JOSE;VCU5363;Colisão;Não informado;Não informado;Não informado;Não informado;Não informado;Longo da via;0;1;0;1;0;0;1;0;0;0;0;0;0;(-38.58089126071258 -3.817585974398469);
OHY7062;2021-03-15 23:26:00;Rua Capitão Nestor Góis;;;VILA ELLERY;OHY7062;Atropelamento;Não informado;Não informado;Não informado;Não informado;Não informado;Longo da via;0;1;0;0;1;0;0;0;0;0;0;0;0;(-38.56203690770504 -3.720446433067715);
QZA6181;2021-03-15 23:21:00;Rua da Copaiba;;;;QZA6181;Colisão;Não informado;Não informado;Não informado;Não informado;Não informado;Longo da via;0;1;0;0;0;0;0;0;0;0;1;0;0;(-38.50984112191726 -3.783808936352067);
OTR4709;2021-03-15 22:50:00;Rua Anselmo Nogueira;;;MONDUBIM;OTR4709;Colisão;Não informado;Não informado;Não informado;Não informado;Não informado;Longo da via;0;1;0;0;0;0;0;0;0;0;1;0;0;(-38.5879987 -3.7903612);
VMV7951;2021-03-15 22:19:00;Rua Carlos Chagas;;;GRANJA PORTUGAL;VMV7951;Colisão;Não informado;Não informado;Não informado;Não informado;Não informado;Longo da via;0;1;0;1;1;0;0;0;0;0;0;0;0;(-38.5835754 -3.7805381);
WFE0573;2021-03-15 22:20:00;Avenida A;;;CONJUNTO CEARA I;WFE0573;Atropelamento;Não informado;Não informado;Não informado;Não informado;Não informado;Longo da via;0;1;0;1;0;0;0;0;0;0;0;0;0;(-38.6045837 -3.7705838);
NMM8867;2021-03-15 19:37:00;Avenida Leste Oeste;;;JACARECANGA;NMM8867;Queda;Não informado;Não informado;Não informado;Não informado;Não informado;Longo da via;0;1;0;0;0;0;0;0;0;1;0;0;0;(-38.55137244513098 -3.712935984022399);
NXP4883;2021-03-15 19:19:00;AV PRESIDENTE CASTELO BRANCO;;;PIRAMBU;NXP4883;Queda;Não informado;Não informado;Não informado;Não informado;Não informado;Longo da via;0;1;0;0;0;0;0;0;0;1;0;0;0;(-38.5530515068014 -3.712315017448235);
OEH7701;2021-03-15 19:18:00;Rua Nunes Valente;RUA TORRES CAMARA;;ALDEOTA;OEH7701;Colisão;Não informado;Não informado;Não informado;Não informado;Não informado;Longo da via;0;2;0;0;0;0;0;0;0;0;1;0;0;(-38.50385814367809 -3.736620045169248);
WUM9096;2021-03-15 19:09:00;Rua Carlos Câmara;RUA MAJ WEYNE;;DAMAS;WUM9096;Colisão;Não informado;Não informado;Não informado;Não informado;Não informado;Longo da via;0;1;0;1;1;0;0;0;0;0;0;0;0;(-38.5444969 -3.748592399999999);
LJE3126;2021-03-15 18:26:00;Rua Holanda;;;MARAPONGA;LJE3126;Queda;Não informado;Não informado;Não informado;Não informado;Não informado;Longo da via;0;1;0;1;0;0;0;0;0;0;0;0;0;(-38.56622115376826 -3.792576654581156);
WLS4382;2021-03-15 17:27:00;Avenida Doutor Silas Munguba;;;PARANGABA;WLS4382;Colisão;Não informado;Não informado;Não informado;Não informado;Não informado;Longo da via;0;1;0;1;1;0;0;0;0;0;0;0;0;(-38.55770245770238 -3.781180744667049);
ARK9531;2021-03-15 16:07:00;Rua João Brígido;AV RUI BARBOSA;;JOAQUIM TVORA;ARK9531;Colisão;Não informado;Não informado;Não informado;Não informado;Não informado;Longo da via;0;1;0;1;1;0;0;0;0;0;0;0;0;(-38.5113641 -3.7420157);
AMG6381;2021-03-15 14:37:00;Avenida Bernardo Manuel;;;ITAPERI;AMG6381;Colisão;Não informado;Não informado;Não informado;Não informado;Não informado;Longo da via;0;1;0;2;0;0;0;0;0;0;0;0;0;(-38.5550968 -3.810597499999999);
MGK4617;2021-03-15 14:27:00;Rua Camélia;;;PIRAMBU;MGK4617;Colisão;Não informado;Não informado;Não informado;Não informado;Não informado;Longo da via;0;1;0;0;1;0;0;0;0;1;0;0;0;(-38.56334582593889 -3.709054935771512);
EUF4790;2021-03-15 13:03:00;Rua Santa Maria Gorete;;;QUINTINO CUNHA;EUF4790;Atropelamento;Não informado;Não informado;Não informado;Não informado;Não informado;Longo da via;0;1;0;1;0;0;0;0;0;0;0;0;0;(-38.6028039 -3.7270621);
DVK7342;2021-03-15 12:58:00;Rua Alberto Magno;;;MONTESE;DVK7342;Colisão;Não informado;Não informado;Não informado;Não informado;Não informado;Longo da via;0;1;0;2;0;0;0;0;0;0;0;0;0;(-38.54672149376084 -3.761193381001958);
ONP8647;2021-03-15 12:56:00;Avenida Crisanto Arruda;RUA PRO MOREIRA DE SOUSA (PASSARE);;PASSARE;ONP8647;Colisão;Não informado;Não informado;Não informado;Não informado;Não informado;Longo da via;0;2;0;1;1;0;0;0;0;0;0;0;0;(-38.523546 -3.8138221);
VVR0831;2021-03-15 12:39:00;Rua Costa Barros;AV BAR STUDART;;CENTRO;VVR0831;Colisão;Não informado;Não informado;Não informado;Não informado;Não informado;Longo da via;0;1;0;1;1;0;0;0;0;0;0;0;0;(-38.5058573 -3.732214);
TSN4718;2021-03-15 10:22:00;Rua Solon Pinheiro;AV AGUANAMBI;;BENFICA;TSN4718;Queda;Não informado;Não informado;Não informado;Não informado;Não informado;Longo da via;0;1;0;1;0;0;0;0;0;0;0;0;0;(-38.5286218 -3.7373564);