COD_ACIDENTE;DATA;LOG1;LOG2;NUMERO;BAIRRO;AMC;NATUREZA;ILUMINACAO;TEMPO;SUPERFICIEPISTA;TIPOCRUZAMENTO;CONTROLETRAFEGO;USOSOLO;MORTOS;FERIDOS;ILESOS;MOTOCICLETA;AUTOMOVEL;MICROONIBUS;CAMINHAO;ONIBUS;CICLOMOTOR;BICICLETA;OUTROS;TREM;TRACAOANIMAL;COORDENADAS
NKZ9358;2021-03-15 09:42:00;Avenida Castelo de Castro;;;JANGURUSSU;NKZ9358;Queda;Não informado;Não informado;Não informado;Não informado;Não informado;Longo da via;0;1;0;1;0;0;0;0;0;0;0;0;0;(-38.52142070000001 -3.83375);
NBB7331;2021-03-15 01:11:00;Rua Justiniano de Serpa;AV DOMINGOS OLIMPIO;;FARIAS BRITO;NBB7331;Colisão;Não informado;Não informado;Não informado;Não informado;Não informado;Longo da via;0;1;0;2;0;0;0;0;0;0;0;0;0;(-38.54174883408552 -3.736399233306326);
GGD3590;2021-03-15 00:33:00;Rua Vasco de Ataíde;;;MESSEJANA;GGD3590;Queda;Não informado;Não informado;Não informado;Não informado;Não informado;Longo da via;0;1;0;1;0;0;0;0;0;0;0;0;0;(-38.48119512987281 -3.824959700936233);
WME4793;2021-03-14 22:20:00;Rua George Cavalcante;;;JARDIM GUANABARA;WME4793;Colisão;Não informado;Não informado;Não informado;Não informado;Não informado;Longo da via;0;1;0;2;0;0;0;0;0;0;0;0;0;(-38.59086529183914 -3.716886605961695);
FFA2904;2021-03-14 19:48:00;Rua Hipólito Pamplona;;;ANTONIO BEZERRA;FFA2904;Colisão;Não informado;Não informado;Não informado;Não informado;Não informado;Longo da via;0;1;0;0;0;0;0;0;0;0;1;0;0;(-38.59590246981309 -3.746403293122181);
GIQ1110;2021-03-14 19:22:00;Avenida Governador Raul Barbosa;;;AEROLANDIA;GIQ1110;Queda;Não informado;Não informado;Não informado;Não informado;Não informado;Longo da via;0;1;0;1;0;0;0;0;0;0;0;0;0;(-38.5133751 -3.7770853);
PET5241;2021-03-14 19:01:00;Rua Chico Lemos;;;CIDADE DOS FUNCIONRAIOS;PET5241;Colisão;Não informado;Não informado;Não informado;Não informado;Não informado;Longo da via;0;1;0;1;1;0;0;0;0;0;0;0;0;(-38.49544838341721 -3.799577918833851);
YGX7087;2021-03-14 17:57:00;Avenida Coronel Virgílio Nogueira;;;BOM JARDIM;YGX7087;Queda;Não informado;Não informado;Não informado;Não informado;Não informado;Longo da via;0;1;0;0;0;0;0;0;0;1;0;0;0;(-38.61000552973954 -3.792528480547986);
YGX7087;2021-03-14 14:31:00;Rua Carvalho Nogueira;;;SIQUEIRA;YGX7087;Colisão;Não informado;Não informado;Não informado;Não informado;Não informado;Longo da via;0;1;0;2;0;0;0;0;0;0;0;0;0;(-38.62595394524583 -3.812900503965081);
UYD9879;2021-03-14 10:43:00;Avenida Jovita Feitosa;RUA DOM LINO;;PARQUELANDIA;UYD9879;Colisão;Não informado;Não informado;Não informado;Não informado;Não informado;Longo da via;0;1;0;0;2;0;0;0;0;0;0;0;0;(-38.5564222 -3.7398141);
UMU3867;2021-02-05 17:50:00;Avenida Coronel Carvalho;;;VILA VELHA;UMU3867;Colisão;Não informado;Não informado;Não informado;Não informado;Não informado;Longo da via;0;1;0;0;0;0;0;0;0;0;1;0;0;(-38.58744815872706 -3.71946681290685);
VJL2718;2021-03-14 10:18:00;Avenida Governador Raul Barbosa;;;AEROLANDIA;VJL2718;Colisão;Não informado;Não informado;Não informado;Não informado;Não informado;Longo da via;0;1;0;1;1;0;0;0;0;0;0;0;0;(-38.51035609643042 -3.769308284647997);
KIB3874;2021-02-05 20:26:00;Avenida Américo Barreira;;;DEMOCRITO ROCHA;KIB3874;Colisão;Não informado;Não informado;Não informado;Não informado;Não informado;Longo da via;0;1;0;1;1;0;0;0;0;0;0;0;0;(-38.5652072705504 -3.761643021441331);
UCV5493;2021-03-14 02:29:00;Avenida Aguanambi;;;JOSE BONIFACIO;UCV5493;Queda;Não informado;Não informado;Não informado;Não informado;Não informado;Longo da via;0;1;0;1;0;0;0;0;0;0;0;0;0;(-38.52493121810613 -3.739942253305579);
KIB0000;2021-02-05 14:32:00;Avenida Senador Fernandes Távora;;;HENRIQUE JORGE;KIB0000;Colisão;Não informado;Não informado;Não informado;Não informado;Não informado;Longo da via;0;1;0;1;1;0;0;0;0;0;0;0;0;(-38.5812455 -3.762779);
YQS7999;2021-03-14 01:40:00;Avenida Coronel Carvalho;;;ANTONIO BEZERRA;YQS7999;Colisão;Não informado;Não informado;Não informado;Não informado;Não informado;Longo da via;0;1;0;1;1;0;0;0;0;0;0;0;0;(-38.5867215 -3.7222003);
BUL1682;2021-03-14 01:37:00;RUA CANDIDO MAIA;;;ANTONIO BEZERRA;BUL1682;Queda;Não informado;Não informado;Não informado;Não informado;Não informado;Longo da via;0;1;0;1;0;0;0;0;0;0;0;0;0;(-38.5901092 -3.7371858);
GUE6438;2021-03-14 01:08:00;Rua A;;;PARQUE DOIS IRMAOS;GUE6438;Queda;Não informado;Não informado;Não informado;Não informado;Não informado;Longo da via;0;1;0;0;0;0;0;0;0;1;0;0;0;(-38.54841128168697 -3.796029119965119);
VNY9300;2021-03-14 00:58:00;Avenida Emília Gonçalves;;;QUINTINO CUNHA;VNY9300;Atropelamento;Não informado;Não informado;Não informado;Não informado;Não informado;Longo da via;0;1;0;1;0;0;0;0;0;0;0;0;0;(-38.5933932 -3.7317792);
YOW6209;2021-03-14 00:44:00;Rua Manaus;;;DOM LUSTOSA;YOW6209;Queda;Não informado;Não informado;Não informado;Não informado;Não informado;Longo da via;0;1;0;1;0;0;0;0;0;0;0;0;0;(-38.58980849749944 -3.751071056914761);
INL0705;2021-03-13 23:53:00;Avenida Mister Hull;;;ANTONIO BEZERRA;INL0705;Colisão;Não informado;Não informado;Não informado;Não informado;Não informado;Longo da via;0;1;0;1;1;0;0;0;0;0;0;0;0;(-38.59400347333704 -3.740252726897084);
IYH7371;2021-02-05 13:05:00;Avenida General Osório de Paiva;;;SIQUEIRA;IYH7371;Colisão;Não informado;Não informado;Não informado;Não informado;Não informado;Longo da via;0;1;0;1;1;0;0;0;0;0;0;0;0;(-38.56330290965632 -3.773044540694609);
VTS3544;2021-03-13 23:44:00;Avenida Coronel Carvalho;;;BARRA DO CEARA;VTS3544;Colisão;Não informado;Não informado;Não informado;Não informado;Não informado;Longo da via;0;1;0;2;0;0;0;0;0;0;0;0;0;(-38.58958319569545 -3.710580591255753);
CPG7261;2021-03-13 23:36:00;Avenida José Torres;RUA HUMBERTO LOMEU;;GRANJA PORTUGAL;CPG7261;Colisão;Não informado;Não informado;Não informado;Não informado;Não informado;Longo da via;0;1;0;2;0;0;0;0;0;0;0;0;0;(-38.60736624451371 -3.780613353970203);
QQP5350;2021-02-05 12:49:00;Avenida Ministro José Américo;;;CAMBEBA;QQP5350;Colisão;Não informado;Não informado;Não informado;Não informado;Não informado;Longo da via;0;1;0;2;0;0;0;0;0;0;0;0;0;(-38.49558250020157 -3.811123457519679);
IWD2795;2021-03-13 21:44:00;Avenida José Leon;RUA VALTER DE CASTRO;;CIDADE DOS FUNCIONRAIOS;IWD2795;Queda;Não informado;Não informado;Não informado;Não informado;Não informado;Longo da via;0;1;0;1;0;0;0;0;0;0;0;0;0;(-38.4929314 -3.7899512);
STK0687;2021-02-05 12:18:00;Rua José de Barcelos;;;PARQUE ARAXA;STK0687;Colisão;Não informado;Não informado;Não informado;Não informado;Não informado;Longo da via;0;1;0;0;0;0;0;0;0;0;1;0;0;(-38.55042830497738 -3.736163031464174);
OAO1989;2021-03-13 21:37:00;Avenida Bernardo Manuel;;;SERRINHA;OAO1989;Colisão;Não informado;Não informado;Não informado;Não informado;Não informado;Longo da via;0;1;0;1;1;0;0;0;0;0;0;0;0;(-38.55238633444788 -3.802088297152447);
WZY1257;2021-03-13 21:32:00;Rua Frei Marcelino;;;RODOLFO TEOFILO;WZY1257;Queda;Não informado;Não informado;Não informado;Não informado;Não informado;Longo da via;0;1;0;1;0;0;0;0;0;0;0;0;0;(-38.55149044825293 -3.742634805103213);
RVQ6838;2021-03-13 21:28:00;Rua Curitiba;RUA PRO HERIBALDO COSTA;;PICI;RVQ6838;Colisão;Não informado;Não informado;Não informado;Não informado;Não informado;Longo da via;0;1;0;1;1;0;0;0;0;0;0;0;0;(-38.5838837 -3.7599728);
CHQ8172;2021-03-13 21:05:00;Avenida Washington Soares;;;EDSON QUEIROZ;CHQ8172;Queda;Não informado;Não informado;Não informado;Não informado;Não informado;Longo da via;0;1;0;0;0;0;0;0;0;1;0;0;0;(-38.47937659075323 -3.801858134839042);
YYY4880;2021-02-05 12:09:00;Rua Santo Inácio;;;MOURA BRASIL;YYY4880;Queda;Não informado;Não informado;Não informado;Não informado;Não informado;Longo da via;0;1;0;1;0;0;0;0;0;0;0;0;0;(-38.54063287859331 -3.717962585294443);
QED8869;2021-03-13 18:00:00;Rua Gontran Giffoni;;;GUARARAPES;QED8869;Colisão;Não informado;Não informado;Não informado;Não informado;Não informado;Longo da via;0;1;0;0;0;0;0;0;0;0;1;0;0;(-38.49524990018468 -3.766241116898416);
TIG9626;2021-02-05 10:50:00;Rua Padre Pedro de Alencar;;;MESSEJANA;TIG9626;Colisão;Não informado;Não informado;Não informado;Não informado;Não informado;Longo da via;0;1;0;2;0;0;0;0;0;0;0;0;0;(-38.49425747886134 -3.839379130430301);
MWR7076;2021-03-13 17:11:00;Rua Deputado Matoso Filho;;;QUINTINO CUNHA;MWR7076;Colisão;Não informado;Não informado;Não informado;Não informado;Não informado;Longo da via;0;2;0;1;1;0;0;0;0;0;0;0;0;(-38.5941858642538 -3.733925467516776);
LCJ9847;2021-02-05 10:48:00;Rua César Correia;;;BARRA DO CEARA;LCJ9847;Colisão;Não informado;Não informado;Não informado;Não informado;Não informado;Longo da via;0;1;0;1;1;0;0;0;0;0;0;0;0;(-38.5719743 -3.7086186);
FXB4336;2021-03-13 15:31:00;Rua Ituiutaba;;;SAO JOAO DO TAUAPE;FXB4336;Colisão;Não informado;Não informado;Não informado;Não informado;Não informado;Longo da via;0;1;0;1;1;0;0;0;0;0;0;0;0;(-46.80634275373082 -18.17874048578415);
SDI9742;2021-03-13 15:09:00;Rua Juvêncio Barroso;;;JACARECANGA;SDI9742;Colisão;Não informado;Não informado;Não informado;Não informado;Não informado;Longo da via;0;1;0;1;1;0;0;0;0;0;0;0;0;(-38.54900673396489 -3.714836353152048);
NAO6182;2021-02-05 10:25:00;Avenida I;AV G CJ JOSE WALTER;;PREFEITO JOSE VALTER;NAO6182;Colisão;Não informado;Não informado;Não informado;Não informado;Não informado;Longo da via;0;1;0;1;1;0;0;0;0;0;0;0;0;(-38.5549785 -3.838998);
NFQ2496;2021-02-05 10:01:00;Rua Padre Anchieta;;;MONTE CASTELO;NFQ2496;Colisão;Não informado;Não informado;Não informado;Não informado;Não informado;Longo da via;0;2;0;1;1;0;0;0;0;0;0;0;0;(-38.55143145232184 -3.726393721148622);
JUF4178;2021-03-13 14:51:00;Rua Raimundo Neri;;;VILA PERY;JUF4178;Colisão;Não informado;Não informado;Não informado;Não informado;Não informado;Longo da via;0;1;0;1;1;0;0;0;0;0;0;0;0;(-38.5864203 -3.794134);
UUX1902;2021-03-13 14:44:00;AV BENU MARCONDES;;;;UUX1902;Queda;Não informado;Não informado;Não informado;Não informado;Não informado;Longo da via;0;1;0;0;0;0;0;0;0;1;0;0;0;(-38.59806434365006 -3.712229366852004);
IZV3383;2021-03-13 14:05:00;Avenida Bernardo Manuel;;;SERRINHA;IZV3383;Colisão;Não informado;Não informado;Não informado;Não informado;Não informado;Longo da via;0;1;0;1;1;0;0;0;0;0;0;0;0;(-38.55376496736201 -3.806145566911026);
JEV4455;2021-02-05 09:58:00;Rodovia Estrada do Guarani (BR116);;;MESSEJANA;JEV4455;Queda;Não informado;Não informado;Não informado;Não informado;Não informado;Longo da via;0;1;0;1;0;0;0;0;0;0;0;0;0;(-38.50474888822635 -3.831129068072485);
RDS6248;2021-03-13 13:41:00;Avenida Treze de Maio;;;BENFICA;RDS6248;Colisão;Não informado;Não informado;Não informado;Não informado;Não informado;Longo da via;0;1;0;0;0;0;0;0;0;0;1;0;0;(-38.53684560462499 -3.742838218222892);
SMS2894;2021-03-13 13:23:00;Rua Morada Nova;;;JANGURUSSU;SMS2894;Colisão;Não informado;Não informado;Não informado;Não informado;Não informado;Longo da via;0;1;0;1;1;0;0;0;0;0;0;0;0;(-38.5113663 -3.845868);
PUB0115;2021-02-05 09:22:00;Rua Benjamim Brasil;;;MONDUBIM;PUB0115;Atropelamento;Não informado;Não informado;Não informado;Não informado;Não informado;Longo da via;0;1;0;0;1;0;0;0;0;0;0;0;0;(-38.57107597460476 -3.803549558778426);
NSS1563;2021-03-13 11:17:00;AV CLOVIS ARRAIS MAIA;;;NÃO INFORMADO;NSS1563;Colisão;Não informado;Não informado;Não informado;Não informado;Não informado;Longo da via;0;1;0;0;0;0;0;0;0;0;1;0;0;(-38.4515452 -3.7426176);
ZRW0156;2021-03-13 10:56:00;Rodovia Estrada do Guarani (BR116);;;MESSEJANA;ZRW0156;Colisão;Não informado;Não informado;Não informado;Não informado;Não informado;Longo da via;0;1;0;1;0;0;1;0;0;0;0;0;0;(-38.49683809617494 -3.861158349575325);
YJS5101;2021-03-13 04:13:00;Avenida Porto Velho;;;JOAO XXIII;YJS5101;Colisão;Não informado;Não informado;Não informado;Não informado;Não informado;Longo da via;0;1;0;0;0;0;0;0;0;0;1;0;0;(-38.58782903029596 -3.765614835243486);
CFB0471;2021-03-13 00:39:00;Prefeito José Walter;;;PREFEITO JOSE VALTER;CFB0471;Colisão;Não informado;Não informado;Não informado;Não informado;Não informado;Longo da via;0;1;0;0;0;0;0;0;0;0;1;0;0;(-38.55681 -3.84177);
VUH2686;2021-03-13 00:21:00;Avenida Hildebrando de Melo;;;JARDIM GUANABARA;VUH2686;Atropelamento;Não informado;Não informado;Não informado;Não informado;Não informado;Longo da via;0;1;0;1;0;0;0;0;0;0;0;0;0;(-38.58892872801642 -3.721736532273654);
UKD4817;2021-03-13 00:16:00;Rua Taváres Iracema;;;RODOLFO TEOFILO;UKD4817;Atropelamento;Não informado;Não informado;Não informado;Não informado;Não informado;Longo da via;0;1;0;0;1;0;0;0;0;0;0;0;0;(-38.55348602301977 -3.751702701935539);
FEB5931;2021-02-05 04:52:00;Avenida Senador Fernandes Távora;;;PARQUE MANIBURA;FEB5931;Queda;Não informado;Não informado;Não informado;Não informado;Não informado;Longo da via;0;1;0;1;0;0;0;0;0;0;0;0;0;(-38.60417441015611 -3.754106160593849);
COY7355;2021-02-05 00:55:00;Avenida Porto Velho;RUA STA FILOMENA;;HENRIQUE JORGE;COY7355;Queda;Não informado;Não informado;Não informado;Não informado;Não informado;Cruzamento;0;1;0;1;0;0;0;0;0;0;0;0;0;(-38.5921312898026 -3.763313112470473);
WEY2846;2021-03-13 00:12:00;Avenida Doutor Silas Munguba;;;SERRINHA;WEY2846;Colisão;Não informado;Não informado;Não informado;Não informado;Não informado;Longo da via;0;1;0;1;1;0;0;0;0;0;0;0;0;(-38.5429223 -3.7895058);
RJT1037;2021-03-12 23:07:00;AV DOM MANUEL;;;MEIRELES;RJT1037;Atropelamento;Não informado;Não informado;Não informado;Não informado;Não informado;Longo da via;0;1;0;0;1;0;0;0;0;0;0;0;0;(-38.52402319999999 -3.7368769);
BDD1992;2021-02-04 23:16:00;Avenida Imperador;;;CENTRO;BDD1992;Atropelamento de Animal;Não informado;Não informado;Não informado;Não informado;Não informado;Longo da via;0;1;0;1;0;0;0;0;0;0;0;0;0;(-38.5350007 -3.7291837);
PZW9601;2021-02-04 22:01:00;Avenida Duque de Caxias;RUA SOLON PINHEIRO;;CENTRO;PZW9601;Atropelamento;Não informado;Não informado;Não informado;Não informado;Não informado;Longo da via;0;2;0;1;0;0;0;0;0;0;0;0;0;(-38.52809621301478 -3.732351675103982);
VRF1449;2021-02-04 21:53:00;Rua Cândido Castelo Branco;;;BARRA DO CEARA;VRF1449;Atropelamento;Não informado;Não informado;Não informado;Não informado;Não informado;Longo da via;0;1;0;0;1;0;0;0;0;0;0;0;0;(-38.58185306391922 -3.707454332976615);
MUI7105;2021-02-04 21:20:00;Avenida Washington Soares;;;EDSON QUEIROZ;MUI7105;Colisão;Não informado;Não informado;Não informado;Não informado;Não informado;Longo da via;0;2;0;2;0;0;0;0;0;0;0;0;0;(-38.481665 -3.7762191);
ULK7018;2021-02-04 20:54:00;Rua Raimundo Neri;;;JOAO XXIII;ULK7018;Colisão;Não informado;Não informado;Não informado;Não informado;Não informado;Longo da via;0;1;0;1;1;0;0;0;0;0;0;0;0;(-38.58650938533729 -3.793952289728656);
HGD8425;2021-02-04 20:34:00;Avenida Washington Soares;;;GUARARAPES;HGD8425;Colisão;Não informado;Não informado;Não informado;Não informado;Não informado;Longo da via;0;1;0;1;1;0;0;0;0;0;0;0;0;(-38.47936049022719 -3.801735024739202);
PDZ1393;2021-02-04 20:17:00;Avenida Américo Barreira;;;RODOLFO TEOFILO;PDZ1393;Colisão;Não informado;Não informado;Não informado;Não informado;Não informado;Longo da via;0;1;0;1;1;0;0;0;0;0;0;0;0;(-38.55345919741095 -3.753174754237171);
CBC1055;2021-02-04 20:16:00;Avenida Américo Barreira;;;DAMAS;CBC1055;Colisão;Não informado;Não informado;Não informado;Não informado;Não informado;Longo da via;0;1;0;1;1;0;0;0;0;0;0;0;0;(-38.56579199633804 -3.762809944356361);
QXS3189;2021-02-04 19:32:00;Rua Pascoal De Castro Alves;;;VICENTE PINZON;QXS3189;Colisão;Não informado;Não informado;Não informado;Não informado;Não informado;Longo da via;0;1;0;0;1;0;0;0;0;1;0;0;0;(-38.47991839908545 -3.731955550038796);
ORD9482;2021-02-04 17:29:00;Avenida F;;;CONJUNTO CEARA I;ORD9482;Atropelamento;Não informado;Não informado;Não informado;Não informado;Não informado;Longo da via;0;1;0;0;1;0;0;0;0;0;0;0;0;(-38.60632556641679 -3.763976865708326);
KWK4622;2021-02-04 17:02:00;Avenida Mister Hull;;;ANTONIO BEZERRA;KWK4622;Colisão;Não informado;Não informado;Não informado;Não informado;Não informado;Longo da via;0;1;0;1;1;0;0;0;0;0;0;0;0;(-38.5939145 -3.7399494);
CJL7050;2021-02-04 16:14:00;Estrada Barão de Aquiraz;;;MESSEJANA;CJL7050;Colisão;Não informado;Não informado;Não informado;Não informado;Não informado;Longo da via;0;1;0;1;1;0;0;0;0;0;0;0;0;(-38.48159207522579 -3.844426408500111);
BQH6417;2021-03-12 22:08:00;BR-116;;;CAJAZEIRAS;BQH6417;Colisão;Não informado;Não informado;Não informado;Não informado;Não informado;Longo da via;0;1;0;1;1;0;0;0;0;0;0;0;0;(-38.5055259 -3.799608);
LJX3860;2021-03-12 21:46:00;Rua A;;;CANINDEZINHO;LJX3860;Colisão;Não informado;Não informado;Não informado;Não informado;Não informado;Longo da via;0;1;0;0;0;0;0;0;0;0;1;0;0;(-38.60470550724564 -3.813596334403888);
RKP2840;2021-02-04 14:59:00;Avenida José Bastos;;;DAMAS;RKP2840;Colisão;Não informado;Não informado;Não informado;Não informado;Não informado;Longo da via;0;1;0;1;1;0;0;0;0;0;0;0;0;(-38.554747 -3.7539409);
LAF8543;2021-03-12 21:39:00;Rodovia Br116;;;CAJAZEIRAS;LAF8543;Atropelamento;Não informado;Não informado;Não informado;Não informado;Não informado;Longo da via;0;1;0;0;0;0;0;0;0;1;0;0;0;(-38.50090936073696 -3.812343839208532);
RCX1242;2021-02-04 14:59:00;Avenida Monte Pascoal;;;CANINDEZINHO;RCX1242;Colisão;Não informado;Não informado;Não informado;Não informado;Não informado;Longo da via;0;1;0;1;1;0;0;0;0;0;0;0;0;(-38.5947907 -3.8072626);
RUM7474;2021-02-04 14:45:00;Avenida I Cj Prefeito Jose Walter;;;PREFEITO JOSE VALTER;RUM7474;Queda;Não informado;Não informado;Não informado;Não informado;Não informado;Longo da via;0;1;0;1;0;0;0;0;0;0;0;0;0;(-38.5505761 -3.8247688);
AWB7607;2021-03-12 21:37:00;Avenida Mister Hull;;;ANTONIO BEZERRA;AWB7607;Atropelamento;Não informado;Não informado;Não informado;Não informado;Não informado;Longo da via;0;1;0;1;0;0;0;0;0;0;0;0;0;(-38.5918266 -3.7396339);
ACM5891;2021-03-12 21:24:00;Rodovia Estrada do Guarani (BR116);;;MESSEJANA;ACM5891;Atropelamento;Não informado;Não informado;Não informado;Não informado;Não informado;Longo da via;0;2;0;0;1;0;0;0;0;0;0;0;0;(-38.5020858 -3.8367365);
NSI5586;2021-03-12 20:41:00;Avenida Alberto Craveiro;;;BOA VISTA;NSI5586;Colisão;Não informado;Não informado;Não informado;Não informado;Não informado;Longo da via;0;2;0;2;0;0;0;0;0;0;0;0;0;(-38.5237242146663 -3.805781590984579);
LRK5214;2021-02-04 14:05:00;Avenida Godofredo Maciel;AV PRS COSTA E SILVA;;MONDUBIM;LRK5214;Colisão;Não informado;Não informado;Não informado;Não informado;Não informado;Longo da via;0;1;0;1;0;0;1;0;0;0;0;0;0;(-38.57471838535925 -3.81188887255331);
YHQ7801;2021-02-04 13:16:00;Rua Santa Elisa;;;PIRAMBU;YHQ7801;Colisão;Não informado;Não informado;Não informado;Não informado;Não informado;Longo da via;0;1;0;2;0;0;0;0;0;0;0;0;0;(-38.5628296 -3.7053125);
WOB3013;2021-03-12 20:32:00;Rua Júlio Maciel;;;JOAO XXIII;WOB3013;Colisão;Não informado;Não informado;Não informado;Não informado;Não informado;Longo da via;0;1;0;1;1;0;0;0;0;0;0;0;0;(-38.58454510000001 -3.7971385);
CGR9537;2021-03-12 19:47:00;Avenida Oliveira Paiva;;;CIDADE DOS FUNCIONRAIOS;CGR9537;Queda;Não informado;Não informado;Não informado;Não informado;Não informado;Longo da via;0;1;0;0;0;0;0;0;0;1;0;0;0;(-38.48146870956243 -3.795825719286269);
TMD2007;2021-02-04 10:58:00;Avenida Senador Fernandes Távora;;;JOQUEI CLUBE;TMD2007;Queda;Não informado;Não informado;Não informado;Não informado;Não informado;Longo da via;0;1;0;1;0;0;0;0;0;0;0;0;0;(-38.58674541316238 -3.759828399675844);
XWV3418;2021-03-12 18:27:00;Avenida Contôrno;;;EDSON QUEIROZ;XWV3418;Colisão;Não informado;Não informado;Não informado;Não informado;Não informado;Longo da via;0;1;0;0;0;0;0;0;0;0;1;0;0;(-38.47407653682581 -3.769790037762055);
OIB7447;2021-02-04 10:57:00;Presidente Kennedy;;;PRESIDENTE KENNEDY;OIB7447;Colisão;Não informado;Não informado;Não informado;Não informado;Não informado;Longo da via;0;1;0;1;1;0;0;0;0;0;0;0;0;(-38.567518 -3.7276542);
ILK4599;2021-03-12 16:52:00;Avenida Washington Soares;;;GUARARAPES;ILK4599;Colisão;Não informado;Não informado;Não informado;Não informado;Não informado;Longo da via;0;1;0;1;1;0;0;0;0;0;0;0;0;(-38.48176911978705 -3.771529699562707);
DBR1213;2021-02-04 10:46:00;Rua Coronel Matos Dourado;;;DOM LUSTOSA;DBR1213;Colisão;Não informado;Não informado;Não informado;Não informado;Não informado;Longo da via;0;1;0;0;0;0;0;0;0;0;1;0;0;(-38.58336047031175 -3.751638466869535);
NCR9411;2021-03-12 15:12:00;CE-010;;;SABIAGUABA;NCR9411;Queda;Não informado;Não informado;Não informado;Não informado;Não informado;Longo da via;0;1;0;1;0;0;0;0;0;0;0;0;0;(-38.4284639 -3.8069918);
VNT7485;2021-03-12 14:17:00;Avenida H;;;CONJUNTO CEARA I;VNT7485;Colisão;Não informado;Não informado;Não informado;Não informado;Não informado;Longo da via;0;1;0;0;0;0;0;0;0;0;1;0;0;(-38.6114867 -3.7759357);
ZAA3255;2021-03-12 11:30:00;Rua Rio Grande do Sul;RUA AMAZONAS;;PAN AMERICANO;ZAA3255;Atropelamento;Não informado;Não informado;Não informado;Não informado;Não informado;Longo da via;0;1;0;1;0;0;0;0;0;0;0;0;0;(-38.56417194443883 -3.753340694522863);
PSX9323;2021-02-04 10:29:00;Rua Cônego de Castro;;;PARQUE SANTA ROSA;PSX9323;Colisão;Não informado;Não informado;Não informado;Não informado;Não informado;Longo da via;0;1;0;0;0;0;0;0;0;0;1;0;0;(-38.60061780311357 -3.817257463738954);
BIB3576;2021-03-12 10:21:00;Avenida da Abolição;;;MEIRELES;BIB3576;Colisão;Não informado;Não informado;Não informado;Não informado;Não informado;Longo da via;0;1;0;1;1;0;0;0;0;0;0;0;0;(-38.4984288 -3.72634);
WMR3391;2021-03-11 20:23:00;Avenida Presidente Costa e Silva;;;NÃO INFORMADO;WMR3391;Colisão;Não informado;Não informado;Não informado;Não informado;Não informado;Longo da via;0;1;0;0;0;0;0;0;0;0;1;0;0;(-46.48889794794328 -23.64749411339041);
KGR9409;2021-03-11 19:23:00;Avenida Almirante Henrique Sabóia;;;PAPICU;KGR9409;Colisão;Não informado;Não informado;Não informado;Não informado;Não informado;Longo da via;0;1;0;1;1;0;0;0;0;0;0;0;0;(-38.48734810843897 -3.73939624775722);
URN1532;2021-03-11 19:22:00;Rua Carnaubal;RUA PIERRE LUZ;;JARDIM GUANABARA;URN1532;Colisão;Não informado;Não informado;Não informado;Não informado;Não informado;Longo da via;0;1;0;2;0;0;0;0;0;0;0;0;0;(-38.58822790000001 -3.722067199999999);
ZGB9298;2021-03-11 18:25:00;Rua Francisco Araquém;RUA MARIA JULIA ROCHA;;BOM JARDIM;ZGB9298;Colisão;Não informado;Não informado;Não informado;Não informado;Não informado;Longo da via;0;1;0;1;1;0;0;0;0;0;0;0;0;(-38.60435349999999 -3.8040449);
XKJ8772;2021-03-11 16:16:00;Rua Teodomiro de Castro;;;ALVARO WEYNE;XKJ8772;Colisão;Não informado;Não informado;Não informado;Não informado;Não informado;Longo da via;0;1;0;1;1;0;0;0;0;0;0;0;0;(-38.57186988618822 -3.718968972735679);
PBT4843;2021-03-11 15:31:00;Avenida Augusto dos Anjos;;;PARANGABA;PBT4843;Colisão;Não informado;Não informado;Não informado;Não informado;Não informado;Longo da via;0;1;0;1;1;0;0;0;0;0;0;0;0;(-38.57248143078192 -3.772776901110724);
NMV1397;2021-03-11 14:22:00;Rua Desembargador Gomes Parente;RUA DES FELIX CANDIDO;;JOAO XXIII;NMV1397;Colisão;Não informado;Não informado;Não informado;Não informado;Não informado;Longo da via;0;1;0;1;1;0;0;0;0;0;0;0;0;(-38.5794368 -3.7729453);