COD_ACIDENTE;DATA;LOG1;LOG2;NUMERO;BAIRRO;AMC;NATUREZA;ILUMINACAO;TEMPO;SUPERFICIEPISTA;TIPOCRUZAMENTO;CONTROLETRAFEGO;USOSOLO;MORTOS;FERIDOS;ILESOS;MOTOCICLETA;AUTOMOVEL;MICROONIBUS;CAMINHAO;ONIBUS;CICLOMOTOR;BICICLETA;OUTROS;TREM;TRACAOANIMAL;COORDENADAS
ASX4983;2021-03-11 09:24:00;RUA NAPOLEAO QUEZADO;;;PARANGABA;ASX4983;Outros;Não informado;Não informado;Não informado;Não informado;Não informado;Longo da via;0;1;0;0;0;0;0;1;0;0;0;0;0;(-38.56542185665472 -3.778841593838481);
SZD7672;2021-03-11 01:01:00;Avenida Castelo de Castro;;;JANGURUSSU;SZD7672;Queda;Não informado;Não informado;Não informado;Não informado;Não informado;Longo da via;0;1;0;0;0;0;0;0;0;1;0;0;0;(-38.52150336694861 -3.834936644659763);
VAI0583;2021-02-04 10:26:00;Avenida Carapinima;;;BENFICA;VAI0583;Colisão;Não informado;Não informado;Não informado;Não informado;Não informado;Longo da via;0;2;0;1;1;0;0;0;0;0;0;0;0;(-38.5410995599732 -3.741066381304717);
LFO8119;2021-03-10 23:38:00;AV AGUANAMBI ;;;SAO JOAO DO TAUAPE;LFO8119;Colisão;Não informado;Não informado;Não informado;Não informado;Não informado;Longo da via;0;1;0;2;0;0;0;0;0;0;0;0;0;(-38.5235792 -3.753750299999999);
DZM2936;2021-03-10 23:32:00;RUA TIBURCIO CAVALCANTE;;;MEIRELES;DZM2936;Colisão;Não informado;Não informado;Não informado;Não informado;Não informado;Longo da via;0;1;0;1;1;0;0;0;0;0;0;0;0;(-38.5039091 -3.7402195);
AVH7183;2021-03-10 23:24:00;Fátima;;;FATIMA;AVH7183;Colisão;Não informado;Não informado;Não informado;Não informado;Não informado;Longo da via;0;1;0;2;0;0;0;0;0;0;0;0;0;(-38.5341166 -3.751487);
ENK6117;2021-03-10 21:19:00;Rua Cicero Rodrigues Da Silva;;;JANGURUSSU;ENK6117;Colisão;Não informado;Não informado;Não informado;Não informado;Não informado;Longo da via;0;1;0;0;0;0;0;0;0;0;1;0;0;(-46.4837754 -23.6246304);
OOP3773;2021-03-10 21:04:00;Rua JOR TOMAZ COELHO;;;MESSEJANA;OOP3773;Colisão;Não informado;Não informado;Não informado;Não informado;Não informado;Longo da via;0;1;0;1;1;0;0;0;0;0;0;0;0;(-38.50061968638575 -3.83238354299035);
BYP0037;2021-02-04 08:28:00;Rua Alberto Magno;RUA DES PRAXEDES;;MONTESE;BYP0037;Colisão;Não informado;Não informado;Não informado;Não informado;Não informado;Longo da via;0;1;0;1;1;0;0;0;0;0;0;0;0;(-38.5468244 -3.7612301);
ETK8432;2021-03-10 19:21:00;AV LINEU MACHADO;RUA PERDIGAO DE OLIVEIRA;;JOAO XXIII;ETK8432;Colisão;Não informado;Não informado;Não informado;Não informado;Não informado;Longo da via;0;1;0;0;0;0;0;0;0;0;1;0;0;(-38.5808297 -3.7733584);
ILN7490;2021-03-10 17:37:00;Avenida Deputado Paulino Rocha;;;CAJAZEIRAS;ILN7490;Colisão;Não informado;Não informado;Não informado;Não informado;Não informado;Longo da via;0;1;0;1;1;0;0;0;0;0;0;0;0;(-38.51111248687913 -3.811722943477979);
BTL2239;2021-03-10 14:30:00;Avenida Porto Velho;AV PERIMETRAL;;JOAO XXIII;BTL2239;Queda;Não informado;Não informado;Não informado;Não informado;Não informado;Longo da via;0;1;0;1;0;0;0;0;0;0;0;0;0;(-38.5892537 -3.7648039);
GCK5147;2021-03-10 13:39:00;Avenida Lauro Viêira Chaves;;;MONTESE;GCK5147;Colisão;Não informado;Não informado;Não informado;Não informado;Não informado;Longo da via;0;1;0;2;0;0;0;0;0;0;0;0;0;(-38.5417845810253 -3.771595940462454);
DRC4942;2021-03-10 03:15:00;Rua Costa Barros;;;CENTRO;DRC4942;Colisão;Não informado;Não informado;Não informado;Não informado;Não informado;Longo da via;0;1;0;0;0;0;0;1;0;0;0;0;0;(-38.52311805067654 -3.726645315708029);
QHQ4042;2021-03-09 21:58:00;AV ENG SANTANA JUNIOR;AV ENG ALBERTO SA;;PAPICU;QHQ4042;Colisão;Não informado;Não informado;Não informado;Não informado;Não informado;Longo da via;0;1;0;1;1;0;0;0;0;0;0;0;0;(-38.4805407 -3.7333279);
DUM2465;2021-03-09 21:12:00;Avenida da Abolição;;;MUCURIPE;DUM2465;Atropelamento;Não informado;Não informado;Não informado;Não informado;Não informado;Longo da via;0;1;0;0;1;0;0;0;0;0;0;0;0;(-38.48345891310848 -3.725162512692771);
RCC2313;2021-03-09 19:41:00;Rua Ildefonso Albano;;;JOAQUIM TVORA;RCC2313;Colisão;Não informado;Não informado;Não informado;Não informado;Não informado;Longo da via;0;1;0;2;0;0;0;0;0;0;0;0;0;(-38.51681485808407 -3.744090813760753);
SMW2408;2021-03-09 19:34:00;Rua Aristides Barcelos;;;VICENTE PINZON;SMW2408;Colisão;Não informado;Não informado;Não informado;Não informado;Não informado;Longo da via;0;1;0;0;0;0;0;0;0;0;1;0;0;(-38.4709742503649 -3.725025339904894);
JXT9369;2021-02-04 03:10:00;Avenida Senador Fernandes Távora;;;HENRIQUE JORGE;JXT9369;Colisão;Não informado;Não informado;Não informado;Não informado;Não informado;Longo da via;0;2;0;2;0;0;0;0;0;0;0;0;0;(-38.58759830542934 -3.759260995044784);
HGL4154;2021-03-09 16:55:00;Avenida General Osório de Paiva;;;VILA PERY;HGL4154;Atropelamento;Não informado;Não informado;Não informado;Não informado;Não informado;Longo da via;0;1;0;1;0;0;0;0;0;0;0;0;0;(-38.58575299911097 -3.788075047221812);
ATJ8485;2021-03-09 15:19:00;Rua Tibúrcio Frota;;;SAO JOAO DO TAUAPE;ATJ8485;Colisão;Não informado;Não informado;Não informado;Não informado;Não informado;Longo da via;0;1;0;2;0;0;0;0;0;0;0;0;0;(-38.51483370684195 -3.755023514590412);
WTW9566;2021-03-09 14:58:00;AV PRESIDENTE CASTELO BRANCO;;;CRISTO REDENTOR;WTW9566;Colisão;Não informado;Não informado;Não informado;Não informado;Não informado;Longo da via;0;1;0;0;0;0;0;0;0;0;1;0;0;(-38.56831327210831 -3.708551736542975);
WSP2667;2021-03-09 14:56:00;Avenida Dionísio Leonel Alencar;;;MESSEJANA;WSP2667;Colisão;Não informado;Não informado;Não informado;Não informado;Não informado;Longo da via;0;1;0;2;0;0;0;0;0;0;0;0;0;(-38.50311949510076 -3.847541468710557);
ICB1814;2021-02-04 02:23:00;Avenida Professor José Arthur de Carvalho;;;LAGOA REDONDA;957743;Choque c/ Obstáculo Fixo;Não informado;Não informado;Não informado;Não informado;Não informado;Longo da via;1;0;1;1;0;0;1;0;0;0;0;0;0;(-38.4524073 -3.8212292);
YWW4300;2021-03-09 13:58:00;Rua Antero de Quental;;;PAUPINA;YWW4300;Colisão;Não informado;Não informado;Não informado;Não informado;Não informado;Longo da via;0;1;0;1;1;0;0;0;0;0;0;0;0;(-38.49232630033413 -3.8525994030341);
HOJ3863;2021-03-09 13:03:00;Avenida Domingos Olímpio;;;JOSE BONIFACIO;HOJ3863;Colisão;Não informado;Não informado;Não informado;Não informado;Não informado;Longo da via;0;1;0;2;0;0;0;0;0;0;0;0;0;(-38.52374568782059 -3.738577238797069);
RCP6773;2021-03-09 13:00:00;Avenida Maestro Lisboa;;;LAGOA REDONDA;RCP6773;Atropelamento;Não informado;Não informado;Não informado;Não informado;Não informado;Longo da via;0;1;0;1;0;0;0;0;0;0;0;0;0;(-38.45797792512121 -3.807060858634471);
WDO9533;2021-03-09 11:54:00;Rua Marcos Macêdo;RUA TIBURCIO CAVALCANTI;;ALDEOTA;WDO9533;Colisão;Não informado;Não informado;Não informado;Não informado;Não informado;Longo da via;0;1;0;1;1;0;0;0;0;0;0;0;0;(-38.5016392 -3.7329941);
YNN1825;2021-02-04 01:18:00;Avenida Godofredo Maciel;;;MONDUBIM;YNN1825;Colisão;Não informado;Não informado;Não informado;Não informado;Não informado;Longo da via;0;2;0;1;0;0;0;0;0;1;0;0;0;(-38.5762752 -3.8190822);
HAR3021;2021-03-09 11:10:00;Avenida Bernardo Manuel;;;MONDUBIM;HAR3021;Queda;Não informado;Não informado;Não informado;Não informado;Não informado;Longo da via;0;1;0;0;0;0;0;0;0;1;0;0;0;(-38.55914011516617 -3.825580587092515);
CIB1915;2021-02-04 01:09:00;Avenida Senador Fernandes Távora;;;AUTRAN NUNES;CIB1915;Queda;Não informado;Não informado;Não informado;Não informado;Não informado;Longo da via;0;1;0;0;0;0;0;0;0;1;0;0;0;(-38.5965606 -3.7555283);
KOR9227;2021-02-04 00:35:00;Rua Delta;;;MANOEL SATIRO;KOR9227;Colisão;Não informado;Não informado;Não informado;Não informado;Não informado;Longo da via;0;1;0;0;0;0;0;0;0;0;1;0;0;(-38.577234 -3.796239);
BRV2206;2021-03-09 10:17:00;Rua Tenente Moacir Matos;;;MONTESE;BRV2206;Colisão;Não informado;Não informado;Não informado;Não informado;Não informado;Longo da via;0;2;0;2;0;0;0;0;0;0;0;0;0;(-38.55282083424576 -3.766963749017201);
NDS0435;2021-02-04 00:07:00;Avenida L;;;VILA VELHA;NDS0435;Queda;Não informado;Não informado;Não informado;Não informado;Não informado;Longo da via;0;1;0;1;0;0;0;0;0;0;0;0;0;(-38.59999552710343 -3.713476652839079);
YDT5628;2021-03-09 10:02:00;Rua Raimundo Neri;;;;YDT5628;Queda;Não informado;Não informado;Não informado;Não informado;Não informado;Longo da via;0;1;0;1;0;0;0;0;0;0;0;0;0;(-38.5864203 -3.794134);
YDT5628;2021-03-09 02:13:00;Avenida Moura Matos;;;PASSARE;YDT5628;Queda;Não informado;Não informado;Não informado;Não informado;Não informado;Longo da via;0;1;0;1;0;0;0;0;0;0;0;0;0;(-38.53957608495734 -3.81598891630599);
OAI9239;2021-03-08 22:12:00;Rua Vitória;;;HENRIQUE JORGE;OAI9239;Atropelamento;Não informado;Não informado;Não informado;Não informado;Não informado;Longo da via;0;2;0;1;0;0;0;0;0;0;0;0;0;(-38.5867695 -3.7616885);
XGB4648;2021-03-08 21:24:00;Avenida Treze de Maio;;;AEROLANDIA;XGB4648;Colisão;Não informado;Não informado;Não informado;Não informado;Não informado;Longo da via;0;1;0;1;1;0;0;0;0;0;0;0;0;(-38.5234993 -3.7538019);
CXH1229;2021-03-08 20:55:00;Rua Teodomiro de Castro;;;ALVARO WEYNE;CXH1229;Colisão;Não informado;Não informado;Não informado;Não informado;Não informado;Longo da via;0;1;0;1;1;0;0;0;0;0;0;0;0;(-38.5810279 -3.7152089);
DIV8169;2021-03-08 19:50:00;Rua Bia Mendes;;;BONSUCESSO;DIV8169;Colisão;Não informado;Não informado;Não informado;Não informado;Não informado;Longo da via;0;1;0;1;1;0;0;0;0;0;0;0;0;(-38.59281257183071 -3.776491731163224);
LMV8612;2021-03-08 19:06:00;Rua Dona Mendinha;;;ALVARO WEYNE;LMV8612;Queda;Não informado;Não informado;Não informado;Não informado;Não informado;Longo da via;0;1;0;1;0;0;0;0;0;0;0;0;0;(-38.5728009 -3.7169779);
IPG5052;2021-03-08 17:08:00;Rua Monsenhor Hipólito Brasil;;;HENRIQUE JORGE;IPG5052;Colisão;Não informado;Não informado;Não informado;Não informado;Não informado;Longo da via;0;1;0;1;0;0;1;0;0;0;0;0;0;(-38.58075872545609 -3.75790136357758);
TIK9962;2021-03-08 16:07:00;Avenida C;;;PREFEITO JOSE VALTER;TIK9962;Colisão;Não informado;Não informado;Não informado;Não informado;Não informado;Longo da via;0;1;0;0;2;0;0;0;0;0;0;0;0;(-38.5572703 -3.8283986);
BAC6702;2021-03-08 15:11:00;Rua José Hipólito;;;MESSEJANA;BAC6702;Colisão;Não informado;Não informado;Não informado;Não informado;Não informado;Longo da via;0;1;0;1;1;0;0;0;0;0;0;0;0;(-38.48850682883245 -3.834524509266895);
OGR9194;2021-03-08 14:26:00;Avenida Carapinima;;;BENFICA;OGR9194;Queda;Não informado;Não informado;Não informado;Não informado;Não informado;Longo da via;0;1;0;1;0;0;0;0;0;0;0;0;0;(-38.54133076947168 -3.741236181034804);
LLL9401;2021-02-03 23:46:00;Avenida Contôrno Norte;;;CONJUNTO ESPERANCA;LLL9401;Colisão;Não informado;Não informado;Não informado;Não informado;Não informado;Longo da via;0;1;0;1;1;0;0;0;0;0;0;0;0;(-38.58812407305304 -3.813499988684415);
NFI5431;2021-02-03 22:39:00;Rua Luiza Miranda Coelho;;;ENGENHEIRO LUCIANO CAVALCANTE;NFI5431;Colisão;Não informado;Não informado;Não informado;Não informado;Não informado;Longo da via;0;1;0;1;1;0;0;0;0;0;0;0;0;(-38.49196688080745 -3.773558408464534);
ANA4052;2021-03-08 13:51:00;AV HUMBERTO MONTE;AV JOSE BASTOS;;RODOLFO TEOFILO;ANA4052;Queda;Não informado;Não informado;Não informado;Não informado;Não informado;Longo da via;0;1;0;1;0;0;0;0;0;0;0;0;0;(-38.5554949 -3.754928099999999);
JEK7087;2021-02-03 22:37:00;Rua Cidade Ecolơgica;;;EDSON QUEIROZ;JEK7087;Atropelamento;Não informado;Não informado;Não informado;Não informado;Não informado;Longo da via;0;1;0;0;1;0;0;0;0;0;0;0;0;(-38.46559542781124 -3.773836753379664);
PXM8221;2021-03-08 13:36:00;AV CONTORNO ;;;EDSON QUEIROZ;PXM8221;Queda;Não informado;Não informado;Não informado;Não informado;Não informado;Longo da via;0;1;0;0;0;0;0;0;0;1;0;0;0;(-38.47386733015254 -3.769490280300224);
LKM0260;2021-02-03 21:31:00;Avenida da Abolição;;;MEIRELES;LKM0260;Queda;Não informado;Não informado;Não informado;Não informado;Não informado;Longo da via;0;1;0;0;0;0;0;0;0;1;0;0;0;(-38.50090399303482 -3.725590759307599);
JRY9038;2021-03-08 13:10:00;Avenida Coronel Carvalho;RUA ADOLFO SALES D24;;BARRA DO CEARA;JRY9038;Colisão;Não informado;Não informado;Não informado;Não informado;Não informado;Longo da via;0;1;0;1;1;0;0;0;0;0;0;0;0;(-38.59019473723964 -3.708953225312255);
HDO8214;2021-03-08 12:43:00;AV PRESIDENTE CASTELO BRANCO;;;PIRAMBU;HDO8214;Atropelamento;Não informado;Não informado;Não informado;Não informado;Não informado;Longo da via;0;1;0;0;1;0;0;0;0;0;0;0;0;(-38.56382325679775 -3.709986388906643);
CHX5289;2021-03-08 11:12:00;Avenida Presidente Costa e Silva;;;PREFEITO JOSE VALTER;CHX5289;Colisão;Não informado;Não informado;Não informado;Não informado;Não informado;Longo da via;0;1;0;0;0;0;0;0;0;0;1;0;0;(-38.5503326 -3.823450799999999);
JSH1733;2021-02-03 20:36:00;Avenida Oliveira Paiva;;;CIDADE DOS FUNCIONRAIOS;JSH1733;Colisão;Não informado;Não informado;Não informado;Não informado;Não informado;Longo da via;0;1;0;1;1;0;0;0;0;0;0;0;0;(-38.492164 -3.795765);
SOG2960;2021-02-03 19:55:00;Rua Florianópolis;;;HENRIQUE JORGE;SOG2960;Colisão;Não informado;Não informado;Não informado;Não informado;Não informado;Longo da via;0;1;0;1;1;0;0;0;0;0;0;0;0;(-38.584402 -3.762294);
LMF8735;2021-03-08 10:49:00;Rua Floriano Peixoto;;;CENTRO;LMF8735;Queda;Não informado;Não informado;Não informado;Não informado;Não informado;Longo da via;0;1;0;1;0;0;0;0;0;0;0;0;0;(-49.38566759100775 -20.80586879361992);
OII3141;2021-02-03 19:37:00;Avenida Senador Fernandes Távora;;;AUTRAN NUNES;OII3141;Atropelamento;Não informado;Não informado;Não informado;Não informado;Não informado;Longo da via;0;1;0;0;0;0;0;0;0;0;1;0;0;(-38.58676687177282 -3.759774870952832);
QHH3030;2021-03-08 10:41:00;AV WHASHINGTON SOARES;;;SAPIRANGA / COITE;QHH3030;Colisão;Não informado;Não informado;Não informado;Não informado;Não informado;Longo da via;0;1;0;0;0;0;0;0;0;0;1;0;0;(-38.4827383 -3.7622917);
QDX2249;2021-03-08 01:08:00;Rua Valdetário Mota;;;COCO;QDX2249;Colisão;Não informado;Não informado;Não informado;Não informado;Não informado;Longo da via;0;1;0;0;1;0;1;0;0;0;0;0;0;(-38.48388270752812 -3.74203527142303);
JXU9686;2021-02-03 18:50:00;Rua Monsenhor Agostinho;;;PARQUE SAO JOSE;JXU9686;Queda;Não informado;Não informado;Não informado;Não informado;Não informado;Longo da via;0;1;0;0;0;0;0;0;0;1;0;0;0;(-38.58814016067725 -3.793593661321465);
IYI2736;2021-03-08 00:01:00;Avenida General Osório de Paiva;;;CANINDEZINHO;IYI2736;Queda;Não informado;Não informado;Não informado;Não informado;Não informado;Longo da via;0;1;0;1;0;0;0;0;0;0;0;0;0;(-38.59947518207323 -3.802243522863999);
KHZ1019;2021-03-07 23:54:00;AV VITAL BRASIL;;;CONJUNTO CEARA I;KHZ1019;Colisão;Não informado;Não informado;Não informado;Não informado;Não informado;Longo da via;0;1;0;0;0;0;0;0;0;0;1;0;0;(-46.7174226 -23.5684221);
QQN4840;2021-02-03 18:46:00;Estrada Barão de Aquiraz;RUA JOSE HIPOLITO;;MESSEJANA;QQN4840;Colisão;Não informado;Não informado;Não informado;Não informado;Não informado;Longo da via;0;1;0;1;1;0;0;0;0;0;0;0;0;(-38.48986939218492 -3.83387151512072);
LAQ6921;2021-03-07 23:00:00;Rua Moraújo;;;VILA VELHA;LAQ6921;Colisão;Não informado;Não informado;Não informado;Não informado;Não informado;Longo da via;0;1;0;0;0;0;0;0;0;0;1;0;0;(-38.59343484408758 -3.718637079132025);
DZO8362;2021-03-07 21:42:00;Avenida General Osório de Paiva;;;CANINDEZINHO;DZO8362;Colisão;Não informado;Não informado;Não informado;Não informado;Não informado;Longo da via;0;2;0;0;0;0;0;0;0;0;1;0;0;(-38.59503344417914 -3.797501097134009);
CVQ6615;2021-02-03 18:07:00;Rua Desembargador Lauro Nogueira;;;PAPICU;CVQ6615;Colisão;Não informado;Não informado;Não informado;Não informado;Não informado;Longo da via;0;1;0;0;0;0;0;0;0;0;1;0;0;(-38.4832977 -3.7384666);
VRC3649;2021-03-07 20:59:00;RUA CANDIDO MAIA;;;ANTONIO BEZERRA;VRC3649;Queda;Não informado;Não informado;Não informado;Não informado;Não informado;Longo da via;0;1;0;0;0;0;0;0;0;1;0;0;0;(-38.5901092 -3.7371858);
RTS9872;2021-03-07 17:19:00;Rua Barão do Rio Branco;;;CENTRO;RTS9872;Colisão;Não informado;Não informado;Não informado;Não informado;Não informado;Longo da via;0;1;0;1;1;0;0;0;0;0;0;0;0;(-46.7093363 -23.6503064);
VDE3067;2021-03-07 16:03:00;Avenida Alberto Craveiro;;;DIAS MACEDO;VDE3067;Colisão;Não informado;Não informado;Não informado;Não informado;Não informado;Longo da via;0;1;0;1;1;0;0;0;0;0;0;0;0;(-38.51615500487493 -3.782101415573647);
WLE0800;2021-02-03 17:22:00;Rua Conselheiro Lafayette;;;JARDIM IRACEMA;WLE0800;Atropelamento;Não informado;Não informado;Não informado;Não informado;Não informado;Longo da via;0;1;0;0;1;0;0;0;0;0;0;0;0;(-38.58623043700719 -3.717652103830697);
XIR4945;2021-03-07 15:50:00;Rua Capitão Melo;AV PONTES VIEIRA;;SAO JOAO DO TAUAPE;XIR4945;Colisão;Não informado;Não informado;Não informado;Não informado;Não informado;Longo da via;0;1;0;1;1;0;0;0;0;0;0;0;0;(-38.5138093 -3.7527264);
MAN2913;2021-02-03 16:54:00;Avenida Presidente Costa e Silva;;;MONDUBIM;MAN2913;Colisão;Não informado;Não informado;Não informado;Não informado;Não informado;Longo da via;0;1;0;0;0;0;0;1;0;0;0;0;0;(-38.57000844861405 -3.813714090268565);
GWM2793;2021-02-03 16:54:00;Avenida Engenheiro Alberto Sá;;;PAPICU;GWM2793;Queda;Não informado;Não informado;Não informado;Não informado;Não informado;Longo da via;0;1;0;1;0;0;0;0;0;0;0;0;0;(-38.4741705 -3.7348204);
CJK1911;2021-02-03 15:30:00;Rua Doutor José Lourenço;;;JOAQUIM TVORA;CJK1911;Colisão;Não informado;Não informado;Não informado;Não informado;Não informado;Longo da via;0;1;0;1;1;0;0;0;0;0;0;0;0;(-38.51105347968828 -3.744974053126848);
TSE4337;2021-02-03 15:18:00;BR-116;;;AEROLANDIA;TSE4337;Colisão;Não informado;Não informado;Não informado;Não informado;Não informado;Longo da via;0;1;0;0;0;0;0;0;0;0;1;0;0;(-38.5153471 -3.7754669);
WPD7771;2021-02-03 14:22:00;Avenida Aguanambi;;;JOSE BONIFACIO;WPD7771;Queda;Não informado;Não informado;Não informado;Não informado;Não informado;Longo da via;0;1;0;1;0;0;0;0;0;0;0;0;0;(-38.52352574785428 -3.751740172388525);
XAJ6266;2021-02-03 14:14:00;Avenida Carneiro de Mendonça;;;JOQUEI CLUBE;XAJ6266;Queda;Não informado;Não informado;Não informado;Não informado;Não informado;Longo da via;0;1;0;1;0;0;0;0;0;0;0;0;0;(-38.56799142086665 -3.763452286578377);
VFG8762;2021-02-03 13:40:00;Via Expressa;;;PAPICU;VFG8762;Colisão;Não informado;Não informado;Não informado;Não informado;Não informado;Longo da via;0;1;0;1;1;0;0;0;0;0;0;0;0;(-38.49085 -3.7457388);
SNN9961;2021-02-03 13:27:00;Rua Waldir Diogo;;;MONDUBIM;SNN9961;Atropelamento;Não informado;Não informado;Não informado;Não informado;Não informado;Longo da via;0;1;0;0;1;0;0;0;0;1;0;0;0;(-38.58395066842352 -3.805299857904262);
XKD1251;2021-02-03 12:57:00;Avenida Ministro José Américo;;;CAMBEBA;XKD1251;Colisão;Não informado;Não informado;Não informado;Não informado;Não informado;Longo da via;0;1;0;1;1;0;0;0;0;0;0;0;0;(-38.4974986 -3.8123015);
AFT8371;2021-02-03 11:17:00;Rua Paraguaçú;;;SERRINHA;AFT8371;Queda;Não informado;Não informado;Não informado;Não informado;Não informado;Longo da via;0;1;0;0;0;0;0;0;0;1;0;0;0;(-38.5399779 -3.7882429);
LKK2119;2021-02-03 06:20:00;PERIMETRAL;RUA POMPILIO GOMES;;JANGURUSSU;LKK2119;Queda;Não informado;Não informado;Não informado;Não informado;Não informado;Longo da via;0;1;0;1;0;0;0;0;0;0;0;0;0;(-38.5214489 -3.8287972);
ILN5084;2021-02-03 02:32:00;Avenida Bezerra de Menezes;;;PARQUELANDIA;ILN5084;Colisão;Não informado;Não informado;Não informado;Não informado;Não informado;Longo da via;0;1;0;0;0;0;0;0;0;0;1;0;0;(-38.54790166361619 -3.732613974035302);
KHB7283;2021-02-03 02:19:00;Avenida João Pessoa;;;JACARECANGA;KHB7283;Colisão;Não informado;Não informado;Não informado;Não informado;Não informado;Longo da via;0;1;0;1;1;0;0;0;0;0;0;0;0;(-38.543289 -3.745677);
OWM7660;2021-02-03 01:07:00;Parangaba;;;SERRINHA;OWM7660;Colisão;Não informado;Não informado;Não informado;Não informado;Não informado;Longo da via;0;1;0;1;1;0;0;0;0;0;0;0;0;(-38.5616 -3.77779);
FYM9538;2021-03-07 15:48:00;RUA 06;;;PEDRAS;FYM9538;Queda;Não informado;Não informado;Não informado;Não informado;Não informado;Longo da via;0;1;0;1;0;0;0;0;0;0;0;0;0;(-38.51376789913834 -3.874875364939404);
DDE1898;2021-03-07 15:11:00;Avenida Presidente Juscelino Kubitschek;;;PASSARE;DDE1898;Colisão;Não informado;Não informado;Não informado;Não informado;Não informado;Longo da via;0;1;0;1;0;0;0;1;0;0;0;0;0;(-38.5321687 -3.8168436);
HUD7316;2021-03-07 14:12:00;AV ANTONIO SALES;;;PAPICU;HUD7316;Queda;Não informado;Não informado;Não informado;Não informado;Não informado;Longo da via;0;1;0;1;0;0;0;0;0;0;0;0;0;(-38.5068247 -3.7440876);
ILG9604;2021-03-07 13:03:00;Avenida Mister Hull;;;PRESIDENTE KENNEDY;ILG9604;Colisão;Não informado;Não informado;Não informado;Não informado;Não informado;Longo da via;0;1;0;0;0;0;0;0;0;0;1;0;0;(-38.57689097864915 -3.737372812466026);
YYZ9122;2021-03-07 08:20:00;RUA DES LAURO NOGUEIRA;;;PAPICU;YYZ9122;Colisão;Não informado;Não informado;Não informado;Não informado;Não informado;Longo da via;0;2;0;0;0;0;0;0;0;0;1;0;0;(-38.47218636347058 -3.742101514561875);
POZ2295;2021-03-07 03:05:00;Rua Dom Hélio Campos;;;CARLITO PAMPLONA;POZ2295;Queda;Não informado;Não informado;Não informado;Não informado;Não informado;Longo da via;0;2;0;1;0;0;0;0;0;0;0;0;0;(-38.55564787785589 -3.713599775394606);
VOM0067;2021-03-07 01:33:00;AV CONTORNO NORTE;;;CONJUNTO ESPERANCA;VOM0067;Colisão;Não informado;Não informado;Não informado;Não informado;Não informado;Longo da via;0;1;0;1;1;0;0;0;0;0;0;0;0;(-38.59119793783341 -3.809881663848355);
LDT2883;2021-03-06 21:22:00;Rua do Ipê Amarelo;;;ITAPERI;LDT2883;Queda;Não informado;Não informado;Não informado;Não informado;Não informado;Longo da via;0;1;0;1;0;0;0;0;0;0;0;0;0;(-38.5568405 -3.8008452);
BQR4895;2021-03-06 21:01:00;Rua H;;;CONJUNTO CEARA II;BQR4895;Colisão;Não informado;Não informado;Não informado;Não informado;Não informado;Longo da via;0;1;0;2;0;0;0;0;0;0;0;0;0;(-38.6125003 -3.7630341);
NAV9354;2021-03-06 20:33:00;Rua Goiás;RUA ALAGOAS;;DEMOCRITO ROCHA;NAV9354;Queda;Não informado;Não informado;Não informado;Não informado;Não informado;Longo da via;0;1;0;0;0;0;0;0;0;1;0;0;0;(-38.5677621 -3.7615265);
TGN6544;2021-03-06 19:39:00;Rua Doutor Bernardo Feitosa;;;SABIAGUABA;TGN6544;Queda;Não informado;Não informado;Não informado;Não informado;Não informado;Longo da via;0;2;0;1;0;0;0;0;0;0;0;0;0;(-38.4329847 -3.7803386);
KGW9255;2021-03-06 19:38:00;Avenida Senador Virgílio Távora;RUA EDUARDO GARCIA;;COCO;KGW9255;Colisão;Não informado;Não informado;Não informado;Não informado;Não informado;Longo da via;0;1;0;1;1;0;0;0;0;0;0;0;0;(-38.4940919 -3.7397941);
ZYD7757;2021-03-06 18:22:00;Avenida Luiz Vieira;;;PARQUE SAO JOSE;ZYD7757;Colisão;Não informado;Não informado;Não informado;Não informado;Não informado;Longo da via;0;1;0;2;0;0;0;0;0;0;0;0;0;(-38.58701363899004 -3.795087053260188);
DRY2188;2021-03-06 18:06:00;Rua Raimundo Neri;;;BONSUCESSO;DRY2188;Colisão;Não informado;Não informado;Não informado;Não informado;Não informado;Longo da via;0;1;0;1;0;0;1;0;0;0;0;0;0;(-38.5860582 -3.795038399999999);