COD_ACIDENTE;DATA;LOG1;LOG2;NUMERO;BAIRRO;AMC;NATUREZA;ILUMINACAO;TEMPO;SUPERFICIEPISTA;TIPOCRUZAMENTO;CONTROLETRAFEGO;USOSOLO;MORTOS;FERIDOS;ILESOS;MOTOCICLETA;AUTOMOVEL;MICROONIBUS;CAMINHAO;ONIBUS;CICLOMOTOR;BICICLETA;OUTROS;TREM;TRACAOANIMAL;COORDENADAS
YFW4144;2021-03-06 16:35:00;Avenida Coronel Carvalho;;;BARRA DO CEARA;YFW4144;Colisão;Não informado;Não informado;Não informado;Não informado;Não informado;Longo da via;0;1;0;2;0;0;0;0;0;0;0;0;0;(-38.58549549883531 -3.726784495646144);
HMH1201;2021-03-06 15:11:00;Rua Rui Monte;;;ANTONIO BEZERRA;HMH1201;Colisão;Não informado;Não informado;Não informado;Não informado;Não informado;Longo da via;0;1;0;1;1;0;0;0;0;0;0;0;0;(-38.58734995058523 -3.742272809927981);
XYH0914;2021-03-19 23:40:00;Rodovia Estrada do Guarani (BR116);;;ANCURI;XYH0914;Atropelamento;Não informado;Não informado;Não informado;Não informado;Não informado;Longo da via;1;0;1;0;1;0;0;0;0;0;0;0;0;(-38.50411242999451 -3.82555449382561);
ETH7822;2021-03-29 09:35:00;Avenida Antônio Sales;;;ALDEOTA;ETH7822;Atropelamento;Não informado;Não informado;Não informado;Não informado;Não informado;Longo da via;1;0;0;1;0;0;0;0;0;0;0;0;0;(-38.52240792228567 -3.73922878410381);
YKH2511;2021-03-08 02:00:00;Rua Waldir Diogo;;;MONDUBIM;YKH2511;Atropelamento;Não informado;Não informado;Não informado;Meio de quadra;Não informado;Longo da via;1;0;1;1;0;0;0;0;0;0;0;0;0;(-38.5843962 -3.8049929);
YKH2511;2021-03-07 08:00:00;Rua Valparaíso;;;CONJUNTO PALMEIRAS;YKH2511;Colisão;Não informado;Não informado;Não informado;Meio de quadra;Não informado;Longo da via;1;0;1;1;1;0;0;0;0;0;0;0;0;(-38.530102564 -3.84060486883);
JEP6458;2021-03-06 13:44:00;Avenida Coronel Carvalho;;;BARRA DO CEARA;JEP6458;Colisão;Não informado;Não informado;Não informado;Não informado;Não informado;Longo da via;0;1;0;1;1;0;0;0;0;0;0;0;0;(-38.5867215 -3.7222003);
KSV9536;2021-03-06 13:34:00;Avenida WASHINGTON SOARES;;;GUARARAPES;KSV9536;Colisão;Não informado;Não informado;Não informado;Não informado;Não informado;Longo da via;0;1;0;2;0;0;0;0;0;0;0;0;0;(-38.4881076 -3.7578954);
PUA4458;2021-03-06 12:10:00;Rua Princesa Isabel;;;VICENTE PINZON;PUA4458;Queda;Não informado;Não informado;Não informado;Não informado;Não informado;Longo da via;0;1;0;1;0;0;0;0;0;0;0;0;0;(-38.53383616188788 -3.721179809196598);
YIC3883;2021-03-06 11:14:00;Avenida Pontes Vieira;;;DIONISIO TORRES;YIC3883;Colisão;Não informado;Não informado;Não informado;Não informado;Não informado;Longo da via;0;1;0;0;1;0;0;0;0;1;0;0;0;(-38.49924639185146 -3.751022880580879);
MYN0758;2021-03-06 10:51:00;Avenida Val Paraíso;;;CONJUNTO PALMEIRAS;MYN0758;Colisão;Não informado;Não informado;Não informado;Não informado;Não informado;Longo da via;0;1;0;0;0;0;0;0;0;0;1;0;0;(-38.5300006 -3.8405905);
IOV4043;2021-03-06 00:30:00;Avenida Washington Soares;;;SAO BENTO;IOV4043;Colisão;Não informado;Não informado;Não informado;Não informado;Não informado;Longo da via;0;1;0;1;1;0;0;0;0;0;0;0;0;(-38.47674801794297 -3.848611933507716);
ZAI2430;2021-03-06 00:19:00;Avenida Almirante Henrique Sabóia;;;MUCURIPE;ZAI2430;Colisão;Não informado;Não informado;Não informado;Não informado;Não informado;Longo da via;0;1;0;1;1;0;0;0;0;0;0;0;0;(-38.481755 -3.730706);
STO0993;2021-03-05 23:15:00;Rua Zambaia;;;BARRA DO CEARA;STO0993;Colisão;Não informado;Não informado;Não informado;Não informado;Não informado;Longo da via;0;1;0;2;0;0;0;0;0;0;0;0;0;(-38.57812478541287 -3.697995193130949);
BPB6832;2021-02-03 01:00:00;Avenida Bernardo Manuel;;;ITAPERI;BPB6832;Colisão;Não informado;Não informado;Não informado;Não informado;Não informado;Longo da via;0;1;0;1;1;0;0;0;0;0;0;0;0;(-38.5550968 -3.810597499999999);
GYZ7935;2021-03-06 22:40:00;Rua Leitão Cerqueira;;;MONDUBIM;GYZ7935;Colisão Transversal;Não informado;Não informado;Não informado;Meio de quadra;Não informado;Longo da via;1;1;1;1;0;0;1;0;0;0;0;0;0;(-38.56149932598079 -3.830246334786086);
FWX5327;2021-03-05 23:05:00;Rua Sargento João Pinheiro;RUA CEL FABRICIANO;;GRANJA LISBOA;FWX5327;Colisão;Não informado;Não informado;Não informado;Não informado;Não informado;Longo da via;0;1;0;1;1;0;0;0;0;0;0;0;0;(-38.6217381 -3.7789516);
GCA2406;2021-03-05 22:33:00;Avenida Francisco Sá;;;ALVARO WEYNE;GCA2406;Colisão;Não informado;Não informado;Não informado;Não informado;Não informado;Longo da via;0;2;0;0;2;0;0;0;0;0;0;0;0;(-38.57346311740474 -3.711902823877692);
MUF7202;2021-03-05 22:12:00;Rua Ipaumirim;;;PLANALTO AYRTON SENNA;MUF7202;Queda;Não informado;Não informado;Não informado;Meio de quadra;Não informado;Longo da via;1;0;0;0;0;0;0;0;0;1;0;0;0;(-38.5700152 -3.8278505);
VKX8648;2021-03-05 22:01:00;Rua Pereira Valente;RUA VIS MAUA;;ALDEOTA;VKX8648;Colisão;Não informado;Não informado;Não informado;Não informado;Não informado;Longo da via;0;2;0;2;0;0;0;0;0;0;0;0;0;(-38.498057 -3.7319348);
RKQ3116;2021-03-05 21:38:00;Rua Papi Júnior;;;BELA VISTA;RKQ3116;Colisão;Não informado;Não informado;Não informado;Não informado;Não informado;Longo da via;0;1;0;1;1;0;0;0;0;0;0;0;0;(-38.55757371096594 -3.752430699020182);
XNZ7050;2021-03-05 20:14:00;Rua Capitão Olavo;;;AEROLANDIA;XNZ7050;Queda;Não informado;Não informado;Não informado;Não informado;Não informado;Longo da via;0;1;0;1;0;0;0;0;0;0;0;0;0;(-38.51390198589667 -3.775282004389562);
OGY3900;2021-02-03 00:07:00;Avenida Ministro Albuquerque Lima;;;CONJUNTO CEARA I;OGY3900;Colisão;Não informado;Não informado;Não informado;Não informado;Não informado;Longo da via;0;1;0;1;1;0;0;0;0;0;0;0;0;(-38.61249462416235 -3.765234783763141);
CGY5587;2021-03-05 19:15:00;Avenida Professor José Arthur de Carvalho;;;LAGOA REDONDA;CGY5587;Colisão;Não informado;Não informado;Não informado;Meio de quadra;Não informado;Longo da via;1;1;1;1;1;0;0;0;0;0;0;0;0;(-38.462921 -3.8255691);
EDN4564;2021-03-05 19:14:00;RUA HORACIO VIEIRA;;;ENGENHEIRO LUCIANO CAVALCANTE;EDN4564;Colisão;Não informado;Não informado;Não informado;Não informado;Não informado;Longo da via;0;1;0;0;0;0;0;0;0;0;1;0;0;(-38.50561395816401 -3.748159060407772);
YQO8011;2021-03-05 19:10:00;Avenida Benjamim Barroso;;;MONTE CASTELO;YQO8011;Colisão;Não informado;Não informado;Não informado;Não informado;Não informado;Longo da via;0;1;0;1;1;0;0;0;0;0;0;0;0;(-38.55000987755611 -3.727485748076221);
KMM1389;2021-02-02 21:19:00;Avenida Ministro José Américo;;;CAMBEBA;KMM1389;Colisão;Não informado;Não informado;Não informado;Não informado;Não informado;Longo da via;0;1;0;1;1;0;0;0;0;0;0;0;0;(-38.49380687642623 -3.810052945840622);
EMP2491;2021-03-05 18:21:00;Rua Antônio Arruda;RUA MORAUJO;;JARDIM GUANABARA;EMP2491;Colisão;Não informado;Não informado;Não informado;Não informado;Não informado;Longo da via;0;1;0;0;0;0;0;0;0;0;1;0;0;(-38.5934789 -3.7185325);
CFV6691;2021-03-05 16:51:00;Avenida Jornalista Tomaz Coelho;;;MESSEJANA;CFV6691;Colisão;Não informado;Não informado;Não informado;Não informado;Não informado;Longo da via;0;1;0;1;1;0;0;0;0;0;0;0;0;(-38.50760952354774 -3.830237218918888);
AFZ8297;2021-03-05 15:22:00;Rua Oliveira Sobrinho;;;GRANJA PORTUGAL;AFZ8297;Colisão;Não informado;Não informado;Não informado;Não informado;Não informado;Longo da via;0;1;0;1;1;0;0;0;0;0;0;0;0;(-38.5968090632629 -3.779837205717524);
ONY0172;2021-03-05 14:55:00;Rua Joaquim Viana Barbosa;;;CIDADE DOS FUNCIONRAIOS;ONY0172;Colisão;Não informado;Não informado;Não informado;Não informado;Não informado;Longo da via;0;1;0;0;2;0;0;0;0;0;0;0;0;(-38.49040414807261 -3.798252473603067);
SIA7252;2021-02-02 21:04:00;Rua André Rebouças;;;BONSUCESSO;SIA7252;Colisão;Não informado;Não informado;Não informado;Não informado;Não informado;Longo da via;0;1;0;2;0;0;0;0;0;0;0;0;0;(-38.5901686 -3.7751991);
TMS9582;2021-03-05 14:40:00;Rua Carnaubal;;;JARDIM IRACEMA;TMS9582;Colisão;Não informado;Não informado;Não informado;Não informado;Não informado;Longo da via;0;1;0;0;0;0;0;0;0;0;1;0;0;(-38.5845352752799 -3.72242172942391);
CFB4164;2021-03-05 14:38:00;Avenida Pasteur;;;CARLITO PAMPLONA;CFB4164;Colisão;Não informado;Não informado;Não informado;Não informado;Não informado;Longo da via;0;1;0;1;1;0;0;0;0;0;0;0;0;(-38.56096771409618 -3.717563108046145);
SNZ8696;2021-03-05 12:19:00;Rua Rafael Dantas;;;JOSE DE ALENCAR;SNZ8696;Colisão;Não informado;Não informado;Não informado;Não informado;Não informado;Longo da via;0;1;0;1;1;0;0;0;0;0;0;0;0;(-38.4736942 -3.809104);
NST5200;2021-03-05 03:17:00;AV ROGACIANO LEITE;;;JARDIM DAS OLIVEIRAS;NST5200;Colisão;Não informado;Não informado;Não informado;Não informado;Não informado;Longo da via;0;2;0;2;0;0;0;0;0;0;0;0;0;(-38.50127414726202 -3.779189522850856);
DOY0337;2021-03-05 02:27:00;Rua Clemente Silva;;;CONJUNTO ESPERANCA;DOY0337;Queda;Não informado;Não informado;Não informado;Não informado;Não informado;Longo da via;0;1;0;1;0;0;0;0;0;0;0;0;0;(-38.57234880000001 -3.804073899999999);
KGJ5696;2021-02-02 20:18:00;Rua General Sampaio;;;CENTRO;KGJ5696;Colisão;Não informado;Não informado;Não informado;Não informado;Não informado;Longo da via;0;1;0;1;1;0;0;0;0;0;0;0;0;(-38.5291568 -3.7212942);
RYC4915;2021-03-05 00:23:00;Avenida Dioguinho;;;VICENTE PINZON;RYC4915;Colisão;Não informado;Não informado;Não informado;Não informado;Não informado;Longo da via;0;1;0;1;1;0;0;0;0;0;0;0;0;(-38.45262424226109 -3.742875689055585);
DCK5466;2021-03-05 00:00:00;Avenida Humberto Monte;;;PARQUELANDIA;DCK5466;Colisão;Não informado;Não informado;Não informado;Não informado;Não informado;Longo da via;0;2;0;1;1;0;0;0;0;0;0;0;0;(-38.5627561 -3.7463144);
VWL1705;2021-03-04 23:47:00;Rua Deputado Matoso Filho;;;QUINTINO CUNHA;VWL1705;Colisão;Não informado;Não informado;Não informado;Não informado;Não informado;Longo da via;0;1;0;2;0;0;0;0;0;0;0;0;0;(-38.5941811 -3.7339859);
FMU6777;2021-03-04 22:20:00;Avenida Washington Soares;;;MESSEJANA;FMU6777;Atropelamento;Não informado;Não informado;Não informado;Não informado;Não informado;Longo da via;0;1;0;0;1;0;0;0;0;0;0;0;0;(-38.48116830543687 -3.823113097209822);
XOD7937;2021-02-02 20:00:00;Avenida Washington Soares;;;Não informado;XOD7937;Atropelamento;Não informado;Não informado;Não informado;Não informado;Não informado;Longo da via;0;1;0;1;0;0;0;0;0;0;0;0;0;(-38.4823737 -3.8283891);
TKB5765;2021-02-02 19:18:00;Rua Barão de Canindé;;;MONTESE;TKB5765;Colisão;Não informado;Não informado;Não informado;Não informado;Não informado;Longo da via;0;1;0;0;0;0;0;0;0;0;1;0;0;(-38.55646864225928 -3.767846965236339);
LAX8137;2021-02-02 15:32:00;Avenida Odilon Guimarães;;;LAGOA REDONDA;LAX8137;Colisão;Não informado;Não informado;Não informado;Não informado;Não informado;Longo da via;0;1;0;1;1;0;0;0;0;0;0;0;0;(-38.48032073161057 -3.826736718736338);
UNP9721;2021-02-02 14:44:00;Rua José Messías Matos;;;CASTELAO;UNP9721;Colisão;Não informado;Não informado;Não informado;Não informado;Não informado;Longo da via;0;1;0;1;1;0;0;0;0;0;0;0;0;(-38.51611218007798 -3.794551787629151);
VEF1976;2021-02-02 14:34:00;Rua Iraci de Sousa;;;Não informado;VEF1976;Colisão;Não informado;Não informado;Não informado;Não informado;Não informado;Longo da via;0;1;0;1;1;0;0;0;0;0;0;0;0;(-38.5200321 -3.8027882);
PGG2332;2021-02-02 14:24:00;Rua Cruzeiro do Sul;AV PASTEUR;;CARLITO PAMPLONA;PGG2332;Colisão;Não informado;Não informado;Não informado;Não informado;Não informado;Longo da via;0;1;0;1;1;0;0;0;0;0;0;0;0;(-38.5629829 -3.7175817);
BHN9087;2021-02-02 12:20:00;Avenida Leste Oeste;;;CRISTO REDENTOR;BHN9087;Colisão;Não informado;Não informado;Não informado;Não informado;Não informado;Longo da via;0;1;0;0;1;0;0;0;0;1;0;0;0;(-38.554060017391 -3.712058065634632);
QCD2384;2021-02-02 12:03:00;Avenida Heráclito Graça;;;ALDEOTA;QCD2384;Queda;Não informado;Não informado;Não informado;Não informado;Não informado;Longo da via;0;1;0;1;0;0;0;0;0;0;0;0;0;(-38.51966873199459 -3.735135251603385);
VLW9487;2021-03-04 21:29:00;Rua Aveledo;;;MESSEJANA;VLW9487;Queda;Não informado;Não informado;Não informado;Não informado;Não informado;Longo da via;0;1;0;1;0;0;0;0;0;0;0;0;0;(-38.49651957430513 -3.836330276342336);
FKI0365;2021-03-04 21:53:00;Avenida Desembargador Moreira;;;DIONISIO TORRES;FKI0365;Queda;Não informado;Não informado;Não informado;Não informado;Não informado;Longo da via;0;1;0;1;0;0;0;0;0;0;0;0;0;(-38.4993383 -3.7390321);
RFH1496;2021-03-04 20:11:00;Rua Barão de Aratanha;RUA GAL CLARINDO DE QUEIROZ;;CENTRO;RFH1496;Atropelamento;Não informado;Não informado;Não informado;Não informado;Não informado;Longo da via;0;1;0;0;1;0;0;0;0;0;0;0;0;(-38.52712899049877 -3.73514261201032);
EKV1330;2021-03-04 18:53:00;Rua José Mendonça;AV GENIBAU;;GENIBAU;EKV1330;Colisão;Não informado;Não informado;Não informado;Não informado;Não informado;Longo da via;0;2;0;0;1;0;0;0;0;1;0;0;0;(-38.60198260000001 -3.7560404);
QXY5755;2021-03-04 17:33:00;Avenida Duque de Caxias;;;CENTRO;QXY5755;Colisão;Não informado;Não informado;Não informado;Não informado;Não informado;Longo da via;0;1;0;1;1;0;0;0;0;0;0;0;0;(-38.53193179419104 -3.731109768896352);
KYM5931;2021-02-02 11:51:00;Avenida Sargento Hermínio Sampaio;;;PRESIDENTE KENNEDY;KYM5931;Atropelamento;Não informado;Não informado;Não informado;Não informado;Não informado;Longo da via;0;1;0;1;0;0;0;0;0;0;0;0;0;(-38.5770562 -3.7307133);
XYI1721;2021-02-02 11:14:00;Rua Espírito Santo;;;BELA VISTA;XYI1721;Colisão;Não informado;Não informado;Não informado;Não informado;Não informado;Longo da via;0;1;0;1;1;0;0;0;0;0;0;0;0;(-38.56663420785752 -3.750578587598779);
HBT6532;2021-02-02 10:28:00;Rua Antônio Furtado;RUA SILVA PAULET;;JOAQUIM TVORA;HBT6532;Colisão;Não informado;Não informado;Não informado;Não informado;Não informado;Longo da via;0;1;0;1;1;0;0;0;0;0;0;0;0;(-38.51087645178208 -3.751370820710349);
OBG0658;2021-02-02 09:40:00;Rua Porto Alegre;RUA PORTO ALEGRE;;HENRIQUE JORGE;OBG0658;Atropelamento;Não informado;Não informado;Não informado;Não informado;Não informado;Longo da via;0;1;0;1;0;0;0;0;0;0;0;0;0;(-38.58572617819372 -3.762847414332315);
KGZ2658;2021-02-01 08:48:00;Rua Antônio Furtado;;;JOAQUIM TVORA;KGZ2658;Colisão;Não informado;Não informado;Não informado;Não informado;Não informado;Longo da via;0;1;0;1;1;0;0;0;0;0;0;0;0;(-38.51455637757227 -3.751815113289676);
DEP4319;2021-02-02 02:10:00;Avenida Heráclito Graça;AV DOM MANUEL;;CENTRO;DEP4319;Atropelamento;Não informado;Não informado;Não informado;Não informado;Não informado;Longo da via;0;1;0;1;0;0;0;0;0;0;0;0;0;(-38.5229316 -3.7340692);
FNS3694;2021-03-04 14:48:00;Rua João Cordeiro;;;ALDEOTA;FNS3694;Colisão;Não informado;Não informado;Não informado;Não informado;Não informado;Longo da via;0;0;0;2;0;0;0;0;0;0;0;0;0;(-38.5169157 -3.7369737);
ZCX6821;2021-03-04 14:26:00;Rua Capitão Vasconcelos;;;ALTO DA BALANCA;ZCX6821;Colisão;Não informado;Não informado;Não informado;Não informado;Não informado;Longo da via;0;1;0;1;1;0;0;0;0;0;0;0;0;(-38.51754810611827 -3.762603190352872);
NSA9248;2021-03-04 12:53:00;AV MINISTRO ALBUQUERQUE LIMA;;;CONJUNTO CEARA II;NSA9248;Colisão;Não informado;Não informado;Não informado;Não informado;Não informado;Longo da via;0;1;0;1;1;0;0;0;0;0;0;0;0;(-38.602425625126 -3.770914127323528);
CCW2115;2021-02-01 20:10:00;Avenida Coronel Carvalho;AV FRANCISCO SA;;BARRA DO CEARA;CCW2115;Queda;Não informado;Não informado;Não informado;Não informado;Não informado;Longo da via;0;1;0;0;0;0;0;0;0;1;0;0;0;(-38.59037714692268 -3.707614928705547);
YTW5054;2021-03-04 12:05:00;AV L.;;;CONJUNTO CEARA II;YTW5054;Queda;Não informado;Não informado;Não informado;Não informado;Não informado;Longo da via;0;1;0;1;0;0;0;0;0;0;0;0;0;(-38.60662058595057 -3.770587606219727);
DSQ6595;2021-03-04 09:22:00;Avenida General Osório de Paiva;;;CANINDEZINHO;DSQ6595;Colisão;Não informado;Não informado;Não informado;Não informado;Não informado;Longo da via;0;1;0;2;0;0;0;0;0;0;0;0;0;(-38.59801606130743 -3.800744790688243);
YMA1948;2021-03-04 03:47:00;Avenida Presidente Costa e Silva;;;MESSEJANA;YMA1948;Colisão;Não informado;Não informado;Não informado;Não informado;Não informado;Longo da via;0;1;0;0;0;0;0;0;0;0;1;0;0;(-38.53288129805892 -3.828128356608339);
LQJ1963;2021-03-03 23:56:00;Rua Alberto Magno;;;MONTESE;LQJ1963;Colisão;Não informado;Não informado;Não informado;Não informado;Não informado;Longo da via;0;2;0;2;0;0;0;0;0;0;0;0;0;(-38.54441477547635 -3.758538356536735);
EQU3120;2021-03-03 22:30:00;Avenida Mozart Pinheiro de Lucena;;;QUINTINO CUNHA;EQU3120;Queda;Não informado;Não informado;Não informado;Não informado;Não informado;Longo da via;0;1;0;1;0;0;0;0;0;0;0;0;0;(-38.59832183078935 -3.727416158165405);
RAS4824;2021-03-03 22:26:00;Rua Padre Antônio Viêira;;;DEMOCRITO ROCHA;RAS4824;Colisão;Não informado;Não informado;Não informado;Não informado;Não informado;Longo da via;0;1;0;2;0;0;0;0;0;0;0;0;0;(-38.5627718329751 -3.762911648573066);
PZW7248;2021-02-01 19:34:00;Avenida Val Paraíso;;;JANGURUSSU;PZW7248;Queda;Não informado;Não informado;Não informado;Não informado;Não informado;Longo da via;0;1;0;1;0;0;0;0;0;0;0;0;0;(-38.51744249898137 -3.846588753909811);
EDX5391;2021-02-01 19:22:00;Avenida Washington Soares;;;EDSON QUEIROZ;EDX5391;Queda;Não informado;Não informado;Não informado;Não informado;Não informado;Longo da via;0;1;0;1;0;0;0;0;0;0;0;0;0;(-38.47934439626939 -3.801788550871729);
YLI1370;2021-03-03 22:23:00;Rua Coronel Fabriciano;;;GRANJA PORTUGAL;YLI1370;Colisão;Não informado;Não informado;Não informado;Não informado;Não informado;Longo da via;0;1;0;0;0;0;0;0;0;0;1;0;0;(-38.59967366249081 -3.785066825681842);
HAB7473;2021-03-03 21:10:00;AV.SAPUCAI;;;PREFEITO JOSE VALTER;HAB7473;Colisão;Não informado;Não informado;Não informado;Não informado;Não informado;Longo da via;0;1;0;1;1;0;0;0;0;0;0;0;0;(-38.54187030000001 -3.8271408);
VKJ7203;2021-03-03 20:40:00;Rua Irineu de Souza;RUA PEDRO AMERICO;;AEROLANDIA;VKJ7203;Colisão;Não informado;Não informado;Não informado;Não informado;Não informado;Longo da via;0;1;0;0;0;0;0;0;0;0;1;0;0;(-38.5662321 -3.7114399);
ZOU3628;2021-03-03 20:11:00;Avenida JOSE BASTOS;;;RODOLFO TEOFILO;ZOU3628;Colisão;Não informado;Não informado;Não informado;Não informado;Não informado;Longo da via;0;1;0;1;1;0;0;0;0;0;0;0;0;(-38.5543818747317 -3.753843868099641);
DLE5353;2021-03-03 19:12:00;Avenida Contorno Sul;;;CONJUNTO ESPERANCA;DLE5353;Atropelamento;Não informado;Não informado;Não informado;Não informado;Não informado;Longo da via;0;1;0;1;0;0;0;0;0;0;0;0;0;(-38.5906824 -3.8170209);
ROC0336;2021-03-03 17:44:00;Rua Renato Braga;AV TRAJANO DE MEDEIROS;;PAPICU;ROC0336;Queda;Não informado;Não informado;Não informado;Não informado;Não informado;Longo da via;0;1;0;1;0;0;0;0;0;0;0;0;0;(-38.46394919999999 -3.7320821);
DIP5236;2021-03-03 15:57:00;AV BEZERRA DE MENEZES;;;FARIAS BRITO;DIP5236;Queda;Não informado;Não informado;Não informado;Não informado;Não informado;Longo da via;0;1;0;0;0;0;0;0;0;1;0;0;0;(-38.54644254519619 -3.731848489179705);
FHZ1250;2021-03-03 15:12:00;Avenida Santos Dumont;;;CIDADE 2000;FHZ1250;Colisão;Não informado;Não informado;Não informado;Não informado;Não informado;Longo da via;0;1;0;1;1;0;0;0;0;0;0;0;0;(-38.46582772392698 -3.746775156095038);
OFC5242;2021-03-03 11:54:00;ESTRADA DO FIO;;;COACU;OFC5242;Colisão;Não informado;Não informado;Não informado;Não informado;Não informado;Longo da via;0;2;0;1;1;0;0;0;0;0;0;0;0;(-38.4576201472989 -3.852531495781579);
KUO9857;2021-03-03 11:03:00;Avenida Santos Dumont;;;PRAIA DO FUTURO I;KUO9857;Queda;Não informado;Não informado;Não informado;Não informado;Não informado;Longo da via;0;1;0;0;0;0;0;0;0;1;0;0;0;(-38.45614491700243 -3.749746039486189);
VKS8845;2021-03-03 10:51:00;Avenida Leste Oeste;;;MOURA BRASIL;VKS8845;Colisão;Não informado;Não informado;Não informado;Não informado;Não informado;Longo da via;0;1;0;1;1;0;0;0;0;0;0;0;0;(-38.55404590000001 -3.712094);
ZTF5574;2021-02-01 19:18:00;RUA ITUMBIARA;RUA RUI MONTE;;DOM LUSTOSA;ZTF5574;Queda;Não informado;Não informado;Não informado;Não informado;Não informado;Cruzamento;0;1;0;1;0;0;0;0;0;0;0;0;0;(-38.5854692 -3.7476659);
BDK8963;2021-03-03 09:21:00;Rua Tibúrcio Cavalcante;;;CAJAZEIRAS;BDK8963;Colisão;Não informado;Não informado;Não informado;Não informado;Não informado;Longo da via;0;1;0;1;1;0;0;0;0;0;0;0;0;(-38.50219848157744 -3.734805873330166);
VDD2947;2021-03-02 22:44:00;Rua Antônio Ivo;RUA SILVA BAIMA;;HENRIQUE JORGE;VDD2947;Colisão;Não informado;Não informado;Não informado;Não informado;Não informado;Longo da via;0;0;0;1;1;0;0;0;0;0;0;0;0;(-38.5797125 -3.7571576);
KZM8495;2021-03-02 11:00:00;RUA OSORIO CORREIA;;;CANINDEZINHO;KZM8495;Colisão;Não informado;Não informado;Não informado;Não informado;Não informado;Longo da via;0;1;0;1;1;0;0;0;0;0;0;0;0;(-38.6005674 -3.8212277);
WLL7694;2021-03-01 20:47:00;Rua 3 Corações;;;BOM JARDIM;WLL7694;Colisão;Não informado;Não informado;Não informado;Não informado;Não informado;Longo da via;0;1;0;1;1;0;0;0;0;0;0;0;0;(-38.60989455157741 -3.787317472842182);
QCR2579;2021-03-02 22:39:00;Avenida Godofredo Maciel;;;MONDUBIM;QCR2579;Não informado;Não informado;Não informado;Não informado;Não informado;Não informado;Longo da via;0;2;0;0;0;0;0;0;0;0;1;0;0;(-38.5650802459629 -3.780594452092123);
IPQ5840;2021-03-02 22:33:00;Avenida Coronel Miguel Dias;;;ENGENHEIRO LUCIANO CAVALCANTE;IPQ5840;Colisão;Não informado;Não informado;Não informado;Não informado;Não informado;Longo da via;0;1;0;1;1;0;0;0;0;0;0;0;0;(-38.48781127602975 -3.763154199699877);
TTF7453;2021-03-02 20:58:00;AV .JOSE JATHAY;AV BEZERRA DE MENEZES;;;TTF7453;Colisão;Não informado;Não informado;Não informado;Não informado;Não informado;Longo da via;0;1;0;1;1;0;0;0;0;0;0;0;0;(-38.5450206 -3.7315183);
FFS6820;2021-03-02 20:31:00;Rua Tulipa Negra;;;PARQUE SANTA ROSA;FFS6820;Outros;Não informado;Não informado;Não informado;Não informado;Não informado;Longo da via;0;1;0;0;0;0;0;0;0;0;1;0;0;(-38.59637082986479 -3.820412599364453);
JKJ5607;2021-03-02 20:22:00;Rua Equador;;;ITAOCA;JKJ5607;Colisão;Não informado;Não informado;Não informado;Não informado;Não informado;Longo da via;0;1;0;1;1;0;0;0;0;0;0;0;0;(-63.87482292146157 -8.767952996712246);
ZFO0074;2021-03-02 20:21:00;Avenida João Pessoa;;;DAMAS;ZFO0074;Colisão;Não informado;Não informado;Não informado;Não informado;Não informado;Longo da via;0;1;0;0;0;0;0;0;0;0;1;0;0;(-38.55410459554638 -3.757630875617823);
AJN6225;2021-03-02 19:39:00;Rua 24 de Maio;RUA ANTONIO POMPEU;;CENTRO;AJN6225;Colisão;Não informado;Não informado;Não informado;Não informado;Não informado;Longo da via;0;2;0;0;2;0;0;0;0;0;0;0;0;(-38.5342095 -3.733683);
MZC3798;2021-03-02 18:45:00;Rua Waldemar Paes Bragança;;;BOM JARDIM;MZC3798;Queda;Não informado;Não informado;Não informado;Não informado;Não informado;Longo da via;0;1;0;0;0;0;0;0;0;1;0;0;0;(-38.60223945407061 -3.794789646334891);
SJF3072;2021-03-02 18:28:00;AV H,CJ CEARA;;CJ CEARA ;CONJUNTO CEARA II;SJF3072;Colisão;Não informado;Não informado;Não informado;Não informado;Não informado;Longo da via;0;1;0;1;1;0;0;0;0;0;0;0;0;(-38.60570485723211 -3.775177290681942);
MNK5533;2021-03-02 14:21:00;Rua Eduardo Perdigão;;;PARANGABA;MNK5533;Colisão;Não informado;Não informado;Não informado;Não informado;Não informado;Longo da via;0;1;0;0;1;0;0;0;0;0;0;0;0;(-38.56396549999999 -3.7765172);