COD_ACIDENTE;DATA;LOG1;LOG2;NUMERO;BAIRRO;AMC;NATUREZA;ILUMINACAO;TEMPO;SUPERFICIEPISTA;TIPOCRUZAMENTO;CONTROLETRAFEGO;USOSOLO;MORTOS;FERIDOS;ILESOS;MOTOCICLETA;AUTOMOVEL;MICROONIBUS;CAMINHAO;ONIBUS;CICLOMOTOR;BICICLETA;OUTROS;TREM;TRACAOANIMAL;COORDENADAS
BKO7146;2021-03-02 14:15:00;Avenida Visconde do Rio Branco;;;JOAQUIM TVORA;BKO7146;Queda;Não informado;Não informado;Não informado;Não informado;Não informado;Longo da via;0;1;0;0;0;0;0;0;0;1;0;0;0;(-38.52282994244941 -3.742031256687174);
QRI6793;2021-03-02 13:35:00;Avenida Presidente Castelo Branco;;;CENTRO;QRI6793;Colisão;Não informado;Não informado;Não informado;Não informado;Não informado;Longo da via;0;0;0;1;1;0;0;0;0;0;0;0;0;(-38.52442623777166 -3.722509366079574);
EOH5919;2021-03-02 13:28:00;AV E Conjunto Esperança;;;CONJUNTO ESPERANCA;EOH5919;Colisão;Não informado;Não informado;Não informado;Não informado;Não informado;Longo da via;0;1;0;1;1;0;0;0;0;0;0;0;0;(-38.58613004749167 -3.816969765909466);
PTB5113;2021-03-02 12:41:00;Avenida Treze de Maio;;;FATIMA;PTB5113;Queda;Não informado;Não informado;Não informado;Não informado;Não informado;Longo da via;0;0;0;1;0;0;0;0;0;0;0;0;0;(-47.79346163503141 -21.17492691373086);
GVZ3793;2021-02-01 18:53:00;Avenida Domingos Olímpio;;;FARIAS BRITO;GVZ3793;Atropelamento;Não informado;Não informado;Não informado;Não informado;Não informado;Longo da via;0;2;0;1;0;0;0;0;0;0;0;0;0;(-38.53940442662989 -3.733839819022676);
FYA7689;2021-02-01 18:32:00;Bernardo Manuel;;;ITAPERI;FYA7689;Colisão;Não informado;Não informado;Não informado;Não informado;Não informado;Longo da via;0;1;0;1;1;0;0;0;0;0;0;0;0;(-38.54834154824042 -3.78848720487467);
LTV6353;2021-02-01 18:14:00;Avenida Sargento Hermínio Sampaio;;;VILA ELLERY;LTV6353;Colisão;Não informado;Não informado;Não informado;Não informado;Não informado;Longo da via;0;1;0;1;1;0;0;0;0;0;0;0;0;(-38.5639895511763 -3.727014677803145);
VGZ0443;2021-02-01 17:02:00;Rua Cônego de Castro;;;PARQUE SANTA ROSA;VGZ0443;Colisão;Não informado;Não informado;Não informado;Não informado;Não informado;Longo da via;0;1;0;1;1;0;0;0;0;0;0;0;0;(-38.59808043221258 -3.813221656545281);
ZPW4306;2021-03-02 11:46:00;RUA BARAO DE ARACATI;;;MONTESE;ZPW4306;Colisão;Não informado;Não informado;Não informado;Não informado;Não informado;Longo da via;0;1;0;0;2;0;0;0;0;0;0;0;0;(-38.51216754110794 -3.733631640955128);
WUS6740;2021-02-01 16:53:00;Avenida Professor José Arthur de Carvalho;;;LAGOA REDONDA;WUS6740;Colisão;Não informado;Não informado;Não informado;Não informado;Não informado;Longo da via;0;1;0;1;1;0;0;0;0;0;0;0;0;(-38.4602024 -3.8245875);
UTR9786;2021-02-01 16:48:00;Avenida José Bastos;;;RODOLFO TEOFILO;UTR9786;Queda;Não informado;Não informado;Não informado;Não informado;Não informado;Longo da via;0;1;0;1;0;0;0;0;0;0;0;0;0;(-38.5545419 -3.7537295);
WSI1088;2021-03-02 11:39:00;Avenida MAESTRO LISBOA;;;SABIAGUABA;WSI1088;Queda;Não informado;Não informado;Não informado;Não informado;Não informado;Longo da via;0;1;0;1;0;0;0;0;0;0;0;0;0;(-38.4496807 -3.8055165);
WSI1088;2021-03-02 10:45:00;Rua Valdir Dantas;;;PEDRAS;WSI1088;Queda;Não informado;Não informado;Não informado;Não informado;Não informado;Longo da via;0;0;0;0;0;0;0;0;0;1;0;0;0;(-38.50295801697852 -3.874796726589189);
GEB2473;2021-03-02 10:19:00;Rua 866;;;CONJUNTO CEARA I;GEB2473;Colisão;Não informado;Não informado;Não informado;Não informado;Não informado;Longo da via;0;1;0;2;0;0;0;0;0;0;0;0;0;(-38.598336 -3.7679571);
SKX4989;2021-03-02 07:37:00;Avenida General Osório de Paiva;;;SIQUEIRA;966377;Atropelamento;Não informado;Não informado;Seca;T;Não informado;Longo da via;1;0;1;0;0;0;0;1;0;0;0;0;0;(-38.5870297049059 -3.789188452297);
IIA6688;2021-02-01 15:16:00;Avenida Sargento Hermínio Sampaio;;;PRESIDENTE KENNEDY;IIA6688;Colisão;Não informado;Não informado;Não informado;Não informado;Não informado;Longo da via;0;1;0;1;1;0;0;0;0;0;0;0;0;(-38.57113349999999 -3.7281417);
JHF5248;2021-03-01 23:17:00;Rua Professor Costa Mendes;RUA PRO COSTA MENDES;;MONTESE;JHF5248;Colisão;Não informado;Não informado;Não informado;Não informado;Não informado;Longo da via;0;1;0;1;1;0;0;0;0;0;0;0;0;(-38.54353126221869 -3.757550247774397);
CCL7728;2021-02-01 14:55:00;Rodovia Santos Dumont;;;PAUPINA;CCL7728;Colisão;Não informado;Não informado;Não informado;Não informado;Não informado;Longo da via;0;1;0;1;1;0;0;0;0;0;0;0;0;(-40.1220357 -13.8719851);
REB4405;2021-02-01 12:27:00;Avenida Doutor Silas Munguba;;;PASSARE;REB4405;Colisão;Não informado;Não informado;Não informado;Não informado;Não informado;Longo da via;0;1;0;1;1;0;0;0;0;0;0;0;0;(-38.5285702 -3.803575999999999);
KEY4697;2021-03-01 22:46:00;Avenida Deputado Paulino Rocha;;;CAJAZEIRAS;KEY4697;Colisão;Não informado;Não informado;Não informado;Não informado;Não informado;Longo da via;0;1;0;0;1;0;0;0;0;1;0;0;0;(-38.5162212 -3.8108679);
JQE5967;2021-03-01 21:18:00;Rua Argentina;;;BELA VISTA;JQE5967;Colisão;Não informado;Não informado;Não informado;Não informado;Não informado;Longo da via;0;1;0;0;0;0;0;0;0;0;1;0;0;(-38.56572962050186 -3.748550974131535);
QER5112;2021-03-01 21:10:00;Avenida Doutor Silas Munguba;;;SERRINHA;QER5112;Colisão;Não informado;Não informado;Não informado;Não informado;Não informado;Longo da via;0;1;0;1;1;0;0;0;0;0;0;0;0;(-38.5434818 -3.7891701);
CZK6849;2021-03-01 20:14:00;Avenida Doutor Silas Munguba;;;SERRINHA;CZK6849;Colisão;Não informado;Não informado;Não informado;Não informado;Não informado;Longo da via;0;1;0;0;0;0;0;1;0;0;0;0;0;(-38.54023590884415 -3.790446289215153);
EGK8832;2021-03-01 18:57:00;Rua Princesa Isabel;RUA SEN ALENCAR;;CENTRO;EGK8832;Atropelamento;Não informado;Não informado;Não informado;Não informado;Não informado;Longo da via;0;2;0;0;0;0;0;0;0;0;1;0;0;(-38.5343832 -3.722819799999999);
TTH7113;2021-03-01 18:10:00;Avenida Pompílio Gomes;;;PASSARE;TTH7113;Colisão;Não informado;Não informado;Não informado;Não informado;Não informado;Longo da via;0;1;0;1;1;0;0;0;0;0;0;0;0;(-38.5207716 -3.8203386);
XMU1402;2021-03-01 18:10:00;Rua General Tertuliano Potiguara;RUA MON CATAO;;ALDEOTA;XMU1402;Colisão;Não informado;Não informado;Não informado;Não informado;Não informado;Longo da via;0;1;0;1;1;0;0;0;0;0;0;0;0;(-38.4924215 -3.745558);
EWR7776;2021-03-01 17:40:00;Avenida Rogaciano Leite;;;JARDIM DAS OLIVEIRAS;EWR7776;Colisão;Não informado;Não informado;Não informado;Não informado;Não informado;Longo da via;0;1;0;1;1;0;0;0;0;0;0;0;0;(-38.5032949 -3.7855037);
YVO5975;2021-03-01 17:06:00;Rua Professor Heribaldo Costa;;;HENRIQUE JORGE;YVO5975;Colisão;Não informado;Não informado;Não informado;Não informado;Não informado;Longo da via;0;1;0;2;0;0;0;0;0;0;0;0;0;(-38.5832153 -3.7589736);
YAE7778;2021-02-01 11:47:00;Rua Senador Alencar;RUA PRC ISABEL;;CENTRO;YAE7778;Queda;Não informado;Não informado;Não informado;Não informado;Não informado;Cruzamento;0;1;0;1;0;0;0;0;0;0;0;0;0;(-38.53446110000001 -3.7227394);
KZM3231;2021-02-01 11:39:00;Rua Clemente Silva;;;MARAPONGA;KZM3231;Colisão;Não informado;Não informado;Não informado;Não informado;Não informado;Longo da via;0;1;0;1;1;0;0;0;0;0;0;0;0;(-38.57234880000001 -3.804073899999999);
DYW9587;2021-02-01 11:16:00;Rua Capistrano;;;PARQUELANDIA;DYW9587;Colisão;Não informado;Não informado;Não informado;Não informado;Não informado;Longo da via;0;1;0;1;1;0;0;0;0;0;0;0;0;(-38.54698399999999 -3.7377684);
PFP4904;2021-02-01 10:55:00;Avenida Treze de Maio;;;FATIMA;PFP4904;Colisão;Não informado;Não informado;Não informado;Não informado;Não informado;Longo da via;0;1;0;0;2;0;0;0;0;0;0;0;0;(-38.521654 -3.7538696);
DGH0340;2021-02-01 10:14:00;Rua Urucutuba;;;BOM JARDIM;DGH0340;Colisão;Não informado;Não informado;Não informado;Não informado;Não informado;Longo da via;0;1;0;1;1;0;0;0;0;0;0;0;0;(-38.61425089999999 -3.7983601);
INB5677;2021-02-01 10:05:00;Avenida Val Paraíso;;;JANGURUSSU;INB5677;Colisão;Não informado;Não informado;Não informado;Não informado;Não informado;Longo da via;0;1;0;2;0;0;0;0;0;0;0;0;0;(-38.5189138 -3.8463738);
RRN0110;2021-02-01 09:43:00;Rua Desembargador Praxedes;;;COUTO FERNANDES;2102010123;Atropelamento;Não informado;Não informado;Não informado;Não informado;Não informado;Longo da via;0;1;0;0;1;0;0;0;0;0;0;0;0;(-38.5533899 -3.7571289);
VXG0222;2021-02-01 08:00:00;Avenida C;;;CONJUNTO CEARA II;VXG0222;Capotamento;Não informado;Não informado;Não informado;Não informado;Não informado;Longo da via;0;0;0;0;1;0;0;0;0;0;0;0;0;(-38.6159208 -3.7733913);
VYL1894;2021-02-01 08:52:00;Avenida Bernardo Manuel;;;PARQUE DOIS IRMAOS;VYL1894;Colisão;Não informado;Não informado;Não informado;Não informado;Não informado;Longo da via;0;1;0;1;1;0;0;0;0;0;0;0;0;(-38.5541732 -3.808212);
QXE0284;2021-03-01 14:46:00;Rua Waldery Uchôa;;;BENFICA;QXE0284;Colisão;Não informado;Não informado;Não informado;Não informado;Não informado;Longo da via;0;1;0;0;1;0;1;0;0;0;0;0;0;(-38.5402234 -3.7451759);
FLO3939;2021-03-01 13:00:00;Rua Isac Amaral;AV DES MOREIRA;;DIONISIO TORRES;FLO3939;Colisão;Não informado;Não informado;Não informado;Não informado;Não informado;Longo da via;0;1;0;1;1;0;0;0;0;0;0;0;0;(-38.503881 -3.753352);
WKD5631;2021-03-01 12:52:00;Avenida Sargento Hermínio Sampaio;;;MONTE CASTELO;WKD5631;Queda;Não informado;Não informado;Não informado;Não informado;Não informado;Longo da via;0;1;0;1;0;0;0;0;0;0;0;0;0;(-38.5468702 -3.7248138);
IJU0848;2021-03-01 12:38:00;Avenida Jovita Feitosa;AV ENG HUMBERTO MONTE;;PARQUELANDIA;IJU0848;Colisão;Não informado;Não informado;Não informado;Não informado;Não informado;Longo da via;0;1;0;0;2;0;0;0;0;0;0;0;0;(-38.5664008 -3.7420298);
QAI7466;2021-03-01 11:49:00;Rua Manuel Castelo Branco;;;MESSEJANA;QAI7466;Queda;Não informado;Não informado;Não informado;Não informado;Não informado;Longo da via;0;1;0;1;0;0;0;0;0;0;0;0;0;(-38.4908439 -3.8320077);
ASN8341;2021-03-01 10:33:00;Avenida Rui Barbosa;RUA DEP MOREIRA DA ROCHA;;MEIRELES;ASN8341;Colisão;Não informado;Não informado;Não informado;Não informado;Não informado;Longo da via;0;1;0;0;2;0;0;0;0;0;0;0;0;(-38.5064587 -3.726755);
366539;2021-03-31 22:00:00;AVENIDA PRS COSTA E SILVA, ;, ; ;;;Não informado;Não informado;Bom;Seca;Não informado;Não informado;Longo da via;0;0;0;1;0;0;0;1;0;0;0;0;0;(0 0);
366540;2021-03-31 20:35:00;RUA ANDRE REBOUCAS, ;RUA MARGINAL VERDE OESTE, ; ;BONSUCESSO;;Colisão;Não informado;Bom;Seca;Cruz;Pare;Cruzamento;0;2;0;2;0;0;0;0;0;0;0;0;0;(-38.59076873043799 -3.775587112628606);
366538;2021-03-31 20:00:00;RUA PINTO MADEIRA, ;RUA ANTONIO AUGUSTO, ; ;CENTRO;;Colisão Lateral;Não informado;Não informado;Não informado;Cruz;Pare;Cruzamento;0;1;0;0;2;0;0;0;0;0;0;0;0;(-38.51439 -3.733285);
366537;2021-03-31 06:58:00;AVENIDA TRISTAO GONCALVES, ;RUA METON DE ALENCAR, ; ;;;Colisão Transversal;Luz do Dia;Chuva;Molhada;Cruz;Semáforo;Cruzamento;0;1;1;1;0;0;1;0;0;0;0;0;0;(-38.534777 -3.732327);
366281;2021-03-28 20:00:00;RUA MON BRUNO, ;RUA PEREIRA FILGUEIRAS, ; ;;;Atropelamento;Via Iluminada;Bom;Seca;Cruz;Pare;Cruzamento;0;1;1;0;1;0;0;0;0;0;0;0;0;(-38.50858 -3.729763);
366535;2021-03-26 14:00:00;AVENIDA GODOFREDO MACIEL, 2653;, ; 2653;;;Colisão Lateral;Luz do Dia;Chuva;Molhada;Meio de Quadra;Semáforo;Longo da via;0;1;1;0;2;0;0;0;0;0;0;0;0;(-38.5703796 -3.798875);
366534;2021-03-25 19:40:00;AVENIDA PRS JUSCELINO KUBITSCHEK (PASSARÉ), 3753;, ; 3753;;;Colisão Traseira;Via Iluminada;Chuva;Molhada;Meio de Quadra;Semáforo;Longo da via;0;1;1;0;2;0;0;0;0;0;0;0;0;(-38.5312342 -3.8162259);
366533;2021-03-23 08:20:00;AVENIDA PONTES VIEIRA, ;RUA TIBURCIO CAVALCANTE, ; ;DIONISIO TORRES;;Colisão Traseira;Luz do Dia;Chuva;Molhada;Cruz;Semáforo;Cruzamento;0;0;2;0;2;0;0;0;0;0;0;0;0;(-38.50773290187833 -3.751991759674118);
366532;2021-03-22 19:10:00;AVENIDA FRANCISCO SA, 6365;, ; 6365;BARRA DO CEARA;;Atropelamento;Via Iluminada;Bom;Seca;Meio de quadra;Não informado;Longo da via;1;0;2;0;0;0;2;0;0;0;0;0;0;(0 0);
366531;2021-03-22 16:00:00;RUA PEDRO SAMPAIO, ;, ; ;;;Colisão Lateral;Luz do Dia;Bom;Seca;Meio de Quadra;;Longo da via;0;2;0;0;2;0;0;0;0;0;0;0;0;(0 0);
366530;2021-03-22 07:55:00;AVENIDA PRS COSTA E SILVA, 2522;, ; 2522;;;Não informado;Luz do Dia;Nublado;Seca;Meio de Quadra;Semáforo;Longo da via;0;0;2;0;2;0;0;0;0;0;0;0;0;(-38.5598198 -3.8208748);
366529;2021-03-22 07:30:00;AVENIDA MIGUEL DIAS, ;RUA CLAUDIO M DIAS LEITE, ; ;GUARARAPES;;Colisão Lateral;Luz do Dia;Nublado;Seca;T;Pare;Cruzamento;0;1;0;1;1;0;0;0;0;0;0;0;0;(-38.4880051 -3.7602906);
366526;2021-03-21 15:40:00;AVENIDA JOAO PESSOA, 5053;, ; 5053;;;Colisão Lateral;Luz do Dia;Bom;Seca;Meio de Quadra;Não Há Controle;Longo da via;0;2;0;1;1;0;0;0;0;0;0;0;0;(-38.552868 -3.7561073);
366528;2021-03-21 06:30:00;RUA VITORIA, ;, ; ;;;Colisão Lateral;Luz do Dia;Chuva;Molhada;T;Pare;Longo da via;0;1;1;1;1;0;0;0;0;0;0;0;0;(0 0);
366527;2021-03-21 03:03:00;RUA GAL CAIADO DE CASTRO, 377;, ; 377;JANGURUSSU;966407;Choque c/ Obstáculo Fixo;Via Iluminada;Chuva;Molhada;Não informado;Semáforo;Longo da via;1;0;0;0;1;0;0;0;0;0;0;0;0;(-38.5215347 -3.834216);
366523;2021-03-20 20:30:00;AVENIDA SEN VIRGILIO TAVORA, ;, ; ;;;Colisão Transversal;Via Iluminada;Bom;Seca;Meio de Quadra;Semáforo;Longo da via;0;1;1;1;1;0;0;0;0;0;0;0;0;(0 0);
366520;2021-03-20 19:00:00;RUA JOSE FACANHA, ;RUA PAPI JUNIOR, ; ;RODOLFO TEOFILO;;Colisão Transversal;Amanhecer;Bom;Seca;Cruz;Pare;Cruzamento;0;1;0;1;1;0;0;0;0;0;0;0;0;(-38.557265 -3.752136);
366519;2021-03-20 18:30:00;RUA BARBOSA DE FREITAS, ;AVENIDA DOM LUIS, ; ;ALDEOTA;;Colisão Lateral;Anoitecer;Bom;Seca;Cruz;Semáforo;Cruzamento;0;2;1;0;2;0;0;0;0;0;0;0;0;(-38.496396 -3.733564);
366518;2021-03-20 10:00:00;AVENIDA LUCIANO CARNEIRO, ;RUA DES PRAXEDES, ; ;;;Colisão Transversal;Luz do Dia;Bom;Seca;Outros;Semáforo;Cruzamento;0;0;2;0;2;0;0;0;0;0;0;0;0;(-38.536679 -3.764934);
366521;2021-03-20 09:00:00;RUA CON DE CASTRO, 8514;, ; 8514;PARQUE SANTA ROSA;;Choque c/ Obstáculo Fixo;Luz do Dia;Bom;Seca;Não informado;Não informado;Longo da via;0;4;0;0;1;0;0;0;0;0;0;0;0;(-38.6031668 -3.8199142);
366522;2021-03-19 22:00:00;AVENIDA FRANCISCO SA, ;AVENIDA PASTEUR, ; ;CARLITO PAMPLONA;;Colisão Lateral;Via Iluminada;Bom;Seca;Cruz;Semáforo;Cruzamento;0;0;0;0;2;0;0;0;0;0;0;0;0;(-38.560567 -3.716325);
366517;2021-03-19 18:57:00;AVENIDA SGT HERMINIO SAMPAIO, ;AVENIDA OLAVO BILAC, ; ;PRESIDENTE KENNEDY;;Colisão Frontal;Não informado;Bom;Seca;Cruz;Semáforo Intermitente;Cruzamento;0;1;0;1;1;0;0;0;0;0;0;0;0;(-38.56508 -3.727179);
366516;2021-03-19 09:30:00;AVENIDA SANTOS DUMONT, ;RUA PRO DIAS DA ROCHA, ; ;ALDEOTA;;Colisão Frontal;Luz do Dia;Bom;Seca;Cruz;Pare;Cruzamento;0;1;1;1;1;0;0;0;0;0;0;0;0;(-38.492502 -3.738113);
366514;2021-03-19 07:20:00;AVENIDA AMERICO BARREIRA, ;AVENIDA CARNEIRO DE MENDONCA, ; ;DEMOCRITO ROCHA;;Colisão Lateral;Luz do Dia;Bom;Seca;Cruz;Semáforo;Cruzamento;0;1;1;1;1;0;0;0;0;0;0;0;0;(-38.56677017 -3.764083831);
366515;2021-03-19 06:30:00;AVENIDA PDE ANTONIO TOMAS, ;RUA OSVALDO CRUZ (ALDEOTA), ; ;;;Colisão Transversal;Luz do Dia;Chuva;Molhada;Cruz;Semáforo;Cruzamento;0;2;0;1;1;0;0;0;0;0;0;0;0;(-38.501588 -3.739538);
366510;2021-03-18 22:00:00;AVENIDA ENG HUMBERTO MONTE, ;, ; ;;;Colisão Traseira;Amanhecer;Chuva;Molhada;Outros;Outros;Longo da via;0;2;0;1;1;0;0;0;0;0;0;0;0;(0 0);
366507;2021-03-18 18:30:00;RUA PEDRO LUIZ SOBRINHO, 764;, ; 764;CIDADE DOS FUNCIONRAIOS;;Colisão;Anoitecer;Bom;Seca;Não informado;Gesto;Longo da via;0;1;1;1;1;0;0;0;0;0;0;0;0;(-38.50175694066228 -3.801478099256839);
366509;2021-03-18 10:20:00;AVENIDA BORGES DE MELO, ;, ; ;;;Choque c/ Obstáculo Fixo;Luz do Dia;Bom;Seca;Meio de Quadra;Não Há Controle;Longo da via;0;1;0;0;0;0;0;0;0;0;1;0;0;(0 0);
366513;2021-03-18 09:30:00;AVENIDA ALM HENRIQUE SABOIA, ;, ; ;SAO JOAO DO TAUAPE;967024;Colisão Lateral;Luz do Dia;Bom;Seca;Meio de quadra;Não informado;Longo da via;1;1;1;1;1;0;0;0;0;0;0;0;0;(-38.50467518266301 -3.758458063332215);
366512;2021-03-18 08:30:00;AVENIDA PRS COSTA E SILVA, 1251;, ; 1251;;;Colisão Traseira;Luz do Dia;Bom;Seca;Meio de Quadra;Semáforo;Longo da via;0;1;2;1;1;0;0;0;0;0;0;0;0;(-38.569099 -3.815002);
366511;2021-03-18 08:10:00;AVENIDA PRS COSTA E SILVA, 771;, ; 771;MONDUBIM;;Queda;Luz do Dia;Bom;Seca;Não informado;Não informado;Longo da via;0;2;1;1;1;0;0;0;0;0;0;0;0;(-38.57272 -3.812484);
366508;2021-03-18 07:46:00;RUA GUSTAVO SAMPAIO, ;RUA GAL PIRAGIBE, ; ;;;Colisão Lateral;Luz do Dia;Nublado;Seca;Cruz;Pare;Cruzamento;0;1;1;0;2;0;0;0;0;0;0;0;0;(-38.558398 -3.735661);
366505;2021-03-18 04:00:00;RUA LUIS VIEIRA, 641;, ; 641;;;Colisão Traseira;Amanhecer;Bom;Seca;Meio de Quadra;Não Há Controle;Longo da via;0;1;1;0;1;0;1;0;0;0;0;0;0;(-38.5880797 -3.7929296);
366504;2021-03-17 16:00:00;AVENIDA PRS COSTA E SILVA, 3260;, ; 3260;JANGURUSSU;;Colisão Traseira;Luz do Dia;Nublado;Molhada;Não informado;Não informado;Longo da via;0;1;0;1;1;0;0;0;0;0;0;0;0;(-38.52487221326106 -3.82923096039337);
366456;2021-03-17 09:40:00;AVENIDA PRS COSTA E SILVA, 4677;, ; 4677;;;Colisão Transversal;Luz do Dia;Chuva;Molhada;Meio de Quadra;Outros;Longo da via;0;2;0;1;0;0;1;0;0;0;0;0;0;(-38.5385901 -3.82596982);
366455;2021-03-17 08:30:00;RUA EDUARDO BEZERRA, ;RUA JOSE VILAR, ; ;SAO JOAO DO TAUAPE;;Queda;Luz do Dia;Chuva;Molhada;Cruz;Pare;Cruzamento;0;1;0;1;0;0;0;0;0;0;0;0;0;(-38.51037 -3.753529);
366779;2021-03-16 11:00:00;AVENIDA SEN CARLOS JEREISSATI (AEROPORTO), ;, ; ;;;Queda;Luz do Dia;;;;;Longo da via;0;1;0;1;0;0;0;0;0;0;0;0;0;(-38.52685 -3.783753);
366450;2021-03-16 10:30:00;RUA ILDEFONSO ALBANO, 2600;, ; 2600;JOAQUIM TVORA;;Colisão Traseira;Luz do Dia;Chuva;Molhada;Não informado;Outros;Longo da via;0;1;1;1;1;0;0;0;0;0;0;0;0;(-38.516739 -3.743804);
366451;2021-03-16 08:30:00;AVENIDA DEP PAULINO ROCHA, 1333;, ; 1333;CAJAZEIRAS;;Colisão Traseira;Luz do Dia;Chuva;Molhada;Não informado;Não informado;Longo da via;0;1;1;1;1;0;0;0;0;0;0;0;0;(-38.50873 -3.809115);
366447;2021-03-15 16:50:00;AVENIDA PRS JUSCELINO KUBITSCHEK (PASSARÉ), 4555;, ; 4555;PASSARE;;Queda;Luz do Dia;Bom;Seca;Não informado;Não informado;Longo da via;0;1;0;1;0;0;0;0;0;0;0;0;0;(-38.53350357078497 -3.819066612531945);
366448;2021-03-15 10:00:00;RUA CRISANTO ARRUDA, ;RUA PRO MOREIRA DE SOUSA (PASSARE), ; ;;;Colisão Transversal;Luz do Dia;Bom;Molhada;Cruz;Gesto;Cruzamento;0;1;1;1;1;0;0;0;0;0;0;0;0;(-38.498302 -3.8012376);
366449;2021-03-15 01:30:00;AVENIDA C CJ CEARA, ;AVENIDA F CJ CEARA, ; ;CONJUNTO CEARA II;;Colisão Lateral;Não informado;Bom;Não informado;Rotatória;Dê Preferência;Cruzamento;0;1;0;1;1;0;0;0;0;0;0;0;0;(-38.60971 -3.762667);
366446;2021-03-14 08:10:00;AVENIDA GODOFREDO MACIEL, ;AVENIDA PRS COSTA E SILVA, ; ;MONDUBIM;;Colisão Transversal;Luz do Dia;Bom;Seca;Cruz;Semáforo;Cruzamento;0;1;0;1;1;0;0;0;0;0;0;0;0;(-38.574739 -3.811743);
366441;2021-03-13 20:30:00;RUA EMILIO DE MENESES, ;RUA ANSELMO NOGUEIRA, ; ;GRANJA PORTUGAL;;Colisão Frontal;Via Iluminada;Bom;Seca;Cruz;Semáforo;Cruzamento;0;1;1;1;1;0;0;0;0;0;0;0;0;(-38.587374 -3.78176);
366445;2021-03-13 14:30:00;RUA SOARES BULCAO, ;RUA PDE ANCHIETA, ; ;;;Colisão Frontal;Luz do Dia;Nublado;Seca;Cruz;Pare;Cruzamento;0;1;1;0;2;0;0;0;0;0;0;0;0;(-38.552133 -3.731832);
366442;2021-03-13 11:40:00;RUA BERNARDO MANUEL, 9975;, ; 9975;;;Colisão Transversal;Luz do Dia;Bom;Seca;Meio de Quadra;Não Há Controle;Longo da via;0;1;1;1;1;0;0;0;0;0;0;0;0;(-38.5527455 -3.803849);
366440;2021-03-13 09:45:00;RUA CEL FRANCISCO ALVES RIBEIRO, 157;, ; 157;JANGURUSSU;;Colisão Transversal;Luz do Dia;Bom;Seca;Não informado;Não informado;Longo da via;0;2;0;1;1;0;0;0;0;0;0;0;0;(-38.509371 -3.830753);
366438;2021-03-13 00:45:00;AVENIDA VIS RIO BRANCO, ;RUA PAULO FIRMEZA, ; ;;;Colisão Lateral;Via Iluminada;Bom;Seca;T;Não Há Controle;Cruzamento;0;1;1;0;2;0;0;0;0;0;0;0;0;(-38.519806 -3.7574599);
366436;2021-03-12 21:00:00;RUA ANTONIO ALEXANDRINO DOS REIS, 347;, ; 347;PASSARE;;Colisão Transversal;Não informado;Bom;Seca;Não informado;Outros;Longo da via;0;1;0;1;1;0;0;0;0;0;0;0;0;(-38.53787555599708 -3.802302401574861);
366778;2021-03-12 18:10:00;RD CE-060, 10;, ; 10;;;Colisão;Anoitecer;;;Meio de Quadra;;Longo da via;0;2;0;0;2;0;0;0;0;0;0;0;0;(-38.5795 -3.826136);
366437;2021-03-12 14:30:00;RUA DEP MATOSO FILHO, ;RUA XXIX CIDADE OESTE, ; ;;;Não informado;Luz do Dia;Nublado;Seca;Cruz;Pare;Cruzamento;0;2;0;1;1;0;0;0;0;0;0;0;0;(-38.594094 -3.73388);
366777;2021-03-12 13:50:00;RD CE-040, ;, ; ;;;Colisão;Luz do Dia;;;Meio de Quadra;;Longo da via;0;2;0;1;1;0;0;0;0;0;0;0;0;(-38.4817994 -3.773616148);
366435;2021-03-12 13:00:00;AVENIDA DEP PAULINO ROCHA, ;RUA SAO CIPRIANO, ; ;;;Choque c/ Obstáculo Fixo;Luz do Dia;Bom;Seca;T;Não Há Controle;Cruzamento;0;1;0;0;0;0;1;0;0;0;0;0;0;(-38.520537 -3.80985);
366776;2021-03-12 07:30:00;RD CE-040, ;, ; ;;;Colisão;Luz do Dia;;;Meio de Quadra;;Longo da via;0;2;0;1;1;0;0;0;0;0;0;0;0;(-38.47606989 -3.84962623);
366432;2021-03-12 07:30:00;AVENIDA ABOLICAO, ;RUA LEONARDO MOTA, ; ;;;Colisão Transversal;Luz do Dia;Bom;Seca;T;Não Há Controle;Cruzamento;0;1;1;1;1;0;0;0;0;0;0;0;0;(-38.493236 -3.726977);
366430;2021-03-11 23:27:00;RUA RIO GRANDE DO SUL, ;RUA RIO GRANDE DO NORTE, ; ;DEMOCRITO ROCHA;;Colisão Lateral;Via Iluminada;Bom;Seca;Cruz;Semáforo;Cruzamento;0;0;0;0;2;0;0;0;0;0;0;0;0;(-38.567559 -3.758617);
366431;2021-03-11 14:30:00;RUA VASCO DA GAMA, 240;, ; 240;;;Choque c/ Obstáculo Fixo;Luz do Dia;Bom;Seca;Meio de Quadra;Pare;Longo da via;0;1;0;0;1;0;0;0;0;0;0;0;0;(-38.5520395 -3.7598582);
366427;2021-03-10 22:00:00;RUA REPUBLICA DO LIBANO, ;RUA TIBURCIO CAVALCANTE, ; ;;;Colisão Lateral;Via Iluminada;Bom;Seca;Cruz;Pare;Cruzamento;0;1;1;1;1;0;0;0;0;0;0;0;0;(-38.500668 -3.730002);
366426;2021-03-10 19:30:00;RUA ELVIRA PINHO, ;RUA ZACARIAS GONDIM, ; ;MONTESE;;Colisão Transversal;Via Iluminada;Bom;Seca;Cruz;Pare;Cruzamento;0;1;1;1;1;0;0;0;0;0;0;0;0;(-38.557766 -3.766122);
366429;2021-03-10 17:20:00;RUA ANTONIO AUGUSTO, ;, ; ;;;Colisão Lateral;Anoitecer;Bom;Seca;Meio de Quadra;Pare;Longo da via;0;2;0;1;1;0;0;0;0;0;0;0;0;(0 0);
366775;2021-03-10 14:15:00;RD CE-040, ;, ; ;;;Colisão;Luz do Dia;;;Meio de Quadra;;Longo da via;0;2;0;0;2;0;0;0;0;0;0;0;0;(-38.48303286 -3.817159445);
366433;2021-03-10 11:00:00;AVENIDA PONTES VIEIRA, ;RUA VIS MAUA, ; ;DIONISIO TORRES;;Colisão Transversal;Luz do Dia;Bom;Seca;Cruz;Semáforo;Cruzamento;0;1;1;1;1;0;0;0;0;0;0;0;0;(-38.50439087577938 -3.751750878231941);
366428;2021-03-10 08:35:00;AVENIDA PRO GOMES DE MATOS, ;RUA IRM BAZET, ; ;;;Colisão Lateral;Luz do Dia;Bom;Seca;Cruz;Pare;Cruzamento;0;2;0;0;1;1;0;0;0;0;0;0;0;(-38.54981 -3.766045);
366423;2021-03-09 15:10:00;RUA BARBOSA DE FREITAS, 2225;, ; 2225;;;Colisão Traseira;Luz do Dia;Bom;Seca;Meio de Quadra;Não Há Controle;Longo da via;0;2;0;0;1;0;1;0;0;0;0;0;0;(-38.5004741 -3.7464755);
366420;2021-03-09 11:10:00;RUA ALBERTO MONTEZUMA, ;RUA HELVECIO MONTE, ; ;VILA UNIAO;;Colisão Lateral Sentido Oposto;Luz do Dia;Bom;Seca;Cruz;Pare;Cruzamento;0;0;0;0;2;0;0;0;0;0;0;0;0;(-38.533734 -3.767158);
366421;2021-03-09 10:40:00;RUA MARIO MAMEDE, ;RUA PAULA RODRIGUES, ; ;;;Colisão Lateral;Luz do Dia;Bom;Seca;Cruz;Pare;Cruzamento;0;2;0;0;2;0;0;0;0;0;0;0;0;(-38.526739 -3.753285);
366424;2021-03-09 09:30:00;AVENIDA ALM HENRIQUE SABOIA, ;, ; ;;;Colisão Lateral;Luz do Dia;Bom;Seca;Meio de Quadra;Pare;Longo da via;0;1;1;0;1;0;1;0;0;0;0;0;0;(0 0);