COD_ACIDENTE;DATA;LOG1;LOG2;NUMERO;BAIRRO;AMC;NATUREZA;ILUMINACAO;TEMPO;SUPERFICIEPISTA;TIPOCRUZAMENTO;CONTROLETRAFEGO;USOSOLO;MORTOS;FERIDOS;ILESOS;MOTOCICLETA;AUTOMOVEL;MICROONIBUS;CAMINHAO;ONIBUS;CICLOMOTOR;BICICLETA;OUTROS;TREM;TRACAOANIMAL;COORDENADAS
366419;2021-03-09 08:55:00;AVENIDA RUI BARBOSA, ;AVENIDA ANTONIO SALES, ; ;JOAQUIM TVORA;;Atropelamento;Luz do Dia;Bom;Seca;Cruz;Semáforo;Cruzamento;0;1;1;0;1;0;0;0;0;0;0;0;0;(-38.51175621540067 -3.742575922349217);
366422;2021-03-09 08:35:00;RUA TIBURCIO CAVALCANTE, ;RUA MARCOS MACEDO, ; ;;;Colisão Transversal;Luz do Dia;Bom;Seca;T;Não Há Controle;Cruzamento;0;2;0;1;0;1;0;0;0;0;0;0;0;(-38.501606 -3.732961);
366774;2021-03-09 00:00:00;RD CE-025, ;, ; ;;;Atropelamento;;;;Meio de Quadra;;Longo da via;0;2;0;1;0;0;0;0;0;0;0;0;0;(-38.44333873 -3.805111679);
366416;2021-03-08 10:00:00;AVENIDA CEL CARVALHO, ;, ; ;;;Colisão Frontal;Luz do Dia;Chuva;Molhada;Meio de Quadra;Semáforo;Longo da via;0;1;1;1;1;0;0;0;0;0;0;0;0;(0 0);
366418;2021-03-08 10:00:00;AVENIDA PRS CASTELO BRANCO, 3865;, ; 3865;;;Choque c/ Obstáculo Fixo;Luz do Dia;Chuva;Molhada;Meio de Quadra;Não Há Controle;Longo da via;0;2;0;0;1;0;0;0;0;0;0;0;0;(-38.56696544 -3.70890559);
366417;2021-03-08 08:20:00;AVENIDA DES GONZAGA, ;RUA MARGARIDA DE QUEIROZ, ; ;;;Colisão Transversal;Luz do Dia;Chuva;Molhada;Cruz;Semáforo;Cruzamento;0;2;0;1;1;0;0;0;0;0;0;0;0;(-38.501753 -3.793168);
366773;2021-03-08 07:00:00;RD CE-060, ;, ; ;;;Colisão;Luz do Dia;;;Meio de Quadra;;Longo da via;0;2;0;0;2;0;0;0;0;0;0;0;0;(-38.585133 -3.843038);
366408;2021-03-07 22:42:00;RUA VALDETARIO MOTA, ;, ; ;;;Colisão Transversal;Via Iluminada;;Seca;Meio de Quadra;Pare;Longo da via;0;0;2;0;1;0;0;1;0;0;0;0;0;(0 0);
366409;2021-03-07 18:00:00;AVENIDA GAL OSORIO DE PAIVA, ;RUA ENG LUIS MONTENEGRO, ; ;SIQUEIRA;966377;Colisão Frontal;Anoitecer;Bom;Seca;T;Semáforo;Cruzamento;1;1;0;1;0;0;0;0;0;1;0;0;0;(-38.6129345123 -3.8158016225);
366415;2021-03-07 12:20:00;RUA MARINHO E SILVA, ;AVENIDA PRS JUSCELINO KUBITSCHEK (PASSARÉ), ; ;;;Colisão Transversal;Luz do Dia;;;T;Pare;Cruzamento;0;1;1;1;0;0;0;1;0;0;0;0;0;(-38.53405 -3.8220211);
366411;2021-03-07 08:45:00;RUA PDE ANCHIETA, ;RUA DEMOCRITO ROCHA, ; ;;;Colisão Transversal;Luz do Dia;Chuva;Molhada;Cruz;Pare;Cruzamento;0;2;0;0;2;0;0;0;0;0;0;0;0;(-38.5514 -3.726058);
366407;2021-03-07 07:00:00;RUA DES LEITE ALBUQUERQUE, 920;, ; 920;;;Tombamento;Luz do Dia;Bom;Molhada;Meio de Quadra;Pare;Longo da via;0;1;0;0;1;0;0;0;0;0;0;0;0;(-38.4964487 -3.7380976);
966406;2021-03-07 05:15:00;RUA LAURO NOGUEIRA, ;, ; ;;966406;Choque c/ Obstáculo Fixo;Amanhecer;Nublado;Seca;Não informado;Não informado;Longo da via;1;1;0;1;0;0;0;0;0;0;0;0;0;(-38.46998509954836 -3.742783517495516);
366406;2021-03-06 22:00:00;RUA JOAQUIM ALBANO, 160;, ; 160;;;Colisão Traseira;Via Iluminada;Bom;Seca;Meio de Quadra;Não Há Controle;Longo da via;0;1;1;0;2;0;0;0;0;0;0;0;0;(-38.5851112 -3.7369335);
366405;2021-03-06 19:50:00;AVENIDA AUGUSTO DOS ANJOS, ;RUA LINS DO REGO, ; ;VILA PERY;;Colisão Frontal;Via Iluminada;Bom;Seca;T;Pare;Cruzamento;0;1;1;1;1;0;0;0;0;0;0;0;0;(-38.5797931304453 -3.780934518561195);
366402;2021-03-06 13:45:00;RUA CHICO MENDES, 490;, ; 490;;;Colisão Transversal;Luz do Dia;;;Meio de Quadra;;Longo da via;0;2;0;0;1;0;0;1;0;0;0;0;0;(-38.5280602 -3.8145726);
366401;2021-03-06 13:20:00;RUA MAL BITENCOURT, 327;, ; 327;;;Não informado;Luz do Dia;;;Meio de Quadra;;Longo da via;0;5;0;2;3;0;0;0;0;0;0;0;0;(-38.5284661 -3.7871173);
366747;2021-03-06 10:00:00;RD CE-040, ;, ; ;;;Colisão;Luz do Dia;;;Meio de Quadra;;Longo da via;0;2;0;1;1;0;0;0;0;0;0;0;0;(-38.48258304 -3.764650449);
366404;2021-03-06 07:40:00;AVENIDA GOV RAUL BARBOSA, 4220;, ; 4220;;;Choque c/ Obstáculo Fixo;Luz do Dia;Chuva;Molhada;Meio de Quadra;Não Há Controle;Longo da via;0;0;1;0;1;0;0;0;0;0;0;0;0;(-38.5073333 -3.76155186);
366403;2021-03-06 07:30:00;RUA PEREIRA FILGUEIRAS, ;AVENIDA DOM MANUEL, ; ;CENTRO;;Atropelamento;Luz do Dia;Nublado;Molhada;Cruz;Semáforo;Cruzamento;0;2;0;1;0;0;1;0;0;0;0;0;0;(-38.520338 -3.725943);
366506;2021-03-05 15:30:00;AVENIDA DR SILAS MUNGUBA, ;RUA PDE CARLOS QUIXADA, ; ;;;Colisão Traseira;Luz do Dia;Bom;Seca;T;Semáforo;Cruzamento;0;1;1;2;0;0;0;0;0;0;0;0;0;(-38.557763 -3.781111);
366399;2021-03-05 15:20:00;RUA JULIO AZEVEDO, ;RUA PASCOAL CASTRO ALVES, ; ;PAPICU;;Colisão Transversal;Luz do Dia;Bom;Seca;Cruz;Pare;Cruzamento;0;1;1;1;0;0;0;1;0;0;0;0;0;(-38.47607 -3.733056);
366400;2021-03-05 07:50:00;AVENIDA DR SILAS MUNGUBA, ;RUA MAL BITENCOURT, ; ;;;Engavetamento;Luz do Dia;Chuva;Molhada;T;Semáforo;Cruzamento;0;1;2;2;1;0;0;0;0;0;0;0;0;(-38.531678 -3.796992);
366398;2021-03-05 04:20:00;AVENIDA PRS CASTELO BRANCO, ;, ; ;;;Outros;Mal Iluminada;Bom;Seca;Outros;Não Há Controle;Longo da via;0;0;1;0;1;0;0;0;0;0;0;0;0;(0 0);
366395;2021-03-04 19:30:00;RUA SEN POMPEU, 350;, ; 350;;;Outros;Via Iluminada;Chuva;Molhada;Meio de Quadra;Semáforo;Longo da via;0;0;1;0;1;0;0;0;0;0;0;0;0;(-38.528192 -3.722041);
366746;2021-03-04 19:26:00;AVENIDA SEN CARLOS JEREISSATI (AEROPORTO), ;, ; ;;;Colisão;;;;Meio de Quadra;;Longo da via;0;2;0;0;2;0;0;0;0;0;0;0;0;(-38.544038 -3.779641);
366394;2021-03-04 15:10:00;AVENIDA DOS EXPEDICIONARIOS, 5405;, ; 5405;;;Colisão Lateral;Luz do Dia;Bom;Seca;Meio de Quadra;Outros;Longo da via;0;2;0;1;0;0;0;0;0;0;0;0;0;(-38.5415683 -3.7671823);
366396;2021-03-04 13:45:00;RUA BAR CANINDE, ;RUA ELVIRA PINHO, ; ;MONTESE;;Colisão Transversal;Luz do Dia;Bom;Seca;Cruz;Pare;Cruzamento;0;1;0;0;2;0;0;0;0;0;0;0;0;(-38.556147 -3.766881);
366745;2021-03-04 10:35:00;RD CE-040, ;, ; ;;;Colisão;Luz do Dia;;;Meio de Quadra;;Longo da via;0;3;0;0;3;0;0;0;0;0;0;0;0;(-38.48033084 -3.791613156);
366397;2021-03-04 03:00:00;AVENIDA CESAR CALS, 1880;, ; 1880;;;Choque c/ Obstáculo Fixo;Via Iluminada;Bom;Seca;Meio de Quadra;Não Há Controle;Longo da via;0;1;0;0;1;0;0;0;0;0;0;0;0;(-38.4585207 -3.7336434);
366392;2021-03-03 16:00:00;AVENIDA DES MOREIRA, 2040;, ; 2040;;;Engavetamento;Luz do Dia;Bom;Seca;Meio de Quadra;Semáforo;Longo da via;0;3;0;0;3;0;0;0;0;0;0;0;0;(-38.5007235 -3.743177);
366393;2021-03-03 08:00:00;AVENIDA HERACLITO GRACA, ;RUA DR JOSE LOURENCO, ; ;ALDEOTA;;Colisão Transversal;Luz do Dia;Bom;Seca;Cruz;Semáforo;Cruzamento;0;2;0;2;0;0;0;0;0;0;0;0;0;(-38.509091 -3.738709);
366391;2021-03-03 07:45:00;AVENIDA PRS CASTELO BRANCO, 761;, ; 761;;;Colisão Traseira;Luz do Dia;Bom;Seca;Meio de Quadra;Semáforo;Longo da via;0;3;0;3;0;0;0;0;0;0;0;0;0;(-38.5349439 -3.7184578);
366744;2021-03-02 19:30:00;RD CE-060, ;, ; ;;;Colisão;;;;Meio de Quadra;;Longo da via;0;2;0;1;0;0;0;0;0;1;0;0;0;(-38.5795 -3.826136);
366739;2021-03-02 18:20:00;RD CE-040, ;, ; ;;;Colisão;Anoitecer;;;Meio de Quadra;;Longo da via;0;2;0;0;2;0;0;0;0;0;0;0;0;(-38.48088284 -3.84257666);
366737;2021-03-02 09:00:00;RD CE-025, ;, ; ;;;Outros;Luz do Dia;;;Meio de Quadra;;Longo da via;0;1;0;1;0;0;0;0;0;0;0;0;0;(-38.43594822 -3.809573817);
366389;2021-03-02 09:00:00;RUA BAR CANINDE, ;RUA 15 DE NOVEMBRO, ; ;MONTESE;;Colisão Transversal;Luz do Dia;Bom;Seca;Cruz;Semáforo;Cruzamento;0;1;1;1;1;0;0;0;0;0;0;0;0;(-38.556768 -3.768608);
366736;2021-03-01 13:10:00;RD CE-040, ;, ; ;;;Colisão;Luz do Dia;;;Meio de Quadra;;Longo da via;0;2;0;1;1;0;0;0;0;0;0;0;0;(-38.48246582 -3.834450897);
366734;2021-03-01 09:20:00;RD CE-025, ;, ; ;;;Colisão;Luz do Dia;;;Meio de Quadra;;Longo da via;0;2;0;1;1;0;0;0;0;0;0;0;0;(-38.46108452 -3.807634505);
366383;2021-02-28 08:40:00;RD CE-040, ;, ; ;;;Colisão;Luz do Dia;;;Meio de Quadra;;Longo da via;0;2;0;0;2;0;0;0;0;0;0;0;0;(-38.48033084 -3.791613156);
366381;2021-02-26 17:30:00;RD CE-040, ;, ; ;;;Colisão;Anoitecer;;;Meio de Quadra;;Longo da via;0;2;0;0;1;0;1;0;0;0;0;0;0;(-38.47873348 -3.809596804);
366380;2021-02-26 13:50:00;RD CE-040, ;, ; ;;;Colisão;Luz do Dia;;;Meio de Quadra;;Longo da via;0;2;0;1;0;0;0;0;0;1;0;0;0;(-38.47873348 -3.809596804);
366622;2021-02-26 09:50:00;AVENIDA SGT HERMINIO SAMPAIO, ;RUA CEL MOZART GONDIM, ; ;;;Colisão;Luz do Dia;Bom;Seca;Cruz;Pare;Cruzamento;0;1;1;1;1;0;0;0;0;0;0;0;0;(-38.561327 -3.726516);
366379;2021-02-26 07:50:00;RD CE-040, ;, ; ;;;Colisão;Luz do Dia;;;Meio de Quadra;;Longo da via;0;2;0;1;1;0;0;0;0;0;0;0;0;(-38.48088284 -3.84257666);
366382;2021-02-26 00:00:00;AVENIDA MIN JOSE AMERICO, ;, ; ;;;Choque c/ Obstáculo Fixo;;;;Meio de Quadra;;Longo da via;0;1;0;0;0;0;0;0;1;0;0;0;0;(0 0);
366621;2021-02-25 00:00:00;RUA BARBOSA DE FREITAS, ;RUA ANA BILHAR, ; ;;;Colisão Transversal;Via Iluminada;Bom;Seca;Cruz;Pare;Cruzamento;0;0;2;0;1;1;0;0;0;0;0;0;0;(-38.495143 -3.729646);
366619;2021-02-24 13:05:00;AVENIDA JOSE BASTOS, ;, ; ;;;Colisão Transversal;Luz do Dia;Bom;Seca;Meio de Quadra;Não Há Controle;Longo da via;0;3;0;1;1;0;0;0;0;0;0;0;0;(0 0);
366618;2021-02-24 10:20:00;RUA BRAGANCA, 951;, ; 951;GRANJA PORTUGAL;;Colisão;Luz do Dia;Bom;Seca;Não informado;Não informado;Longo da via;0;1;0;1;1;0;0;0;0;0;0;0;0;(-38.59705046559291 -3.782802623573207);
366620;2021-02-24 08:55:00;RUA GUSTAVO SAMPAIO, ;RUA AMADEU FURTADO, ; ;;;Colisão Transversal;Luz do Dia;Bom;Seca;Cruz;Pare;Cruzamento;0;1;1;1;1;0;0;0;0;0;0;0;0;(-38.563828 -3.736786);
366611;2021-02-23 22:15:00;AVENIDA MON TABOSA, ;RUA CARLOS VASCONCELOS, ; ;;;Colisão Lateral;Via Iluminada;Bom;Seca;Cruz;Semáforo;Cruzamento;0;1;1;1;1;0;0;0;0;0;0;0;0;(-38.507985 -3.724289);
366612;2021-02-23 20:20:00;AVENIDA PRS JUSCELINO KUBITSCHEK (PASSARÉ), ;, ; ;;;Colisão Traseira;Via Iluminada;Bom;Seca;Meio de Quadra;Semáforo;Longo da via;0;2;1;1;1;0;0;0;0;0;0;0;0;(0 0);
366613;2021-02-23 20:00:00;RUA MONTE PASCOAL, ;, ; ;;;Colisão Transversal;Via Iluminada;Bom;Seca;Meio de Quadra;Pare;Longo da via;0;1;1;1;1;0;0;0;0;0;0;0;0;(0 0);
366378;2021-02-23 18:33:00;RD CE-040, ;, ; ;;;Colisão;;;;Meio de Quadra;;Longo da via;0;2;0;0;2;0;0;0;0;0;0;0;0;(-38.48303286 -3.817159445);
366616;2021-02-23 16:40:00;AVENIDA DUQ CAXIAS, 211;, ; 211;CENTRO;;Atropelamento;Luz do Dia;Bom;Não informado;Não informado;Não informado;Longo da via;0;1;0;1;0;0;0;0;0;0;0;0;0;(-38.52641180287765 -3.732919097183387);
366614;2021-02-23 13:30:00;RUA PEREIRA FILGUEIRAS, ;RUA CARLOS VASCONCELOS, ; ;;;Colisão Transversal;Luz do Dia;Bom;;Cruz;Semáforo;Cruzamento;0;1;1;1;1;0;0;0;0;0;0;0;0;(-38.509644 -3.7293627);
366377;2021-02-23 11:10:00;RD CE-025, ;, ; ;;;Colisão;Luz do Dia;;;Meio de Quadra;;Longo da via;0;2;0;0;1;0;1;0;0;0;0;0;0;(-38.4700486 -3.807811443);
366615;2021-02-23 09:00:00;RUA PRO DIAS DA ROCHA, ;RUA ANA BILHAR, ; ;VARJOTA;;Queda;Luz do Dia;Bom;Seca;Cruz;Pare;Cruzamento;0;1;1;1;1;0;0;0;0;0;0;0;0;(-38.4903 -3.731209);
366617;2021-02-23 08:10:00;AVENIDA M CJ JOSE WALTER, ;, ; ;;;Colisão Transversal;Luz do Dia;Bom;Seca;Meio de Quadra;Semáforo;Longo da via;0;1;1;1;0;0;0;1;0;0;0;0;0;(0 0);
366376;2021-02-23 07:45:00;AVENIDA GODOFREDO MACIEL, ;, ; ;;;Colisão;Luz do Dia;;;Meio de Quadra;;Longo da via;0;2;0;2;0;0;0;0;0;0;0;0;0;(0 0);
366605;2021-02-22 19:50:00;AVENIDA ROGACIANO LEITE, 400;, ; 400;SALINAS;366605;Colisão Lateral;Via Iluminada;Bom;Seca;Não informado;Não informado;Longo da via;0;1;1;1;1;0;0;0;0;0;0;0;0;(-38.493409 -3.761667);
366610;2021-02-22 17:45:00;AVENIDA OLIVEIRA PAIVA, ;RUA MON ANTERO, ; ;CIDADE DOS FUNCIONRAIOS;;Colisão Traseira;Anoitecer;Bom;Seca;Cruz;Semáforo;Cruzamento;0;1;1;1;1;0;0;0;0;0;0;0;0;(-38.493198 -3.795604);
366609;2021-02-22 14:50:00;AVENIDA OLIVEIRA PAIVA, ;, ; ;;;Colisão Traseira;Luz do Dia;Bom;Seca;Meio de Quadra;Não Há Controle;Longo da via;0;1;1;1;1;0;0;0;0;0;0;0;0;(0 0);
366607;2021-02-22 13:40:00;RUA EQUADOR, ;RUA JULIO VERNE, ; ;;;Colisão Transversal;Luz do Dia;Bom;Seca;Cruz;Pare;Cruzamento;0;1;1;0;2;0;0;0;0;0;0;0;0;(-38.552843 -3.775427);
366608;2021-02-22 12:50:00;RUA JOAQUIM NABUCO, ;RUA EDUARDO BEZERRA, ; ;SAO JOAO DO TAUAPE;;Colisão Transversal;Luz do Dia;Bom;Seca;Cruz;Pare;Cruzamento;0;1;0;1;1;0;0;0;0;0;0;0;0;(-38.507115 -3.753238);
366596;2021-02-22 10:55:00;RUA PERGENTINO MAIA, ;RUA JOSE BAIMA, ; ;MESSEJANA;;Atropelamento;Luz do Dia;Bom;Seca;Não informado;Não informado;Cruzamento;0;1;1;0;1;0;0;0;0;1;0;0;0;(-38.481667 -3.832436);
366604;2021-02-22 09:50:00;RUA HUGO VITOR, ;RUA CEL JOAQUIM FRANKLIN, ; ;;;Colisão Traseira;Luz do Dia;Nublado;Molhada;Cruz;Pare;Cruzamento;0;0;2;0;2;0;0;0;0;0;0;0;0;(-38.591153 -3.742925);
366602;2021-02-22 08:47:00;AVENIDA ALM HENRIQUE SABOIA, 3737;, ; 3737;;;Choque c/ Obstáculo Fixo;Luz do Dia;Chuva;Molhada;Meio de Quadra;Não Há Controle;Longo da via;0;1;1;0;2;0;0;0;0;0;0;0;0;(-38.48828 -3.7418106);
366603;2021-02-22 07:00:00;RUA ANTONIO POMPEU, ;RUA JAIME BENEVOLO, ; ;CENTRO;;Colisão Transversal;Luz do Dia;Nublado;Seca;Cruz;Semáforo;Cruzamento;0;1;1;0;2;0;0;0;0;0;0;0;0;(-38.526664 -3.736033);
366599;2021-02-21 19:50:00;RUA ALM RUBIM, ;RUA DOM CARLOTO TAVORA, ; ;;;Colisão Lateral;Via Iluminada;Bom;Seca;Cruz;Pare;Cruzamento;0;1;1;0;1;0;1;0;0;0;0;0;0;(-38.556269 -3.76982);
366375;2021-02-21 17:40:00;ROD CE 010, ;, ; ;;;Colisão;Anoitecer;;;Meio de Quadra;;Longo da via;0;2;0;0;2;0;0;0;0;0;0;0;0;(0 0);
366597;2021-02-21 16:00:00;RUA DR RIBAMAR LOBO, ;RUA VILEBALDO AGUIAR, ; ;COCO;;Colisão Transversal;Luz do Dia;Bom;Seca;Cruz;Pare;Cruzamento;0;0;1;0;1;0;1;0;0;0;0;0;0;(-38.468111 -3.746893);
366598;2021-02-21 10:35:00;AVENIDA DR SILAS MUNGUBA, ;RUA DUARTE PIMENTEL, ; ;;;Colisão Transversal;Luz do Dia;Bom;Seca;T;Pare;Cruzamento;0;2;0;1;1;0;0;0;0;0;0;0;0;(-38.54293 -3.78943);
366600;2021-02-21 06:40:00;AVENIDA FRANCISCO SA, 3583;, ; 3583;;;Choque c/ Obstáculo Fixo;Luz do Dia;Bom;Seca;Meio de Quadra;Não Há Controle;Longo da via;0;0;1;0;1;0;0;0;0;0;0;0;0;(-38.5575064 -3.71735033);
366595;2021-02-21 04:20:00;RUA PDE PERDIGAO SAMPAIO, 251;, ; 251;;;Choque c/ Obstáculo Fixo;Luz do Dia;Bom;Seca;Meio de Quadra;Cancela;Longo da via;0;1;0;0;1;0;0;0;0;0;0;0;0;(-38.594922 -3.738051);
366374;2021-02-20 19:40:00;RD CE-040, ;, ; ;;;Colisão;;;;Meio de Quadra;;Longo da via;0;2;0;0;2;0;0;0;0;0;0;0;0;(-38.48033084 -3.791613156);
366591;2021-02-20 16:24:00;RUA TOMAS ACIOLI, ;RUA MON BRUNO, ; ;;;Choque c/ Obstáculo Fixo;Luz do Dia;Chuva;Molhada;Cruz;Pare;Cruzamento;0;1;0;0;1;0;0;0;0;0;0;0;0;(-38.513124 -3.743797);
366499;2021-02-20 15:00:00;RUA COSTA BARROS, ;RUA JOAO CORDEIRO, ; ;CENTRO;366499;Colisão;Luz do Dia;Chuva;Molhada;Cruz;Semáforo;Cruzamento;0;1;1;1;1;0;0;0;0;0;0;0;0;(-38.514331 -3.729449);
366592;2021-02-20 14:30:00;RUA JOSE ALVES CAVALCANTE, ;, ; ;;;Colisão Transversal;Luz do Dia;Chuva;Molhada;Meio de Quadra;Semáforo;Longo da via;0;1;1;1;0;0;1;0;0;0;0;0;0;(0 0);
366589;2021-02-20 14:30:00;AVENIDA LUCIANO CARNEIRO, ;AVENIDA LAURO VIEIRA CHAVES, ; ;;;Colisão Frontal;Luz do Dia;Nublado;Molhada;T;Pare;Cruzamento;0;2;0;0;1;0;0;0;0;0;1;0;0;(-38.538894 -3.772172);
366593;2021-02-20 08:00:00;AVENIDA DOM MANUEL, 609;, ; 609;;;Atropelamento;Luz do Dia;Chuva;Molhada;Meio de Quadra;Não Há Controle;Longo da via;0;1;1;0;1;0;0;0;0;0;0;0;0;(-38.5211615 -3.7295837);
366590;2021-02-20 02:00:00;AVENIDA CARAPINIMA, 2639;, ; 2639;;;Choque c/ Obstáculo Fixo;Via Iluminada;Chuva;Molhada;Meio de Quadra;Não Há Controle;Longo da via;0;1;0;0;1;0;0;0;0;0;0;0;0;(-38.5423727 -3.7423498);
366587;2021-02-19 20:25:00;AVENIDA AMERICO BARREIRA, ;, ; ;;;Colisão Lateral;Anoitecer;Bom;Seca;Meio de Quadra;Semáforo;Longo da via;0;1;1;1;0;0;0;1;0;0;0;0;0;(0 0);
366584;2021-02-19 19:25:00;AVENIDA ABOLICAO, ;, ; ;;;Atropelamento;Mal Iluminada;Bom;Seca;Meio de Quadra;Não Há Controle;Longo da via;0;1;1;0;1;0;0;0;0;0;0;0;0;(0 0);
366373;2021-02-19 16:20:00;RD CE-040, ;, ; ;;;Colisão;Luz do Dia;;;Meio de Quadra;;Longo da via;0;2;0;0;1;1;0;0;0;0;0;0;0;(-38.48033084 -3.791613156);
366586;2021-02-19 14:58:00;LOGRADOURO SEM NOME, ;, ; ;;;Colisão Lateral;Luz do Dia;Bom;Seca;Outros;Não Há Controle;Longo da via;0;2;0;1;1;0;0;0;0;0;0;0;0;(0 0);
366588;2021-02-19 07:40:00;AVENIDA ANTONIO JUSTA, ;AVENIDA ALM HENRIQUE SABOIA, ; ;;;Colisão Lateral;Luz do Dia;Bom;Seca;T;Pare;Cruzamento;0;2;0;2;0;0;0;0;0;0;0;0;0;(-38.48235 -3.731616);
366585;2021-02-19 00:00:00;AVENIDA ANTONIO SALES, 2435;, ; 2435;;;Colisão Traseira;Via Iluminada;Bom;Seca;Meio de Quadra;Outros;Longo da via;0;1;1;1;1;0;0;0;0;0;0;0;0;(-38.50217 -3.7455516);
366372;2021-02-18 16:35:00;RD CE-040, ;, ; ;;;Colisão;Luz do Dia;;;Meio de Quadra;;Longo da via;0;2;0;2;0;0;0;0;0;0;0;0;0;(-38.4810839 -3.782614325);
366583;2021-02-18 16:30:00;RUA STA LIDUINA D42, ;RUA ALBANO AMARAL, ; ;;;Colisão Transversal;Luz do Dia;Bom;Seca;Cruz;Pare;Cruzamento;0;1;1;1;1;0;0;0;0;0;0;0;0;(-38.584983 -3.797816);
366582;2021-02-18 15:20:00;AVENIDA BEIRA MAR, 1020;, ; 1020;;;Colisão Lateral;Luz do Dia;Bom;Seca;Meio de Quadra;Outros;Longo da via;0;1;1;1;1;0;0;0;0;0;0;0;0;(-38.510589 -3.720476);
366581;2021-02-16 22:40:00;AVENIDA ALM HENRIQUE SABOIA, ;AVENIDA GOV RAUL BARBOSA, ; ;;;Atropelamento;Via Iluminada;;Molhada;Y;Não Há Controle;Cruzamento;0;1;0;0;0;0;0;0;0;0;0;0;0;(-38.50458 -3.758466);
366384;2021-02-16 20:00:00;AVENIDA EDILSON B SOARES, ;RUA MARIO ALENCAR ARARIPE, ; ;;;Colisão Transversal;Via Iluminada;Bom;Molhada;T;Não Há Controle;Cruzamento;0;1;1;1;1;0;0;0;0;0;0;0;0;(-38.478792 -3.789298);
366580;2021-02-16 19:30:00;RUA TORRES CAMARA, ;RUA JOSE VILAR, ; ;;;Colisão Transversal;Via Iluminada;Nublado;Molhada;Cruz;Semáforo;Cruzamento;0;0;2;0;1;0;0;1;0;0;0;0;0;(-38.50484 -3.736301);
366575;2021-02-16 18:30:00;AVENIDA SEN VIRGILIO TAVORA, 2017;, ; 2017;;;Colisão Transversal;Anoitecer;Chuva;Molhada;Meio de Quadra;;Longo da via;0;1;1;1;1;0;0;0;0;0;0;0;0;(-38.4955119 -3.7442891);
366579;2021-02-16 16:30:00;AVENIDA AUGUSTO DOS ANJOS, ;RUA CARLOS CHAGAS, ; ;BONSUCESSO;;Colisão Transversal;Luz do Dia;Chuva;Molhada;Duplo T;Outros;Cruzamento;0;1;1;1;1;0;0;0;0;0;0;0;0;(-38.580334 -3.781512);
366578;2021-02-16 14:56:00;AVENIDA PONTES VIEIRA, 464;, ; 464;JOAQUIM TVORA;;Colisão Lateral;Luz do Dia;Chuva;Molhada;Não informado;Não informado;Longo da via;0;1;1;0;0;0;0;1;0;1;0;0;0;(-38.5163175 -3.7532064);
366576;2021-02-16 14:20:00;AVENIDA ANTONIO SALES, ;RUA MON CATAO, ; ;DIONISIO TORRES;;Queda;Luz do Dia;Chuva;Molhada;Cruz;Pare;Cruzamento;0;1;0;1;0;0;0;0;0;0;0;0;0;(-38.493642 -3.748174);
366385;2021-02-16 14:15:00;AVENIDA SEN VIRGILIO TAVORA, 847;, ; 847;;;Colisão Transversal;Luz do Dia;Chuva;Molhada;Meio de Quadra;Pare;Longo da via;0;1;1;1;1;0;0;0;0;0;0;0;0;(-38.4922579 -3.734431);
366577;2021-02-16 00:30:00;RUA CEARA, ;RUA PARANA, ; ;DEMOCRITO ROCHA;;Choque c/ Obstáculo Fixo;Via Iluminada;Bom;Seca;Cruz;Pare;Cruzamento;0;0;0;0;1;0;0;0;0;0;0;0;0;(-38.568348 -3.757261);
366567;2021-02-15 21:00:00;AVENIDA ABOLICAO, ;AVENIDA DES MOREIRA, ; ;MEIRELES;;Colisão Frontal;Via Iluminada;Bom;Seca;Cruz;Semáforo;Cruzamento;0;1;1;0;1;0;0;0;0;1;0;0;0;(-38.495474 -3.727331);
366573;2021-02-15 19:20:00;RUA DOS COELHOS, 220;, ; 220;;;Colisão Lateral;Via Iluminada;Bom;Seca;Meio de Quadra;;Longo da via;0;2;0;1;1;0;0;0;0;0;0;0;0;(-38.559225 -3.7911643);
366569;2021-02-15 17:10:00;AVENIDA DEP PAULINO ROCHA, ;RUA TEN TITO BARROS, ; ;CAJAZEIRAS;;Colisão Lateral;Anoitecer;Bom;Seca;Cruz;Não informado;Cruzamento;0;1;1;1;1;0;0;0;0;0;0;0;0;(-38.507311 -3.801032);
366572;2021-02-15 14:50:00;AVENIDA JOAO DE ARAUJO LIMA, 380;, ; 380;;;Colisão Lateral;Luz do Dia;Bom;Seca;Meio de Quadra;Pare;Longo da via;0;1;1;1;1;0;0;0;0;0;0;0;0;(-38.559674 -3.8283124);
366568;2021-02-15 14:15:00;AVENIDA CASTELO DE CASTRO, ;RUA 412 CJ SAO CRISTOVAO, ; ;;;Colisão Lateral;Luz do Dia;Nublado;Seca;T;Não Há Controle;Cruzamento;0;0;2;1;0;0;1;0;0;0;0;0;0;(-38.5236 -3.83381);
366571;2021-02-15 08:15:00;AVENIDA JOAO PESSOA, 4444;, ; 4444;DAMAS;;Colisão Traseira;Luz do Dia;Bom;Seca;Não informado;Outros;Longo da via;0;1;1;1;1;0;0;0;0;0;0;0;0;(-38.548993 -3.751902);
366570;2021-02-15 08:00:00;AVENIDA SEN VIRGILIO TAVORA, ;RUA MARIA TOMASIA, ; ;;;Colisão;Luz do Dia;Bom;Seca;Cruz;Semáforo;Cruzamento;0;0;1;0;2;0;0;0;0;0;0;0;0;(-38.49315 -3.736801);
366574;2021-02-15 07:20:00;AVENIDA PRS COSTA E SILVA, 735;, ; 735;BENFICA;;Colisão Traseira;Luz do Dia;Bom;Seca;Não informado;Semáforo;Longo da via;0;1;2;2;1;0;0;0;0;0;0;0;0;(-38.5728783937283 -3.812333134113526);
366564;2021-02-14 21:50:00;AVENIDA DOS EXPEDICIONARIOS, ;RUA ALM RUFINO, ; ;;;Colisão Transversal;Via Iluminada;Bom;Seca;Cruz;Semáforo;Cruzamento;0;2;0;0;2;0;0;0;0;0;0;0;0;(-38.541286 -3.765289);
366318;2021-02-14 19:00:00;AVENIDA GOV RAUL BARBOSA, 1180;, ; 1180;;;Atropelamento;Via Iluminada;Bom;Seca;Outros;Não Há Controle;Longo da via;0;1;1;0;1;0;0;0;0;0;0;0;0;(-38.50666 -3.76127);
366566;2021-02-14 14:45:00;AVENIDA PRS CASTELO BRANCO, 400;, ; 400;;;Colisão Lateral;Luz do Dia;Bom;Seca;Não informado;Não informado;Longo da via;0;1;0;1;1;0;0;0;0;0;0;0;0;(-38.530144 -3.720316);
366565;2021-02-14 02:00:00;AVENIDA FRANCISCO SA, ;RUA PEDRO C FERNANDES, ; ;;;Colisão Frontal;Via Iluminada;Nublado;Seca;Cruz;Semáforo;Cruzamento;0;1;0;1;1;0;0;0;0;0;0;0;0;(-38.549538 -3.719988);
366563;2021-02-14 00:30:00;AVENIDA JOVITA FEITOSA, ;RUA PRO RAIMUNDO ARRUDA, ; ;PARQUE ARAXA;;Colisão Traseira;Via Iluminada;Bom;Seca;Cruz;Gesto;Cruzamento;1;0;1;1;1;0;0;0;0;0;0;0;0;(-38.550998 -3.738742);
366561;2021-02-13 20:00:00;AVENIDA SEN VIRGILIO TAVORA, 1700;, ; 1700;;;Colisão Traseira;Via Iluminada;Bom;Seca;Meio de Quadra;Semáforo;Longo da via;0;0;2;0;2;0;0;0;0;0;0;0;0;(-38.494423 -3.740746);
366601;2021-02-13 14:20:00;AVENIDA HIS RAIMUNDO GIRAO, ;RUA ARARIUS, ; ;;;Colisão Transversal;Luz do Dia;Bom;Seca;Cruz;Semáforo;Cruzamento;0;0;2;1;1;0;0;0;0;0;0;0;0;(-38.513581 -3.720447);
366562;2021-02-13 10:00:00;AVENIDA ANTONIO JUSTA, 3300;, ; 3300;;;Choque c/ Obstáculo Fixo;Luz do Dia;Bom;Seca;Meio de Quadra;Não Há Controle;Longo da via;0;1;0;0;1;0;0;0;0;0;0;0;0;(-38.491672 -3.728561);
366560;2021-02-13 00:00:00;AVENIDA PRS JUSCELINO KUBITSCHEK (PASSARÉ), ;, ; ;;;Choque c/ Obstáculo Fixo;Via Iluminada;Bom;Seca;Meio de Quadra;Outros;Longo da via;0;3;0;1;1;0;0;0;0;1;0;0;0;(0 0);
366371;2021-02-12 19:30:00;RD CE-040, ;, ; ;;;Colisão;;;;Meio de Quadra;;Longo da via;0;2;0;1;1;0;0;0;0;0;0;0;0;(-38.48153832 -3.825515822);
366559;2021-02-12 09:46:00;RUA BAR ARACATI, ;AVENIDA ANTONIO SALES, ; ;;;Colisão Transversal;Luz do Dia;Bom;Seca;Cruz;Não Há Controle;Cruzamento;0;2;0;1;1;0;0;0;0;0;0;0;0;(-38.514894 -3.741563);
366557;2021-02-12 09:00:00;RUA ANDRADE FURTADO, ;RUA PRO OTAVIO LOBO, ; ;COCO;;Colisão Transversal;Luz do Dia;Nublado;Molhada;Cruz;Semáforo;Cruzamento;0;1;1;0;1;0;0;1;0;0;0;0;0;(-38.479651 -3.74575);
366556;2021-02-12 08:45:00;RUA DR RODRIGO C SANDOVAL, ;RUA PAURILO BARROSO, ; ;;;Colisão Lateral;Luz do Dia;Chuva;Molhada;Cruz;Pare;Cruzamento;0;1;1;0;2;0;0;0;0;0;0;0;0;(-38.571117 -3.805331);
366555;2021-02-12 08:00:00;AVENIDA PRS CASTELO BRANCO, 78;, ; 78;;;Colisão Traseira;Luz do Dia;Nublado;Molhada;Meio de Quadra;Não Há Controle;Longo da via;0;0;2;0;2;0;0;0;0;0;0;0;0;(-38.522493 -3.7229185);
366558;2021-02-12 22:20:00;RUA VALDETARIO MOTA, ;, ; ;COCO;966660;Atropelamento;Mal Iluminada;Bom;Seca;Cruz;Outros;Longo da via;1;0;1;0;0;0;0;1;0;0;0;0;0;(-38.4833349 -3.7411018);
366553;2021-02-11 22:40:00;RUA LUIZA MIRANDA COELHO, 1121;, ; 1121;ENGENHEIRO LUCIANO CAVALCANTE;;Colisão Traseira;Via Iluminada;Bom;Seca;Não informado;Semáforo;Longo da via;0;1;0;0;3;0;0;0;0;0;0;0;0;(-38.48677536 -3.775077849);