COD_ACIDENTE;DATA;LOG1;LOG2;NUMERO;BAIRRO;AMC;NATUREZA;ILUMINACAO;TEMPO;SUPERFICIEPISTA;TIPOCRUZAMENTO;CONTROLETRAFEGO;USOSOLO;MORTOS;FERIDOS;ILESOS;MOTOCICLETA;AUTOMOVEL;MICROONIBUS;CAMINHAO;ONIBUS;CICLOMOTOR;BICICLETA;OUTROS;TREM;TRACAOANIMAL;COORDENADAS
366547;2021-02-11 21:30:00;RUA CARMEN MIRANDA, 70;, ; 70;Não informado;;Choque c/ Obstáculo Fixo;Mal Iluminada;Bom;Seca;Não informado;Pare;Longo da via;0;0;1;0;0;0;1;0;0;0;0;0;0;(-38.50757896900178 -3.783863578636763);
366550;2021-02-11 19:40:00;AVENIDA DR SILAS MUNGUBA, 3641;, ; 3641;;;Colisão Lateral;Via Iluminada;Bom;Seca;Meio de Quadra;Pare;Longo da via;0;3;1;2;1;0;0;0;0;0;0;0;0;(-38.5413005 -3.78988);
366554;2021-02-11 17:00:00;AVENIDA ENG AGRONOMO JOSE GUIMARAES DUQUE, 175;, ; 175;;;Colisão Lateral;Anoitecer;Bom;Seca;Meio de Quadra;Não Há Controle;Longo da via;0;2;0;1;1;0;0;0;0;0;0;0;0;(-38.4947846 -3.8027178);
366546;2021-02-11 14:10:00;AVENIDA VIS RIO BRANCO, ;RUA METON DE ALENCAR, ; ;;;Colisão Transversal;Luz do Dia;Bom;Seca;Cruz;Semáforo;Cruzamento;0;1;1;0;2;0;0;0;0;0;0;0;0;(-38.524153 -3.73577);
366552;2021-02-11 13:40:00;AVENIDA SANTOS DUMONT, ;, ; ;;;Colisão Traseira;Luz do Dia;Nublado;Seca;Meio de Quadra;Não Há Controle;Longo da via;0;1;1;1;1;0;0;0;0;0;0;0;0;(0 0);
366549;2021-02-11 10:10:00;RUA ANTONIO POMPEU, ;RUA BAR ARATANHA, ; ;;;Colisão Transversal;Luz do Dia;Bom;Seca;Cruz;Semáforo;Cruzamento;0;0;2;0;2;0;0;0;0;0;0;0;0;(-38.527351 -3.735826);
366370;2021-02-11 08:10:00;RD CE-040, ;, ; ;;;Colisão;Luz do Dia;;;Meio de Quadra;;Longo da via;0;2;0;1;1;0;0;0;0;0;0;0;0;(-38.48246582 -3.834450897);
366548;2021-02-11 08:00:00;AVENIDA LUCIANO CARNEIRO, ;RUA PDE AMBROSIO MACHADO, ; ;;;Colisão Traseira;Luz do Dia;Bom;Seca;T;Pare;Cruzamento;0;1;1;1;1;0;0;0;0;0;0;0;0;(-38.535852 -3.7621058);
366551;2021-02-11 07:30:00;AVENIDA PRS COSTA E SILVA, 4201;, ; 4201;;;Colisão Transversal;Luz do Dia;Bom;Seca;Outros;Outros;Longo da via;0;2;0;1;1;0;0;0;0;0;0;0;0;(-38.542701 -3.824912);
366545;2021-02-10 22:30:00;RUA ALBERTO DE OLIVEIRA, ;RUA ESTEVAO DE CAMPOS, ; ;;;Colisão Lateral;Via Iluminada;Bom;Seca;T;Não informado;Cruzamento;0;1;1;1;1;0;0;0;0;0;0;0;0;(-38.5753245 -3.7071813);
366525;2021-02-10 17:10:00;RUA BAR ARACATI, 145;, ; 145;;;Tombamento;Anoitecer;Bom;Seca;Meio de Quadra;Não Há Controle;Longo da via;0;2;3;0;5;0;0;0;0;0;0;0;0;(-38.5084779 -3.7232263);
366500;2021-02-10 16:20:00;RUA TIBURCIO CAVALCANTE, ;RUA TEN BENEVOLO, ; ;ALDEOTA;;Colisão Lateral;Luz do Dia;Bom;Não informado;T;Não informado;Cruzamento;0;1;1;1;0;0;0;1;0;0;0;0;0;(-38.50089 -3.730691);
366542;2021-02-10 15:30:00;RUA DES OTACILIO PEIXOTO, ;RUA ANTONIO ALEXANDRINO DOS REIS, ; ;;;Colisão Transversal;Luz do Dia;Bom;Seca;Cruz;Pare;Cruzamento;0;2;0;0;2;0;0;0;0;0;0;0;0;(-38.5374249 -3.8001372);
366498;2021-02-10 15:00:00;AVENIDA LUCIANO CARNEIRO, 605;, ; 605;;;Colisão Traseira;Luz do Dia;Bom;Seca;Meio de Quadra;Não Há Controle;Longo da via;0;0;2;0;2;0;0;0;0;0;0;0;0;(-38.5330012 -3.7531359);
366544;2021-02-10 14:00:00;RUA BERNARDO MANUEL, 12800;, ; 12800;;;Colisão Lateral;Luz do Dia;Bom;Seca;Meio de Quadra;Pare;Longo da via;0;2;0;0;2;0;0;0;0;0;0;0;0;(-38.560567 -3.829835);
366543;2021-02-10 13:30:00;AVENIDA DR SILAS MUNGUBA, ;RUA BERNARDO MANUEL, ; ;SERRINHA;;Colisão Traseira;Luz do Dia;Bom;Seca;Cruz;Semáforo;Cruzamento;0;0;2;0;2;0;0;0;0;0;0;0;0;(-38.54796 -3.787538);
366501;2021-02-10 12:40:00;AVENIDA PRS COSTA E SILVA, 4241;, ; 4241;;;Engavetamento;Luz do Dia;Bom;Seca;Meio de Quadra;Não Há Controle;Longo da via;0;0;3;0;3;0;0;0;0;0;0;0;0;(-38.542294 -3.825014);
366524;2021-02-10 11:00:00;AVENIDA PRS CASTELO BRANCO, 5187;, ; 5187;;;Colisão Traseira;Luz do Dia;Bom;Seca;Não informado;Semáforo;Longo da via;0;1;0;1;1;0;0;0;0;0;0;0;0;(-38.5775225 -3.7049034);
366541;2021-02-10 09:00:00;RUA RUI MONTE, ;RUA CEL JOAQUIM FRANKLIN, ; ;ANTONIO BEZERRA;;Colisão Transversal;Luz do Dia;Bom;Seca;Cruz;Pare;Cruzamento;0;1;1;1;1;0;0;0;0;0;0;0;0;(-38.58735 -3.7423623);
366503;2021-02-10 07:30:00;AVENIDA PRS COSTA E SILVA, 3601;, ; 3601;;;Colisão Lateral;Luz do Dia;Nublado;Seca;Meio de Quadra;Outros;Longo da via;0;1;1;1;1;0;0;0;0;0;0;0;0;(-38.548775 -3.8237493);
366502;2021-02-10 06:58:00;AVENIDA PRS COSTA E SILVA, ;, ; ;;;Colisão Traseira;Luz do Dia;Nublado;Seca;Meio de Quadra;Semáforo;Longo da via;0;1;1;1;1;0;0;0;0;0;0;0;0;(0 0);
366425;2021-02-10 00:05:00;RUA COSTA BARROS, 50;, ; 50;;;Choque c/ Obstáculo Fixo;Via Iluminada;Bom;Seca;Outros;Não Há Controle;Longo da via;0;1;1;0;0;0;0;1;0;0;0;0;0;(-38.522919 -3.726676);
366495;2021-02-09 19:30:00;AVENIDA PRS CASTELO BRANCO, 5196;, ; 5196;;;Colisão Transversal;Via Iluminada;Bom;Seca;Não informado;Semáforo;Longo da via;0;1;0;0;0;0;0;0;0;1;0;0;0;(-38.577792 -3.704697);
366493;2021-02-09 19:00:00;AVENIDA GODOFREDO MACIEL, 556;, ; 556;;;Engavetamento;Via Iluminada;Bom;Seca;Meio de Quadra;Não Há Controle;Longo da via;0;1;2;0;3;0;0;0;0;0;0;0;0;(-38.565234 -3.781261);
366369;2021-02-09 16:50:00;RD CE-040, ;, ; ;;;Colisão;Luz do Dia;;;Meio de Quadra;;Longo da via;0;2;0;0;2;0;0;0;0;0;0;0;0;(-38.48088284 -3.84257666);
366497;2021-02-09 14:30:00;AVENIDA LINEU MACHADO, 1544;, ; 1544;;;Colisão Lateral;Luz do Dia;Bom;Seca;Não informado;Outros;Longo da via;0;0;1;1;1;0;0;0;0;0;0;0;0;(-38.5808368 -3.7729679);
366496;2021-02-09 13:21:00;AVENIDA AGUANAMBI, ;RUA CEL PERGENTINO FERREIRA, ; ;;;Colisão Transversal;Luz do Dia;Bom;Seca;Cruz;Semáforo;Cruzamento;0;2;0;0;2;0;0;0;0;0;0;0;0;(-38.524049 -3.748634);
366494;2021-02-09 12:20:00;AVENIDA DEP PAULINO ROCHA, 46;, ; 46;;;Atropelamento;Luz do Dia;Bom;Seca;Outros;Semáforo;Longo da via;0;0;0;1;0;0;0;0;0;0;0;0;0;(-38.507467 -3.801657);
366368;2021-02-09 09:45:00;RD CE-040, ;, ; ;;;Colisão;Luz do Dia;;;Meio de Quadra;;Longo da via;0;2;0;1;1;0;0;0;0;0;0;0;0;(-38.4817994 -3.773616148);
366483;2021-02-08 22:00:00;AVENIDA DOS EXPEDICIONARIOS, ;RUA COSTA SOUZA, ; ;BENFICA;;Colisão Lateral;Via Iluminada;Bom;Seca;T;Pare;Cruzamento;0;3;0;2;1;0;0;0;0;0;0;0;0;(-38.535932 -3.747745);
366491;2021-02-08 20:30:00;RUA BARRA VERMELHA, ;RUA 23 DE JUNHO, ; ;GRANJA LISBOA;;Colisão Transversal;Via Iluminada;Bom;Seca;Cruz;Pare;Cruzamento;0;1;0;0;2;0;0;0;0;0;0;0;0;(-38.612764 -3.780625);
366484;2021-02-08 20:30:00;RUA JOAO FIRMINO, ;RUA ROMEU MARTINS, ; ;;;Colisão Transversal;Via Iluminada;Bom;Seca;Cruz;Pare;Cruzamento;0;0;0;1;1;0;0;0;0;0;0;0;0;(-38.555582 -3.764274);
366488;2021-02-08 20:00:00;AVENIDA GAL OSORIO DE PAIVA, 4969;, ; 4969;;;Colisão Traseira;Via Iluminada;Bom;Seca;Não informado;Semáforo;Longo da via;0;2;0;2;0;0;0;0;0;0;0;0;0;(-38.599198 -3.8021331);
366487;2021-02-08 17:00:00;RUA PEDRO LAZAR, 732;, ; 732;;;Colisão Lateral;Anoitecer;Nublado;Seca;Meio de Quadra;Dê Preferência;Longo da via;0;1;1;1;1;0;0;0;0;0;0;0;0;(-38.4887835 -3.8015287);
366486;2021-02-08 15:00:00;RUA DOM EXPEDITO LOPES, ;RUA NUNES VALENTE, ; ;;;Colisão Transversal;Luz do Dia;Bom;Seca;Cruz;Pare;Cruzamento;0;0;0;0;2;0;0;0;0;0;0;0;0;(-38.506068 -3.743494);
366489;2021-02-08 12:00:00;RUA BERNARDO MANUEL, 10171;, ; 10171;;;Colisão Lateral;Luz do Dia;Bom;Seca;Meio de Quadra;Não Há Controle;Longo da via;0;1;1;1;1;0;0;0;0;0;0;0;0;(-38.5538936 -3.8076877);
366485;2021-02-08 08:00:00;AVENIDA ROGACIANO LEITE, 900;, ; 900;;;Atropelamento;Luz do Dia;Bom;Seca;Outros;Semáforo;Longo da via;0;0;1;0;1;0;0;0;0;0;0;0;0;(-38.495042 -3.764269);
366490;2021-02-08 07:20:00;AVENIDA C CJ CEARA, ;RUA 325 CJ CEARA, ; ;;;Outros;Luz do Dia;Bom;Seca;Cruz;Outros;Cruzamento;0;1;0;0;1;0;0;0;0;0;0;0;0;(-38.614288 -3.77138);
366492;2021-02-08 06:45:00;AVENIDA ALM HENRIQUE SABOIA, ;, ; ;;;Colisão Lateral;Luz do Dia;Bom;Seca;Meio de Quadra;Não Há Controle;Longo da via;0;3;0;1;0;0;0;0;0;0;0;0;0;(0 0);
366367;2021-02-08 06:30:00;RD CE-040, ;, ; ;;;Colisão;Luz do Dia;;;Meio de Quadra;;Longo da via;0;2;0;1;1;0;0;0;0;0;0;0;0;(-38.48153832 -3.825515822);
366478;2021-02-07 19:00:00;AVENIDA CEL CARVALHO, 3534;, ; 3534;;;Colisão Traseira;Via Iluminada;Bom;Seca;Meio de Quadra;;Longo da via;0;0;2;0;2;0;0;0;0;0;0;0;0;(-38.5844476 -3.7343345);
366365;2021-02-07 18:30:00;RD CE-025, ;, ; ;;;Atropelamento;Anoitecer;;;Meio de Quadra;;Longo da via;0;3;0;0;1;0;0;0;0;1;0;0;0;(-38.45224656 -3.805889179);
366475;2021-02-07 15:00:00;LOGRADOURO SEM NOME, ;, ; ;;;Atropelamento;Luz do Dia;Bom;Seca;T;Não Há Controle;Longo da via;0;2;0;0;1;0;0;0;0;0;0;0;0;(0 0);
366480;2021-02-07 15:00:00;AVENIDA DR JOAO MACIEL FILHO, ;RUA VER PEDRO PAULO MOREIRA, ; ;;;Colisão Lateral Sentido Oposto;Luz do Dia;Bom;Seca;T;Não Há Controle;Cruzamento;0;1;1;1;1;0;0;0;0;0;0;0;0;(-38.495768 -3.786316);
366479;2021-02-07 08:00:00;RUA PRO HERIBALDO COSTA, ;RUA PORTO ALEGRE, ; ;;;Colisão Lateral;Luz do Dia;Bom;Seca;Cruz;Não informado;Cruzamento;0;1;1;1;1;0;0;0;0;0;0;0;0;(-38.585433 -3.762997);
366482;2021-02-07 06:05:00;RUA DR JOAO MOREIRA, 143;, ; 143;CENTRO;;Colisão Lateral;Luz do Dia;Bom;Seca;Não informado;Não informado;Longo da via;0;1;0;0;1;0;0;0;1;0;0;0;0;(-38.5260045 -3.7233693);
366481;2021-02-07 01:30:00;RUA FRANCISCO CALACA, ;RUA SAO BERNARDO, ; ;ALVARO WEYNE;;Colisão Transversal;Via Iluminada;Bom;Seca;Cruz;Pare;Cruzamento;0;1;1;0;0;0;0;1;1;0;0;0;0;(-38.573201 -3.714626);
366476;2021-02-07 00:45:00;AVENIDA BEZERRA DE MENEZES, ;RUA JOSE CANDIDO D08, ; ;;;Choque c/ Obstáculo Fixo;Via Iluminada;Bom;Seca;T;Não Há Controle;Cruzamento;0;1;0;0;1;0;0;0;0;0;0;0;0;(-38.551501 -3.732988);
366366;2021-02-07 00:00:00;RD CE-040, ;, ; ;;;Atropelamento;;;;Meio de Quadra;;Longo da via;0;2;0;0;1;0;0;0;0;0;0;0;0;(-38.48153832 -3.825515822);
366470;2021-02-06 19:00:00;RUA BARRA MANSA, ;RUA BARRA VERMELHA, ; ;GRANJA PORTUGAL;;Colisão Lateral;Via Iluminada;Bom;Seca;Cruz;Não informado;Cruzamento;0;1;0;0;2;0;0;0;0;0;0;0;0;(-38.6168826 -3.7938857);
366472;2021-02-06 16:20:00;RUA JULIO BRAGA, ;RUA SABIA, ; ;;;Colisão Lateral;Luz do Dia;Bom;Seca;Cruz;Não informado;Cruzamento;0;1;1;1;1;0;0;0;0;0;0;0;0;(-38.5780724 -3.7763246);
366471;2021-02-06 16:20:00;RUA SAO PAULO, ;RUA AGAPITO DOS SANTOS, ; ;;;Colisão Transversal;Luz do Dia;Bom;Seca;Cruz;Gesto;Cruzamento;0;2;0;0;2;0;0;0;0;0;0;0;0;(-38.537777 -3.722706);
366473;2021-02-06 15:35:00;AVENIDA BENJAMIM BRASIL, ;, ; ;;;Colisão Traseira;Luz do Dia;Bom;Seca;Meio de Quadra;Pare;Longo da via;0;1;1;1;0;0;1;0;0;0;0;0;0;(0 0);
366474;2021-02-06 10:30:00;RUA GUSTAVO BRAGA, ;RUA PAPI JUNIOR, ; ;RODOLFO TEOFILO;;Colisão Transversal;Luz do Dia;Bom;Seca;Cruz;Pare;Cruzamento;0;2;1;1;2;0;0;0;0;0;0;0;0;(-38.554656 -3.749148);
366469;2021-02-06 08:40:00;RUA PDE PEDRO DE ALENCAR, 2221;, ; 2221;;;Colisão Lateral;Luz do Dia;Bom;Seca;Meio de Quadra;Não Há Controle;Longo da via;0;1;1;1;1;0;0;0;0;0;0;0;0;(-38.494803 -3.848328);
366454;2021-02-05 20:00:00;RUA BAR ARATANHA, ;RUA PDE MIGUELINHO, ; ;FATIMA;;Colisão Transversal;Não informado;Bom;Seca;Cruz;Pare;Cruzamento;0;1;1;1;1;0;0;0;0;0;0;0;0;(-38.530045 -3.743861);
366336;2021-02-05 17:40:00;AVENIDA SEN CARLOS JEREISSATI (AEROPORTO), ;, ; ;;;Colisão;Anoitecer;;;Meio de Quadra;;Longo da via;0;2;0;0;2;0;0;0;0;0;0;0;0;(-38.544038 -3.779641);
366459;2021-02-05 16:30:00;AVENIDA BORGES DE MELO, 201;, ; 201;;;Colisão Traseira;Luz do Dia;Bom;Seca;Meio de Quadra;Semáforo;Longo da via;0;2;0;1;1;0;0;0;0;0;0;0;0;(-38.519958 -3.761351);
366452;2021-02-05 14:15:00;RUA DR FRANCISCO GADELHA, 820;, ; 820;;;Não informado;Luz do Dia;Bom;Seca;Não informado;Não informado;Longo da via;0;1;0;0;0;0;0;0;0;0;1;0;0;(-38.4902691 -3.7754363);
366460;2021-02-05 13:50:00;RUA GAL GOIS MONTEIRO, ;RUA BANVAR BEZERRA, ; ;;;Colisão Lateral;Luz do Dia;Bom;Seca;Cruz;Pare;Cruzamento;0;2;0;2;0;0;0;0;0;0;0;0;0;(-38.580171 -3.733945);
366466;2021-02-05 13:30:00;AVENIDA I CJ JOSE WALTER, ;AVENIDA F CJ JOSE WALTER, ; ;;;Colisão Traseira;Luz do Dia;Bom;Seca;Cruz;Pare;Cruzamento;0;1;1;1;1;0;0;0;0;0;0;0;0;(-38.554243 -3.836727);
366465;2021-02-05 12:30:00;AVENIDA AMERICO BARREIRA, 5712;, ; 5712;;;Colisão Lateral;Luz do Dia;Bom;Seca;Meio de Quadra;Semáforo;Longo da via;0;2;1;1;1;0;0;0;0;0;0;0;0;(-38.5654736 -3.7615536);
366461;2021-02-05 11:37:00;RUA MARCOS MACEDO, ;RUA CEL LINHARES, ; ;;;Colisão Transversal;Luz do Dia;Bom;Seca;Cruz;Pare;Cruzamento;0;1;1;1;1;0;0;0;0;0;0;0;0;(-38.493827 -3.735526);
366467;2021-02-05 11:30:00;RUA POMPILIO GOMES, ;, ; ;;;Colisão Lateral;Luz do Dia;Bom;Seca;Meio de Quadra;Não Há Controle;Longo da via;0;1;1;0;2;0;0;0;0;0;0;0;0;(0 0);
366468;2021-02-05 11:00:00;AVENIDA DES GONZAGA, 244;, ; 244;;;Colisão Transversal;Luz do Dia;Bom;Seca;Não informado;Não informado;Longo da via;0;1;1;1;0;0;1;0;0;0;0;0;0;(-38.503603 -3.789116);
366458;2021-02-05 11:00:00;RUA JAIME BENEVOLO, ;RUA DEP JOAO PONTES, ; ;FATIMA;;Colisão Transversal;Luz do Dia;Bom;Seca;Cruz;Pare;Cruzamento;0;1;1;0;2;0;0;0;0;0;0;0;0;(-38.530076 -3.74614);
366457;2021-02-05 08:00:00;RUA CON BRAVEZA, ;RUA BENJAMIM MOURA, ; ;CIDADE DOS FUNCIONRAIOS;;Colisão Transversal;Luz do Dia;Bom;Seca;Cruz;Pare;Cruzamento;0;1;1;0;2;0;0;0;0;0;0;0;0;(-38.49767 -3.7984045);
366464;2021-02-05 07:45:00;AVENIDA JOAO PESSOA, ;RUA JOSE MONTEIRO DOS SANTOS, ; ;;;Colisão Lateral;Luz do Dia;Bom;Seca;T;Semáforo;Cruzamento;0;1;1;1;1;0;0;0;0;0;0;0;0;(-38.548869 -3.751769);
366463;2021-02-05 06:15:00;RUA BAR RIO BRANCO, ;RUA GAL CLARINDO DE QUEIROZ, ; ;;;Colisão Transversal;Luz do Dia;Bom;Seca;Cruz;Semáforo;Cruzamento;0;0;2;0;2;0;0;0;0;0;0;0;0;(-38.530239 -3.732679);
366462;2021-02-05 00:30:00;AVENIDA MIGUEL DIAS, ;RUA ROMEU ALDIGUERI, ; ;;;Choque c/ Obstáculo Fixo;Via Iluminada;Bom;Seca;Cruz;Pare;Cruzamento;0;1;0;0;1;0;0;0;0;0;0;0;0;(-38.487547 -3.765358);
366453;2021-02-05 00:00:00;RUA PDE ANCHIETA, ;RUA LEIRIA DE ANDRADE, ; ;;;Colisão Transversal;Luz do Dia;Bom;Seca;Cruz;Pare;Cruzamento;0;2;0;1;1;0;0;0;0;0;0;0;0;(-38.551811 -3.729315);
366443;2021-02-04 21:45:00;RUA PROCOPIO FERREIRA, 145;, ; 145;;;Colisão Traseira;Via Iluminada;Bom;Seca;Meio de Quadra;Pare;Longo da via;0;0;2;0;2;0;0;0;0;0;0;0;0;(-38.4896996 -3.7930584);
366412;2021-02-04 19:30:00;AVENIDA CARNEIRO DE MENDONCA, ;AVENIDA JOAO PESSOA, ; ;;;Colisão Traseira;Via Iluminada;Bom;Seca;T;Semáforo;Cruzamento;0;0;2;0;2;0;0;0;0;0;0;0;0;(-38.559808 -3.767222);
366444;2021-02-04 18:50:00;AVENIDA DUQ CAXIAS, ;RUA SOLON PINHEIRO, ; ;CENTRO;;Atropelamento;Via Iluminada;Bom;Seca;Cruz;Semáforo;Cruzamento;0;3;0;1;0;0;0;0;0;0;0;0;0;(-38.527034 -3.732704);
366335;2021-02-04 18:00:00;RD CE-040, ;, ; ;;;Atropelamento;Anoitecer;;;Meio de Quadra;;Longo da via;0;2;0;0;0;0;0;0;0;0;0;0;0;(-38.4817994 -3.773616148);
366439;2021-02-04 17:10:00;AVENIDA JOSE BASTOS, ;AVENIDA ENG HUMBERTO MONTE, ; ;;;Colisão Traseira;Anoitecer;Bom;Seca;T;Semáforo;Cruzamento;0;1;1;1;1;0;0;0;0;0;0;0;0;(-38.555455 -3.754966);
366414;2021-02-04 16:30:00;RUA MAJ WEYNE, ;RUA CARLOS CAMARA, ; ;;;Atropelamento;Luz do Dia;Bom;Seca;Cruz;Pare;Cruzamento;0;2;0;0;1;0;0;0;0;0;0;0;0;(-38.544497 -3.7486);
366434;2021-02-04 14:20:00;RUA DES LEITE ALBUQUERQUE, ;, ; ;;;Outros;Luz do Dia;Bom;Seca;Meio de Quadra;Semáforo;Longo da via;0;7;3;6;4;0;0;0;0;0;0;0;0;(0 0);
366334;2021-02-04 11:00:00;RD CE-060, ;, ; ;;;Colisão;Luz do Dia;;;Meio de Quadra;;Longo da via;0;1;0;1;0;0;0;0;0;0;0;0;0;(-38.5795 -3.826136);
366413;2021-02-04 08:40:00;RUA GERMANO FRANCK, 975;, ; 975;;;Colisão Traseira;Luz do Dia;Bom;Seca;Não informado;Outros;Longo da via;0;1;1;1;1;0;0;0;0;0;0;0;0;(-38.5640468 -3.7791427);
366333;2021-02-04 08:10:00;AVENIDA SEN CARLOS JEREISSATI (AEROPORTO), ;, ; ;;;Colisão;Luz do Dia;;;Meio de Quadra;;Longo da via;0;2;0;0;2;0;0;0;0;0;0;0;0;(-38.52685 -3.783753);
366332;2021-02-03 22:30:00;RD CE-060, ;, ; ;;;Colisão;;;;Meio de Quadra;;Longo da via;0;2;0;1;0;0;0;0;0;1;0;0;0;(-38.582111 -3.834064);
366331;2021-02-03 16:10:00;RD CE-060, ;, ; ;;;Colisão;Luz do Dia;;;Meio de Quadra;;Longo da via;0;2;0;0;1;0;0;0;0;0;0;0;0;(-38.5795 -3.826136);
366330;2021-02-03 13:40:00;AVENIDA SEN CARLOS JEREISSATI (AEROPORTO), ;, ; ;;;Colisão;Luz do Dia;;;Meio de Quadra;;Longo da via;0;2;0;0;2;0;0;0;0;0;0;0;0;(-38.550907 -3.77402);
366390;2021-02-03 00:30:00;AVENIDA BEZERRA DE MENEZES, 549;, ; 549;PARQUE ARAXA;;Colisão Transversal;Via Iluminada;Bom;Seca;Não informado;Semáforo;Longo da via;0;1;1;1;0;0;1;0;0;0;0;0;0;(-38.549851 -3.732636);
366387;2021-02-02 19:00:00;AVENIDA RUI BARBOSA, ;RUA JOAO CARVALHO, ; ;Não informado;;Colisão Transversal;Via Iluminada;Bom;Seca;Cruz;Semáforo;Cruzamento;0;1;0;1;1;0;0;0;0;0;0;0;0;(-38.509731 -3.736928);
366364;2021-02-02 19:00:00;RUA ALBERTO MAGNO, ;RUA ALVARO FERNANDES, ; ;MONTESE;;Colisão Traseira;Anoitecer;Bom;Seca;Cruz;Semáforo;Cruzamento;0;0;2;0;2;0;0;0;0;0;0;0;0;(-38.549422 -3.764244);
366388;2021-02-02 14:30:00;AVENIDA JOAO PESSOA, ;RUA MIGUEL GONCALVES, ; ;DAMAS;;Colisão Transversal;Luz do Dia;Bom;Seca;Cruz;Semáforo;Cruzamento;0;1;1;1;1;0;0;0;0;0;0;0;0;(-38.55508 -3.75871);
366111;2021-02-02 11:30:00;LOGRADOURO SEM NOME, ;, ; ;;;Colisão Transversal;Luz do Dia;;;Meio de Quadra;;Longo da via;0;1;1;1;1;0;0;0;0;0;0;0;0;(0 0);
366386;2021-02-02 09:50:00;RUA DR JOSE LOURENCO, ;RUA JULIO SIQUEIRA, ; ;;;Colisão Transversal;Luz do Dia;Bom;Seca;Cruz;Pare;Cruzamento;0;1;1;1;1;0;0;0;0;0;0;0;0;(-38.5122 -3.748473);
366100;2021-02-01 23:00:00;AVENIDA C CJ CEARA, ;RUA MIN ALBUQUERQUE LIMA, ; ;;;Capotamento;;;;Com Via Férrea;Não Há Controle;Cruzamento;0;1;0;0;1;0;0;0;0;0;0;0;0;(-38.611053 -3.7662394);
366106;2021-02-01 17:10:00;RUA JOAO CARVALHO, ;RUA MON BRUNO, ; ;;;Colisão Traseira;Anoitecer;;;Cruz;Pare;Cruzamento;0;2;0;0;2;0;0;0;0;0;0;0;0;(-38.510792 -3.736585);
366329;2021-02-01 16:25:00;RD CE-040, ;, ; ;;;Engavetamento;Luz do Dia;;;Meio de Quadra;;Longo da via;0;3;0;0;3;0;0;0;0;0;0;0;0;(-38.47606989 -3.84962623);
366096;2021-02-01 13:30:00;RUA LIBERATO BARROSO, ;AVENIDA IMPERADOR, ; ;;;Colisão Traseira;Luz do Dia;;;Cruz;Semáforo;Cruzamento;0;1;2;1;1;0;0;0;0;0;0;0;0;(-38.534257 -3.726511);
366103;2021-02-01 12:30:00;RUA ASSIS CHATEAUBRIAND, ;, ; ;;;Colisão Lateral;Luz do Dia;;;Meio de Quadra;;Longo da via;0;0;2;0;1;0;1;0;0;0;0;0;0;(0 0);
366097;2021-02-01 09:30:00;LOGRADOURO SEM NOME, 725;, ; 725;;;Colisão Lateral;Luz do Dia;;;Meio de Quadra;;Longo da via;0;0;2;0;1;0;1;0;0;0;0;0;0;(0 0);
366110;2021-02-01 00:10:00;RUA WALDIR DIOGO, ;, ; ;;;Capotamento;;;;Meio de Quadra;;Longo da via;0;1;0;0;1;0;0;0;0;0;0;0;0;(0 0);
366294;2021-01-31 19:00:00;RUA VALPARAISO, 1457;, ; 1457;;;Choque c/ Obstáculo Fixo;Via Iluminada;Bom;Seca;Meio de Quadra;Não Há Controle;Longo da via;0;1;0;0;1;0;0;0;0;0;0;0;0;(-38.533032 -3.838261);
366293;2021-01-31 05:00:00;RUA BERNARDO MANUEL, 8111;, ; 8111;;;Queda;Amanhecer;Bom;Seca;Meio de Quadra;Não Há Controle;Longo da via;0;1;0;0;1;0;0;0;0;0;0;0;0;(-38.5487927 -3.790498);
366287;2021-01-30 21:30:00;AVENIDA BAR STUDART, ;AVENIDA HIS RAIMUNDO GIRAO, ; ;;;Colisão Lateral;Via Iluminada;Bom;Seca;Cruz;Semáforo;Cruzamento;0;2;1;1;0;0;0;0;0;1;0;0;0;(-38.503367 -3.724494);
366363;2021-01-30 19:00:00;AVENIDA SEN CARLOS JEREISSATI (AEROPORTO), ;, ; ;;;Colisão;;;;Meio de Quadra;;Longo da via;0;2;0;0;2;0;0;0;0;0;0;0;0;(-38.535424 -3.782194);
366289;2021-01-30 15:30:00;AVENIDA JOSE JATAHY, ;RUA AZEVEDO BOLAO, ; ;FARIAS BRITO;;Colisão Transversal;Luz do Dia;Bom;Seca;Cruz;Semáforo;Cruzamento;0;2;0;2;0;0;0;0;0;0;0;0;0;(-38.544494 -3.733663);
366292;2021-01-30 07:20:00;RUA CEL MATOS DOURADO, ;RUA MON HIPOLITO BRASIL, ; ;HENRIQUE JORGE;;Colisão Lateral;Luz do Dia;Chuva;Molhada;Cruz;Pare;Cruzamento;0;1;1;1;0;0;0;1;0;0;0;0;0;(-38.583823 -3.756247);
366290;2021-01-30 06:00:00;AVENIDA DOM MANUEL, ;RUA TEN BENEVOLO, ; ;;;Colisão Transversal;Luz do Dia;Nublado;Seca;Cruz;Semáforo;Cruzamento;0;1;1;0;2;0;0;0;0;0;0;0;0;(-38.519888 -3.72454);
366291;2021-01-30 03:00:00;AVENIDA PONTES VIEIRA, ;, ; ;;;Queda;Via Iluminada;Nublado;Seca;Meio de Quadra;Outros;Longo da via;0;1;0;1;0;0;0;0;0;0;0;0;0;(0 0);
366288;2021-01-30 02:00:00;ALAMEDA HORTENCIAS, 111;, ; 111;CIDADE 2000;;Tombamento;Via Iluminada;Bom;Seca;Não informado;Não informado;Longo da via;0;1;0;0;2;0;0;0;0;0;0;0;0;(-38.474729 -3.752378);
366131;2021-01-29 20:30:00;RUA VER PEDRO PAULO MOREIRA, ;RUA JUNIOR ROCHA, ; ;PARQUE MANIBURA;;Colisão Lateral;Via Iluminada;Bom;Seca;Cruz;Pare;Cruzamento;0;2;1;1;1;0;0;0;0;0;0;0;0;(-38.487345 -3.787178);
366362;2021-01-29 19:00:00;RD CE-060, ;, ; ;;;Atropelamento;;;;Meio de Quadra;;Longo da via;0;2;0;1;0;0;0;0;0;0;0;0;0;(-38.582111 -3.834064);
366284;2021-01-29 18:00:00;AVENIDA DOMINGOS OLIMPIO, ;RUA PDE MORORO, ; ;;;Colisão Traseira;Anoitecer;Bom;Seca;Cruz;Semáforo;Cruzamento;0;0;2;0;2;0;0;0;0;0;0;0;0;(-38.539949 -3.733752);
366283;2021-01-29 16:35:00;AVENIDA PRS CASTELO BRANCO, ;RUA ADRIANO MARTINS, ; ;;;Colisão Traseira;Luz do Dia;Nublado;Seca;T;Não Há Controle;Cruzamento;0;1;2;0;1;0;1;0;0;0;0;0;0;(-38.545645 -3.714864);
366361;2021-01-29 14:50:00;RD CE-025, ;, ; ;;;Atropelamento;Luz do Dia;;;Meio de Quadra;;Longo da via;0;2;0;0;1;0;0;0;0;0;0;0;0;(-38.43594822 -3.809573817);
366286;2021-01-29 14:40:00;AVENIDA ABOLICAO, 2433;, ; 2433;MEIRELES;;Atropelamento;Luz do Dia;Bom;Seca;Não informado;Semáforo;Longo da via;0;2;1;0;1;0;0;0;0;0;0;0;0;(-38.49708989838385 -3.726709552605269);
366360;2021-01-29 10:30:00;AVENIDA SEN CARLOS JEREISSATI (AEROPORTO), ;, ; ;;;Colisão;Luz do Dia;;;Meio de Quadra;;Longo da via;0;2;0;0;2;0;0;0;0;0;0;0;0;(-38.544038 -3.779641);
366282;2021-01-29 07:30:00;AVENIDA JOSE BASTOS, 4700;, ; 4700;;;Choque c/ Obstáculo Fixo;Luz do Dia;Bom;Seca;Meio de Quadra;Não Há Controle;Longo da via;0;1;0;0;1;0;0;0;0;0;0;0;0;(-38.570184 -3.769039);
366536;2021-01-29 06:40:00;RUA GUSTAVO SAMPAIO, 201;, ; 201;;;Colisão Transversal;Luz do Dia;Nublado;Molhada;Meio de Quadra;Não Há Controle;Longo da via;0;2;0;2;0;0;0;0;0;0;0;0;0;(-38.5464296 -3.7332222);
366285;2021-01-29 05:05:00;AVENIDA DR SILAS MUNGUBA, ;RUA BERNARDO MANUEL, ; ;SERRINHA;;Colisão Transversal;Amanhecer;Nublado;Seca;Cruz;Semáforo;Cruzamento;0;2;1;0;1;0;0;1;0;0;0;0;0;(-38.54796 -3.787538);
366274;2021-01-28 21:00:00;AVENIDA DA INDEPENDENCIA, 1340;, ; 1340;QUINTINO CUNHA;;Atropelamento;Via Iluminada;Bom;Seca;Não informado;Não informado;Longo da via;0;1;0;1;0;0;0;0;0;1;0;0;0;(-38.59265700441157 -3.726372308842371);
366275;2021-01-28 15:30:00;AVENIDA JOVITA FEITOSA, ;AVENIDA ENG HUMBERTO MONTE, ; ;AMADEU FURTADO;;Colisão Lateral Sentido Oposto;Luz do Dia;Bom;Seca;Cruz;Semáforo;Cruzamento;0;1;1;1;1;0;0;0;0;0;0;0;0;(-38.566544 -3.741963);
366276;2021-01-28 14:45:00;RUA MON SALAZAR, ;RUA PRO CARVALHO, ; ;SAO JOAO DO TAUAPE;;Colisão Transversal;Luz do Dia;Bom;Seca;Cruz;Pare;Cruzamento;0;0;1;0;2;0;0;0;0;0;0;0;0;(-38.514308 -3.756146);
366279;2021-01-28 14:40:00;AVENIDA ABOLICAO, ;RUA NUNES VALENTE, ; ;MEIRELES;;Atropelamento;Luz do Dia;Bom;Seca;Cruz;Semáforo;Cruzamento;1;0;1;0;0;0;2;0;0;0;0;0;0;(-38.500384 -3.72575);
366359;2021-01-28 13:00:00;AVENIDA SEN CARLOS JEREISSATI (AEROPORTO), ;, ; ;;;Colisão;Luz do Dia;;;Meio de Quadra;;Longo da via;0;2;0;0;2;0;0;0;0;0;0;0;0;(-38.535424 -3.782194);
366280;2021-01-28 08:00:00;AVENIDA FRANCISCO SA, ;AVENIDA TEN LISBOA, ; ;;;Colisão Lateral;Luz do Dia;Nublado;Molhada;Cruz;Cancela;Cruzamento;0;0;2;0;1;1;0;0;0;0;0;0;0;(-38.555953 -3.717874);