COD_ACIDENTE;DATA;LOG1;LOG2;NUMERO;BAIRRO;AMC;NATUREZA;ILUMINACAO;TEMPO;SUPERFICIEPISTA;TIPOCRUZAMENTO;CONTROLETRAFEGO;USOSOLO;MORTOS;FERIDOS;ILESOS;MOTOCICLETA;AUTOMOVEL;MICROONIBUS;CAMINHAO;ONIBUS;CICLOMOTOR;BICICLETA;OUTROS;TREM;TRACAOANIMAL;COORDENADAS
366278;2021-01-28 08:00:00;RUA CONEGUNDES RODRIGUES, ;, ; ;;;Choque c/ Obstáculo Fixo;Luz do Dia;Nublado;Seca;Meio de Quadra;Não Há Controle;Longo da via;0;0;2;0;1;0;0;0;0;0;0;0;0;(0 0);
366277;2021-01-28 02:25:00;RUA TORRES CAMARA, ;, ; ;;;Choque c/ Obstáculo Fixo;Via Iluminada;Bom;Seca;Meio de Quadra;Não Há Controle;Longo da via;0;1;0;0;1;0;0;0;0;0;0;0;0;(0 0);
366260;2021-01-27 22:00:00;AVENIDA PRS COSTA E SILVA, ;, ; ;;;Colisão Transversal;Mal Iluminada;Bom;Seca;Meio de Quadra;Semáforo;Longo da via;0;2;0;2;0;0;0;0;0;0;0;0;0;(0 0);
366257;2021-01-27 19:00:00;AVENIDA SGT HERMINIO SAMPAIO, ;, ; ;;;Colisão Transversal;Via Iluminada;Bom;Seca;Meio de Quadra;Não Há Controle;Longo da via;0;2;0;0;0;0;1;0;0;1;0;0;0;(0 0);
366265;2021-01-27 15:20:00;AVENIDA PRS CASTELO BRANCO, ;, ; ;;;Engavetamento;Luz do Dia;Bom;Seca;Meio de Quadra;Semáforo;Longo da via;0;3;0;3;0;0;0;0;0;0;0;0;0;(0 0);
366263;2021-01-27 13:40:00;AVENIDA DUQ CAXIAS, ;RUA EPIFANIO LEITE, ; ;FARIAS BRITO;;Colisão Lateral;Luz do Dia;Bom;Seca;Cruz;Pare;Cruzamento;0;1;1;1;1;0;0;0;0;0;0;0;0;(-38.544236 -3.727112);
366273;2021-01-27 10:45:00;RUA PDE CICERO, ;RUA CARLOS CAMARA, ; ;;;Colisão Transversal;Luz do Dia;;;Cruz;Pare;Cruzamento;0;0;2;1;1;0;0;0;0;0;0;0;0;(-38.542599 -3.746473);
366271;2021-01-27 10:30:00;AVENIDA DES GONZAGA, 244;, ; 244;;;Colisão Transversal;Luz do Dia;Bom;Seca;Meio de Quadra;Não Há Controle;Longo da via;0;2;0;0;2;0;0;0;0;0;0;0;0;(-38.503603 -3.789116);
366268;2021-01-27 10:00:00;AVENIDA SANTOS DUMONT, ;RUA RODRIGUES JUNIOR, ; ;CENTRO;;Colisão Transversal;Luz do Dia;Bom;Seca;Cruz;Pare;Cruzamento;0;1;1;1;1;0;0;0;0;0;0;0;0;(-38.520153 -3.729144);
366266;2021-01-27 09:00:00;RUA DNA LUCIA PINHEIRO (QUINTINO CUNHA), ;AVENIDA MOZART PINHEIRO DE LUCENA, ; ;QUINTINO CUNHA;;Atropelamento;Luz do Dia;Bom;Seca;Cruz;Semáforo;Cruzamento;1;0;1;1;0;0;0;0;0;0;0;0;0;(-38.599423 -3.731603);
366272;2021-01-27 08:10:00;RUA 541 C CJ CEARA, ;, ; ;;;Colisão Transversal;Luz do Dia;Bom;Seca;Meio de Quadra;Pare;Longo da via;0;1;1;1;1;0;0;0;0;0;0;0;0;(0 0);
366267;2021-01-27 07:55:00;AVENIDA GOV RAUL BARBOSA, ;, ; ;;;Não informado;Luz do Dia;Nublado;Seca;Meio de Quadra;Não Há Controle;Longo da via;0;1;1;0;1;0;0;0;0;0;0;0;0;(0 0);
366269;2021-01-27 05:55:00;AVENIDA IMPERADOR, ;RUA METON DE ALENCAR, ; ;;;Colisão Transversal;Amanhecer;Nublado;Molhada;Cruz;Semáforo;Cruzamento;0;0;2;0;0;0;1;1;0;0;0;0;0;(-38.535869 -3.731966);
366358;2021-01-26 20:35:00;AVENIDA SEN CARLOS JEREISSATI (AEROPORTO), ;, ; ;AEROPORTO;;Atropelamento;Não informado;Não informado;Não informado;Não informado;Não informado;Longo da via;1;0;1;0;1;0;0;0;0;0;0;0;0;(-38.544038 -3.779641);
366255;2021-01-26 18:00:00;RUA RUA PASTOR SAMUEL MUNGUBA, ;, ; ;;;Colisão Transversal;Anoitecer;Bom;Seca;Meio de Quadra;Pare;Longo da via;0;2;1;1;1;0;0;0;0;0;0;0;0;(0 0);
366237;2021-01-26 13:20:00;AVENIDA DOM MANUEL, ;RUA PINTO MADEIRA, ; ;;;Colisão Traseira;Luz do Dia;Bom;Seca;Cruz;Semáforo;Cruzamento;0;2;0;0;2;0;0;0;0;0;0;0;0;(-38.521957 -3.730964);
366248;2021-01-26 13:00:00;TRAVESSA HELENA DE MARIA, ;, ; ;;;Colisão Transversal;Luz do Dia;Bom;Seca;Meio de Quadra;Pare;Longo da via;0;1;1;1;1;0;0;0;0;0;0;0;0;(0 0);
366221;2021-01-26 09:50:00;AVENIDA DEP PAULINO ROCHA, ;, ; ;;;Colisão Lateral;Luz do Dia;Bom;Seca;Meio de Quadra;Pare;Longo da via;0;1;1;1;1;0;0;0;0;0;0;0;0;(0 0);
366223;2021-01-26 08:30:00;AVENIDA ENG SANTANA JUNIOR, ;, ; ;;;Colisão Traseira;Luz do Dia;Nublado;Molhada;Meio de Quadra;Não Há Controle;Longo da via;0;3;0;1;2;0;0;0;0;0;0;0;0;(0 0);
366239;2021-01-26 08:20:00;AVENIDA SANTOS DUMONT, ;, ; ;;;Colisão Lateral;Luz do Dia;Bom;Seca;Meio de Quadra;Outros;Longo da via;0;1;1;1;1;0;0;0;0;0;0;0;0;(0 0);
366246;2021-01-26 07:40:00;AVENIDA JOVITA FEITOSA, 658;, ; 658;PARQUELANDIA;;Colisão Lateral;Luz do Dia;Nublado;Molhada;Não informado;Não informado;Longo da via;0;0;1;1;1;0;0;0;0;0;0;0;0;(-38.549727 -3.738471);
366249;2021-01-26 07:30:00;RUA OSCAR FRANCA, 2084;, ; 2084;;;Choque c/ Obstáculo Fixo;Luz do Dia;Chuva;Molhada;Meio de Quadra;Não Há Controle;Longo da via;0;1;0;0;1;0;0;0;0;0;0;0;0;(-38.609072 -3.788838);
366243;2021-01-26 06:00:00;RUA GAL PIRAGIBE, ;RUA GUSTAVO SAMPAIO, ; ;PARQUELANDIA;;Colisão Transversal;Luz do Dia;Chuva;Molhada;Cruz;Pare;Cruzamento;0;4;0;3;0;0;0;0;0;0;0;0;0;(-38.558398 -3.735661);
366222;2021-01-26 00:30:00;AVENIDA DR SILAS MUNGUBA, 880;, ; 880;;;Choque c/ Obstáculo Fixo;Via Iluminada;Chuva;Molhada;Meio de Quadra;Semáforo;Longo da via;0;0;1;0;1;0;0;0;0;0;0;0;0;(-38.5580501 -3.7811836);
366238;2021-01-26 00:30:00;RUA CON DE CASTRO, 956;, ; 956;;;Colisão Lateral;Via Iluminada;Chuva;Molhada;Meio de Quadra;Não Há Controle;Longo da via;0;1;0;1;0;1;0;0;0;0;0;0;0;(-38.570245 -3.781544);
366357;2021-01-25 18:02:00;RD CE-060, ;, ; ;;;Colisão;Anoitecer;;;Meio de Quadra;;Longo da via;0;2;0;0;2;0;0;0;0;0;0;0;0;(-38.582111 -3.834064);
366356;2021-01-25 16:00:00;RD CE-040, ;, ; ;;;Colisão;Luz do Dia;;;Meio de Quadra;;Longo da via;0;2;0;0;2;0;0;0;0;0;0;0;0;(-38.4817994 -3.773616148);
366220;2021-01-25 13:30:00;RUA FIS PERDIGAO, ;RUA CON BRAVEZA, ; ;;;Colisão Transversal;Luz do Dia;Bom;Seca;Cruz;Pare;Cruzamento;0;1;1;1;1;0;0;0;0;0;0;0;0;(-38.497098 -3.79947);
366214;2021-01-24 22:00:00;RUA BARBARA DE ALENCAR, ;RUA J DA PENHA, ; ;CENTRO;;Colisão Traseira;Anoitecer;Bom;Seca;Cruz;Pare;Cruzamento;0;1;0;0;2;0;0;0;0;0;0;0;0;(-38.51833291988959 -3.735365431572648);
366218;2021-01-24 20:40:00;RUA ROSA CRUZ, ;RUA LEON GRADVOHL, ; ;MARAPONGA;;Colisão Transversal;Via Iluminada;Bom;Seca;Cruz;Pare;Cruzamento;0;1;1;1;1;0;0;0;0;0;0;0;0;(-38.567025 -3.798812);
366215;2021-01-24 19:00:00;RUA CURITIBA, ;RUA SAO LUIS D30, ; ;;;Colisão Transversal;Via Iluminada;Bom;Seca;Cruz;Pare;Cruzamento;0;0;2;0;2;0;0;0;0;0;0;0;0;(-38.59089 -3.75623);
366216;2021-01-24 11:00:00;AVENIDA BEZERRA DE MENEZES, ;RUA PRO NOGUEIRA, ; ;;;Não informado;Luz do Dia;Bom;Seca;Cruz;Pare;Cruzamento;0;2;0;1;0;0;0;0;0;0;0;0;0;(-38.549985 -3.732672);
366217;2021-01-24 07:40:00;RUA D (RES MARCOS FREIRE), ;, ; ;;;Colisão Frontal;Luz do Dia;Bom;Seca;Meio de Quadra;Pare;Longo da via;0;2;0;0;2;0;0;0;0;0;0;0;0;(0 0);
366200;2021-01-23 21:50:00;AVENIDA DES MOREIRA, ;, ; ;;;Colisão Traseira;Via Iluminada;Bom;Seca;Meio de Quadra;Outros;Longo da via;0;0;2;0;2;0;0;0;0;0;0;0;0;(0 0);
366212;2021-01-23 19:30:00;RUA C (RES MARCOS FREIRE), 371;, ; 371;MONDUBIM;;Choque c/ Obstáculo Fixo;Mal Iluminada;Bom;Seca;Não informado;Não informado;Longo da via;1;1;0;0;1;0;0;0;0;0;0;0;0;(-38.5612707 -3.82301);
366211;2021-01-23 13:15:00;RUA PDE PEDRO DE ALENCAR, 1944;, ; 1944;;;Colisão Traseira;Luz do Dia;Bom;Seca;Meio de Quadra;Gesto;Longo da via;0;0;2;0;2;0;0;0;0;0;0;0;0;(-38.4946555 -3.8449513);
366202;2021-01-23 10:40:00;RUA TAUBATE, ;RUA TAQUARI, ; ;GRANJA PORTUGAL;;Colisão Transversal;Luz do Dia;Bom;Seca;Cruz;Pare;Cruzamento;0;2;0;2;0;0;0;0;0;0;0;0;0;(-38.59779 -3.77727);
366197;2021-01-23 00:30:00;AVENIDA CEL CARVALHO, 2853;, ; 2853;;;Engavetamento;;Chuva;Molhada;Meio de Quadra;Não Há Controle;Longo da via;0;4;0;0;4;0;0;0;0;0;0;0;0;(-38.585037 -3.7278974);
366213;2021-01-23 00:00:00;AVENIDA PRS CASTELO BRANCO, 4078;, ; 4078;;;Colisão Traseira;Via Iluminada;Bom;Seca;Meio de Quadra;Semáforo Intermitente;Longo da via;0;2;0;1;1;0;0;0;0;0;0;0;0;(-38.568938 -3.708206);
366181;2021-01-22 21:40:00;AVENIDA CONTORNO (CASTELÃO), ;, ; ;;;Colisão Transversal;Mal Iluminada;Bom;Seca;Meio de Quadra;Pare;Longo da via;0;2;0;1;0;0;0;0;0;0;0;0;0;(0 0);
366177;2021-01-22 19:40:00;RUA MONTE LIBANO, ;, ; ;;;Colisão Transversal;Via Iluminada;Bom;Seca;Meio de Quadra;Pare;Longo da via;0;2;0;1;1;0;0;0;0;0;0;0;0;(0 0);
366183;2021-01-22 14:05:00;RUA SAO LUIS D30, ;RUA FLORIANOPOLIS, ; ;;;Colisão Transversal;Luz do Dia;Bom;Seca;Cruz;Pare;Cruzamento;0;1;1;0;2;0;0;0;0;0;0;0;0;(-38.5919411 -3.7582572);
366184;2021-01-22 13:00:00;AVENIDA ALBERTO CRAVEIRO, 900;, ; 900;;;Colisão Traseira;Luz do Dia;Bom;Seca;Meio de Quadra;Não Há Controle;Longo da via;0;0;2;0;2;0;0;0;0;0;0;0;0;(-38.517167 -3.785967);
366182;2021-01-22 10:30:00;RUA TEREZA CRISTINA, 1195;, ; 1195;;;Atropelamento;Luz do Dia;Bom;Seca;Meio de Quadra;Semáforo;Longo da via;0;1;1;0;0;0;0;1;0;0;0;0;0;(-38.5378976 -3.7309814);
366186;2021-01-22 10:00:00;RUA COSTA BARROS, ;, ; ;;;Colisão Lateral;Luz do Dia;Bom;Seca;Meio de Quadra;Pare;Longo da via;0;1;1;1;1;0;0;0;0;0;0;0;0;(0 0);
366179;2021-01-22 09:00:00;AVENIDA FRANCISCO SA, ;, ; ;;;Colisão Lateral;Luz do Dia;Nublado;Seca;Meio de Quadra;Outros;Longo da via;0;2;0;0;2;0;0;0;0;0;0;0;0;(0 0);
366606;2021-01-22 08:00:00;AVENIDA GOV RAUL BARBOSA, ;AVENIDA GAL MURILO BORGES, ; ;;;Colisão Traseira;Luz do Dia;Chuva;Molhada;;Não Há Controle;Cruzamento;0;0;4;0;4;0;0;0;0;0;0;0;0;(-38.508802 -3.763977);
366178;2021-01-22 07:50:00;AVENIDA DOS EXPEDICIONARIOS, 3442;, ; 3442;;;Colisão Traseira;Luz do Dia;Chuva;Molhada;Meio de Quadra;Não Há Controle;Longo da via;0;0;2;0;1;0;1;0;0;0;0;0;0;(-38.536199 -3.748631);
366187;2021-01-22 07:10:00;AVENIDA LINEU MACHADO, 1543;, ; 1543;JOAO XXIII;;Atropelamento;Luz do Dia;Nublado;Seca;Não informado;Outros;Longo da via;0;1;0;1;0;0;0;0;0;1;0;0;0;(-38.58057097363999 -3.773119479763315);
366185;2021-01-22 02:50:00;RUA CORREIA LIMA D39, ;, ; ;;;Choque c/ Obstáculo Fixo;Mal Iluminada;Bom;Seca;Meio de Quadra;Não Há Controle;Longo da via;0;0;1;0;1;0;0;0;0;0;0;0;0;(0 0);
366180;2021-01-22 00:00:00;AVENIDA AGUANAMBI, 1760;, ; 1760;;;Colisão Traseira;Via Iluminada;Bom;Seca;Meio de Quadra;Outros;Longo da via;0;0;2;0;1;1;0;0;0;0;0;0;0;(-38.523395 -3.752061);
366175;2021-01-21 23:00:00;RUA MAJ FACUNDO, 1205;, ; 1205;;;Colisão;Via Iluminada;Bom;Seca;Não informado;Não informado;Longo da via;0;1;1;0;2;0;0;0;0;0;0;0;0;(-38.5297069 -3.7335413);
366355;2021-01-21 22:35:00;RD CE-025, ;, ; ;;;Engavetamento;;;;Meio de Quadra;;Longo da via;0;2;0;0;1;0;1;0;0;0;0;0;0;(-38.43594822 -3.809573817);
366171;2021-01-21 21:10:00;RUA HOLANDA, ;RUA FRANCISCO GLICERIO, ; ;MARAPONGA;;Colisão Lateral;Via Iluminada;Bom;Seca;T;Pare;Cruzamento;0;1;1;1;1;0;0;0;0;0;0;0;0;(-38.562214 -3.798266);
366174;2021-01-21 20:00:00;AVENIDA BEZERRA DE MENEZES, ;, ; ;;;Colisão Lateral;Via Iluminada;Bom;Seca;Meio de Quadra;Não Há Controle;Longo da via;0;1;3;2;2;0;0;0;0;0;0;0;0;(0 0);
366354;2021-01-21 15:25:00;RD CE-040, ;, ; ;;;Outros;Luz do Dia;;;Meio de Quadra;;Longo da via;0;2;0;0;0;0;1;0;0;0;0;0;0;(-38.4817994 -3.773616148);
366172;2021-01-21 14:48:00;AVENIDA PRS COSTA E SILVA, ;RUA GASTAO JUSTA, ; ;MONDUBIM;;Colisão;Luz do Dia;Bom;Seca;T;Pare;Cruzamento;0;1;0;1;1;0;0;0;0;0;0;0;0;(-38.571591 -3.812844);
366173;2021-01-21 14:40:00;AVENIDA DOM LUIS, ;RUA CEL JUCA, ; ;;;Atropelamento;Luz do Dia;Bom;Seca;Cruz;Semáforo;Cruzamento;1;0;1;0;1;0;0;0;0;0;0;0;0;(-38.490579 -3.735452);
366170;2021-01-21 08:00:00;RUA TORRES CAMARA, ;RUA JOAQUIM NABUCO, ; ;ALDEOTA;;Colisão Transversal;Luz do Dia;Bom;Seca;Cruz;Semáforo;Cruzamento;0;1;1;1;1;0;0;0;0;0;0;0;0;(-38.50193 -3.73726);
366176;2021-01-21 07:20:00;RUA 1064 CJ CEARA, ;, ; ;;;Colisão Transversal;Luz do Dia;Nublado;Molhada;Meio de Quadra;Outros;Longo da via;0;1;1;1;1;0;0;0;0;0;0;0;0;(0 0);
366168;2021-01-20 22:00:00;AVENIDA AUGUSTO DOS ANJOS, 1599;, ; 1599;BONSUCESSO;;Colisão Transversal;Mal Iluminada;Chuva;Molhada;Não informado;Não informado;Longo da via;0;1;0;1;0;0;0;0;0;0;0;0;0;(-38.57946 -3.780508);
366167;2021-01-20 22:00:00;AVENIDA PRS COSTA E SILVA, 3601;, ; 3601;;;Acidente Pessoal;Via Iluminada;Chuva;Molhada;Meio de Quadra;;Longo da via;0;0;2;0;1;0;0;1;0;0;0;0;0;(-38.548775 -3.8237493);
366137;2021-01-20 20:30:00;RUA BAR ARATANHA, ;RUA SILVA JARDIM, ; ;;;Colisão Lateral;Não informado;Bom;Seca;Cruz;Pare;Cruzamento;0;2;0;1;1;0;0;0;0;0;0;0;0;(-38.529351 -3.741779);
366134;2021-01-20 19:00:00;AVENIDA JOSE TAVARES, ;, ; ;;;Colisão Transversal;Via Iluminada;Bom;Molhada;Meio de Quadra;Não Há Controle;Longo da via;0;2;1;2;0;0;0;0;0;0;0;0;0;(0 0);
366136;2021-01-20 18:20:00;AVENIDA DR THEBERGE, ;RUA LUIS GUIMARAES, ; ;PRESIDENTE KENNEDY;;Colisão;Anoitecer;Nublado;Seca;T;Não informado;Cruzamento;0;1;0;1;1;0;0;0;0;0;0;0;0;(-38.567944 -3.723788);
366139;2021-01-20 13:30:00;AVENIDA BEZERRA DE MENEZES, 1115;, ; 1115;;;Colisão Traseira;Luz do Dia;Bom;Molhada;Meio de Quadra;Semáforo;Longo da via;0;1;1;0;1;0;1;0;0;0;0;0;0;(-38.554706 -3.7339235);
366141;2021-01-20 13:00:00;RUA CEL PERGENTINO FERREIRA, ;RUA LAURO MAIA, ; ;;;Colisão Lateral;Luz do Dia;Chuva;Molhada;Cruz;Semáforo;Cruzamento;0;0;2;0;2;0;0;0;0;0;0;0;0;(-38.522736 -3.748036);
366353;2021-01-20 10:10:00;RD CE-025, ;, ; ;;;Colisão;Luz do Dia;;;Meio de Quadra;;Longo da via;0;2;0;0;2;0;0;0;0;0;0;0;0;(-38.46108452 -3.807634505);
366140;2021-01-20 08:50:00;RUA SEN POMPEU, ;RUA SEN JAGUARIBE, ; ;;;Colisão Traseira;Luz do Dia;Nublado;Seca;Cruz;Pare;Cruzamento;0;0;2;0;2;0;0;0;0;0;0;0;0;(-38.528055 -3.721667);
366138;2021-01-20 07:40:00;RUA SENA MADUREIRA, 960;, ; 960;CENTRO;;Colisão Traseira;Luz do Dia;Nublado;Não informado;Não informado;Outros;Longo da via;0;1;1;1;1;0;0;0;0;0;0;0;0;(-38.525666 -3.729618);
366169;2021-01-20 00:00:00;RUA TEN BENEVOLO, 699;, ; 699;;;Colisão Lateral;;Bom;Seca;Meio de Quadra;Não Há Controle;Longo da via;0;3;0;1;2;0;0;0;0;0;0;0;0;(-38.5147874 -3.7259786);
366135;2021-01-20 00:00:00;AVENIDA HEROIS DO ACRE, ;AVENIDA PRUDENTE BRASIL, ; ;;;Outros;Via Iluminada;Nublado;Seca;Cruz;Semáforo;Cruzamento;0;1;0;0;0;0;0;0;0;0;0;0;0;(-38.532196 -3.803135);
366132;2021-01-19 22:30:00;RUA ARTHUR TEMOTEO, ;RUA SOUSA GIRAO, ; ;FATIMA;;Colisão Lateral;Via Iluminada;Bom;Seca;Cruz;Pare;Cruzamento;0;1;1;1;1;0;0;0;0;0;0;0;0;(-38.52448 -3.745757);
366107;2021-01-19 22:00:00;RUA PRO HERACLITO, ;RUA JULIO AZEVEDO, ; ;VICENTE PINZON;;Colisão Lateral;Mal Iluminada;Nublado;Molhada;Cruz;Pare;Cruzamento;1;1;1;1;1;0;0;0;0;0;0;0;0;(-38.4757 -3.732449);
366094;2021-01-19 19:40:00;RUA DEMETRIO MENEZES, ;RUA JOAQUIM ALBANO, ; ;;;Atropelamento;Via Iluminada;Bom;Seca;Y;Semáforo Intermitente;Cruzamento;0;2;0;0;0;0;0;1;0;0;0;0;0;(-38.584096 -3.73591);
366093;2021-01-19 16:30:00;AVENIDA ZEZE DIOGO, ;RUA PRO ALVARO COSTA, ; ;CAIS DO PORTO;;Colisão;Luz do Dia;Nublado;Seca;T;Pare;Cruzamento;0;1;0;0;0;0;0;0;0;0;1;0;0;(-38.462565 -3.7220144);
366092;2021-01-19 12:35:00;AVENIDA LUCIANO CARNEIRO, ;, ; ;;;Queda;Luz do Dia;Chuva;Molhada;Meio de Quadra;Semáforo;Longo da via;0;1;0;1;0;0;0;0;0;0;0;0;0;(0 0);
366105;2021-01-19 11:00:00;AVENIDA CEL CARVALHO, ;, ; ;;;Engavetamento;Luz do Dia;Chuva;Molhada;Meio de Quadra;Pare;Longo da via;0;0;3;0;3;0;0;0;0;0;0;0;0;(0 0);
366102;2021-01-19 11:00:00;AVENIDA CEL CARVALHO, ;, ; ;;;Colisão Lateral;Luz do Dia;Chuva;Molhada;Meio de Quadra;Pare;Longo da via;0;0;2;0;1;0;0;1;0;0;0;0;0;(0 0);
366095;2021-01-19 09:30:00;RUA PEDRO DANTAS, ;RUA CAPRICHO, ; ;DIAS MACEDO;;Colisão Lateral;Luz do Dia;Chuva;Molhada;T;Pare;Cruzamento;0;1;1;1;0;0;0;1;0;0;0;0;0;(-38.524906 -3.785382);
366133;2021-01-19 08:35:00;AVENIDA GODOFREDO MACIEL, 2947;, ; 2947;MARAPONGA;;Colisão Lateral;Luz do Dia;Chuva;Molhada;Não informado;Semáforo;Longo da via;0;1;0;1;1;0;0;0;0;0;0;0;0;(-38.571377 -3.801128);
366352;2021-01-19 08:30:00;RD CE-040, ;, ; ;MESSEJANA;;Queda;Luz do Dia;Não informado;Não informado;Não informado;Não informado;Longo da via;0;0;0;1;0;0;0;0;0;0;0;0;0;(-38.48254730906311 -3.834332491572813);
366086;2021-01-18 21:30:00;AVENIDA JOSE LEON, ;AVENIDA DR JOAO MACIEL FILHO, ; ;JARDIM DAS OLIVEIRAS;;Colisão Transversal;Via Iluminada;Bom;Seca;T;Pare;Cruzamento;0;1;1;0;1;0;0;0;0;1;0;0;0;(-38.496603 -3.78913);
366085;2021-01-18 18:00:00;RUA CEL MATOS DOURADO, 281;, ; 281;;;Colisão Traseira;Anoitecer;Nublado;Seca;Meio de Quadra;Semáforo;Longo da via;0;1;1;0;1;0;0;0;0;0;0;0;0;(-38.5850099 -3.7410321);
366351;2021-01-18 17:30:00;RD CE-040, ;, ; ;;;Colisão;Anoitecer;;;Meio de Quadra;;Longo da via;0;4;0;2;2;0;0;0;0;0;0;0;0;(-38.47204254 -3.857690949);
366084;2021-01-18 15:20:00;RUA MAJ VERISSIMO, ;RUA BAR CRATO, ; ;VILA ELLERY;;Outros;Luz do Dia;Bom;Seca;Cruz;Pare;Cruzamento;0;1;1;1;1;0;0;0;0;0;0;0;0;(-38.562705 -3.722084);
366087;2021-01-18 14:30:00;RUA CASTRO E SILVA, ;RUA CONDE D´EU, ; ;;;Colisão Traseira;Luz do Dia;Bom;Seca;T;Semáforo;Cruzamento;0;2;0;0;2;0;0;0;0;0;0;0;0;(-38.5253729 -3.7257655);
366088;2021-01-18 10:49:00;RUA GUSTAVO SAMPAIO, ;RUA PEDRO DE QUEIROZ, ; ;PARQUELANDIA;;Colisão Transversal;Luz do Dia;Bom;Seca;Cruz;Pare;Cruzamento;0;1;0;1;1;0;0;0;0;0;0;0;0;(-38.560577 -3.736097);
366083;2021-01-18 10:05:00;RUA ROSA CRUZ, ;RUA LEON GRADVOHL, ; ;;;Outros;Luz do Dia;Nublado;Seca;Cruz;Pare;Cruzamento;0;1;1;0;2;0;0;0;0;0;0;0;0;(-38.567025 -3.798812);
366091;2021-01-18 09:15:00;AVENIDA HIS RAIMUNDO GIRAO, 650;, ; 650;;;Colisão Lateral;Luz do Dia;Nublado;Seca;Meio de Quadra;Não Há Controle;Longo da via;0;1;1;1;1;0;0;0;0;0;0;0;0;(-38.5098661 -3.7216152);
366349;2021-01-18 09:00:00;AVENIDA MIN JOSE AMERICO, ;, ; ;;;Colisão;Luz do Dia;;;Meio de Quadra;;Longo da via;0;2;0;0;2;0;0;0;0;0;0;0;0;(0 0);
366089;2021-01-18 08:40:00;AVENIDA GOV RAUL BARBOSA, ;, ; ;;;Não informado;Luz do Dia;Nublado;Molhada;Meio de Quadra;Não Há Controle;Longo da via;0;1;1;1;1;0;0;0;0;0;0;0;0;(0 0);
366350;2021-01-18 08:20:00;RD CE-040, ;, ; ;;;Colisão;Luz do Dia;;;Meio de Quadra;;Longo da via;0;2;0;0;2;0;0;0;0;0;0;0;0;(-38.4810839 -3.782614325);
366090;2021-01-18 08:00:00;RUA EMILIO DE MENESES, ;RUA DUAS NACOES, ; ;;;Colisão Transversal;Luz do Dia;Nublado;Seca;Cruz;Semáforo;Cruzamento;0;1;1;1;1;0;0;0;0;0;0;0;0;(-38.602223 -3.77758);
366081;2021-01-17 22:15:00;RUA DA COPAIBA, ;RUA DA AMBAIBA, ; ;JARDIM DAS OLIVEIRAS;;Queda;Via Iluminada;Bom;Seca;T;Pare;Cruzamento;0;0;1;0;0;0;0;0;0;0;1;0;0;(-38.511238 -3.784632);
366082;2021-01-17 20:30:00;AVENIDA GOV RAUL BARBOSA, 7498;, ; 7498;;;Queda;Via Iluminada;Bom;Seca;Meio de Quadra;Não Há Controle;Longo da via;0;1;0;1;0;0;0;0;0;0;0;0;0;(-38.5135835 -3.77741);
366079;2021-01-17 12:50:00;RUA BAR RIO BRANCO, 2424;, ; 2424;;;Colisão Lateral;Luz do Dia;Bom;Seca;Meio de Quadra;Não Há Controle;Longo da via;0;1;1;1;1;0;0;0;0;0;0;0;0;(-38.532427 -3.73955);
366078;2021-01-17 05:10:00;RUA JOSE TORRES, ;RUA HUMBERTO LOMEU, ; ;;;Colisão Transversal;Amanhecer;Bom;Seca;Cruz;Pare;Cruzamento;0;1;1;1;0;0;0;1;0;0;0;0;0;(-38.607452 -3.78064);
366077;2021-01-17 01:00:00;AVENIDA JOSE BASTOS, ;RUA DELMIRO FARIAS, ; ;RODOLFO TEOFILO;;Colisão;Via Iluminada;Bom;Seca;Cruz;Semáforo;Cruzamento;0;1;1;1;1;0;0;0;0;0;0;0;0;(-38.548958 -3.7483552);
366080;2021-01-17 00:00:00;RUA STA JULIA, ;RUA ARARIPE PRATA, ; ;;;Colisão Transversal;;Bom;;Cruz;Pare;Cruzamento;0;2;0;2;0;0;0;0;0;0;0;0;0;(-38.569074 -3.775083);
366076;2021-01-16 21:30:00;AVENIDA CARAPINIMA, 2415;, ; 2415;BENFICA;;Choque c/ Obstáculo Fixo;Via Iluminada;Bom;Seca;Não informado;Não informado;Longo da via;0;1;0;2;0;0;0;0;0;0;0;0;0;(-38.540886 -3.740648);
366071;2021-01-16 20:40:00;AVENIDA ENG ALBERTO SA, ;RUA JULIO AZEVEDO, ; ;PAPICU;;Colisão Transversal;Anoitecer;Bom;Seca;Cruz;Pare;Cruzamento;0;2;1;1;1;0;0;0;0;0;0;0;0;(-38.476848 -3.734278);
366064;2021-01-16 16:45:00;RUA GUARANI D65, 31;, ; 31;;;Colisão Lateral;Luz do Dia;Bom;Seca;Meio de Quadra;Pare;Longo da via;0;1;1;1;1;0;0;0;0;0;0;0;0;(-38.5818769 -3.7673982);
366074;2021-01-16 15:50:00;RUA HERMINIA BONAVIDES, ;RUA RENATO BRAGA, ; ;DE LOURDES;;Colisão Lateral;Luz do Dia;Bom;Não informado;Y;Pare;Cruzamento;0;1;1;1;1;0;0;0;0;0;0;0;0;(-38.4649223 -3.7319934);
366075;2021-01-16 15:30:00;AVENIDA IMPERADOR, ;RUA GAL CLARINDO DE QUEIROZ, ; ;CENTRO;;Colisão Lateral;Luz do Dia;Bom;Seca;Cruz;Semáforo;Cruzamento;0;1;1;1;1;0;0;0;0;0;0;0;0;(-38.535526 -3.730955);
366073;2021-01-16 13:00:00;AVENIDA FRE CIRILO, 4151;, ; 4151;;;Engavetamento;Luz do Dia;Bom;Seca;Meio de Quadra;Não Há Controle;Longo da via;0;1;3;0;3;0;1;0;0;0;0;0;0;(-38.4959355 -3.8202529);
366057;2021-01-16 11:10:00;AVENIDA VICENTE DE CASTRO, 5301;, ; 5301;;;Colisão Lateral;Luz do Dia;Bom;Seca;Meio de Quadra;Cancela Danificada;Longo da via;0;0;2;0;1;0;0;0;0;0;0;0;0;(-38.47517813 -3.718825523);
366348;2021-01-16 00:00:00;RD CE-025, ;, ; ;;;Colisão;;;;Meio de Quadra;;Longo da via;0;2;0;1;1;0;0;0;0;0;0;0;0;(-38.4700486 -3.807811443);
366321;2021-01-15 20:45:00;AVENIDA DR SILAS MUNGUBA, ;RUA PARAGUACU D45, ; ;SERRINHA;;Colisão Transversal;Via Iluminada;Bom;Seca;Cruz;Semáforo;Cruzamento;1;0;1;1;0;0;0;1;0;0;0;0;0;(-38.540724 -3.790248);
366327;2021-01-15 19:00:00;AVENIDA PRS CASTELO BRANCO, 400;, ; 400;;;Queda;Via Iluminada;Bom;Seca;Meio de Quadra;Outros;Longo da via;0;2;0;0;0;0;0;1;0;1;0;0;0;(-38.530144 -3.720316);
366325;2021-01-15 18:15:00;AVENIDA JOAO PESSOA, ;RUA JOAO SORONGO, ; ;DAMAS;;Colisão Transversal;Anoitecer;Bom;Seca;Cruz;Pare;Cruzamento;0;1;1;1;0;0;0;1;0;0;0;0;0;(-38.546069 -3.748663);
366324;2021-01-15 18:00:00;RUA JUSTINO CAFE NETO, ;, ; ;;;Colisão Transversal;Anoitecer;Bom;;Meio de Quadra;;Longo da via;0;1;1;1;1;0;0;0;0;0;0;0;0;(0 0);
366326;2021-01-15 17:40:00;AVENIDA DOM MANUEL, 161;, ; 161;;;Colisão Traseira;Luz do Dia;Bom;Seca;Meio de Quadra;Não Há Controle;Longo da via;0;1;1;1;1;0;0;0;0;0;0;0;0;(-38.520244 -3.725647);
366320;2021-01-15 17:12:00;RUA PDE VALDEVINO, ;RUA GONCALVES LEDO, ; ;JOAQUIM TVORA;;Colisão Transversal;Anoitecer;Bom;Seca;Cruz;Pare;Cruzamento;0;3;0;0;2;0;0;0;0;0;0;0;0;(-38.51861 -3.738571);
366323;2021-01-15 14:15:00;RUA MARIA JULIA, ;RUA GUSTAVO BARROSO, ; ;;;Colisão Transversal;Luz do Dia;Bom;Seca;Cruz;Pare;Cruzamento;0;2;0;2;0;0;0;0;0;0;0;0;0;(-38.598031 -3.786307);
366328;2021-01-15 09:17:00;AVENIDA PRS CASTELO BRANCO, ;RUA ADOLFO CAMINHA, ; ;;;Colisão Traseira;Luz do Dia;Bom;Seca;Y;Pare;Cruzamento;0;1;1;1;1;0;0;0;0;0;0;0;0;(-38.528344 -3.720944);
366322;2021-01-15 06:05:00;AVENIDA IMPERADOR, ;RUA GAL CLARINDO DE QUEIROZ, ; ;;;Colisão Lateral;Luz do Dia;Bom;Seca;Cruz;Semáforo;Cruzamento;0;2;0;0;1;0;0;1;0;0;0;0;0;(-38.535526 -3.730955);
366317;2021-01-14 19:00:00;RUA TEN BENEVOLO, ;RUA GONCALVES LEDO, ; ;CENTRO;;Tombamento;Via Iluminada;Bom;Seca;Cruz;Pare;Cruzamento;0;2;0;1;1;0;0;0;0;0;0;0;0;(-38.514537 -3.726183);
366315;2021-01-14 16:00:00;RUA GALILEU, ;RUA GOV JOAO CARLOS, ; ;ITAOCA;;Tombamento;Luz do Dia;Bom;Seca;Cruz;Pare;Cruzamento;0;1;1;0;1;0;1;0;0;0;0;0;0;(-38.55128 -3.7772);
366314;2021-01-14 15:30:00;AVENIDA JULIO VENTURA, 1595;, ; 1595;ALDEOTA;;Colisão Lateral;Luz do Dia;Bom;Seca;Não informado;Não informado;Longo da via;0;0;0;1;1;0;0;0;0;0;0;0;0;(-38.5096877 -3.7383458);
366316;2021-01-14 15:00:00;RUA CAP CLOVIS MAIA, 5295;, ; 5295;;;Choque c/ Obstáculo Fixo;Luz do Dia;Bom;Seca;Meio de Quadra;Não Há Controle;Longo da via;0;1;0;0;1;0;0;0;0;0;0;0;0;(-38.5128335 -3.7683182);
366319;2021-01-14 07:50:00;AVENIDA LUIZ VIEIRA, ;, ; ;;;Colisão Lateral;Luz do Dia;Nublado;;Meio de Quadra;Outros;Longo da via;0;2;1;1;0;0;0;1;0;0;0;0;0;(0 0);
366306;2021-01-13 18:00:00;RUA PRO COSTA MENDES, 1000;, ; 1000;DAMAS;;Colisão Lateral;Anoitecer;Bom;Seca;Não informado;Não informado;Longo da via;0;1;1;1;1;0;0;0;0;0;0;0;0;(-38.548562 -3.753199);