COD_ACIDENTE;DATA;LOG1;LOG2;NUMERO;BAIRRO;AMC;NATUREZA;ILUMINACAO;TEMPO;SUPERFICIEPISTA;TIPOCRUZAMENTO;CONTROLETRAFEGO;USOSOLO;MORTOS;FERIDOS;ILESOS;MOTOCICLETA;AUTOMOVEL;MICROONIBUS;CAMINHAO;ONIBUS;CICLOMOTOR;BICICLETA;OUTROS;TREM;TRACAOANIMAL;COORDENADAS
366347;2021-01-13 17:20:00;RD CE-040, ;, ; ;;;Colisão;Anoitecer;;;Meio de Quadra;;Longo da via;0;1;0;0;1;0;0;0;0;0;0;0;0;(-38.4810839 -3.782614325);
366307;2021-01-13 15:30:00;RUA ARGENTINA, 430;, ; 430;;;Colisão Frontal;Luz do Dia;Bom;Seca;Meio de Quadra;Não Há Controle;Longo da via;0;1;1;1;1;0;0;0;0;0;0;0;0;(-38.565842 -3.7486072);
366308;2021-01-13 15:16:00;AVENIDA PRS CASTELO BRANCO, 2709;, ; 2709;;;Colisão Transversal;Luz do Dia;Bom;Seca;Meio de Quadra;;Longo da via;0;1;1;0;1;0;0;0;1;0;0;0;0;(-38.552027 -3.712695);
366312;2021-01-13 15:00:00;RUA SEN POMPEU, 1175;, ; 1175;;;Colisão Traseira;Luz do Dia;Bom;Seca;Meio de Quadra;Semáforo;Longo da via;0;0;2;0;1;0;1;0;0;0;0;0;0;(-38.5301186 -3.7290178);
366309;2021-01-13 13:00:00;AVENIDA CARNEIRO DE MENDONCA, ;RUA NETUNO, ; ;JOQUEI CLUBE;;Colisão Transversal;Luz do Dia;Bom;Seca;T;Semáforo;Cruzamento;0;1;0;1;1;0;0;0;0;0;0;0;0;(-38.571592 -3.761518);
366346;2021-01-13 10:30:00;RD CE-060, ;, ; ;;;Colisão;Luz do Dia;;;Meio de Quadra;;Longo da via;0;2;0;0;2;0;0;0;0;0;0;0;0;(-38.5795 -3.826136);
366302;2021-01-13 10:30:00;RUA BAR AQUIRAZ, 1704;, ; 1704;;;Colisão Lateral;Luz do Dia;Bom;Seca;Meio de Quadra;Não Há Controle;Longo da via;0;0;2;1;1;0;0;0;0;0;0;0;0;(-38.476868 -3.8494823);
366311;2021-01-13 09:00:00;AVENIDA OLIVEIRA PAIVA, ;RUA LIDIA BRIGIDO, ; ;CIDADE DOS FUNCIONRAIOS;;Colisão Transversal;Luz do Dia;Bom;Seca;Cruz;Semáforo;Cruzamento;0;1;1;0;1;0;0;0;1;0;0;0;0;(-38.484139 -3.796087);
366305;2021-01-13 08:50:00;RUA BAR CRATO, ;RUA CAP NESTOR GOIS, ; ;;;Colisão Lateral;Luz do Dia;Bom;Seca;Cruz;Não Há Controle;Cruzamento;0;2;0;1;1;0;0;0;0;0;0;0;0;(-38.561703 -3.721812);
366310;2021-01-13 08:00:00;AVENIDA PRS COSTA E SILVA, 1900;, ; 1900;MONDUBIM;;Colisão Transversal;Luz do Dia;Bom;Seca;Não informado;Não informado;Longo da via;0;1;1;1;1;0;0;0;0;0;0;0;0;(-38.564409 -3.818193);
366313;2021-01-13 07:30:00;AVENIDA JOSE BASTOS, ;RUA PORFIRIO SAMPAIO, ; ;RODOLFO TEOFILO;;Colisão;Luz do Dia;Bom;Seca;T;Semáforo;Cruzamento;0;1;2;1;2;0;0;0;0;0;1;0;0;(-38.546271 -3.745851);
366303;2021-01-13 00:09:00;RUA ANSELMO NOGUEIRA, 42;, ; 42;;;Colisão Traseira;Via Iluminada;Bom;Seca;Meio de Quadra;Pare;Longo da via;0;1;1;2;0;0;0;0;0;0;0;0;0;(-38.588443 -3.785742);
366304;2021-01-13 00:00:00;AVENIDA JOAO PESSOA, 5823;, ; 5823;;;Colisão Transversal;Via Iluminada;Bom;Seca;Meio de Quadra;Outros;Longo da via;0;1;1;1;0;0;1;0;0;0;0;0;0;(-38.55741574 -3.761578262);
366301;2021-01-12 22:30:00;AVENIDA DOM LUIS, ;AVENIDA SEN VIRGILIO TAVORA, ; ;ALDEOTA;;Colisão Transversal;Via Iluminada;Bom;Seca;Cruz;Semáforo;Cruzamento;0;1;1;1;1;0;0;0;0;0;0;0;0;(-38.492507 -3.734829);
366300;2021-01-12 20:00:00;AVENIDA BORGES DE MELO, 106;, ; 106;;;Colisão Traseira;Via Iluminada;Bom;Seca;Meio de Quadra;Semáforo;Longo da via;0;2;0;0;1;0;0;0;0;1;0;0;0;(-38.518994 -3.761441);
366298;2021-01-12 18:30:00;RUA MIGUEL COUTO, ;RUA SILVIA, ; ;PAUPINA;;Colisão Lateral;Anoitecer;Bom;Seca;Cruz;Pare;Cruzamento;0;2;1;1;1;0;0;0;0;0;0;0;0;(-38.4892422 -3.8382879);
366299;2021-01-12 18:30:00;AVENIDA DOS EXPEDICIONARIOS, 4788;, ; 4788;;;Colisão Lateral;Anoitecer;Bom;Seca;Meio de Quadra;Pare;Longo da via;0;1;1;1;1;0;0;0;0;0;0;0;0;(-38.540306 -3.761105);
366262;2021-01-12 15:30:00;AVENIDA JOVITA FEITOSA, ;RUA AMADEU FURTADO, ; ;PARQUELANDIA;;Colisão Transversal;Luz do Dia;Bom;Seca;Cruz;Semáforo;Cruzamento;0;1;1;1;1;0;0;0;0;0;0;0;0;(-38.562915 -3.741173);
366261;2021-01-12 13:40:00;RUA SOLON PINHEIRO, ;AVENIDA DUQ CAXIAS, ; ;CENTRO;;Atropelamento;Luz do Dia;Bom;Seca;Cruz;Semáforo;Cruzamento;0;1;1;0;0;0;0;1;0;0;0;0;0;(-38.527034 -3.732704);
366296;2021-01-12 10:30:00;RUA DR CARLOS R PAMPLONA, ;AVENIDA WASHINGTON SOARES, ; ;;;Choque c/ Obstáculo Fixo;Luz do Dia;Bom;Seca;T;Semáforo;Cruzamento;0;1;0;0;1;0;0;0;0;0;0;0;0;(-38.481778 -3.774374);
366264;2021-01-12 09:30:00;RUA BENTO GONCALVES, ;, ; ;;;Colisão Frontal;Luz do Dia;Bom;Seca;Meio de Quadra;Pare;Longo da via;0;1;1;1;1;0;0;0;0;0;0;0;0;(0 0);
366297;2021-01-12 05:40:00;RUA GAL SAMPAIO, ;RUA PEDRO PEREIRA, ; ;;;Colisão Transversal;Amanhecer;Bom;Seca;Cruz;Semáforo;Cruzamento;0;1;1;1;1;0;0;0;0;0;0;0;0;(-38.531335 -3.728779);
366253;2021-01-11 21:15:00;AVENIDA OLIVEIRA PAIVA, 740;, ; 740;;;Queda;Via Iluminada;Bom;Seca;Meio de Quadra;Não Há Controle;Longo da via;0;1;0;1;0;0;0;0;0;0;0;0;0;(-38.499 -3.7966208);
366245;2021-01-11 20:00:00;AVENIDA DA UNIVERSIDADE, ;RUA PDE FRANCISCO PINTO, ; ;;;Não informado;;Bom;Seca;Cruz;Semáforo;Cruzamento;0;1;1;1;1;0;0;0;0;0;0;0;0;(-38.540777 -3.742799);
366236;2021-01-11 19:00:00;RUA BERNARDO MANUEL, ;, ; ;;;Colisão Traseira;;Bom;Seca;Meio de Quadra;Não Há Controle;Longo da via;0;1;1;1;1;0;0;0;0;0;0;0;0;(0 0);
366247;2021-01-11 19:00:00;AVENIDA DA INDEPENDENCIA, ;RUA GONCALO BEZERRA, ; ;QUINTINO CUNHA;;Colisão Transversal;Via Iluminada;Bom;Seca;Cruz;Não informado;Cruzamento;0;1;1;1;1;0;0;0;0;0;0;0;0;(-38.5859287 -3.7283831);
366259;2021-01-11 17:00:00;RUA BERNARDO MANUEL, 9981;, ; 9981;;;Colisão Traseira;Luz do Dia;Bom;Seca;Meio de Quadra;Não Há Controle;Longo da via;0;1;1;1;1;0;0;0;0;0;0;0;0;(-38.553019 -3.804076);
366244;2021-01-11 15:00:00;AVENIDA DEP PAULINO ROCHA, 2845;, ; 2845;;;Colisão Traseira;Luz do Dia;Bom;Seca;Meio de Quadra;Semáforo;Longo da via;0;1;2;1;2;0;0;0;0;0;0;0;0;(-38.5217958 -3.809534);
366241;2021-01-11 14:20:00;RUA PEDRO PEREIRA, ;RUA AGAPITO DOS SANTOS, ; ;CENTRO;;Colisão Traseira;Luz do Dia;Bom;Seca;Cruz;Pare;Cruzamento;0;1;1;1;1;0;0;0;0;0;0;0;0;(-38.538907 -3.726324);
366242;2021-01-11 13:40:00;AVENIDA JOSE TAVARES, 1209;, ; 1209;CANINDEZINHO;;Colisão Frontal;Luz do Dia;Bom;Seca;Outros;Não informado;Longo da via;0;1;0;1;1;0;0;0;0;0;0;0;0;(-38.601299 -3.8109742);
366258;2021-01-11 10:45:00;AVENIDA ANTONIO SALES, 2027;, ; 2027;DIONISIO TORRES;;Engavetamento;Luz do Dia;Bom;Seca;Não informado;Não informado;Longo da via;0;0;3;0;3;0;0;0;0;0;0;0;0;(-38.50586 -3.744377);
366254;2021-01-11 10:30:00;RUA RAIMUNDO PINHEIRO, ;RUA NEREIDE, ; ;;;Colisão Transversal;Luz do Dia;Bom;Seca;Cruz;Não Há Controle;Cruzamento;0;2;1;1;1;0;0;0;0;0;0;0;0;(-38.596824 -3.788179);
366256;2021-01-11 10:00:00;AVENIDA GAL OSORIO DE PAIVA, ;RUA GABRIEL FIUZA, ; ;;;Não informado;Luz do Dia;Bom;Seca;Não Informado;Pare;Cruzamento;0;2;0;2;0;0;0;0;0;0;0;0;0;(-38.581746 -3.785294);
366240;2021-01-11 10:00:00;AVENIDA DOS EXPEDICIONARIOS, ;RUA PAULINO NOGUEIRA, ; ;BENFICA;;Colisão Transversal;Luz do Dia;Bom;Seca;T;Não informado;Cruzamento;0;1;1;1;1;0;0;0;0;0;0;0;0;(-38.53506827522981 -3.746383888662226);
366250;2021-01-11 09:19:00;AVENIDA CARAPINIMA, 1972;, ; 1972;;;Colisão Lateral;Luz do Dia;Bom;Seca;Meio de Quadra;Não Há Controle;Longo da via;0;1;1;1;1;0;0;0;0;0;0;0;0;(-38.5382018 -3.7381031);
366251;2021-01-11 06:40:00;AVENIDA BENJAMIM BARROSO, ;RUA HENRIQUE AUTRAN, ; ;;;Colisão Lateral;Luz do Dia;Bom;Seca;Cruz;Pare;Cruzamento;0;1;1;1;1;0;0;0;0;0;0;0;0;(-38.549978 -3.727342);
366252;2021-01-11 05:30:00;RUA PDE VALDEVINO, 2140;, ; 2140;;;Colisão Lateral;Amanhecer;Bom;Seca;Meio de Quadra;Semáforo;Longo da via;0;2;0;2;0;0;0;0;0;0;0;0;0;(-38.5062125 -3.7426075);
366235;2021-01-10 21:30:00;AVENIDA FRE CIRILO, 4340;, ; 4340;;;Colisão Traseira;Via Iluminada;Bom;Seca;Meio de Quadra;Semáforo;Longo da via;0;0;2;0;2;0;0;0;0;0;0;0;0;(-38.495294 -3.822182);
366228;2021-01-10 20:30:00;RUA GUILHERME ROCHA, ;RUA COS ESTELITA, ; ;;;Colisão Transversal;Luz do Dia;Bom;Seca;Cruz;Pare;Cruzamento;0;2;0;2;0;0;0;0;0;0;0;0;0;(-38.539177 -3.723347);
366226;2021-01-10 17:30:00;RUA SAO PAULO, ;RUA SEN POMPEU, ; ;;;Colisão;Anoitecer;Bom;Seca;Cruz;Semáforo;Cruzamento;0;2;0;0;2;0;0;0;0;0;0;0;0;(-38.529196 -3.725486);
366230;2021-01-10 13:30:00;RUA JAIME BENEVOLO, ;RUA ANTONIO POMPEU, ; ;;;Colisão Transversal;Luz do Dia;Bom;Seca;Cruz;Semáforo;Cruzamento;0;1;1;1;1;0;0;0;0;0;0;0;0;(-38.526664 -3.736033);
366231;2021-01-10 11:20:00;AVENIDA SORIANO ALBUQUERQUE, ;RUA PDE ANTONINO, ; ;JOAQUIM TVORA;;Colisão Lateral;Luz do Dia;Bom;Seca;Cruz;Não informado;Cruzamento;0;1;1;1;1;0;0;0;0;0;0;0;0;(-38.520476 -3.747537);
366234;2021-01-10 10:00:00;AVENIDA CEL CARVALHO, ;RUA ARQUIMEDES MEMORIA, ; ;;;Colisão Transversal;Luz do Dia;Bom;Seca;T;Não Há Controle;Cruzamento;0;1;2;2;1;0;0;0;0;0;0;0;0;(-38.589014 -3.713096);
366233;2021-01-10 09:00:00;AVENIDA 13 DE MAIO, ;RUA JAIME BENEVOLO, ; ;FATIMA;;Colisão Lateral;Luz do Dia;Bom;Seca;Cruz;Semáforo;Cruzamento;0;1;1;1;1;0;0;0;0;0;0;0;0;(-38.530741 -3.748122);
366225;2021-01-10 07:40:00;AVENIDA DOS EXPEDICIONARIOS, ;RUA STA LUZIA, ; ;MONTESE;;Colisão Traseira;Luz do Dia;Bom;Seca;Cruz;Pare;Cruzamento;0;2;0;0;2;0;0;0;0;0;0;0;0;(-38.539744 -3.760177);
366227;2021-01-10 06:30:00;RUA CEL FRANCISCO ALVES RIBEIRO, ;, ; ;;;Colisão Transversal;Luz do Dia;Bom;Seca;Meio de Quadra;Pare;Longo da via;0;2;0;0;2;0;0;0;0;0;0;0;0;(0 0);
366229;2021-01-11 05:00:00;AVENIDA TRISTAO GONCALVES, ;RUA SAO PAULO, ; ;CENTRO;;Colisão Transversal;Amanhecer;Bom;Seca;Cruz;Semáforo;Cruzamento;1;1;1;1;0;0;0;1;0;0;0;0;0;(-38.532395 -3.724419);
366232;2021-01-10 00:00:00;RUA SOBREIRA FILHO, ;RUA THOMPSON GONCALVES, ; ;;;Colisão Transversal;Luz do Dia;Bom;Seca;Cruz;Pare;Cruzamento;0;1;1;1;1;0;0;0;0;0;0;0;0;(-38.581922 -3.779487);
366210;2021-01-09 19:30:00;AVENIDA VIS RIO BRANCO, ;RUA MON SALAZAR, ; ;;;Colisão Traseira;Via Iluminada;Bom;Seca;Cruz;Semáforo;Cruzamento;0;0;2;0;2;0;0;0;0;0;0;0;0;(-38.51987 -3.756701);
366206;2021-01-09 19:00:00;AVENIDA GODOFREDO MACIEL, ;RUA FRANCISCO GLICERIO, ; ;;;Engavetamento;Via Iluminada;Bom;Seca;Cruz;Semáforo;Cruzamento;0;0;3;0;3;0;0;0;0;0;0;0;0;(-38.57256 -3.804935);
366224;2021-01-09 17:45:00;RUA CEL MATOS DOURADO, ;RUA RUI MONTE, ; ;;;Colisão Traseira;Anoitecer;Bom;Seca;Outros;Pare;Cruzamento;0;1;1;0;1;0;0;0;1;0;0;0;0;(-38.584714 -3.749047);
366209;2021-01-09 14:40:00;RUA PEREIRA VALENTE, ;RUA FREDERICO BORGES, ; ;VARJOTA;;Colisão Transversal;Luz do Dia;Bom;Seca;Cruz;Pare;Cruzamento;0;1;1;1;1;0;0;0;0;0;0;0;0;(-38.489174 -3.734782);
366208;2021-01-09 13:10:00;RUA EUCLIDES O DE SOUSA, ;RUA MIN ABNER VASCONCELOS, ; ;;;Colisão Transversal;Luz do Dia;Bom;Seca;Cruz;Pare;Cruzamento;0;1;1;1;1;0;0;0;0;0;0;0;0;(-38.47887 -3.798148);
366207;2021-01-09 08:45:00;RUA JAIME BENEVOLO, ;RUA SALDANHA MARINHO, ; ;JOSE BONIFACIO;;Colisão;Luz do Dia;Bom;Seca;Cruz;Semáforo;Cruzamento;0;2;1;1;1;0;0;0;0;0;0;0;0;(-38.528994 -3.743046);
366345;2021-01-09 08:10:00;RD CE-040, ;, ; ;;;Colisão;Luz do Dia;;;Meio de Quadra;;Longo da via;0;2;0;0;2;0;0;0;0;0;0;0;0;(-38.47606989 -3.84962623);
366205;2021-01-09 00:45:00;AVENIDA ALBERTO CRAVEIRO, ;, ; ;;;Colisão Transversal;Via Iluminada;Bom;Seca;Meio de Quadra;Outros;Longo da via;0;2;0;0;2;0;0;0;0;0;0;0;0;(0 0);
366193;2021-01-08 17:20:00;AVENIDA ALBERTO CRAVEIRO, ;AVENIDA DEP PAULINO ROCHA, ; ;;;Colisão Lateral;Anoitecer;Bom;Seca;Rotatória;Dê Preferência;Cruzamento;0;2;1;1;1;0;0;0;0;0;0;0;0;(-38.524782 -3.807229);
366194;2021-01-08 16:20:00;AVENIDA LUCIANO CARNEIRO, 1991;, ; 1991;VILA UNIAO;;Colisão Traseira;Luz do Dia;Não informado;Não informado;Não informado;Não informado;Longo da via;0;2;1;1;1;0;0;0;0;0;0;0;0;(-38.536703 -3.765012);
366204;2021-01-08 16:00:00;AVENIDA HERACLITO GRACA, 342;, ; 342;CENTRO;;Atropelamento;Luz do Dia;Bom;Seca;Não informado;Semáforo;Longo da via;0;1;1;0;1;0;0;0;0;0;0;0;0;(-38.52167 -3.7344239);
366198;2021-01-08 15:15:00;AVENIDA GAL OSORIO DE PAIVA, 6851;, ; 6851;;;Colisão Transversal;Luz do Dia;Bom;Seca;Meio de Quadra;Não Há Controle;Longo da via;0;2;0;1;1;0;0;0;0;0;0;0;0;(-38.61127684 -3.81421244);
366201;2021-01-08 13:55:00;RUA PAULO SETUBAL, 25;, ; 25;;;Colisão Lateral;Luz do Dia;Bom;Seca;Não informado;Semáforo;Longo da via;0;0;2;0;1;0;1;0;0;0;0;0;0;(-38.4963615 -3.8205477);
366195;2021-01-08 11:40:00;RUA ARMANDO LOUZADA, 9;, ; 9;;;Choque c/ Obstáculo Fixo;Luz do Dia;Bom;Seca;Meio de Quadra;Não Há Controle;Longo da via;0;1;0;0;1;0;0;0;0;0;0;0;0;(-38.5366335 -3.798887);
366196;2021-01-08 10:40:00;RUA ROSINHA SAMPAIO, 2342;, ; 2342;QUINTINO CUNHA;;Queda;Luz do Dia;Bom;Seca;Não informado;Não informado;Longo da via;0;1;1;1;0;0;0;0;0;0;0;0;0;(-38.5992944 -3.7235184);
366192;2021-01-08 10:40:00;AVENIDA ALBERTO NEPOMUCENO, 199;, ; 199;;;Atropelamento;Luz do Dia;Bom;Seca;Meio de Quadra;Não Há Controle;Longo da via;0;2;0;1;0;0;0;0;0;0;0;0;0;(-38.477184 -3.8488138);
366191;2021-01-08 10:00:00;RUA BERNARDO MANUEL, 13510;, ; 13510;PREFEITO JOSE VALTER;;Colisão;Luz do Dia;Bom;Seca;Não informado;Pare;Longo da via;0;2;0;1;1;0;0;0;0;0;0;0;0;(-38.56288 -3.836217);
366199;2021-01-08 09:20:00;RUA GUSTAVO SAMPAIO, ;RUA JOSE SOMBRA, ; ;;;Colisão Transversal;Luz do Dia;Bom;Seca;Cruz;Pare;Cruzamento;0;2;0;1;1;0;0;0;0;0;0;0;0;(-38.54726 -3.733349);
366203;2021-01-08 07:50:00;RUA JOSE VILAR, ;RUA DOM EXPEDITO LOPES, ; ;DIONISIO TORRES;;Colisão Transversal;Luz do Dia;Bom;Seca;Cruz;Semáforo;Cruzamento;0;2;0;2;0;0;0;0;0;0;0;0;0;(-38.50706 -3.743178);
366164;2021-01-07 21:10:00;RUA ENG LIMA VERDE (ALVARO WEYNE), ;, ; ;;;Colisão Lateral;Via Iluminada;Bom;Seca;Meio de Quadra;Não Há Controle;Longo da via;0;1;1;1;1;0;0;0;0;0;0;0;0;(0 0);
366162;2021-01-07 19:20:00;AVENIDA HERACLITO GRACA, 600;, ; 600;;;Colisão Traseira;;Bom;Seca;Meio de Quadra;Não Há Controle;Longo da via;0;0;2;1;1;0;0;0;0;0;0;0;0;(-38.518772 -3.735353);
366188;2021-01-07 15:05:00;RUA JOAQUIM NABUCO, 2226;, ; 2226;;;Atropelamento;Luz do Dia;Bom;Seca;Não informado;Não informado;Longo da via;1;0;1;0;0;0;0;1;0;0;0;0;0;(-38.504357 -3.7448643);
366163;2021-01-07 15:00:00;RUA 41 CJ JOSE WALTER, 510;, ; 510;;;Colisão Frontal;Luz do Dia;Bom;Seca;Meio de Quadra;Pare;Longo da via;0;1;2;0;3;0;0;0;0;0;0;0;0;(-38.557674 -3.829867);
366190;2021-01-07 14:40:00;RUA COSTA BARROS, ;RUA MON BRUNO, ; ;;;Colisão Transversal;Luz do Dia;Bom;Seca;Cruz;Pare;Cruzamento;0;1;1;0;2;0;0;0;0;0;0;0;0;(-38.50904 -3.731183);
366343;2021-01-07 11:30:00;RD CE-040, ;, ; ;;;Colisão;Luz do Dia;;;Meio de Quadra;;Longo da via;0;2;0;1;1;0;0;0;0;0;0;0;0;(-38.48088284 -3.84257666);
366189;2021-01-07 10:50:00;AVENIDA BORGES DE MELO, ;AVENIDA LUCIANO CARNEIRO, ; ;;;Colisão Traseira;Luz do Dia;Bom;Seca;Cruz;Semáforo;Cruzamento;0;1;1;2;0;0;0;0;0;0;0;0;0;(-38.534097 -3.756465);
366161;2021-01-07 09:10:00;AVENIDA ALM HENRIQUE SABOIA, ;, ; ;;;Colisão Traseira;Luz do Dia;Bom;Seca;Meio de Quadra;Não Há Controle;Longo da via;0;2;0;1;1;0;0;0;0;0;0;0;0;(0 0);
366344;2021-01-07 08:40:00;RD CE-040, ;, ; ;;;Colisão;Luz do Dia;;;Meio de Quadra;;Longo da via;0;2;0;0;2;0;0;0;0;0;0;0;0;(-38.47953463 -3.800595823);
366165;2021-01-07 08:00:00;RUA CON DE CASTRO, ;, ; ;;;Atropelamento;Luz do Dia;Nublado;Seca;Meio de Quadra;Outros;Longo da via;0;2;0;1;0;0;0;0;0;0;0;0;0;(0 0);
366166;2021-01-07 07:00:00;AVENIDA DUQ CAXIAS, ;AVENIDA VIS RIO BRANCO, ; ;;;Colisão Transversal;Luz do Dia;Bom;Seca;Cruz;Semáforo;Cruzamento;0;1;1;1;1;0;0;0;0;0;0;0;0;(-38.524603 -3.733481);
366154;2021-01-06 19:40:00;AVENIDA SGT HERMINIO SAMPAIO, ;RUA ARISTIDES B NETO, ; ;;;Colisão Lateral;Via Iluminada;Bom;Seca;Cruz;Pare;Cruzamento;0;2;0;2;0;0;0;0;0;0;0;0;0;(-38.55582 -3.725509);
366153;2021-01-06 19:00:00;AVENIDA ABOLICAO, ;TRAVESSA BAUXITA, ; ;;;Não informado;Luz do Dia;Bom;Seca;T;Pare;Cruzamento;0;2;0;0;1;0;0;1;0;0;0;0;0;(-38.4815832 -3.7238485);
366160;2021-01-06 18:40:00;RUA BENI DE CARVALHO, ;RUA LEONARDO MOTA, ; ;DIONISIO TORRES;;Colisão Transversal;Via Iluminada;Bom;Seca;Cruz;Semáforo;Cruzamento;0;1;1;0;0;0;1;0;0;1;0;0;0;(-38.498931 -3.744739);
366155;2021-01-06 18:00:00;AVENIDA GOV RAUL BARBOSA, ;RUA CEL GONCALO D46, ; ;AEROLANDIA;966022;Atropelamento;Luz do Dia;Bom;Seca;Outros;Não informado;Cruzamento;1;1;0;1;0;0;0;0;0;0;0;0;0;(-38.512739 -3.773687);
366159;2021-01-06 13:15:00;AVENIDA CONTORNO SUL, ;AVENIDA CONTORNO LESTE, ; ;;;Colisão Lateral;Luz do Dia;Bom;Seca;T;Pare;Cruzamento;0;2;0;1;0;0;0;1;0;0;0;0;0;(-38.5876429 -3.8100518);
366342;2021-01-06 12:25:00;RD CE-040, ;, ; ;;;Colisão;Luz do Dia;;;Meio de Quadra;;Longo da via;0;2;0;0;2;0;0;0;0;0;0;0;0;(-38.48088284 -3.84257666);
366157;2021-01-06 12:13:00;AVENIDA 13 DE MAIO, 2835;, ; 2835;;;Colisão Traseira;Luz do Dia;Bom;Seca;Meio de Quadra;Semáforo;Longo da via;0;2;0;0;2;0;0;0;0;0;0;0;0;(-38.540529 -3.739751);
366152;2021-01-06 10:40:00;AVENIDA PRS CASTELO BRANCO, ;AVENIDA FILOMENO GOMES, ; ;;;Atropelamento;Luz do Dia;Bom;Seca;T;Semáforo;Cruzamento;0;2;0;0;1;0;0;0;0;1;0;0;0;(-38.541982 -3.715542);
366158;2021-01-06 10:30:00;AVENIDA JOR THOMAZ COELHO, ;RUA GRANJA CASTELO, ; ;MESSEJANA;;Colisão Transversal;Luz do Dia;Bom;Seca;T;Não informado;Cruzamento;0;1;1;1;1;0;0;0;0;0;0;0;0;(-38.500218 -3.832383);
366150;2021-01-06 09:40:00;AVENIDA BULEVAR I, ;RUA 212 CJ SAO CRISTOVAO, ; ;;;Colisão Transversal;Luz do Dia;Bom;Seca;Cruz;Pare;Cruzamento;0;0;2;0;2;0;0;0;0;0;0;0;0;(-38.523629 -3.833626);
366151;2021-01-06 08:00:00;AVENIDA SGT HERMINIO SAMPAIO, 1823;, ; 1823;MONTE CASTELO;;Queda;Luz do Dia;Bom;Seca;Não informado;Pare;Longo da via;0;1;0;1;0;0;0;0;0;0;0;0;0;(-38.557097 -3.725738);
366156;2021-01-06 08:00:00;RUA JOAO CARVALHO, ;RUA DR JOSE LOURENCO, ; ;ALDEOTA;;Colisão Transversal;Luz do Dia;Bom;Seca;Cruz;Pare;Cruzamento;0;1;1;1;1;0;0;0;0;0;0;0;0;(-38.508643 -3.737289);
366143;2021-01-05 22:30:00;AVENIDA GOV RAUL BARBOSA, 6250;, ; 6250;;;Atropelamento;Via Iluminada;Bom;Seca;Outros;Não informado;Longo da via;0;3;0;1;0;0;0;0;0;0;0;0;0;(-38.5111818 -3.771161);
366142;2021-01-05 20:00:00;AVENIDA GOV RAUL BARBOSA, 7131;, ; 7131;AEROLANDIA;;Colisão Lateral;Via Iluminada;Bom;Seca;Não informado;Semáforo;Longo da via;0;1;1;0;0;0;0;1;0;1;0;0;0;(-38.51296 -3.775025);
366147;2021-01-05 19:50:00;AVENIDA DOMINGOS OLIMPIO, 123;, ; 123;JOSE BONIFACIO;;Colisão Transversal;Via Iluminada;Bom;Seca;Não informado;Não informado;Longo da via;0;1;1;1;1;0;0;0;0;0;0;0;0;(-38.524956 -3.7385287);
366149;2021-01-05 19:30:00;AVENIDA ROGACIANO LEITE, ;, ; ;;;Colisão Lateral;Via Iluminada;Bom;Seca;Meio de Quadra;Não Há Controle;Longo da via;0;3;0;1;2;0;0;0;0;0;0;0;0;(0 0);
366148;2021-01-05 14:59:00;AVENIDA PRS JUSCELINO KUBITSCHEK (PASSARÉ), ;, ; ;;;Colisão Lateral;Luz do Dia;Bom;Seca;Meio de Quadra;Semáforo;Longo da via;0;2;0;1;1;0;0;0;0;0;0;0;0;(0 0);
366341;2021-01-05 11:30:00;RD CE-040, ;, ; ;;;Colisão;Luz do Dia;;;Meio de Quadra;;Longo da via;0;2;0;1;1;0;0;0;0;0;0;0;0;(-38.4810839 -3.782614325);
366144;2021-01-05 09:50:00;AVENIDA SEN VIRGILIO TAVORA, 3181;, ; 3181;;;Atropelamento;Luz do Dia;Bom;Seca;Meio de Quadra;;Longo da via;0;1;1;0;1;0;0;0;0;0;0;0;0;(-38.4973291 -3.7509511);
366146;2021-01-05 08:30:00;AVENIDA ALM HENRIQUE SABOIA, ;RUA PRO FRANCISCO GONCALVES, ; ;;;Colisão Traseira;Luz do Dia;Nublado;Molhada;T;Pare;Cruzamento;0;1;1;0;2;0;0;0;0;0;0;0;0;(-38.493668 -3.749278);
366145;2021-01-05 08:00:00;AVENIDA CARNEIRO DE MENDONCA, 583;, ; 583;PARANGABA;;Queda;Luz do Dia;Chuva;Molhada;Não informado;Não informado;Longo da via;0;1;0;1;0;0;0;0;0;0;0;0;0;(-38.56508 -3.764986);
366127;2021-01-04 18:20:00;AVENIDA ENG HUMBERTO MONTE, 1876;, ; 1876;AMADEU FURTADO;;Colisão Lateral;Anoitecer;Bom;Seca;Não informado;Outros;Longo da via;0;1;1;1;1;0;0;0;0;0;0;0;0;(-38.56398591 -3.744884455);
366340;2021-01-04 17:15:00;RD CE-040, ;, ; ;;;Engavetamento;Anoitecer;;;Meio de Quadra;;Longo da via;0;5;0;1;2;0;0;0;0;1;0;0;0;(-38.48088284 -3.84257666);
366126;2021-01-04 14:50:00;AVENIDA BORGES DE MELO, 205;, ; 205;;;Colisão Frontal;Luz do Dia;Bom;Seca;Meio de Quadra;Semáforo;Longo da via;0;1;2;1;2;0;0;0;0;0;0;0;0;(-38.520773 -3.761269);
366130;2021-01-04 14:40:00;AVENIDA AUGUSTO DOS ANJOS, ;RUA PRIMEIRO DE MAIO D34, ; ;;;Colisão Traseira;Luz do Dia;Bom;Seca;T;Não Há Controle;Cruzamento;0;2;0;1;1;0;0;0;0;0;0;0;0;(-38.582915 -3.78449);
366128;2021-01-04 13:57:00;RUA VALDETARIO MOTA, ;, ; ;;;Colisão Transversal;Luz do Dia;Bom;Seca;Meio de Quadra;Pare;Longo da via;0;2;0;1;1;0;0;0;0;0;0;0;0;(0 0);
366339;2021-01-04 12:35:00;RD CE-025, ;, ; ;;;Colisão;Luz do Dia;;;Meio de Quadra;;Longo da via;0;2;0;0;1;0;1;0;0;0;0;0;0;(-38.44333873 -3.805111679);
366129;2021-01-04 00:30:00;AVENIDA SEN VIRGILIO TAVORA, ;AVENIDA ANTONIO JUSTA, ; ;;;Choque c/ Obstáculo Fixo;Via Iluminada;Nublado;Molhada;Cruz;Gesto;Cruzamento;0;1;0;1;0;0;0;0;0;0;0;0;0;(-38.490692 -3.728875);
366124;2021-01-03 22:24:00;RUA DAS GAIVOTAS, ;RUA MON JOAO LUIS SANTIAGO, ; ;;;Colisão Traseira;Via Iluminada;Bom;Seca;Cruz;Pare;Cruzamento;0;2;0;1;1;0;0;0;0;0;0;0;0;(-38.5002694 -3.786096);
366123;2021-01-03 20:30:00;AVENIDA SANTOS DUMONT, 8258;, ; 8258;;;Choque c/ Obstáculo Fixo;Via Iluminada;Bom;Seca;Meio de Quadra;Não Há Controle;Longo da via;0;1;0;0;1;0;0;0;0;0;0;0;0;(-38.451296 -3.7477643);
366122;2021-01-03 19:30:00;AVENIDA PRS COSTA E SILVA, ;, ; ;;;Choque c/ Obstáculo Fixo;Anoitecer;Bom;Seca;Meio de Quadra;Gesto;Longo da via;0;0;1;0;1;0;0;0;0;0;0;0;0;(0 0);
366121;2021-01-03 14:58:00;AVENIDA RUI BARBOSA, ;RUA TEN BENEVOLO, ; ;MEIRELES;;Colisão Lateral;Luz do Dia;Bom;Seca;Cruz;Semáforo;Cruzamento;0;1;1;1;1;0;0;0;0;0;0;0;0;(-38.507048 -3.728685);
366125;2021-01-03 13:30:00;RUA PRO HERIBALDO COSTA, ;RUA FLORIANOPOLIS, ; ;HENRIQUE JORGE;;Colisão Lateral;Luz do Dia;Bom;Seca;Cruz;Pare;Cruzamento;0;2;0;1;1;0;0;0;0;0;0;0;0;(-38.584913 -3.76201);
366117;2021-01-02 19:00:00;RUA BERNARDO MANUEL, 99;, ; 99;NÃO INFORMADO;;Choque c/ Obstáculo Fixo;Via Iluminada;Bom;Seca;Não informado;Não informado;Longo da via;0;0;1;0;1;0;0;0;0;0;0;0;0;(0 0);
366113;2021-01-02 18:20:00;RUA BENTO ALBUQUERQUE, 969;, ; 969;;;Engavetamento;Via Iluminada;Bom;Seca;Meio de Quadra;Outros;Longo da via;0;0;3;0;2;0;0;0;0;0;0;0;0;(-38.4804183 -3.7446048);
366115;2021-01-02 18:00:00;RUA RIO JURUA, 15;, ; 15;;;Colisão Traseira;Anoitecer;Bom;Seca;Meio de Quadra;Semáforo;Longo da via;0;3;0;1;2;0;0;0;0;0;0;0;0;(-38.5914521 -3.7064509);
366119;2021-01-02 17:40:00;RUA MARIA TOMASIA, ;RUA OSVALDO CRUZ (ALDEOTA), ; ;ALDEOTA;;Colisão;Anoitecer;Bom;Seca;Cruz;Pare;Cruzamento;0;2;0;0;2;0;0;0;0;0;0;0;0;(-38.499989 -3.73458);
366114;2021-01-02 17:20:00;RUA PROF GLAUCO LOBO, ;, ; ;;;Colisão Traseira;Anoitecer;Bom;Seca;Meio de Quadra;Pare;Longo da via;0;2;0;1;1;0;0;0;0;0;0;0;0;(0 0);
366337;2021-01-02 12:38:00;RD CE-040, ;, ; ;;;Engavetamento;Luz do Dia;;;Meio de Quadra;;Longo da via;0;4;0;0;2;1;0;0;0;0;0;0;0;(-38.4810839 -3.782614325);
366338;2021-01-02 11:05:00;RD CE-040, ;, ; ;;;Colisão;Luz do Dia;;;Meio de Quadra;;Longo da via;0;4;0;1;3;0;0;0;0;0;0;0;0;(-38.47953463 -3.800595823);
366118;2021-01-02 11:00:00;RUA ANTONIO NERY, ;RUA PRIMEIRO DE MAIO D34, ; ;;;Colisão Transversal;Luz do Dia;;;Cruz;Não Há Controle;Cruzamento;0;3;0;2;0;0;0;0;0;0;0;0;0;(-38.600582 -3.779524);
366116;2021-01-02 11:00:00;AVENIDA DEP PAULINO ROCHA, ;, ; ;;;Colisão Lateral;Luz do Dia;Bom;Seca;Meio de Quadra;Não Há Controle;Longo da via;0;2;1;0;1;0;1;0;0;0;0;0;0;(0 0);
366120;2021-01-02 05:30:00;RUA ANTONIO POMPEU, ;, ; ;;;Colisão Transversal;Luz do Dia;Bom;Seca;Meio de Quadra;Pare;Longo da via;0;2;0;1;1;0;0;0;0;0;0;0;0;(0 0);